{"timestamp":"2026-06-07 12:11:35.936","level":"INFO","thread":"restartedMain","correlationId":"","logger":"c.d.d.DeliveryApiApplication","message":"Starting DeliveryApiApplication using Java 21.0.11 with PID 19344 (C:\Pasta Códiguinhos\arquitetura de sistemas fat\delivery-api\delivery-api\target\classes started by Santana in C:\Pasta Códiguinhos\arquitetura de sistemas fat\delivery-api\delivery-api)","exception":""}
{"timestamp":"2026-06-07 12:11:35.942","level":"INFO","thread":"restartedMain","correlationId":"","logger":"c.d.d.DeliveryApiApplication","message":"No active profile set, falling back to 1 default profile: "default"","exception":""}
{"timestamp":"2026-06-07 12:11:35.976","level":"INFO","thread":"restartedMain","correlationId":"","logger":"o.s.b.d.e.DevToolsPropertyDefaultsPostProcessor","message":"Devtools property defaults active! Set 'spring.devtools.add-properties' to 'false' to disable","exception":""}
{"timestamp":"2026-06-07 12:11:35.977","level":"INFO","thread":"restartedMain","correlationId":"","logger":"o.s.b.d.e.DevToolsPropertyDefaultsPostProcessor","message":"For additional web related logging consider setting the 'logging.level.web' property to 'DEBUG'","exception":""}
{"timestamp":"2026-06-07 12:11:36.967","level":"INFO","thread":"restartedMain","correlationId":"","logger":"o.s.d.r.c.RepositoryConfigurationDelegate","message":"Bootstrapping Spring Data JPA repositories in DEFAULT mode.","exception":""}
{"timestamp":"2026-06-07 12:11:37.028","level":"INFO","thread":"restartedMain","correlationId":"","logger":"o.s.d.r.c.RepositoryConfigurationDelegate","message":"Finished Spring Data repository scanning in 55 ms. Found 5 JPA repository interfaces.","exception":""}
{"timestamp":"2026-06-07 12:11:37.501","level":"INFO","thread":"restartedMain","correlationId":"","logger":"o.s.b.w.e.tomcat.TomcatWebServer","message":"Tomcat initialized with port 8080 (http)","exception":""}
{"timestamp":"2026-06-07 12:11:37.516","level":"INFO","thread":"restartedMain","correlationId":"","logger":"o.a.coyote.http11.Http11NioProtocol","message":"Initializing ProtocolHandler ["http-nio-8080"]","exception":""}
{"timestamp":"2026-06-07 12:11:37.519","level":"INFO","thread":"restartedMain","correlationId":"","logger":"o.a.catalina.core.StandardService","message":"Starting service [Tomcat]","exception":""}
{"timestamp":"2026-06-07 12:11:37.519","level":"INFO","thread":"restartedMain","correlationId":"","logger":"o.a.catalina.core.StandardEngine","message":"Starting Servlet engine: [Apache Tomcat/10.1.55]","exception":""}
{"timestamp":"2026-06-07 12:11:37.578","level":"INFO","thread":"restartedMain","correlationId":"","logger":"o.a.c.c.C.[Tomcat].[localhost].[/]","message":"Initializing Spring embedded WebApplicationContext","exception":""}
{"timestamp":"2026-06-07 12:11:37.579","level":"INFO","thread":"restartedMain","correlationId":"","logger":"o.s.b.w.s.c.ServletWebServerApplicationContext","message":"Root WebApplicationContext: initialization completed in 1602 ms","exception":""}
{"timestamp":"2026-06-07 12:11:38.170","level":"INFO","thread":"restartedMain","correlationId":"","logger":"o.s.o.j.p.SpringPersistenceUnitInfo","message":"No LoadTimeWeaver setup: ignoring JPA class transformer","exception":""}
{"timestamp":"2026-06-07 12:11:38.202","level":"INFO","thread":"restartedMain","correlationId":"","logger":"com.zaxxer.hikari.HikariDataSource","message":"HikariPool-1 - Starting...","exception":""}
{"timestamp":"2026-06-07 12:11:38.389","level":"INFO","thread":"restartedMain","correlationId":"","logger":"com.zaxxer.hikari.pool.HikariPool","message":"HikariPool-1 - Added connection conn0: url=jdbc:h2:mem:deliverydb user=SA","exception":""}
{"timestamp":"2026-06-07 12:11:38.391","level":"INFO","thread":"restartedMain","correlationId":"","logger":"com.zaxxer.hikari.HikariDataSource","message":"HikariPool-1 - Start completed.","exception":""}
{"timestamp":"2026-06-07 12:11:38.419","level":"WARN","thread":"restartedMain","correlationId":"","logger":"org.hibernate.orm.deprecation","message":"HHH90000025: H2Dialect does not need to be specified explicitly using 'hibernate.dialect' (remove the property setting and it will be selected by default)","exception":""}
{"timestamp":"2026-06-07 12:11:39.347","level":"INFO","thread":"restartedMain","correlationId":"","logger":"o.s.o.j.LocalContainerEntityManagerFactoryBean","message":"Initialized JPA EntityManagerFactory for persistence unit 'default'","exception":""}
{"timestamp":"2026-06-07 12:11:39.575","level":"DEBUG","thread":"restartedMain","correlationId":"","logger":"o.s.w.f.ServerHttpObservationFilter","message":"Filter 'webMvcObservationFilter' configured for use","exception":""}
{"timestamp":"2026-06-07 12:11:39.625","level":"INFO","thread":"restartedMain","correlationId":"","logger":"o.s.s.c.a.a.c.InitializeAuthenticationProviderBeanManagerConfigurer$InitializeAuthenticationProviderManagerConfigurer","message":"Global AuthenticationManager configured with AuthenticationProvider bean with name authenticationProvider","exception":""}
{"timestamp":"2026-06-07 12:11:39.625","level":"WARN","thread":"restartedMain","correlationId":"","logger":"o.s.s.c.a.a.c.InitializeUserDetailsBeanManagerConfigurer$InitializeUserDetailsManagerConfigurer","message":"Global AuthenticationManager configured with an AuthenticationProvider bean. UserDetailsService beans will not be used by Spring Security for automatically configuring username/password login. Consider removing the AuthenticationProvider bean. Alternatively, consider using the UserDetailsService in a manually instantiated DaoAuthenticationProvider. If the current configuration is intentional, to turn off this warning, increase the logging level of 'org.springframework.security.config.annotation.authentication.configuration.InitializeUserDetailsBeanManagerConfigurer' to ERROR","exception":""}
{"timestamp":"2026-06-07 12:11:39.658","level":"INFO","thread":"restartedMain","correlationId":"","logger":"o.s.d.j.r.query.QueryEnhancerFactory","message":"Hibernate is in classpath; If applicable, HQL parser will be used.","exception":""}
{"timestamp":"2026-06-07 12:11:40.360","level":"DEBUG","thread":"restartedMain","correlationId":"","logger":"o.s.w.s.m.m.a.RequestMappingHandlerMapping","message":"41 mappings in 'requestMappingHandlerMapping'","exception":""}
{"timestamp":"2026-06-07 12:11:40.443","level":"DEBUG","thread":"restartedMain","correlationId":"","logger":"o.s.w.s.h.SimpleUrlHandlerMapping","message":"Patterns [/webjars/**, /**, /swagger-ui*/*swagger-initializer.js, /swagger-ui*/**] in 'resourceHandlerMapping'","exception":""}
{"timestamp":"2026-06-07 12:11:40.546","level":"INFO","thread":"restartedMain","correlationId":"","logger":"o.s.b.a.e.web.EndpointLinksResolver","message":"Exposing 13 endpoints beneath base path '/actuator'","exception":""}
{"timestamp":"2026-06-07 12:11:40.669","level":"DEBUG","thread":"restartedMain","correlationId":"","logger":"o.s.s.web.DefaultSecurityFilterChain","message":"Will secure any request with filters: DisableEncodeUrlFilter, WebAsyncManagerIntegrationFilter, SecurityContextHolderFilter, HeaderWriterFilter, CorsFilter, LogoutFilter, JwtAuthenticationFilter, RequestCacheAwareFilter, SecurityContextHolderAwareRequestFilter, AnonymousAuthenticationFilter, SessionManagementFilter, ExceptionTranslationFilter, AuthorizationFilter","exception":""}
{"timestamp":"2026-06-07 12:11:40.732","level":"DEBUG","thread":"restartedMain","correlationId":"","logger":"o.s.w.s.m.m.a.RequestMappingHandlerAdapter","message":"ControllerAdvice beans: 0 @ModelAttribute, 0 @InitBinder, 1 RequestBodyAdvice, 1 ResponseBodyAdvice","exception":""}
{"timestamp":"2026-06-07 12:11:40.775","level":"DEBUG","thread":"restartedMain","correlationId":"","logger":"o.s.w.s.m.m.a.ExceptionHandlerExceptionResolver","message":"ControllerAdvice beans: 2 @ExceptionHandler, 1 ResponseBodyAdvice","exception":""}
{"timestamp":"2026-06-07 12:11:40.904","level":"INFO","thread":"restartedMain","correlationId":"","logger":"o.s.b.a.h.H2ConsoleAutoConfiguration","message":"H2 console available at '/h2-console'. Database available at 'jdbc:h2:mem:deliverydb'","exception":""}
{"timestamp":"2026-06-07 12:11:40.965","level":"INFO","thread":"restartedMain","correlationId":"","logger":"o.s.b.d.a.OptionalLiveReloadServer","message":"LiveReload server is running on port 35729","exception":""}
{"timestamp":"2026-06-07 12:11:41.001","level":"INFO","thread":"restartedMain","correlationId":"","logger":"o.a.coyote.http11.Http11NioProtocol","message":"Starting ProtocolHandler ["http-nio-8080"]","exception":""}
{"timestamp":"2026-06-07 12:11:41.018","level":"INFO","thread":"restartedMain","correlationId":"","logger":"o.s.b.w.e.tomcat.TomcatWebServer","message":"Tomcat started on port 8080 (http) with context path '/'","exception":""}
{"timestamp":"2026-06-07 12:11:41.028","level":"INFO","thread":"restartedMain","correlationId":"","logger":"c.d.d.DeliveryApiApplication","message":"Started DeliveryApiApplication in 5.572 seconds (process running for 5.906)","exception":""}
{"timestamp":"2026-06-07 12:21:48.752","level":"INFO","thread":"main","correlationId":"","logger":"c.d.d.c.ClienteControllerTest","message":"Starting ClienteControllerTest using Java 21.0.11 with PID 24140 (started by Santana in C:\Pasta Códiguinhos\arquitetura de sistemas fat\delivery-api\delivery-api)","exception":""}
{"timestamp":"2026-06-07 12:21:48.756","level":"INFO","thread":"main","correlationId":"","logger":"c.d.d.c.ClienteControllerTest","message":"The following 1 profile is active: "test"","exception":""}
{"timestamp":"2026-06-07 12:21:48.789","level":"DEBUG","thread":"main","correlationId":"","logger":"o.s.w.c.s.GenericWebApplicationContext","message":"Refreshing org.springframework.web.context.support.GenericWebApplicationContext@7510824","exception":""}
{"timestamp":"2026-06-07 12:21:50.326","level":"INFO","thread":"main","correlationId":"","logger":"o.s.d.r.c.RepositoryConfigurationDelegate","message":"Bootstrapping Spring Data JPA repositories in DEFAULT mode.","exception":""}
{"timestamp":"2026-06-07 12:21:50.448","level":"INFO","thread":"main","correlationId":"","logger":"o.s.d.r.c.RepositoryConfigurationDelegate","message":"Finished Spring Data repository scanning in 104 ms. Found 5 JPA repository interfaces.","exception":""}
{"timestamp":"2026-06-07 12:21:51.317","level":"INFO","thread":"main","correlationId":"","logger":"o.s.o.j.p.SpringPersistenceUnitInfo","message":"No LoadTimeWeaver setup: ignoring JPA class transformer","exception":""}
{"timestamp":"2026-06-07 12:21:51.352","level":"INFO","thread":"main","correlationId":"","logger":"com.zaxxer.hikari.HikariDataSource","message":"HikariPool-1 - Starting...","exception":""}
{"timestamp":"2026-06-07 12:21:51.638","level":"INFO","thread":"main","correlationId":"","logger":"com.zaxxer.hikari.pool.HikariPool","message":"HikariPool-1 - Added connection conn0: url=jdbc:h2:mem:deliverydb user=SA","exception":""}
{"timestamp":"2026-06-07 12:21:51.641","level":"INFO","thread":"main","correlationId":"","logger":"com.zaxxer.hikari.HikariDataSource","message":"HikariPool-1 - Start completed.","exception":""}
{"timestamp":"2026-06-07 12:21:51.672","level":"WARN","thread":"main","correlationId":"","logger":"org.hibernate.orm.deprecation","message":"HHH90000025: H2Dialect does not need to be specified explicitly using 'hibernate.dialect' (remove the property setting and it will be selected by default)","exception":""}
{"timestamp":"2026-06-07 12:21:52.832","level":"INFO","thread":"main","correlationId":"","logger":"o.s.o.j.LocalContainerEntityManagerFactoryBean","message":"Initialized JPA EntityManagerFactory for persistence unit 'default'","exception":""}
{"timestamp":"2026-06-07 12:21:53.228","level":"INFO","thread":"main","correlationId":"","logger":"o.s.s.c.a.a.c.InitializeAuthenticationProviderBeanManagerConfigurer$InitializeAuthenticationProviderManagerConfigurer","message":"Global AuthenticationManager configured with AuthenticationProvider bean with name authenticationProvider","exception":""}
{"timestamp":"2026-06-07 12:21:53.229","level":"WARN","thread":"main","correlationId":"","logger":"o.s.s.c.a.a.c.InitializeUserDetailsBeanManagerConfigurer$InitializeUserDetailsManagerConfigurer","message":"Global AuthenticationManager configured with an AuthenticationProvider bean. UserDetailsService beans will not be used by Spring Security for automatically configuring username/password login. Consider removing the AuthenticationProvider bean. Alternatively, consider using the UserDetailsService in a manually instantiated DaoAuthenticationProvider. If the current configuration is intentional, to turn off this warning, increase the logging level of 'org.springframework.security.config.annotation.authentication.configuration.InitializeUserDetailsBeanManagerConfigurer' to ERROR","exception":""}
{"timestamp":"2026-06-07 12:21:53.277","level":"INFO","thread":"main","correlationId":"","logger":"o.s.d.j.r.query.QueryEnhancerFactory","message":"Hibernate is in classpath; If applicable, HQL parser will be used.","exception":""}
{"timestamp":"2026-06-07 12:21:54.528","level":"DEBUG","thread":"main","correlationId":"","logger":"o.s.w.s.m.m.a.RequestMappingHandlerMapping","message":"41 mappings in 'requestMappingHandlerMapping'","exception":""}
{"timestamp":"2026-06-07 12:21:54.679","level":"DEBUG","thread":"main","correlationId":"","logger":"o.s.w.s.h.SimpleUrlHandlerMapping","message":"Patterns [/webjars/**, /**, /swagger-ui*/*swagger-initializer.js, /swagger-ui*/**] in 'resourceHandlerMapping'","exception":""}
{"timestamp":"2026-06-07 12:21:54.832","level":"INFO","thread":"main","correlationId":"","logger":"o.s.b.a.e.web.EndpointLinksResolver","message":"Exposing 13 endpoints beneath base path '/actuator'","exception":""}
{"timestamp":"2026-06-07 12:21:54.956","level":"DEBUG","thread":"main","correlationId":"","logger":"o.s.s.web.DefaultSecurityFilterChain","message":"Will secure any request with filters: DisableEncodeUrlFilter, WebAsyncManagerIntegrationFilter, SecurityContextHolderFilter, HeaderWriterFilter, CorsFilter, LogoutFilter, JwtAuthenticationFilter, RequestCacheAwareFilter, SecurityContextHolderAwareRequestFilter, AnonymousAuthenticationFilter, SessionManagementFilter, ExceptionTranslationFilter, AuthorizationFilter","exception":""}
{"timestamp":"2026-06-07 12:21:55.097","level":"DEBUG","thread":"main","correlationId":"","logger":"o.s.w.s.m.m.a.RequestMappingHandlerAdapter","message":"ControllerAdvice beans: 0 @ModelAttribute, 0 @InitBinder, 1 RequestBodyAdvice, 1 ResponseBodyAdvice","exception":""}
{"timestamp":"2026-06-07 12:21:55.152","level":"DEBUG","thread":"main","correlationId":"","logger":"o.s.w.s.m.m.a.ExceptionHandlerExceptionResolver","message":"ControllerAdvice beans: 2 @ExceptionHandler, 1 ResponseBodyAdvice","exception":""}
{"timestamp":"2026-06-07 12:21:55.315","level":"INFO","thread":"main","correlationId":"","logger":"o.s.b.a.h.H2ConsoleAutoConfiguration","message":"H2 console available at '/h2-console'. Database available at 'jdbc:h2:mem:deliverydb'","exception":""}
{"timestamp":"2026-06-07 12:21:55.393","level":"DEBUG","thread":"main","correlationId":"","logger":"o.s.w.f.ServerHttpObservationFilter","message":"Filter 'webMvcObservationFilter' configured for use","exception":""}
{"timestamp":"2026-06-07 12:21:55.395","level":"INFO","thread":"main","correlationId":"","logger":"o.s.b.t.m.w.SpringBootMockServletContext","message":"Initializing Spring TestDispatcherServlet ''","exception":""}
{"timestamp":"2026-06-07 12:21:55.395","level":"INFO","thread":"main","correlationId":"","logger":"o.s.t.w.s.TestDispatcherServlet","message":"Initializing Servlet ''","exception":""}
{"timestamp":"2026-06-07 12:21:55.396","level":"INFO","thread":"main","correlationId":"","logger":"o.s.t.w.s.TestDispatcherServlet","message":"Completed initialization in 1 ms","exception":""}
{"timestamp":"2026-06-07 12:21:55.445","level":"INFO","thread":"main","correlationId":"","logger":"c.d.d.c.ClienteControllerTest","message":"Started ClienteControllerTest in 7.395 seconds (process running for 12.484)","exception":""}
{"timestamp":"2026-06-07 12:21:55.757","level":"DEBUG","thread":"main","correlationId":"","logger":"o.s.security.web.FilterChainProxy","message":"Securing POST /api/clientes","exception":""}
{"timestamp":"2026-06-07 12:21:55.768","level":"WARN","thread":"main","correlationId":"","logger":"c.d.d.s.JwtAuthenticationFilter","message":"JWT Token não começa com Bearer String","exception":""}
{"timestamp":"2026-06-07 12:21:55.770","level":"DEBUG","thread":"main","correlationId":"","logger":"o.s.s.w.a.AnonymousAuthenticationFilter","message":"Set SecurityContextHolder to anonymous SecurityContext","exception":""}
{"timestamp":"2026-06-07 12:21:55.778","level":"DEBUG","thread":"main","correlationId":"","logger":"o.s.security.web.FilterChainProxy","message":"Secured POST /api/clientes","exception":""}
{"timestamp":"2026-06-07 12:21:55.783","level":"DEBUG","thread":"main","correlationId":"03bea3b512e54674","logger":"o.s.w.s.h.SimpleUrlHandlerMapping","message":"Mapped to ResourceHttpRequestHandler [classpath [META-INF/resources/], classpath [resources/], classpath [static/], classpath [public/], ServletContext [/]]","exception":""}
{"timestamp":"2026-06-07 12:21:55.785","level":"DEBUG","thread":"main","correlationId":"03bea3b512e54674","logger":"o.s.w.s.r.ResourceHttpRequestHandler","message":"Resource not found for path [api/clientes]","exception":""}
{"timestamp":"2026-06-07 12:21:55.789","level":"DEBUG","thread":"main","correlationId":"03bea3b512e54674","logger":"o.s.w.s.m.m.a.ExceptionHandlerExceptionResolver","message":"Using @ExceptionHandler com.deliverytech.delivery_api.exception.GlobalExceptionHandler#handleGenericException(Exception, HttpServletRequest)","exception":""}
{"timestamp":"2026-06-07 12:21:55.807","level":"DEBUG","thread":"main","correlationId":"03bea3b512e54674","logger":"o.s.w.s.m.m.a.HttpEntityMethodProcessor","message":"Using 'application/json', given [*/*] and supported [application/json, application/*+json, application/yaml]","exception":""}
{"timestamp":"2026-06-07 12:21:55.808","level":"DEBUG","thread":"main","correlationId":"03bea3b512e54674","logger":"o.s.w.s.m.m.a.HttpEntityMethodProcessor","message":"Writing [com.deliverytech.delivery_api.dto.ErrorResponse@5076a88]","exception":""}
{"timestamp":"2026-06-07 12:21:55.815","level":"DEBUG","thread":"main","correlationId":"03bea3b512e54674","logger":"o.s.w.s.m.m.a.ExceptionHandlerExceptionResolver","message":"Resolved [org.springframework.web.servlet.resource.NoResourceFoundException: No static resource api/clientes.]","exception":""}
{"timestamp":"2026-06-07 12:21:55.844","level":"DEBUG","thread":"main","correlationId":"","logger":"o.s.security.web.FilterChainProxy","message":"Securing PATCH /api/clientes/5/status","exception":""}
{"timestamp":"2026-06-07 12:21:55.845","level":"WARN","thread":"main","correlationId":"","logger":"c.d.d.s.JwtAuthenticationFilter","message":"JWT Token não começa com Bearer String","exception":""}
{"timestamp":"2026-06-07 12:21:55.845","level":"DEBUG","thread":"main","correlationId":"","logger":"o.s.s.w.a.AnonymousAuthenticationFilter","message":"Set SecurityContextHolder to anonymous SecurityContext","exception":""}
{"timestamp":"2026-06-07 12:21:55.846","level":"DEBUG","thread":"main","correlationId":"","logger":"o.s.security.web.FilterChainProxy","message":"Secured PATCH /api/clientes/5/status","exception":""}
{"timestamp":"2026-06-07 12:21:55.847","level":"DEBUG","thread":"main","correlationId":"5c2eedaa52d14da1","logger":"o.s.w.s.h.SimpleUrlHandlerMapping","message":"Mapped to ResourceHttpRequestHandler [classpath [META-INF/resources/], classpath [resources/], classpath [static/], classpath [public/], ServletContext [/]]","exception":""}
{"timestamp":"2026-06-07 12:21:55.848","level":"DEBUG","thread":"main","correlationId":"5c2eedaa52d14da1","logger":"o.s.w.s.r.ResourceHttpRequestHandler","message":"Resource not found for path [api/clientes/5/status]","exception":""}
{"timestamp":"2026-06-07 12:21:55.849","level":"DEBUG","thread":"main","correlationId":"5c2eedaa52d14da1","logger":"o.s.w.s.m.m.a.ExceptionHandlerExceptionResolver","message":"Using @ExceptionHandler com.deliverytech.delivery_api.exception.GlobalExceptionHandler#handleGenericException(Exception, HttpServletRequest)","exception":""}
{"timestamp":"2026-06-07 12:21:55.849","level":"DEBUG","thread":"main","correlationId":"5c2eedaa52d14da1","logger":"o.s.w.s.m.m.a.HttpEntityMethodProcessor","message":"Using 'application/json', given [*/*] and supported [application/json, application/*+json, application/yaml]","exception":""}
{"timestamp":"2026-06-07 12:21:55.849","level":"DEBUG","thread":"main","correlationId":"5c2eedaa52d14da1","logger":"o.s.w.s.m.m.a.HttpEntityMethodProcessor","message":"Writing [com.deliverytech.delivery_api.dto.ErrorResponse@6146f084]","exception":""}
{"timestamp":"2026-06-07 12:21:55.850","level":"DEBUG","thread":"main","correlationId":"5c2eedaa52d14da1","logger":"o.s.w.s.m.m.a.ExceptionHandlerExceptionResolver","message":"Resolved [org.springframework.web.servlet.resource.NoResourceFoundException: No static resource api/clientes/5/status.]","exception":""}
{"timestamp":"2026-06-07 12:21:55.865","level":"DEBUG","thread":"main","correlationId":"","logger":"o.s.security.web.FilterChainProxy","message":"Securing GET /api/clientes/email/naoexiste@email.com","exception":""}
{"timestamp":"2026-06-07 12:21:55.866","level":"WARN","thread":"main","correlationId":"","logger":"c.d.d.s.JwtAuthenticationFilter","message":"JWT Token não começa com Bearer String","exception":""}
{"timestamp":"2026-06-07 12:21:55.866","level":"DEBUG","thread":"main","correlationId":"","logger":"o.s.s.w.a.AnonymousAuthenticationFilter","message":"Set SecurityContextHolder to anonymous SecurityContext","exception":""}
{"timestamp":"2026-06-07 12:21:55.867","level":"DEBUG","thread":"main","correlationId":"","logger":"o.s.security.web.FilterChainProxy","message":"Secured GET /api/clientes/email/naoexiste@email.com","exception":""}
{"timestamp":"2026-06-07 12:21:55.868","level":"DEBUG","thread":"main","correlationId":"fd68c7eab1764d74","logger":"o.s.w.s.h.SimpleUrlHandlerMapping","message":"Mapped to ResourceHttpRequestHandler [classpath [META-INF/resources/], classpath [resources/], classpath [static/], classpath [public/], ServletContext [/]]","exception":""}
{"timestamp":"2026-06-07 12:21:55.869","level":"DEBUG","thread":"main","correlationId":"fd68c7eab1764d74","logger":"o.s.w.s.r.ResourceHttpRequestHandler","message":"Resource not found for path [api/clientes/email/naoexiste@email.com]","exception":""}
{"timestamp":"2026-06-07 12:21:55.869","level":"DEBUG","thread":"main","correlationId":"fd68c7eab1764d74","logger":"o.s.w.s.m.m.a.ExceptionHandlerExceptionResolver","message":"Using @ExceptionHandler com.deliverytech.delivery_api.exception.GlobalExceptionHandler#handleGenericException(Exception, HttpServletRequest)","exception":""}
{"timestamp":"2026-06-07 12:21:55.870","level":"DEBUG","thread":"main","correlationId":"fd68c7eab1764d74","logger":"o.s.w.s.m.m.a.HttpEntityMethodProcessor","message":"Using 'application/json', given [*/*] and supported [application/json, application/*+json, application/yaml]","exception":""}
{"timestamp":"2026-06-07 12:21:55.870","level":"DEBUG","thread":"main","correlationId":"fd68c7eab1764d74","logger":"o.s.w.s.m.m.a.HttpEntityMethodProcessor","message":"Writing [com.deliverytech.delivery_api.dto.ErrorResponse@3327478d]","exception":""}
{"timestamp":"2026-06-07 12:21:55.878","level":"DEBUG","thread":"main","correlationId":"fd68c7eab1764d74","logger":"o.s.w.s.m.m.a.ExceptionHandlerExceptionResolver","message":"Resolved [org.springframework.web.servlet.resource.NoResourceFoundException: No static resource api/clientes/email/naoexiste@email.com.]","exception":""}
{"timestamp":"2026-06-07 12:21:55.895","level":"DEBUG","thread":"main","correlationId":"","logger":"o.s.security.web.FilterChainProxy","message":"Securing GET /api/clientes/7","exception":""}
{"timestamp":"2026-06-07 12:21:55.896","level":"WARN","thread":"main","correlationId":"","logger":"c.d.d.s.JwtAuthenticationFilter","message":"JWT Token não começa com Bearer String","exception":""}
{"timestamp":"2026-06-07 12:21:55.896","level":"DEBUG","thread":"main","correlationId":"","logger":"o.s.s.w.a.AnonymousAuthenticationFilter","message":"Set SecurityContextHolder to anonymous SecurityContext","exception":""}
{"timestamp":"2026-06-07 12:21:55.897","level":"DEBUG","thread":"main","correlationId":"","logger":"o.s.security.web.FilterChainProxy","message":"Secured GET /api/clientes/7","exception":""}
{"timestamp":"2026-06-07 12:21:55.898","level":"DEBUG","thread":"main","correlationId":"2422d62494564cba","logger":"o.s.w.s.h.SimpleUrlHandlerMapping","message":"Mapped to ResourceHttpRequestHandler [classpath [META-INF/resources/], classpath [resources/], classpath [static/], classpath [public/], ServletContext [/]]","exception":""}
{"timestamp":"2026-06-07 12:21:55.900","level":"DEBUG","thread":"main","correlationId":"2422d62494564cba","logger":"o.s.w.s.r.ResourceHttpRequestHandler","message":"Resource not found for path [api/clientes/7]","exception":""}
{"timestamp":"2026-06-07 12:21:55.900","level":"DEBUG","thread":"main","correlationId":"2422d62494564cba","logger":"o.s.w.s.m.m.a.ExceptionHandlerExceptionResolver","message":"Using @ExceptionHandler com.deliverytech.delivery_api.exception.GlobalExceptionHandler#handleGenericException(Exception, HttpServletRequest)","exception":""}
{"timestamp":"2026-06-07 12:21:55.901","level":"DEBUG","thread":"main","correlationId":"2422d62494564cba","logger":"o.s.w.s.m.m.a.HttpEntityMethodProcessor","message":"Using 'application/json', given [*/*] and supported [application/json, application/*+json, application/yaml]","exception":""}
{"timestamp":"2026-06-07 12:21:55.901","level":"DEBUG","thread":"main","correlationId":"2422d62494564cba","logger":"o.s.w.s.m.m.a.HttpEntityMethodProcessor","message":"Writing [com.deliverytech.delivery_api.dto.ErrorResponse@5a157ba8]","exception":""}
{"timestamp":"2026-06-07 12:21:55.901","level":"DEBUG","thread":"main","correlationId":"2422d62494564cba","logger":"o.s.w.s.m.m.a.ExceptionHandlerExceptionResolver","message":"Resolved [org.springframework.web.servlet.resource.NoResourceFoundException: No static resource api/clientes/7.]","exception":""}
{"timestamp":"2026-06-07 12:21:55.916","level":"DEBUG","thread":"main","correlationId":"","logger":"o.s.security.web.FilterChainProxy","message":"Securing PUT /api/clientes/8","exception":""}
{"timestamp":"2026-06-07 12:21:55.916","level":"WARN","thread":"main","correlationId":"","logger":"c.d.d.s.JwtAuthenticationFilter","message":"JWT Token não começa com Bearer String","exception":""}
{"timestamp":"2026-06-07 12:21:55.917","level":"DEBUG","thread":"main","correlationId":"","logger":"o.s.s.w.a.AnonymousAuthenticationFilter","message":"Set SecurityContextHolder to anonymous SecurityContext","exception":""}
{"timestamp":"2026-06-07 12:21:55.917","level":"DEBUG","thread":"main","correlationId":"","logger":"o.s.security.web.FilterChainProxy","message":"Secured PUT /api/clientes/8","exception":""}
{"timestamp":"2026-06-07 12:21:55.918","level":"DEBUG","thread":"main","correlationId":"382f7d212135465a","logger":"o.s.w.s.h.SimpleUrlHandlerMapping","message":"Mapped to ResourceHttpRequestHandler [classpath [META-INF/resources/], classpath [resources/], classpath [static/], classpath [public/], ServletContext [/]]","exception":""}
{"timestamp":"2026-06-07 12:21:55.919","level":"DEBUG","thread":"main","correlationId":"382f7d212135465a","logger":"o.s.w.s.r.ResourceHttpRequestHandler","message":"Resource not found for path [api/clientes/8]","exception":""}
{"timestamp":"2026-06-07 12:21:55.919","level":"DEBUG","thread":"main","correlationId":"382f7d212135465a","logger":"o.s.w.s.m.m.a.ExceptionHandlerExceptionResolver","message":"Using @ExceptionHandler com.deliverytech.delivery_api.exception.GlobalExceptionHandler#handleGenericException(Exception, HttpServletRequest)","exception":""}
{"timestamp":"2026-06-07 12:21:55.919","level":"DEBUG","thread":"main","correlationId":"382f7d212135465a","logger":"o.s.w.s.m.m.a.HttpEntityMethodProcessor","message":"Using 'application/json', given [*/*] and supported [application/json, application/*+json, application/yaml]","exception":""}
{"timestamp":"2026-06-07 12:21:55.919","level":"DEBUG","thread":"main","correlationId":"382f7d212135465a","logger":"o.s.w.s.m.m.a.HttpEntityMethodProcessor","message":"Writing [com.deliverytech.delivery_api.dto.ErrorResponse@191f0ed7]","exception":""}
{"timestamp":"2026-06-07 12:21:55.919","level":"DEBUG","thread":"main","correlationId":"382f7d212135465a","logger":"o.s.w.s.m.m.a.ExceptionHandlerExceptionResolver","message":"Resolved [org.springframework.web.servlet.resource.NoResourceFoundException: No static resource api/clientes/8.]","exception":""}
{"timestamp":"2026-06-07 12:21:55.935","level":"DEBUG","thread":"main","correlationId":"","logger":"o.s.security.web.FilterChainProxy","message":"Securing PUT /api/clientes/999999","exception":""}
{"timestamp":"2026-06-07 12:21:55.936","level":"WARN","thread":"main","correlationId":"","logger":"c.d.d.s.JwtAuthenticationFilter","message":"JWT Token não começa com Bearer String","exception":""}
{"timestamp":"2026-06-07 12:21:55.936","level":"DEBUG","thread":"main","correlationId":"","logger":"o.s.s.w.a.AnonymousAuthenticationFilter","message":"Set SecurityContextHolder to anonymous SecurityContext","exception":""}
{"timestamp":"2026-06-07 12:21:55.937","level":"DEBUG","thread":"main","correlationId":"","logger":"o.s.security.web.FilterChainProxy","message":"Secured PUT /api/clientes/999999","exception":""}
{"timestamp":"2026-06-07 12:21:55.938","level":"DEBUG","thread":"main","correlationId":"85f1875d679842fa","logger":"o.s.w.s.h.SimpleUrlHandlerMapping","message":"Mapped to ResourceHttpRequestHandler [classpath [META-INF/resources/], classpath [resources/], classpath [static/], classpath [public/], ServletContext [/]]","exception":""}
{"timestamp":"2026-06-07 12:21:55.939","level":"DEBUG","thread":"main","correlationId":"85f1875d679842fa","logger":"o.s.w.s.r.ResourceHttpRequestHandler","message":"Resource not found for path [api/clientes/999999]","exception":""}
{"timestamp":"2026-06-07 12:21:55.939","level":"DEBUG","thread":"main","correlationId":"85f1875d679842fa","logger":"o.s.w.s.m.m.a.ExceptionHandlerExceptionResolver","message":"Using @ExceptionHandler com.deliverytech.delivery_api.exception.GlobalExceptionHandler#handleGenericException(Exception, HttpServletRequest)","exception":""}
{"timestamp":"2026-06-07 12:21:55.939","level":"DEBUG","thread":"main","correlationId":"85f1875d679842fa","logger":"o.s.w.s.m.m.a.HttpEntityMethodProcessor","message":"Using 'application/json', given [*/*] and supported [application/json, application/*+json, application/yaml]","exception":""}
{"timestamp":"2026-06-07 12:21:55.939","level":"DEBUG","thread":"main","correlationId":"85f1875d679842fa","logger":"o.s.w.s.m.m.a.HttpEntityMethodProcessor","message":"Writing [com.deliverytech.delivery_api.dto.ErrorResponse@2ea903bc]","exception":""}
{"timestamp":"2026-06-07 12:21:55.940","level":"DEBUG","thread":"main","correlationId":"85f1875d679842fa","logger":"o.s.w.s.m.m.a.ExceptionHandlerExceptionResolver","message":"Resolved [org.springframework.web.servlet.resource.NoResourceFoundException: No static resource api/clientes/999999.]","exception":""}
{"timestamp":"2026-06-07 12:21:55.954","level":"DEBUG","thread":"main","correlationId":"","logger":"o.s.security.web.FilterChainProxy","message":"Securing GET /api/clientes/email/joao.teste@email.com","exception":""}
{"timestamp":"2026-06-07 12:21:55.955","level":"WARN","thread":"main","correlationId":"","logger":"c.d.d.s.JwtAuthenticationFilter","message":"JWT Token não começa com Bearer String","exception":""}
{"timestamp":"2026-06-07 12:21:55.955","level":"DEBUG","thread":"main","correlationId":"","logger":"o.s.s.w.a.AnonymousAuthenticationFilter","message":"Set SecurityContextHolder to anonymous SecurityContext","exception":""}
{"timestamp":"2026-06-07 12:21:55.955","level":"DEBUG","thread":"main","correlationId":"","logger":"o.s.security.web.FilterChainProxy","message":"Secured GET /api/clientes/email/joao.teste@email.com","exception":""}
{"timestamp":"2026-06-07 12:21:55.956","level":"DEBUG","thread":"main","correlationId":"d856e2b46b5e4e12","logger":"o.s.w.s.h.SimpleUrlHandlerMapping","message":"Mapped to ResourceHttpRequestHandler [classpath [META-INF/resources/], classpath [resources/], classpath [static/], classpath [public/], ServletContext [/]]","exception":""}
{"timestamp":"2026-06-07 12:21:55.957","level":"DEBUG","thread":"main","correlationId":"d856e2b46b5e4e12","logger":"o.s.w.s.r.ResourceHttpRequestHandler","message":"Resource not found for path [api/clientes/email/joao.teste@email.com]","exception":""}
{"timestamp":"2026-06-07 12:21:55.958","level":"DEBUG","thread":"main","correlationId":"d856e2b46b5e4e12","logger":"o.s.w.s.m.m.a.ExceptionHandlerExceptionResolver","message":"Using @ExceptionHandler com.deliverytech.delivery_api.exception.GlobalExceptionHandler#handleGenericException(Exception, HttpServletRequest)","exception":""}
{"timestamp":"2026-06-07 12:21:55.958","level":"DEBUG","thread":"main","correlationId":"d856e2b46b5e4e12","logger":"o.s.w.s.m.m.a.HttpEntityMethodProcessor","message":"Using 'application/json', given [*/*] and supported [application/json, application/*+json, application/yaml]","exception":""}
{"timestamp":"2026-06-07 12:21:55.958","level":"DEBUG","thread":"main","correlationId":"d856e2b46b5e4e12","logger":"o.s.w.s.m.m.a.HttpEntityMethodProcessor","message":"Writing [com.deliverytech.delivery_api.dto.ErrorResponse@41a3990]","exception":""}
{"timestamp":"2026-06-07 12:21:55.958","level":"DEBUG","thread":"main","correlationId":"d856e2b46b5e4e12","logger":"o.s.w.s.m.m.a.ExceptionHandlerExceptionResolver","message":"Resolved [org.springframework.web.servlet.resource.NoResourceFoundException: No static resource api/clientes/email/joao.teste@email.com.]","exception":""}
{"timestamp":"2026-06-07 12:21:55.969","level":"DEBUG","thread":"main","correlationId":"","logger":"o.s.security.web.FilterChainProxy","message":"Securing GET /api/clientes","exception":""}
{"timestamp":"2026-06-07 12:21:55.969","level":"WARN","thread":"main","correlationId":"","logger":"c.d.d.s.JwtAuthenticationFilter","message":"JWT Token não começa com Bearer String","exception":""}
{"timestamp":"2026-06-07 12:21:55.969","level":"DEBUG","thread":"main","correlationId":"","logger":"o.s.s.w.a.AnonymousAuthenticationFilter","message":"Set SecurityContextHolder to anonymous SecurityContext","exception":""}
{"timestamp":"2026-06-07 12:21:55.970","level":"DEBUG","thread":"main","correlationId":"","logger":"o.s.security.web.FilterChainProxy","message":"Secured GET /api/clientes","exception":""}
{"timestamp":"2026-06-07 12:21:55.971","level":"DEBUG","thread":"main","correlationId":"a62af275ae0348b1","logger":"o.s.w.s.h.SimpleUrlHandlerMapping","message":"Mapped to ResourceHttpRequestHandler [classpath [META-INF/resources/], classpath [resources/], classpath [static/], classpath [public/], ServletContext [/]]","exception":""}
{"timestamp":"2026-06-07 12:21:55.971","level":"DEBUG","thread":"main","correlationId":"a62af275ae0348b1","logger":"o.s.w.s.r.ResourceHttpRequestHandler","message":"Resource not found for path [api/clientes]","exception":""}
{"timestamp":"2026-06-07 12:21:55.972","level":"DEBUG","thread":"main","correlationId":"a62af275ae0348b1","logger":"o.s.w.s.m.m.a.ExceptionHandlerExceptionResolver","message":"Using @ExceptionHandler com.deliverytech.delivery_api.exception.GlobalExceptionHandler#handleGenericException(Exception, HttpServletRequest)","exception":""}
{"timestamp":"2026-06-07 12:21:55.972","level":"DEBUG","thread":"main","correlationId":"a62af275ae0348b1","logger":"o.s.w.s.m.m.a.HttpEntityMethodProcessor","message":"Using 'application/json', given [*/*] and supported [application/json, application/*+json, application/yaml]","exception":""}
{"timestamp":"2026-06-07 12:21:55.972","level":"DEBUG","thread":"main","correlationId":"a62af275ae0348b1","logger":"o.s.w.s.m.m.a.HttpEntityMethodProcessor","message":"Writing [com.deliverytech.delivery_api.dto.ErrorResponse@18ea0ba6]","exception":""}
{"timestamp":"2026-06-07 12:21:55.972","level":"DEBUG","thread":"main","correlationId":"a62af275ae0348b1","logger":"o.s.w.s.m.m.a.ExceptionHandlerExceptionResolver","message":"Resolved [org.springframework.web.servlet.resource.NoResourceFoundException: No static resource api/clientes.]","exception":""}
{"timestamp":"2026-06-07 12:21:55.984","level":"DEBUG","thread":"main","correlationId":"","logger":"o.s.security.web.FilterChainProxy","message":"Securing GET /api/clientes/999999","exception":""}
{"timestamp":"2026-06-07 12:21:55.984","level":"WARN","thread":"main","correlationId":"","logger":"c.d.d.s.JwtAuthenticationFilter","message":"JWT Token não começa com Bearer String","exception":""}
{"timestamp":"2026-06-07 12:21:55.984","level":"DEBUG","thread":"main","correlationId":"","logger":"o.s.s.w.a.AnonymousAuthenticationFilter","message":"Set SecurityContextHolder to anonymous SecurityContext","exception":""}
{"timestamp":"2026-06-07 12:21:55.985","level":"DEBUG","thread":"main","correlationId":"","logger":"o.s.security.web.FilterChainProxy","message":"Secured GET /api/clientes/999999","exception":""}
{"timestamp":"2026-06-07 12:21:55.985","level":"DEBUG","thread":"main","correlationId":"c9839f0d6170472b","logger":"o.s.w.s.h.SimpleUrlHandlerMapping","message":"Mapped to ResourceHttpRequestHandler [classpath [META-INF/resources/], classpath [resources/], classpath [static/], classpath [public/], ServletContext [/]]","exception":""}
{"timestamp":"2026-06-07 12:21:55.986","level":"DEBUG","thread":"main","correlationId":"c9839f0d6170472b","logger":"o.s.w.s.r.ResourceHttpRequestHandler","message":"Resource not found for path [api/clientes/999999]","exception":""}
{"timestamp":"2026-06-07 12:21:55.987","level":"DEBUG","thread":"main","correlationId":"c9839f0d6170472b","logger":"o.s.w.s.m.m.a.ExceptionHandlerExceptionResolver","message":"Using @ExceptionHandler com.deliverytech.delivery_api.exception.GlobalExceptionHandler#handleGenericException(Exception, HttpServletRequest)","exception":""}
{"timestamp":"2026-06-07 12:21:55.987","level":"DEBUG","thread":"main","correlationId":"c9839f0d6170472b","logger":"o.s.w.s.m.m.a.HttpEntityMethodProcessor","message":"Using 'application/json', given [*/*] and supported [application/json, application/*+json, application/yaml]","exception":""}
{"timestamp":"2026-06-07 12:21:55.987","level":"DEBUG","thread":"main","correlationId":"c9839f0d6170472b","logger":"o.s.w.s.m.m.a.HttpEntityMethodProcessor","message":"Writing [com.deliverytech.delivery_api.dto.ErrorResponse@48ac2530]","exception":""}
{"timestamp":"2026-06-07 12:21:55.987","level":"DEBUG","thread":"main","correlationId":"c9839f0d6170472b","logger":"o.s.w.s.m.m.a.ExceptionHandlerExceptionResolver","message":"Resolved [org.springframework.web.servlet.resource.NoResourceFoundException: No static resource api/clientes/999999.]","exception":""}
{"timestamp":"2026-06-07 12:21:55.998","level":"DEBUG","thread":"main","correlationId":"","logger":"o.s.security.web.FilterChainProxy","message":"Securing POST /api/clientes","exception":""}
{"timestamp":"2026-06-07 12:21:55.999","level":"WARN","thread":"main","correlationId":"","logger":"c.d.d.s.JwtAuthenticationFilter","message":"JWT Token não começa com Bearer String","exception":""}
{"timestamp":"2026-06-07 12:21:55.999","level":"DEBUG","thread":"main","correlationId":"","logger":"o.s.s.w.a.AnonymousAuthenticationFilter","message":"Set SecurityContextHolder to anonymous SecurityContext","exception":""}
{"timestamp":"2026-06-07 12:21:55.999","level":"DEBUG","thread":"main","correlationId":"","logger":"o.s.security.web.FilterChainProxy","message":"Secured POST /api/clientes","exception":""}
{"timestamp":"2026-06-07 12:21:56.001","level":"DEBUG","thread":"main","correlationId":"e698a449172d4f8e","logger":"o.s.w.s.h.SimpleUrlHandlerMapping","message":"Mapped to ResourceHttpRequestHandler [classpath [META-INF/resources/], classpath [resources/], classpath [static/], classpath [public/], ServletContext [/]]","exception":""}
{"timestamp":"2026-06-07 12:21:56.002","level":"DEBUG","thread":"main","correlationId":"e698a449172d4f8e","logger":"o.s.w.s.r.ResourceHttpRequestHandler","message":"Resource not found for path [api/clientes]","exception":""}
{"timestamp":"2026-06-07 12:21:56.002","level":"DEBUG","thread":"main","correlationId":"e698a449172d4f8e","logger":"o.s.w.s.m.m.a.ExceptionHandlerExceptionResolver","message":"Using @ExceptionHandler com.deliverytech.delivery_api.exception.GlobalExceptionHandler#handleGenericException(Exception, HttpServletRequest)","exception":""}
{"timestamp":"2026-06-07 12:21:56.002","level":"DEBUG","thread":"main","correlationId":"e698a449172d4f8e","logger":"o.s.w.s.m.m.a.HttpEntityMethodProcessor","message":"Using 'application/json', given [*/*] and supported [application/json, application/*+json, application/yaml]","exception":""}
{"timestamp":"2026-06-07 12:21:56.002","level":"DEBUG","thread":"main","correlationId":"e698a449172d4f8e","logger":"o.s.w.s.m.m.a.HttpEntityMethodProcessor","message":"Writing [com.deliverytech.delivery_api.dto.ErrorResponse@2c70d765]","exception":""}
{"timestamp":"2026-06-07 12:21:56.003","level":"DEBUG","thread":"main","correlationId":"e698a449172d4f8e","logger":"o.s.w.s.m.m.a.ExceptionHandlerExceptionResolver","message":"Resolved [org.springframework.web.servlet.resource.NoResourceFoundException: No static resource api/clientes.]","exception":""}
{"timestamp":"2026-06-07 12:21:56.015","level":"DEBUG","thread":"main","correlationId":"","logger":"o.s.security.web.FilterChainProxy","message":"Securing POST /api/clientes","exception":""}
{"timestamp":"2026-06-07 12:21:56.015","level":"WARN","thread":"main","correlationId":"","logger":"c.d.d.s.JwtAuthenticationFilter","message":"JWT Token não começa com Bearer String","exception":""}
{"timestamp":"2026-06-07 12:21:56.016","level":"DEBUG","thread":"main","correlationId":"","logger":"o.s.s.w.a.AnonymousAuthenticationFilter","message":"Set SecurityContextHolder to anonymous SecurityContext","exception":""}
{"timestamp":"2026-06-07 12:21:56.017","level":"DEBUG","thread":"main","correlationId":"","logger":"o.s.security.web.FilterChainProxy","message":"Secured POST /api/clientes","exception":""}
{"timestamp":"2026-06-07 12:21:56.018","level":"DEBUG","thread":"main","correlationId":"19dfed8cb1144c8e","logger":"o.s.w.s.h.SimpleUrlHandlerMapping","message":"Mapped to ResourceHttpRequestHandler [classpath [META-INF/resources/], classpath [resources/], classpath [static/], classpath [public/], ServletContext [/]]","exception":""}
{"timestamp":"2026-06-07 12:21:56.019","level":"DEBUG","thread":"main","correlationId":"19dfed8cb1144c8e","logger":"o.s.w.s.r.ResourceHttpRequestHandler","message":"Resource not found for path [api/clientes]","exception":""}
{"timestamp":"2026-06-07 12:21:56.019","level":"DEBUG","thread":"main","correlationId":"19dfed8cb1144c8e","logger":"o.s.w.s.m.m.a.ExceptionHandlerExceptionResolver","message":"Using @ExceptionHandler com.deliverytech.delivery_api.exception.GlobalExceptionHandler#handleGenericException(Exception, HttpServletRequest)","exception":""}
{"timestamp":"2026-06-07 12:21:56.019","level":"DEBUG","thread":"main","correlationId":"19dfed8cb1144c8e","logger":"o.s.w.s.m.m.a.HttpEntityMethodProcessor","message":"Using 'application/json', given [*/*] and supported [application/json, application/*+json, application/yaml]","exception":""}
{"timestamp":"2026-06-07 12:21:56.019","level":"DEBUG","thread":"main","correlationId":"19dfed8cb1144c8e","logger":"o.s.w.s.m.m.a.HttpEntityMethodProcessor","message":"Writing [com.deliverytech.delivery_api.dto.ErrorResponse@2ce17213]","exception":""}
{"timestamp":"2026-06-07 12:21:56.020","level":"DEBUG","thread":"main","correlationId":"19dfed8cb1144c8e","logger":"o.s.w.s.m.m.a.ExceptionHandlerExceptionResolver","message":"Resolved [org.springframework.web.servlet.resource.NoResourceFoundException: No static resource api/clientes.]","exception":""}
{"timestamp":"2026-06-07 12:21:56.028","level":"INFO","thread":"main","correlationId":"","logger":"o.s.t.c.s.AnnotationConfigContextLoaderUtils","message":"Could not detect default configuration classes for test class [com.deliverytech.delivery_api.controller.PedidoControllerTest]: PedidoControllerTest does not declare any static, non-private, non-final, nested classes annotated with @Configuration.","exception":""}
{"timestamp":"2026-06-07 12:21:56.031","level":"INFO","thread":"main","correlationId":"","logger":"o.s.b.t.c.SpringBootTestContextBootstrapper","message":"Found @SpringBootConfiguration com.deliverytech.delivery_api.DeliveryApiApplication for test class com.deliverytech.delivery_api.controller.PedidoControllerTest","exception":""}
{"timestamp":"2026-06-07 12:21:56.035","level":"DEBUG","thread":"main","correlationId":"","logger":"o.s.w.c.s.GenericWebApplicationContext","message":"Closing org.springframework.web.context.support.GenericWebApplicationContext@7510824, started on Sun Jun 07 12:21:48 BRT 2026","exception":""}
{"timestamp":"2026-06-07 12:21:56.041","level":"INFO","thread":"main","correlationId":"","logger":"o.s.o.j.LocalContainerEntityManagerFactoryBean","message":"Closing JPA EntityManagerFactory for persistence unit 'default'","exception":""}
{"timestamp":"2026-06-07 12:21:56.049","level":"INFO","thread":"main","correlationId":"","logger":"com.zaxxer.hikari.HikariDataSource","message":"HikariPool-1 - Shutdown initiated...","exception":""}
{"timestamp":"2026-06-07 12:21:56.051","level":"INFO","thread":"main","correlationId":"","logger":"com.zaxxer.hikari.HikariDataSource","message":"HikariPool-1 - Shutdown completed.","exception":""}
{"timestamp":"2026-06-07 12:21:56.054","level":"INFO","thread":"main","correlationId":"","logger":"o.s.b.d.r.RestartApplicationListener","message":"Restart disabled due to context in which it is running","exception":""}
{"timestamp":"2026-06-07 12:21:56.090","level":"INFO","thread":"main","correlationId":"","logger":"c.d.d.c.PedidoControllerTest","message":"Starting PedidoControllerTest using Java 21.0.11 with PID 24140 (started by Santana in C:\Pasta Códiguinhos\arquitetura de sistemas fat\delivery-api\delivery-api)","exception":""}
{"timestamp":"2026-06-07 12:21:56.090","level":"INFO","thread":"main","correlationId":"","logger":"c.d.d.c.PedidoControllerTest","message":"The following 1 profile is active: "test"","exception":""}
{"timestamp":"2026-06-07 12:21:56.091","level":"DEBUG","thread":"main","correlationId":"","logger":"o.s.w.c.s.GenericWebApplicationContext","message":"Refreshing org.springframework.web.context.support.GenericWebApplicationContext@68bc2ae8","exception":""}
{"timestamp":"2026-06-07 12:21:56.378","level":"INFO","thread":"main","correlationId":"","logger":"o.s.d.r.c.RepositoryConfigurationDelegate","message":"Bootstrapping Spring Data JPA repositories in DEFAULT mode.","exception":""}
{"timestamp":"2026-06-07 12:21:56.399","level":"INFO","thread":"main","correlationId":"","logger":"o.s.d.r.c.RepositoryConfigurationDelegate","message":"Finished Spring Data repository scanning in 19 ms. Found 5 JPA repository interfaces.","exception":""}
{"timestamp":"2026-06-07 12:21:56.486","level":"INFO","thread":"main","correlationId":"","logger":"o.s.o.j.p.SpringPersistenceUnitInfo","message":"No LoadTimeWeaver setup: ignoring JPA class transformer","exception":""}
{"timestamp":"2026-06-07 12:21:56.487","level":"INFO","thread":"main","correlationId":"","logger":"com.zaxxer.hikari.HikariDataSource","message":"HikariPool-2 - Starting...","exception":""}
{"timestamp":"2026-06-07 12:21:56.489","level":"INFO","thread":"main","correlationId":"","logger":"com.zaxxer.hikari.pool.HikariPool","message":"HikariPool-2 - Added connection conn10: url=jdbc:h2:mem:deliverydb user=SA","exception":""}
{"timestamp":"2026-06-07 12:21:56.489","level":"INFO","thread":"main","correlationId":"","logger":"com.zaxxer.hikari.HikariDataSource","message":"HikariPool-2 - Start completed.","exception":""}
{"timestamp":"2026-06-07 12:21:56.490","level":"WARN","thread":"main","correlationId":"","logger":"org.hibernate.orm.deprecation","message":"HHH90000025: H2Dialect does not need to be specified explicitly using 'hibernate.dialect' (remove the property setting and it will be selected by default)","exception":""}
{"timestamp":"2026-06-07 12:21:56.561","level":"INFO","thread":"main","correlationId":"","logger":"o.s.o.j.LocalContainerEntityManagerFactoryBean","message":"Initialized JPA EntityManagerFactory for persistence unit 'default'","exception":""}
{"timestamp":"2026-06-07 12:21:56.594","level":"INFO","thread":"main","correlationId":"","logger":"o.s.s.c.a.a.c.InitializeAuthenticationProviderBeanManagerConfigurer$InitializeAuthenticationProviderManagerConfigurer","message":"Global AuthenticationManager configured with AuthenticationProvider bean with name authenticationProvider","exception":""}
{"timestamp":"2026-06-07 12:21:56.594","level":"WARN","thread":"main","correlationId":"","logger":"o.s.s.c.a.a.c.InitializeUserDetailsBeanManagerConfigurer$InitializeUserDetailsManagerConfigurer","message":"Global AuthenticationManager configured with an AuthenticationProvider bean. UserDetailsService beans will not be used by Spring Security for automatically configuring username/password login. Consider removing the AuthenticationProvider bean. Alternatively, consider using the UserDetailsService in a manually instantiated DaoAuthenticationProvider. If the current configuration is intentional, to turn off this warning, increase the logging level of 'org.springframework.security.config.annotation.authentication.configuration.InitializeUserDetailsBeanManagerConfigurer' to ERROR","exception":""}
{"timestamp":"2026-06-07 12:21:56.727","level":"DEBUG","thread":"main","correlationId":"","logger":"o.s.w.s.m.m.a.RequestMappingHandlerMapping","message":"41 mappings in 'requestMappingHandlerMapping'","exception":""}
{"timestamp":"2026-06-07 12:21:56.758","level":"DEBUG","thread":"main","correlationId":"","logger":"o.s.w.s.h.SimpleUrlHandlerMapping","message":"Patterns [/webjars/**, /**, /swagger-ui*/*swagger-initializer.js, /swagger-ui*/**] in 'resourceHandlerMapping'","exception":""}
{"timestamp":"2026-06-07 12:21:56.813","level":"INFO","thread":"main","correlationId":"","logger":"o.s.b.a.e.web.EndpointLinksResolver","message":"Exposing 13 endpoints beneath base path '/actuator'","exception":""}
{"timestamp":"2026-06-07 12:21:56.846","level":"DEBUG","thread":"main","correlationId":"","logger":"o.s.s.web.DefaultSecurityFilterChain","message":"Will secure any request with filters: DisableEncodeUrlFilter, WebAsyncManagerIntegrationFilter, SecurityContextHolderFilter, HeaderWriterFilter, CorsFilter, LogoutFilter, JwtAuthenticationFilter, RequestCacheAwareFilter, SecurityContextHolderAwareRequestFilter, AnonymousAuthenticationFilter, SessionManagementFilter, ExceptionTranslationFilter, AuthorizationFilter","exception":""}
{"timestamp":"2026-06-07 12:21:56.878","level":"DEBUG","thread":"main","correlationId":"","logger":"o.s.w.s.m.m.a.RequestMappingHandlerAdapter","message":"ControllerAdvice beans: 0 @ModelAttribute, 0 @InitBinder, 1 RequestBodyAdvice, 1 ResponseBodyAdvice","exception":""}
{"timestamp":"2026-06-07 12:21:56.883","level":"DEBUG","thread":"main","correlationId":"","logger":"o.s.w.s.m.m.a.ExceptionHandlerExceptionResolver","message":"ControllerAdvice beans: 2 @ExceptionHandler, 1 ResponseBodyAdvice","exception":""}
{"timestamp":"2026-06-07 12:21:56.927","level":"INFO","thread":"main","correlationId":"","logger":"o.s.b.a.h.H2ConsoleAutoConfiguration","message":"H2 console available at '/h2-console'. Database available at 'jdbc:h2:mem:deliverydb'","exception":""}
{"timestamp":"2026-06-07 12:21:56.957","level":"DEBUG","thread":"main","correlationId":"","logger":"o.s.w.f.ServerHttpObservationFilter","message":"Filter 'webMvcObservationFilter' configured for use","exception":""}
{"timestamp":"2026-06-07 12:21:56.957","level":"INFO","thread":"main","correlationId":"","logger":"o.s.b.t.m.w.SpringBootMockServletContext","message":"Initializing Spring TestDispatcherServlet ''","exception":""}
{"timestamp":"2026-06-07 12:21:56.957","level":"INFO","thread":"main","correlationId":"","logger":"o.s.t.w.s.TestDispatcherServlet","message":"Initializing Servlet ''","exception":""}
{"timestamp":"2026-06-07 12:21:56.957","level":"INFO","thread":"main","correlationId":"","logger":"o.s.t.w.s.TestDispatcherServlet","message":"Completed initialization in 0 ms","exception":""}
{"timestamp":"2026-06-07 12:21:56.970","level":"INFO","thread":"main","correlationId":"","logger":"c.d.d.c.PedidoControllerTest","message":"Started PedidoControllerTest in 0.916 seconds (process running for 14.008)","exception":""}
{"timestamp":"2026-06-07 12:21:57.048","level":"DEBUG","thread":"main","correlationId":"","logger":"o.s.security.web.FilterChainProxy","message":"Securing POST /api/pedidos","exception":""}
{"timestamp":"2026-06-07 12:21:57.049","level":"WARN","thread":"main","correlationId":"","logger":"c.d.d.s.JwtAuthenticationFilter","message":"JWT Token não começa com Bearer String","exception":""}
{"timestamp":"2026-06-07 12:21:57.052","level":"DEBUG","thread":"main","correlationId":"","logger":"o.s.security.web.FilterChainProxy","message":"Secured POST /api/pedidos","exception":""}
{"timestamp":"2026-06-07 12:21:57.052","level":"DEBUG","thread":"main","correlationId":"3af9bc364f994ddf","logger":"o.s.w.s.m.m.a.RequestMappingHandlerMapping","message":"Mapped to com.deliverytech.delivery_api.controller.PedidoController#criarPedido(PedidoReqDTO)","exception":""}
{"timestamp":"2026-06-07 12:21:57.097","level":"DEBUG","thread":"main","correlationId":"3af9bc364f994ddf","logger":"o.s.w.s.m.m.a.RequestResponseBodyMethodProcessor","message":"Read "application/json;charset=UTF-8" to [com.deliverytech.delivery_api.dto.req.PedidoReqDTO@4ebf476d]","exception":""}
{"timestamp":"2026-06-07 12:21:57.207","level":"DEBUG","thread":"main","correlationId":"3af9bc364f994ddf","logger":"o.s.w.s.m.m.a.HttpEntityMethodProcessor","message":"Using 'application/json', given [*/*] and supported [application/json, application/*+json, application/yaml]","exception":""}
{"timestamp":"2026-06-07 12:21:57.207","level":"DEBUG","thread":"main","correlationId":"3af9bc364f994ddf","logger":"o.s.w.s.m.m.a.HttpEntityMethodProcessor","message":"Writing [com.deliverytech.delivery_api.dto.res.PedidoResDTO@7e356d3b]","exception":""}
{"timestamp":"2026-06-07 12:21:57.264","level":"DEBUG","thread":"main","correlationId":"","logger":"o.s.w.c.s.GenericWebApplicationContext","message":"Closing org.springframework.web.context.support.GenericWebApplicationContext@68bc2ae8, started on Sun Jun 07 12:21:56 BRT 2026","exception":""}
{"timestamp":"2026-06-07 12:21:57.266","level":"INFO","thread":"main","correlationId":"","logger":"o.s.o.j.LocalContainerEntityManagerFactoryBean","message":"Closing JPA EntityManagerFactory for persistence unit 'default'","exception":""}
{"timestamp":"2026-06-07 12:21:57.269","level":"INFO","thread":"main","correlationId":"","logger":"com.zaxxer.hikari.HikariDataSource","message":"HikariPool-2 - Shutdown initiated...","exception":""}
{"timestamp":"2026-06-07 12:21:57.269","level":"INFO","thread":"main","correlationId":"","logger":"com.zaxxer.hikari.HikariDataSource","message":"HikariPool-2 - Shutdown completed.","exception":""}
{"timestamp":"2026-06-07 12:21:57.271","level":"INFO","thread":"main","correlationId":"","logger":"o.s.b.d.r.RestartApplicationListener","message":"Restart disabled due to context in which it is running","exception":""}
{"timestamp":"2026-06-07 12:21:57.302","level":"INFO","thread":"main","correlationId":"","logger":"c.d.d.c.PedidoControllerTest","message":"Starting PedidoControllerTest using Java 21.0.11 with PID 24140 (started by Santana in C:\Pasta Códiguinhos\arquitetura de sistemas fat\delivery-api\delivery-api)","exception":""}
{"timestamp":"2026-06-07 12:21:57.302","level":"INFO","thread":"main","correlationId":"","logger":"c.d.d.c.PedidoControllerTest","message":"The following 1 profile is active: "test"","exception":""}
{"timestamp":"2026-06-07 12:21:57.303","level":"DEBUG","thread":"main","correlationId":"","logger":"o.s.w.c.s.GenericWebApplicationContext","message":"Refreshing org.springframework.web.context.support.GenericWebApplicationContext@a28d565","exception":""}
{"timestamp":"2026-06-07 12:21:57.528","level":"INFO","thread":"main","correlationId":"","logger":"o.s.d.r.c.RepositoryConfigurationDelegate","message":"Bootstrapping Spring Data JPA repositories in DEFAULT mode.","exception":""}
{"timestamp":"2026-06-07 12:21:57.546","level":"INFO","thread":"main","correlationId":"","logger":"o.s.d.r.c.RepositoryConfigurationDelegate","message":"Finished Spring Data repository scanning in 17 ms. Found 5 JPA repository interfaces.","exception":""}
{"timestamp":"2026-06-07 12:21:57.605","level":"INFO","thread":"main","correlationId":"","logger":"o.s.o.j.p.SpringPersistenceUnitInfo","message":"No LoadTimeWeaver setup: ignoring JPA class transformer","exception":""}
{"timestamp":"2026-06-07 12:21:57.605","level":"INFO","thread":"main","correlationId":"","logger":"com.zaxxer.hikari.HikariDataSource","message":"HikariPool-3 - Starting...","exception":""}
{"timestamp":"2026-06-07 12:21:57.605","level":"INFO","thread":"main","correlationId":"","logger":"com.zaxxer.hikari.pool.HikariPool","message":"HikariPool-3 - Added connection conn20: url=jdbc:h2:mem:deliverydb user=SA","exception":""}
{"timestamp":"2026-06-07 12:21:57.607","level":"INFO","thread":"main","correlationId":"","logger":"com.zaxxer.hikari.HikariDataSource","message":"HikariPool-3 - Start completed.","exception":""}
{"timestamp":"2026-06-07 12:21:57.607","level":"WARN","thread":"main","correlationId":"","logger":"org.hibernate.orm.deprecation","message":"HHH90000025: H2Dialect does not need to be specified explicitly using 'hibernate.dialect' (remove the property setting and it will be selected by default)","exception":""}
{"timestamp":"2026-06-07 12:21:57.661","level":"INFO","thread":"main","correlationId":"","logger":"o.s.o.j.LocalContainerEntityManagerFactoryBean","message":"Initialized JPA EntityManagerFactory for persistence unit 'default'","exception":""}
{"timestamp":"2026-06-07 12:21:57.690","level":"INFO","thread":"main","correlationId":"","logger":"o.s.s.c.a.a.c.InitializeAuthenticationProviderBeanManagerConfigurer$InitializeAuthenticationProviderManagerConfigurer","message":"Global AuthenticationManager configured with AuthenticationProvider bean with name authenticationProvider","exception":""}
{"timestamp":"2026-06-07 12:21:57.690","level":"WARN","thread":"main","correlationId":"","logger":"o.s.s.c.a.a.c.InitializeUserDetailsBeanManagerConfigurer$InitializeUserDetailsManagerConfigurer","message":"Global AuthenticationManager configured with an AuthenticationProvider bean. UserDetailsService beans will not be used by Spring Security for automatically configuring username/password login. Consider removing the AuthenticationProvider bean. Alternatively, consider using the UserDetailsService in a manually instantiated DaoAuthenticationProvider. If the current configuration is intentional, to turn off this warning, increase the logging level of 'org.springframework.security.config.annotation.authentication.configuration.InitializeUserDetailsBeanManagerConfigurer' to ERROR","exception":""}
{"timestamp":"2026-06-07 12:21:57.804","level":"DEBUG","thread":"main","correlationId":"","logger":"o.s.w.s.m.m.a.RequestMappingHandlerMapping","message":"41 mappings in 'requestMappingHandlerMapping'","exception":""}
{"timestamp":"2026-06-07 12:21:57.828","level":"DEBUG","thread":"main","correlationId":"","logger":"o.s.w.s.h.SimpleUrlHandlerMapping","message":"Patterns [/webjars/**, /**, /swagger-ui*/*swagger-initializer.js, /swagger-ui*/**] in 'resourceHandlerMapping'","exception":""}
{"timestamp":"2026-06-07 12:21:57.868","level":"INFO","thread":"main","correlationId":"","logger":"o.s.b.a.e.web.EndpointLinksResolver","message":"Exposing 13 endpoints beneath base path '/actuator'","exception":""}
{"timestamp":"2026-06-07 12:21:57.898","level":"DEBUG","thread":"main","correlationId":"","logger":"o.s.s.web.DefaultSecurityFilterChain","message":"Will secure any request with filters: DisableEncodeUrlFilter, WebAsyncManagerIntegrationFilter, SecurityContextHolderFilter, HeaderWriterFilter, CorsFilter, LogoutFilter, JwtAuthenticationFilter, RequestCacheAwareFilter, SecurityContextHolderAwareRequestFilter, AnonymousAuthenticationFilter, SessionManagementFilter, ExceptionTranslationFilter, AuthorizationFilter","exception":""}
{"timestamp":"2026-06-07 12:21:57.923","level":"DEBUG","thread":"main","correlationId":"","logger":"o.s.w.s.m.m.a.RequestMappingHandlerAdapter","message":"ControllerAdvice beans: 0 @ModelAttribute, 0 @InitBinder, 1 RequestBodyAdvice, 1 ResponseBodyAdvice","exception":""}
{"timestamp":"2026-06-07 12:21:57.928","level":"DEBUG","thread":"main","correlationId":"","logger":"o.s.w.s.m.m.a.ExceptionHandlerExceptionResolver","message":"ControllerAdvice beans: 2 @ExceptionHandler, 1 ResponseBodyAdvice","exception":""}
{"timestamp":"2026-06-07 12:21:57.964","level":"INFO","thread":"main","correlationId":"","logger":"o.s.b.a.h.H2ConsoleAutoConfiguration","message":"H2 console available at '/h2-console'. Database available at 'jdbc:h2:mem:deliverydb'","exception":""}
{"timestamp":"2026-06-07 12:21:57.981","level":"DEBUG","thread":"main","correlationId":"","logger":"o.s.w.f.ServerHttpObservationFilter","message":"Filter 'webMvcObservationFilter' configured for use","exception":""}
{"timestamp":"2026-06-07 12:21:57.981","level":"INFO","thread":"main","correlationId":"","logger":"o.s.b.t.m.w.SpringBootMockServletContext","message":"Initializing Spring TestDispatcherServlet ''","exception":""}
{"timestamp":"2026-06-07 12:21:57.981","level":"INFO","thread":"main","correlationId":"","logger":"o.s.t.w.s.TestDispatcherServlet","message":"Initializing Servlet ''","exception":""}
{"timestamp":"2026-06-07 12:21:57.981","level":"INFO","thread":"main","correlationId":"","logger":"o.s.t.w.s.TestDispatcherServlet","message":"Completed initialization in 0 ms","exception":""}
{"timestamp":"2026-06-07 12:21:57.991","level":"INFO","thread":"main","correlationId":"","logger":"c.d.d.c.PedidoControllerTest","message":"Started PedidoControllerTest in 0.72 seconds (process running for 15.031)","exception":""}
{"timestamp":"2026-06-07 12:21:58.021","level":"DEBUG","thread":"main","correlationId":"","logger":"o.s.security.web.FilterChainProxy","message":"Securing POST /api/pedidos","exception":""}
{"timestamp":"2026-06-07 12:21:58.022","level":"WARN","thread":"main","correlationId":"","logger":"c.d.d.s.JwtAuthenticationFilter","message":"JWT Token não começa com Bearer String","exception":""}
{"timestamp":"2026-06-07 12:21:58.022","level":"DEBUG","thread":"main","correlationId":"","logger":"o.s.security.web.FilterChainProxy","message":"Secured POST /api/pedidos","exception":""}
{"timestamp":"2026-06-07 12:21:58.023","level":"DEBUG","thread":"main","correlationId":"a132850edc054058","logger":"o.s.w.s.m.m.a.RequestMappingHandlerMapping","message":"Mapped to com.deliverytech.delivery_api.controller.PedidoController#criarPedido(PedidoReqDTO)","exception":""}
{"timestamp":"2026-06-07 12:21:58.025","level":"DEBUG","thread":"main","correlationId":"a132850edc054058","logger":"o.s.w.s.m.m.a.RequestResponseBodyMethodProcessor","message":"Read "application/json;charset=UTF-8" to [com.deliverytech.delivery_api.dto.req.PedidoReqDTO@561aad89]","exception":""}
{"timestamp":"2026-06-07 12:21:58.042","level":"DEBUG","thread":"main","correlationId":"a132850edc054058","logger":"o.s.w.s.m.m.a.HttpEntityMethodProcessor","message":"Using 'application/json', given [*/*] and supported [application/json, application/*+json, application/yaml]","exception":""}
{"timestamp":"2026-06-07 12:21:58.042","level":"DEBUG","thread":"main","correlationId":"a132850edc054058","logger":"o.s.w.s.m.m.a.HttpEntityMethodProcessor","message":"Writing [com.deliverytech.delivery_api.dto.res.PedidoResDTO@47e0da8a]","exception":""}
{"timestamp":"2026-06-07 12:21:58.053","level":"DEBUG","thread":"main","correlationId":"","logger":"o.s.security.web.FilterChainProxy","message":"Securing GET /api/pedidos/cliente/4","exception":""}
{"timestamp":"2026-06-07 12:21:58.053","level":"WARN","thread":"main","correlationId":"","logger":"c.d.d.s.JwtAuthenticationFilter","message":"JWT Token não começa com Bearer String","exception":""}
{"timestamp":"2026-06-07 12:21:58.054","level":"DEBUG","thread":"main","correlationId":"","logger":"o.s.security.web.FilterChainProxy","message":"Secured GET /api/pedidos/cliente/4","exception":""}
{"timestamp":"2026-06-07 12:21:58.054","level":"DEBUG","thread":"main","correlationId":"77564c8a85dc4fa7","logger":"o.s.w.s.m.m.a.RequestMappingHandlerMapping","message":"Mapped to com.deliverytech.delivery_api.controller.PedidoController#buscarPorCliente(Long)","exception":""}
{"timestamp":"2026-06-07 12:21:58.095","level":"DEBUG","thread":"main","correlationId":"77564c8a85dc4fa7","logger":"o.s.w.s.m.m.a.HttpEntityMethodProcessor","message":"Using 'application/json', given [*/*] and supported [application/json, application/*+json, application/yaml]","exception":""}
{"timestamp":"2026-06-07 12:21:58.095","level":"DEBUG","thread":"main","correlationId":"77564c8a85dc4fa7","logger":"o.s.w.s.m.m.a.HttpEntityMethodProcessor","message":"Writing [[com.deliverytech.delivery_api.dto.res.PedidoResDTO@79085a6b]]","exception":""}
{"timestamp":"2026-06-07 12:21:58.109","level":"DEBUG","thread":"main","correlationId":"","logger":"o.s.w.c.s.GenericWebApplicationContext","message":"Closing org.springframework.web.context.support.GenericWebApplicationContext@a28d565, started on Sun Jun 07 12:21:57 BRT 2026","exception":""}
{"timestamp":"2026-06-07 12:21:58.110","level":"INFO","thread":"main","correlationId":"","logger":"o.s.o.j.LocalContainerEntityManagerFactoryBean","message":"Closing JPA EntityManagerFactory for persistence unit 'default'","exception":""}
{"timestamp":"2026-06-07 12:21:58.112","level":"INFO","thread":"main","correlationId":"","logger":"com.zaxxer.hikari.HikariDataSource","message":"HikariPool-3 - Shutdown initiated...","exception":""}
{"timestamp":"2026-06-07 12:21:58.113","level":"INFO","thread":"main","correlationId":"","logger":"com.zaxxer.hikari.HikariDataSource","message":"HikariPool-3 - Shutdown completed.","exception":""}
{"timestamp":"2026-06-07 12:21:58.115","level":"INFO","thread":"main","correlationId":"","logger":"o.s.b.d.r.RestartApplicationListener","message":"Restart disabled due to context in which it is running","exception":""}
{"timestamp":"2026-06-07 12:21:58.141","level":"INFO","thread":"main","correlationId":"","logger":"c.d.d.c.PedidoControllerTest","message":"Starting PedidoControllerTest using Java 21.0.11 with PID 24140 (started by Santana in C:\Pasta Códiguinhos\arquitetura de sistemas fat\delivery-api\delivery-api)","exception":""}
{"timestamp":"2026-06-07 12:21:58.141","level":"INFO","thread":"main","correlationId":"","logger":"c.d.d.c.PedidoControllerTest","message":"The following 1 profile is active: "test"","exception":""}
{"timestamp":"2026-06-07 12:21:58.142","level":"DEBUG","thread":"main","correlationId":"","logger":"o.s.w.c.s.GenericWebApplicationContext","message":"Refreshing org.springframework.web.context.support.GenericWebApplicationContext@7f0eec97","exception":""}
{"timestamp":"2026-06-07 12:21:58.352","level":"INFO","thread":"main","correlationId":"","logger":"o.s.d.r.c.RepositoryConfigurationDelegate","message":"Bootstrapping Spring Data JPA repositories in DEFAULT mode.","exception":""}
{"timestamp":"2026-06-07 12:21:58.369","level":"INFO","thread":"main","correlationId":"","logger":"o.s.d.r.c.RepositoryConfigurationDelegate","message":"Finished Spring Data repository scanning in 16 ms. Found 5 JPA repository interfaces.","exception":""}
{"timestamp":"2026-06-07 12:21:58.427","level":"INFO","thread":"main","correlationId":"","logger":"o.s.o.j.p.SpringPersistenceUnitInfo","message":"No LoadTimeWeaver setup: ignoring JPA class transformer","exception":""}
{"timestamp":"2026-06-07 12:21:58.428","level":"INFO","thread":"main","correlationId":"","logger":"com.zaxxer.hikari.HikariDataSource","message":"HikariPool-4 - Starting...","exception":""}
{"timestamp":"2026-06-07 12:21:58.429","level":"INFO","thread":"main","correlationId":"","logger":"com.zaxxer.hikari.pool.HikariPool","message":"HikariPool-4 - Added connection conn30: url=jdbc:h2:mem:deliverydb user=SA","exception":""}
{"timestamp":"2026-06-07 12:21:58.430","level":"INFO","thread":"main","correlationId":"","logger":"com.zaxxer.hikari.HikariDataSource","message":"HikariPool-4 - Start completed.","exception":""}
{"timestamp":"2026-06-07 12:21:58.430","level":"WARN","thread":"main","correlationId":"","logger":"org.hibernate.orm.deprecation","message":"HHH90000025: H2Dialect does not need to be specified explicitly using 'hibernate.dialect' (remove the property setting and it will be selected by default)","exception":""}
{"timestamp":"2026-06-07 12:21:58.477","level":"INFO","thread":"main","correlationId":"","logger":"o.s.o.j.LocalContainerEntityManagerFactoryBean","message":"Initialized JPA EntityManagerFactory for persistence unit 'default'","exception":""}
{"timestamp":"2026-06-07 12:21:58.500","level":"INFO","thread":"main","correlationId":"","logger":"o.s.s.c.a.a.c.InitializeAuthenticationProviderBeanManagerConfigurer$InitializeAuthenticationProviderManagerConfigurer","message":"Global AuthenticationManager configured with AuthenticationProvider bean with name authenticationProvider","exception":""}
{"timestamp":"2026-06-07 12:21:58.500","level":"WARN","thread":"main","correlationId":"","logger":"o.s.s.c.a.a.c.InitializeUserDetailsBeanManagerConfigurer$InitializeUserDetailsManagerConfigurer","message":"Global AuthenticationManager configured with an AuthenticationProvider bean. UserDetailsService beans will not be used by Spring Security for automatically configuring username/password login. Consider removing the AuthenticationProvider bean. Alternatively, consider using the UserDetailsService in a manually instantiated DaoAuthenticationProvider. If the current configuration is intentional, to turn off this warning, increase the logging level of 'org.springframework.security.config.annotation.authentication.configuration.InitializeUserDetailsBeanManagerConfigurer' to ERROR","exception":""}
{"timestamp":"2026-06-07 12:21:58.608","level":"DEBUG","thread":"main","correlationId":"","logger":"o.s.w.s.m.m.a.RequestMappingHandlerMapping","message":"41 mappings in 'requestMappingHandlerMapping'","exception":""}
{"timestamp":"2026-06-07 12:21:58.638","level":"DEBUG","thread":"main","correlationId":"","logger":"o.s.w.s.h.SimpleUrlHandlerMapping","message":"Patterns [/webjars/**, /**, /swagger-ui*/*swagger-initializer.js, /swagger-ui*/**] in 'resourceHandlerMapping'","exception":""}
{"timestamp":"2026-06-07 12:21:58.677","level":"INFO","thread":"main","correlationId":"","logger":"o.s.b.a.e.web.EndpointLinksResolver","message":"Exposing 13 endpoints beneath base path '/actuator'","exception":""}
{"timestamp":"2026-06-07 12:21:58.707","level":"DEBUG","thread":"main","correlationId":"","logger":"o.s.s.web.DefaultSecurityFilterChain","message":"Will secure any request with filters: DisableEncodeUrlFilter, WebAsyncManagerIntegrationFilter, SecurityContextHolderFilter, HeaderWriterFilter, CorsFilter, LogoutFilter, JwtAuthenticationFilter, RequestCacheAwareFilter, SecurityContextHolderAwareRequestFilter, AnonymousAuthenticationFilter, SessionManagementFilter, ExceptionTranslationFilter, AuthorizationFilter","exception":""}
{"timestamp":"2026-06-07 12:21:58.744","level":"DEBUG","thread":"main","correlationId":"","logger":"o.s.w.s.m.m.a.RequestMappingHandlerAdapter","message":"ControllerAdvice beans: 0 @ModelAttribute, 0 @InitBinder, 1 RequestBodyAdvice, 1 ResponseBodyAdvice","exception":""}
{"timestamp":"2026-06-07 12:21:58.751","level":"DEBUG","thread":"main","correlationId":"","logger":"o.s.w.s.m.m.a.ExceptionHandlerExceptionResolver","message":"ControllerAdvice beans: 2 @ExceptionHandler, 1 ResponseBodyAdvice","exception":""}
{"timestamp":"2026-06-07 12:21:58.788","level":"INFO","thread":"main","correlationId":"","logger":"o.s.b.a.h.H2ConsoleAutoConfiguration","message":"H2 console available at '/h2-console'. Database available at 'jdbc:h2:mem:deliverydb'","exception":""}
{"timestamp":"2026-06-07 12:21:58.802","level":"DEBUG","thread":"main","correlationId":"","logger":"o.s.w.f.ServerHttpObservationFilter","message":"Filter 'webMvcObservationFilter' configured for use","exception":""}
{"timestamp":"2026-06-07 12:21:58.802","level":"INFO","thread":"main","correlationId":"","logger":"o.s.b.t.m.w.SpringBootMockServletContext","message":"Initializing Spring TestDispatcherServlet ''","exception":""}
{"timestamp":"2026-06-07 12:21:58.802","level":"INFO","thread":"main","correlationId":"","logger":"o.s.t.w.s.TestDispatcherServlet","message":"Initializing Servlet ''","exception":""}
{"timestamp":"2026-06-07 12:21:58.802","level":"INFO","thread":"main","correlationId":"","logger":"o.s.t.w.s.TestDispatcherServlet","message":"Completed initialization in 0 ms","exception":""}
{"timestamp":"2026-06-07 12:21:58.814","level":"INFO","thread":"main","correlationId":"","logger":"c.d.d.c.PedidoControllerTest","message":"Started PedidoControllerTest in 0.697 seconds (process running for 15.852)","exception":""}
{"timestamp":"2026-06-07 12:21:58.846","level":"DEBUG","thread":"main","correlationId":"","logger":"o.s.security.web.FilterChainProxy","message":"Securing POST /api/pedidos","exception":""}
{"timestamp":"2026-06-07 12:21:58.847","level":"WARN","thread":"main","correlationId":"","logger":"c.d.d.s.JwtAuthenticationFilter","message":"JWT Token não começa com Bearer String","exception":""}
{"timestamp":"2026-06-07 12:21:58.848","level":"DEBUG","thread":"main","correlationId":"","logger":"o.s.security.web.FilterChainProxy","message":"Secured POST /api/pedidos","exception":""}
{"timestamp":"2026-06-07 12:21:58.848","level":"DEBUG","thread":"main","correlationId":"24370a9205c4491e","logger":"o.s.w.s.m.m.a.RequestMappingHandlerMapping","message":"Mapped to com.deliverytech.delivery_api.controller.PedidoController#criarPedido(PedidoReqDTO)","exception":""}
{"timestamp":"2026-06-07 12:21:58.851","level":"DEBUG","thread":"main","correlationId":"24370a9205c4491e","logger":"o.s.w.s.m.m.a.RequestResponseBodyMethodProcessor","message":"Read "application/json;charset=UTF-8" to [com.deliverytech.delivery_api.dto.req.PedidoReqDTO@74d18f15]","exception":""}
{"timestamp":"2026-06-07 12:21:58.862","level":"DEBUG","thread":"main","correlationId":"24370a9205c4491e","logger":"o.s.w.s.m.m.a.ExceptionHandlerExceptionResolver","message":"Using @ExceptionHandler com.deliverytech.delivery_api.exception.GlobalExceptionHandler#handleBusinessException(BusinessException, HttpServletRequest)","exception":""}
{"timestamp":"2026-06-07 12:21:58.867","level":"DEBUG","thread":"main","correlationId":"24370a9205c4491e","logger":"o.s.w.s.m.m.a.HttpEntityMethodProcessor","message":"Using 'application/json', given [*/*] and supported [application/json, application/*+json, application/yaml]","exception":""}
{"timestamp":"2026-06-07 12:21:58.867","level":"DEBUG","thread":"main","correlationId":"24370a9205c4491e","logger":"o.s.w.s.m.m.a.HttpEntityMethodProcessor","message":"Writing [com.deliverytech.delivery_api.dto.ErrorResponse@6f584f53]","exception":""}
{"timestamp":"2026-06-07 12:21:58.867","level":"DEBUG","thread":"main","correlationId":"24370a9205c4491e","logger":"o.s.w.s.m.m.a.ExceptionHandlerExceptionResolver","message":"Resolved [com.deliverytech.delivery_api.exception.BusinessException: Cliente inativo não pode fazer pedidos]","exception":""}
{"timestamp":"2026-06-07 12:21:58.873","level":"DEBUG","thread":"main","correlationId":"","logger":"o.s.w.c.s.GenericWebApplicationContext","message":"Closing org.springframework.web.context.support.GenericWebApplicationContext@7f0eec97, started on Sun Jun 07 12:21:58 BRT 2026","exception":""}
{"timestamp":"2026-06-07 12:21:58.877","level":"INFO","thread":"main","correlationId":"","logger":"o.s.o.j.LocalContainerEntityManagerFactoryBean","message":"Closing JPA EntityManagerFactory for persistence unit 'default'","exception":""}
{"timestamp":"2026-06-07 12:21:58.878","level":"INFO","thread":"main","correlationId":"","logger":"com.zaxxer.hikari.HikariDataSource","message":"HikariPool-4 - Shutdown initiated...","exception":""}
{"timestamp":"2026-06-07 12:21:58.879","level":"INFO","thread":"main","correlationId":"","logger":"com.zaxxer.hikari.HikariDataSource","message":"HikariPool-4 - Shutdown completed.","exception":""}
{"timestamp":"2026-06-07 12:21:58.881","level":"INFO","thread":"main","correlationId":"","logger":"o.s.b.d.r.RestartApplicationListener","message":"Restart disabled due to context in which it is running","exception":""}
{"timestamp":"2026-06-07 12:21:58.904","level":"INFO","thread":"main","correlationId":"","logger":"c.d.d.c.PedidoControllerTest","message":"Starting PedidoControllerTest using Java 21.0.11 with PID 24140 (started by Santana in C:\Pasta Códiguinhos\arquitetura de sistemas fat\delivery-api\delivery-api)","exception":""}
{"timestamp":"2026-06-07 12:21:58.904","level":"INFO","thread":"main","correlationId":"","logger":"c.d.d.c.PedidoControllerTest","message":"The following 1 profile is active: "test"","exception":""}
{"timestamp":"2026-06-07 12:21:58.905","level":"DEBUG","thread":"main","correlationId":"","logger":"o.s.w.c.s.GenericWebApplicationContext","message":"Refreshing org.springframework.web.context.support.GenericWebApplicationContext@2643b502","exception":""}
{"timestamp":"2026-06-07 12:21:59.104","level":"INFO","thread":"main","correlationId":"","logger":"o.s.d.r.c.RepositoryConfigurationDelegate","message":"Bootstrapping Spring Data JPA repositories in DEFAULT mode.","exception":""}
{"timestamp":"2026-06-07 12:21:59.122","level":"INFO","thread":"main","correlationId":"","logger":"o.s.d.r.c.RepositoryConfigurationDelegate","message":"Finished Spring Data repository scanning in 17 ms. Found 5 JPA repository interfaces.","exception":""}
{"timestamp":"2026-06-07 12:21:59.171","level":"INFO","thread":"main","correlationId":"","logger":"o.s.o.j.p.SpringPersistenceUnitInfo","message":"No LoadTimeWeaver setup: ignoring JPA class transformer","exception":""}
{"timestamp":"2026-06-07 12:21:59.172","level":"INFO","thread":"main","correlationId":"","logger":"com.zaxxer.hikari.HikariDataSource","message":"HikariPool-5 - Starting...","exception":""}
{"timestamp":"2026-06-07 12:21:59.173","level":"INFO","thread":"main","correlationId":"","logger":"com.zaxxer.hikari.pool.HikariPool","message":"HikariPool-5 - Added connection conn40: url=jdbc:h2:mem:deliverydb user=SA","exception":""}
{"timestamp":"2026-06-07 12:21:59.175","level":"INFO","thread":"main","correlationId":"","logger":"com.zaxxer.hikari.HikariDataSource","message":"HikariPool-5 - Start completed.","exception":""}
{"timestamp":"2026-06-07 12:21:59.175","level":"WARN","thread":"main","correlationId":"","logger":"org.hibernate.orm.deprecation","message":"HHH90000025: H2Dialect does not need to be specified explicitly using 'hibernate.dialect' (remove the property setting and it will be selected by default)","exception":""}
{"timestamp":"2026-06-07 12:21:59.222","level":"INFO","thread":"main","correlationId":"","logger":"o.s.o.j.LocalContainerEntityManagerFactoryBean","message":"Initialized JPA EntityManagerFactory for persistence unit 'default'","exception":""}
{"timestamp":"2026-06-07 12:21:59.248","level":"INFO","thread":"main","correlationId":"","logger":"o.s.s.c.a.a.c.InitializeAuthenticationProviderBeanManagerConfigurer$InitializeAuthenticationProviderManagerConfigurer","message":"Global AuthenticationManager configured with AuthenticationProvider bean with name authenticationProvider","exception":""}
{"timestamp":"2026-06-07 12:21:59.249","level":"WARN","thread":"main","correlationId":"","logger":"o.s.s.c.a.a.c.InitializeUserDetailsBeanManagerConfigurer$InitializeUserDetailsManagerConfigurer","message":"Global AuthenticationManager configured with an AuthenticationProvider bean. UserDetailsService beans will not be used by Spring Security for automatically configuring username/password login. Consider removing the AuthenticationProvider bean. Alternatively, consider using the UserDetailsService in a manually instantiated DaoAuthenticationProvider. If the current configuration is intentional, to turn off this warning, increase the logging level of 'org.springframework.security.config.annotation.authentication.configuration.InitializeUserDetailsBeanManagerConfigurer' to ERROR","exception":""}
{"timestamp":"2026-06-07 12:21:59.351","level":"DEBUG","thread":"main","correlationId":"","logger":"o.s.w.s.m.m.a.RequestMappingHandlerMapping","message":"41 mappings in 'requestMappingHandlerMapping'","exception":""}
{"timestamp":"2026-06-07 12:21:59.372","level":"DEBUG","thread":"main","correlationId":"","logger":"o.s.w.s.h.SimpleUrlHandlerMapping","message":"Patterns [/webjars/**, /**, /swagger-ui*/*swagger-initializer.js, /swagger-ui*/**] in 'resourceHandlerMapping'","exception":""}
{"timestamp":"2026-06-07 12:21:59.413","level":"INFO","thread":"main","correlationId":"","logger":"o.s.b.a.e.web.EndpointLinksResolver","message":"Exposing 13 endpoints beneath base path '/actuator'","exception":""}
{"timestamp":"2026-06-07 12:21:59.442","level":"DEBUG","thread":"main","correlationId":"","logger":"o.s.s.web.DefaultSecurityFilterChain","message":"Will secure any request with filters: DisableEncodeUrlFilter, WebAsyncManagerIntegrationFilter, SecurityContextHolderFilter, HeaderWriterFilter, CorsFilter, LogoutFilter, JwtAuthenticationFilter, RequestCacheAwareFilter, SecurityContextHolderAwareRequestFilter, AnonymousAuthenticationFilter, SessionManagementFilter, ExceptionTranslationFilter, AuthorizationFilter","exception":""}
{"timestamp":"2026-06-07 12:21:59.464","level":"DEBUG","thread":"main","correlationId":"","logger":"o.s.w.s.m.m.a.RequestMappingHandlerAdapter","message":"ControllerAdvice beans: 0 @ModelAttribute, 0 @InitBinder, 1 RequestBodyAdvice, 1 ResponseBodyAdvice","exception":""}
{"timestamp":"2026-06-07 12:21:59.468","level":"DEBUG","thread":"main","correlationId":"","logger":"o.s.w.s.m.m.a.ExceptionHandlerExceptionResolver","message":"ControllerAdvice beans: 2 @ExceptionHandler, 1 ResponseBodyAdvice","exception":""}
{"timestamp":"2026-06-07 12:21:59.500","level":"INFO","thread":"main","correlationId":"","logger":"o.s.b.a.h.H2ConsoleAutoConfiguration","message":"H2 console available at '/h2-console'. Database available at 'jdbc:h2:mem:deliverydb'","exception":""}
{"timestamp":"2026-06-07 12:21:59.514","level":"DEBUG","thread":"main","correlationId":"","logger":"o.s.w.f.ServerHttpObservationFilter","message":"Filter 'webMvcObservationFilter' configured for use","exception":""}
{"timestamp":"2026-06-07 12:21:59.514","level":"INFO","thread":"main","correlationId":"","logger":"o.s.b.t.m.w.SpringBootMockServletContext","message":"Initializing Spring TestDispatcherServlet ''","exception":""}
{"timestamp":"2026-06-07 12:21:59.514","level":"INFO","thread":"main","correlationId":"","logger":"o.s.t.w.s.TestDispatcherServlet","message":"Initializing Servlet ''","exception":""}
{"timestamp":"2026-06-07 12:21:59.515","level":"INFO","thread":"main","correlationId":"","logger":"o.s.t.w.s.TestDispatcherServlet","message":"Completed initialization in 1 ms","exception":""}
{"timestamp":"2026-06-07 12:21:59.529","level":"INFO","thread":"main","correlationId":"","logger":"c.d.d.c.PedidoControllerTest","message":"Started PedidoControllerTest in 0.648 seconds (process running for 16.568)","exception":""}
{"timestamp":"2026-06-07 12:21:59.582","level":"DEBUG","thread":"main","correlationId":"","logger":"o.s.security.web.FilterChainProxy","message":"Securing POST /api/pedidos","exception":""}
{"timestamp":"2026-06-07 12:21:59.582","level":"WARN","thread":"main","correlationId":"","logger":"c.d.d.s.JwtAuthenticationFilter","message":"JWT Token não começa com Bearer String","exception":""}
{"timestamp":"2026-06-07 12:21:59.584","level":"DEBUG","thread":"main","correlationId":"","logger":"o.s.security.web.FilterChainProxy","message":"Secured POST /api/pedidos","exception":""}
{"timestamp":"2026-06-07 12:21:59.584","level":"DEBUG","thread":"main","correlationId":"7b47a1dd357e4b17","logger":"o.s.w.s.m.m.a.RequestMappingHandlerMapping","message":"Mapped to com.deliverytech.delivery_api.controller.PedidoController#criarPedido(PedidoReqDTO)","exception":""}
{"timestamp":"2026-06-07 12:21:59.586","level":"DEBUG","thread":"main","correlationId":"7b47a1dd357e4b17","logger":"o.s.w.s.m.m.a.RequestResponseBodyMethodProcessor","message":"Read "application/json;charset=UTF-8" to [com.deliverytech.delivery_api.dto.req.PedidoReqDTO@3a8377c3]","exception":""}
{"timestamp":"2026-06-07 12:21:59.605","level":"DEBUG","thread":"main","correlationId":"7b47a1dd357e4b17","logger":"o.s.w.s.m.m.a.HttpEntityMethodProcessor","message":"Using 'application/json', given [*/*] and supported [application/json, application/*+json, application/yaml]","exception":""}
{"timestamp":"2026-06-07 12:21:59.605","level":"DEBUG","thread":"main","correlationId":"7b47a1dd357e4b17","logger":"o.s.w.s.m.m.a.HttpEntityMethodProcessor","message":"Writing [com.deliverytech.delivery_api.dto.res.PedidoResDTO@6bedb3d9]","exception":""}
{"timestamp":"2026-06-07 12:21:59.610","level":"DEBUG","thread":"main","correlationId":"","logger":"o.s.security.web.FilterChainProxy","message":"Securing DELETE /api/pedidos/4","exception":""}
{"timestamp":"2026-06-07 12:21:59.610","level":"WARN","thread":"main","correlationId":"","logger":"c.d.d.s.JwtAuthenticationFilter","message":"JWT Token não começa com Bearer String","exception":""}
{"timestamp":"2026-06-07 12:21:59.611","level":"DEBUG","thread":"main","correlationId":"","logger":"o.s.security.web.FilterChainProxy","message":"Secured DELETE /api/pedidos/4","exception":""}
{"timestamp":"2026-06-07 12:21:59.611","level":"DEBUG","thread":"main","correlationId":"ccac47356afb4ebd","logger":"o.s.w.s.m.m.a.RequestMappingHandlerMapping","message":"Mapped to com.deliverytech.delivery_api.controller.PedidoController#cancelarPedido(Long)","exception":""}
{"timestamp":"2026-06-07 12:21:59.617","level":"DEBUG","thread":"main","correlationId":"ccac47356afb4ebd","logger":"o.s.w.s.m.m.a.HttpEntityMethodProcessor","message":"Using 'application/json', given [*/*] and supported [application/json, application/*+json, application/yaml]","exception":""}
{"timestamp":"2026-06-07 12:21:59.617","level":"DEBUG","thread":"main","correlationId":"ccac47356afb4ebd","logger":"o.s.w.s.m.m.a.HttpEntityMethodProcessor","message":"Nothing to write: null body","exception":""}
{"timestamp":"2026-06-07 12:21:59.619","level":"DEBUG","thread":"main","correlationId":"","logger":"o.s.security.web.FilterChainProxy","message":"Securing GET /api/pedidos/4","exception":""}
{"timestamp":"2026-06-07 12:21:59.620","level":"WARN","thread":"main","correlationId":"","logger":"c.d.d.s.JwtAuthenticationFilter","message":"JWT Token não começa com Bearer String","exception":""}
{"timestamp":"2026-06-07 12:21:59.620","level":"DEBUG","thread":"main","correlationId":"","logger":"o.s.security.web.FilterChainProxy","message":"Secured GET /api/pedidos/4","exception":""}
{"timestamp":"2026-06-07 12:21:59.621","level":"DEBUG","thread":"main","correlationId":"e192fb421c29444f","logger":"o.s.w.s.m.m.a.RequestMappingHandlerMapping","message":"Mapped to com.deliverytech.delivery_api.controller.PedidoController#buscarPorId(Long)","exception":""}
{"timestamp":"2026-06-07 12:21:59.622","level":"DEBUG","thread":"main","correlationId":"e192fb421c29444f","logger":"o.s.w.s.m.m.a.HttpEntityMethodProcessor","message":"Using 'application/json', given [*/*] and supported [application/json, application/*+json, application/yaml]","exception":""}
{"timestamp":"2026-06-07 12:21:59.622","level":"DEBUG","thread":"main","correlationId":"e192fb421c29444f","logger":"o.s.w.s.m.m.a.HttpEntityMethodProcessor","message":"Writing [com.deliverytech.delivery_api.dto.res.PedidoResDTO@65254dde]","exception":""}
{"timestamp":"2026-06-07 12:21:59.628","level":"DEBUG","thread":"main","correlationId":"","logger":"o.s.w.c.s.GenericWebApplicationContext","message":"Closing org.springframework.web.context.support.GenericWebApplicationContext@2643b502, started on Sun Jun 07 12:21:58 BRT 2026","exception":""}
{"timestamp":"2026-06-07 12:21:59.630","level":"INFO","thread":"main","correlationId":"","logger":"o.s.o.j.LocalContainerEntityManagerFactoryBean","message":"Closing JPA EntityManagerFactory for persistence unit 'default'","exception":""}
{"timestamp":"2026-06-07 12:21:59.631","level":"INFO","thread":"main","correlationId":"","logger":"com.zaxxer.hikari.HikariDataSource","message":"HikariPool-5 - Shutdown initiated...","exception":""}
{"timestamp":"2026-06-07 12:21:59.632","level":"INFO","thread":"main","correlationId":"","logger":"com.zaxxer.hikari.HikariDataSource","message":"HikariPool-5 - Shutdown completed.","exception":""}
{"timestamp":"2026-06-07 12:21:59.635","level":"INFO","thread":"main","correlationId":"","logger":"o.s.b.d.r.RestartApplicationListener","message":"Restart disabled due to context in which it is running","exception":""}
{"timestamp":"2026-06-07 12:21:59.660","level":"INFO","thread":"main","correlationId":"","logger":"c.d.d.c.PedidoControllerTest","message":"Starting PedidoControllerTest using Java 21.0.11 with PID 24140 (started by Santana in C:\Pasta Códiguinhos\arquitetura de sistemas fat\delivery-api\delivery-api)","exception":""}
{"timestamp":"2026-06-07 12:21:59.660","level":"INFO","thread":"main","correlationId":"","logger":"c.d.d.c.PedidoControllerTest","message":"The following 1 profile is active: "test"","exception":""}
{"timestamp":"2026-06-07 12:21:59.661","level":"DEBUG","thread":"main","correlationId":"","logger":"o.s.w.c.s.GenericWebApplicationContext","message":"Refreshing org.springframework.web.context.support.GenericWebApplicationContext@1eb4191a","exception":""}
{"timestamp":"2026-06-07 12:21:59.839","level":"INFO","thread":"main","correlationId":"","logger":"o.s.d.r.c.RepositoryConfigurationDelegate","message":"Bootstrapping Spring Data JPA repositories in DEFAULT mode.","exception":""}
{"timestamp":"2026-06-07 12:21:59.856","level":"INFO","thread":"main","correlationId":"","logger":"o.s.d.r.c.RepositoryConfigurationDelegate","message":"Finished Spring Data repository scanning in 15 ms. Found 5 JPA repository interfaces.","exception":""}
{"timestamp":"2026-06-07 12:21:59.907","level":"INFO","thread":"main","correlationId":"","logger":"o.s.o.j.p.SpringPersistenceUnitInfo","message":"No LoadTimeWeaver setup: ignoring JPA class transformer","exception":""}
{"timestamp":"2026-06-07 12:21:59.907","level":"INFO","thread":"main","correlationId":"","logger":"com.zaxxer.hikari.HikariDataSource","message":"HikariPool-6 - Starting...","exception":""}
{"timestamp":"2026-06-07 12:21:59.908","level":"INFO","thread":"main","correlationId":"","logger":"com.zaxxer.hikari.pool.HikariPool","message":"HikariPool-6 - Added connection conn50: url=jdbc:h2:mem:deliverydb user=SA","exception":""}
{"timestamp":"2026-06-07 12:21:59.909","level":"INFO","thread":"main","correlationId":"","logger":"com.zaxxer.hikari.HikariDataSource","message":"HikariPool-6 - Start completed.","exception":""}
{"timestamp":"2026-06-07 12:21:59.909","level":"WARN","thread":"main","correlationId":"","logger":"org.hibernate.orm.deprecation","message":"HHH90000025: H2Dialect does not need to be specified explicitly using 'hibernate.dialect' (remove the property setting and it will be selected by default)","exception":""}
{"timestamp":"2026-06-07 12:21:59.956","level":"INFO","thread":"main","correlationId":"","logger":"o.s.o.j.LocalContainerEntityManagerFactoryBean","message":"Initialized JPA EntityManagerFactory for persistence unit 'default'","exception":""}
{"timestamp":"2026-06-07 12:21:59.977","level":"INFO","thread":"main","correlationId":"","logger":"o.s.s.c.a.a.c.InitializeAuthenticationProviderBeanManagerConfigurer$InitializeAuthenticationProviderManagerConfigurer","message":"Global AuthenticationManager configured with AuthenticationProvider bean with name authenticationProvider","exception":""}
{"timestamp":"2026-06-07 12:21:59.977","level":"WARN","thread":"main","correlationId":"","logger":"o.s.s.c.a.a.c.InitializeUserDetailsBeanManagerConfigurer$InitializeUserDetailsManagerConfigurer","message":"Global AuthenticationManager configured with an AuthenticationProvider bean. UserDetailsService beans will not be used by Spring Security for automatically configuring username/password login. Consider removing the AuthenticationProvider bean. Alternatively, consider using the UserDetailsService in a manually instantiated DaoAuthenticationProvider. If the current configuration is intentional, to turn off this warning, increase the logging level of 'org.springframework.security.config.annotation.authentication.configuration.InitializeUserDetailsBeanManagerConfigurer' to ERROR","exception":""}
{"timestamp":"2026-06-07 12:22:00.077","level":"DEBUG","thread":"main","correlationId":"","logger":"o.s.w.s.m.m.a.RequestMappingHandlerMapping","message":"41 mappings in 'requestMappingHandlerMapping'","exception":""}
{"timestamp":"2026-06-07 12:22:00.099","level":"DEBUG","thread":"main","correlationId":"","logger":"o.s.w.s.h.SimpleUrlHandlerMapping","message":"Patterns [/webjars/**, /**, /swagger-ui*/*swagger-initializer.js, /swagger-ui*/**] in 'resourceHandlerMapping'","exception":""}
{"timestamp":"2026-06-07 12:22:00.135","level":"INFO","thread":"main","correlationId":"","logger":"o.s.b.a.e.web.EndpointLinksResolver","message":"Exposing 13 endpoints beneath base path '/actuator'","exception":""}
{"timestamp":"2026-06-07 12:22:00.162","level":"DEBUG","thread":"main","correlationId":"","logger":"o.s.s.web.DefaultSecurityFilterChain","message":"Will secure any request with filters: DisableEncodeUrlFilter, WebAsyncManagerIntegrationFilter, SecurityContextHolderFilter, HeaderWriterFilter, CorsFilter, LogoutFilter, JwtAuthenticationFilter, RequestCacheAwareFilter, SecurityContextHolderAwareRequestFilter, AnonymousAuthenticationFilter, SessionManagementFilter, ExceptionTranslationFilter, AuthorizationFilter","exception":""}
{"timestamp":"2026-06-07 12:22:00.184","level":"DEBUG","thread":"main","correlationId":"","logger":"o.s.w.s.m.m.a.RequestMappingHandlerAdapter","message":"ControllerAdvice beans: 0 @ModelAttribute, 0 @InitBinder, 1 RequestBodyAdvice, 1 ResponseBodyAdvice","exception":""}
{"timestamp":"2026-06-07 12:22:00.188","level":"DEBUG","thread":"main","correlationId":"","logger":"o.s.w.s.m.m.a.ExceptionHandlerExceptionResolver","message":"ControllerAdvice beans: 2 @ExceptionHandler, 1 ResponseBodyAdvice","exception":""}
{"timestamp":"2026-06-07 12:22:00.226","level":"INFO","thread":"main","correlationId":"","logger":"o.s.b.a.h.H2ConsoleAutoConfiguration","message":"H2 console available at '/h2-console'. Database available at 'jdbc:h2:mem:deliverydb'","exception":""}
{"timestamp":"2026-06-07 12:22:00.245","level":"DEBUG","thread":"main","correlationId":"","logger":"o.s.w.f.ServerHttpObservationFilter","message":"Filter 'webMvcObservationFilter' configured for use","exception":""}
{"timestamp":"2026-06-07 12:22:00.245","level":"INFO","thread":"main","correlationId":"","logger":"o.s.b.t.m.w.SpringBootMockServletContext","message":"Initializing Spring TestDispatcherServlet ''","exception":""}
{"timestamp":"2026-06-07 12:22:00.245","level":"INFO","thread":"main","correlationId":"","logger":"o.s.t.w.s.TestDispatcherServlet","message":"Initializing Servlet ''","exception":""}
{"timestamp":"2026-06-07 12:22:00.246","level":"INFO","thread":"main","correlationId":"","logger":"o.s.t.w.s.TestDispatcherServlet","message":"Completed initialization in 1 ms","exception":""}
{"timestamp":"2026-06-07 12:22:00.257","level":"INFO","thread":"main","correlationId":"","logger":"c.d.d.c.PedidoControllerTest","message":"Started PedidoControllerTest in 0.622 seconds (process running for 17.297)","exception":""}
{"timestamp":"2026-06-07 12:22:00.287","level":"DEBUG","thread":"main","correlationId":"","logger":"o.s.security.web.FilterChainProxy","message":"Securing POST /api/pedidos","exception":""}
{"timestamp":"2026-06-07 12:22:00.288","level":"WARN","thread":"main","correlationId":"","logger":"c.d.d.s.JwtAuthenticationFilter","message":"JWT Token não começa com Bearer String","exception":""}
{"timestamp":"2026-06-07 12:22:00.289","level":"DEBUG","thread":"main","correlationId":"","logger":"o.s.security.web.FilterChainProxy","message":"Secured POST /api/pedidos","exception":""}
{"timestamp":"2026-06-07 12:22:00.289","level":"DEBUG","thread":"main","correlationId":"ae21be6134184162","logger":"o.s.w.s.m.m.a.RequestMappingHandlerMapping","message":"Mapped to com.deliverytech.delivery_api.controller.PedidoController#criarPedido(PedidoReqDTO)","exception":""}
{"timestamp":"2026-06-07 12:22:00.291","level":"DEBUG","thread":"main","correlationId":"ae21be6134184162","logger":"o.s.w.s.m.m.a.RequestResponseBodyMethodProcessor","message":"Read "application/json;charset=UTF-8" to [com.deliverytech.delivery_api.dto.req.PedidoReqDTO@43fb8c76]","exception":""}
{"timestamp":"2026-06-07 12:22:00.304","level":"DEBUG","thread":"main","correlationId":"ae21be6134184162","logger":"o.s.w.s.m.m.a.ExceptionHandlerExceptionResolver","message":"Using @ExceptionHandler com.deliverytech.delivery_api.exception.GlobalExceptionHandler#handleValidationException(MethodArgumentNotValidException, HttpServletRequest)","exception":""}
{"timestamp":"2026-06-07 12:22:00.307","level":"DEBUG","thread":"main","correlationId":"ae21be6134184162","logger":"o.s.w.s.m.m.a.HttpEntityMethodProcessor","message":"Using 'application/json', given [*/*] and supported [application/json, application/*+json, application/yaml]","exception":""}
{"timestamp":"2026-06-07 12:22:00.307","level":"DEBUG","thread":"main","correlationId":"ae21be6134184162","logger":"o.s.w.s.m.m.a.HttpEntityMethodProcessor","message":"Writing [com.deliverytech.delivery_api.dto.ErrorResponse@298e5af0]","exception":""}
{"timestamp":"2026-06-07 12:22:00.312","level":"DEBUG","thread":"main","correlationId":"ae21be6134184162","logger":"o.s.w.s.m.m.a.ExceptionHandlerExceptionResolver","message":"Resolved [org.springframework.web.bind.MethodArgumentNotValidException: Validation failed for argument [0] in public org.springframework.http.ResponseEntity<com.deliverytech.delivery_api.dto.res.PedidoResDTO> com.deliverytech.delivery_api.controller.PedidoController.criarPedido(com.deliverytech.delivery_api.dto.req.PedidoReqDTO): [Field error in object 'pedidoReqDTO' on field 'itens': rejected value [[]]; codes [NotEmpty.pedidoReqDTO.itens,NotEmpty.itens,NotEmpty.java.util.List,NotEmpty]; arguments [org.springframework.context.support.DefaultMessageSourceResolvable: codes [pedidoReqDTO.itens,itens]; arguments []; default message [itens]]; default message [Pedido deve ter pelo menos um item]] ]","exception":""}
{"timestamp":"2026-06-07 12:22:00.318","level":"DEBUG","thread":"main","correlationId":"","logger":"o.s.w.c.s.GenericWebApplicationContext","message":"Closing org.springframework.web.context.support.GenericWebApplicationContext@1eb4191a, started on Sun Jun 07 12:21:59 BRT 2026","exception":""}
{"timestamp":"2026-06-07 12:22:00.320","level":"INFO","thread":"main","correlationId":"","logger":"o.s.o.j.LocalContainerEntityManagerFactoryBean","message":"Closing JPA EntityManagerFactory for persistence unit 'default'","exception":""}
{"timestamp":"2026-06-07 12:22:00.321","level":"INFO","thread":"main","correlationId":"","logger":"com.zaxxer.hikari.HikariDataSource","message":"HikariPool-6 - Shutdown initiated...","exception":""}
{"timestamp":"2026-06-07 12:22:00.322","level":"INFO","thread":"main","correlationId":"","logger":"com.zaxxer.hikari.HikariDataSource","message":"HikariPool-6 - Shutdown completed.","exception":""}
{"timestamp":"2026-06-07 12:22:00.324","level":"INFO","thread":"main","correlationId":"","logger":"o.s.b.d.r.RestartApplicationListener","message":"Restart disabled due to context in which it is running","exception":""}
{"timestamp":"2026-06-07 12:22:00.346","level":"INFO","thread":"main","correlationId":"","logger":"c.d.d.c.PedidoControllerTest","message":"Starting PedidoControllerTest using Java 21.0.11 with PID 24140 (started by Santana in C:\Pasta Códiguinhos\arquitetura de sistemas fat\delivery-api\delivery-api)","exception":""}
{"timestamp":"2026-06-07 12:22:00.346","level":"INFO","thread":"main","correlationId":"","logger":"c.d.d.c.PedidoControllerTest","message":"The following 1 profile is active: "test"","exception":""}
{"timestamp":"2026-06-07 12:22:00.347","level":"DEBUG","thread":"main","correlationId":"","logger":"o.s.w.c.s.GenericWebApplicationContext","message":"Refreshing org.springframework.web.context.support.GenericWebApplicationContext@65f233ae","exception":""}
{"timestamp":"2026-06-07 12:22:00.543","level":"INFO","thread":"main","correlationId":"","logger":"o.s.d.r.c.RepositoryConfigurationDelegate","message":"Bootstrapping Spring Data JPA repositories in DEFAULT mode.","exception":""}
{"timestamp":"2026-06-07 12:22:00.559","level":"INFO","thread":"main","correlationId":"","logger":"o.s.d.r.c.RepositoryConfigurationDelegate","message":"Finished Spring Data repository scanning in 15 ms. Found 5 JPA repository interfaces.","exception":""}
{"timestamp":"2026-06-07 12:22:00.617","level":"INFO","thread":"main","correlationId":"","logger":"o.s.o.j.p.SpringPersistenceUnitInfo","message":"No LoadTimeWeaver setup: ignoring JPA class transformer","exception":""}
{"timestamp":"2026-06-07 12:22:00.618","level":"INFO","thread":"main","correlationId":"","logger":"com.zaxxer.hikari.HikariDataSource","message":"HikariPool-7 - Starting...","exception":""}
{"timestamp":"2026-06-07 12:22:00.619","level":"INFO","thread":"main","correlationId":"","logger":"com.zaxxer.hikari.pool.HikariPool","message":"HikariPool-7 - Added connection conn60: url=jdbc:h2:mem:deliverydb user=SA","exception":""}
{"timestamp":"2026-06-07 12:22:00.619","level":"INFO","thread":"main","correlationId":"","logger":"com.zaxxer.hikari.HikariDataSource","message":"HikariPool-7 - Start completed.","exception":""}
{"timestamp":"2026-06-07 12:22:00.619","level":"WARN","thread":"main","correlationId":"","logger":"org.hibernate.orm.deprecation","message":"HHH90000025: H2Dialect does not need to be specified explicitly using 'hibernate.dialect' (remove the property setting and it will be selected by default)","exception":""}
{"timestamp":"2026-06-07 12:22:00.676","level":"INFO","thread":"main","correlationId":"","logger":"o.s.o.j.LocalContainerEntityManagerFactoryBean","message":"Initialized JPA EntityManagerFactory for persistence unit 'default'","exception":""}
{"timestamp":"2026-06-07 12:22:00.701","level":"INFO","thread":"main","correlationId":"","logger":"o.s.s.c.a.a.c.InitializeAuthenticationProviderBeanManagerConfigurer$InitializeAuthenticationProviderManagerConfigurer","message":"Global AuthenticationManager configured with AuthenticationProvider bean with name authenticationProvider","exception":""}
{"timestamp":"2026-06-07 12:22:00.701","level":"WARN","thread":"main","correlationId":"","logger":"o.s.s.c.a.a.c.InitializeUserDetailsBeanManagerConfigurer$InitializeUserDetailsManagerConfigurer","message":"Global AuthenticationManager configured with an AuthenticationProvider bean. UserDetailsService beans will not be used by Spring Security for automatically configuring username/password login. Consider removing the AuthenticationProvider bean. Alternatively, consider using the UserDetailsService in a manually instantiated DaoAuthenticationProvider. If the current configuration is intentional, to turn off this warning, increase the logging level of 'org.springframework.security.config.annotation.authentication.configuration.InitializeUserDetailsBeanManagerConfigurer' to ERROR","exception":""}
{"timestamp":"2026-06-07 12:22:00.810","level":"DEBUG","thread":"main","correlationId":"","logger":"o.s.w.s.m.m.a.RequestMappingHandlerMapping","message":"41 mappings in 'requestMappingHandlerMapping'","exception":""}
{"timestamp":"2026-06-07 12:22:00.834","level":"DEBUG","thread":"main","correlationId":"","logger":"o.s.w.s.h.SimpleUrlHandlerMapping","message":"Patterns [/webjars/**, /**, /swagger-ui*/*swagger-initializer.js, /swagger-ui*/**] in 'resourceHandlerMapping'","exception":""}
{"timestamp":"2026-06-07 12:22:00.882","level":"INFO","thread":"main","correlationId":"","logger":"o.s.b.a.e.web.EndpointLinksResolver","message":"Exposing 13 endpoints beneath base path '/actuator'","exception":""}
{"timestamp":"2026-06-07 12:22:00.912","level":"DEBUG","thread":"main","correlationId":"","logger":"o.s.s.web.DefaultSecurityFilterChain","message":"Will secure any request with filters: DisableEncodeUrlFilter, WebAsyncManagerIntegrationFilter, SecurityContextHolderFilter, HeaderWriterFilter, CorsFilter, LogoutFilter, JwtAuthenticationFilter, RequestCacheAwareFilter, SecurityContextHolderAwareRequestFilter, AnonymousAuthenticationFilter, SessionManagementFilter, ExceptionTranslationFilter, AuthorizationFilter","exception":""}
{"timestamp":"2026-06-07 12:22:00.935","level":"DEBUG","thread":"main","correlationId":"","logger":"o.s.w.s.m.m.a.RequestMappingHandlerAdapter","message":"ControllerAdvice beans: 0 @ModelAttribute, 0 @InitBinder, 1 RequestBodyAdvice, 1 ResponseBodyAdvice","exception":""}
{"timestamp":"2026-06-07 12:22:00.941","level":"DEBUG","thread":"main","correlationId":"","logger":"o.s.w.s.m.m.a.ExceptionHandlerExceptionResolver","message":"ControllerAdvice beans: 2 @ExceptionHandler, 1 ResponseBodyAdvice","exception":""}
{"timestamp":"2026-06-07 12:22:00.977","level":"INFO","thread":"main","correlationId":"","logger":"o.s.b.a.h.H2ConsoleAutoConfiguration","message":"H2 console available at '/h2-console'. Database available at 'jdbc:h2:mem:deliverydb'","exception":""}
{"timestamp":"2026-06-07 12:22:00.991","level":"DEBUG","thread":"main","correlationId":"","logger":"o.s.w.f.ServerHttpObservationFilter","message":"Filter 'webMvcObservationFilter' configured for use","exception":""}
{"timestamp":"2026-06-07 12:22:00.991","level":"INFO","thread":"main","correlationId":"","logger":"o.s.b.t.m.w.SpringBootMockServletContext","message":"Initializing Spring TestDispatcherServlet ''","exception":""}
{"timestamp":"2026-06-07 12:22:00.991","level":"INFO","thread":"main","correlationId":"","logger":"o.s.t.w.s.TestDispatcherServlet","message":"Initializing Servlet ''","exception":""}
{"timestamp":"2026-06-07 12:22:00.992","level":"INFO","thread":"main","correlationId":"","logger":"o.s.t.w.s.TestDispatcherServlet","message":"Completed initialization in 1 ms","exception":""}
{"timestamp":"2026-06-07 12:22:01.001","level":"INFO","thread":"main","correlationId":"","logger":"c.d.d.c.PedidoControllerTest","message":"Started PedidoControllerTest in 0.677 seconds (process running for 18.04)","exception":""}
{"timestamp":"2026-06-07 12:22:01.025","level":"DEBUG","thread":"main","correlationId":"","logger":"o.s.security.web.FilterChainProxy","message":"Securing POST /api/pedidos","exception":""}
{"timestamp":"2026-06-07 12:22:01.025","level":"WARN","thread":"main","correlationId":"","logger":"c.d.d.s.JwtAuthenticationFilter","message":"JWT Token não começa com Bearer String","exception":""}
{"timestamp":"2026-06-07 12:22:01.026","level":"DEBUG","thread":"main","correlationId":"","logger":"o.s.security.web.FilterChainProxy","message":"Secured POST /api/pedidos","exception":""}
{"timestamp":"2026-06-07 12:22:01.027","level":"DEBUG","thread":"main","correlationId":"90bd9ff73a1248aa","logger":"o.s.w.s.m.m.a.RequestMappingHandlerMapping","message":"Mapped to com.deliverytech.delivery_api.controller.PedidoController#criarPedido(PedidoReqDTO)","exception":""}
{"timestamp":"2026-06-07 12:22:01.028","level":"DEBUG","thread":"main","correlationId":"90bd9ff73a1248aa","logger":"o.s.w.s.m.m.a.RequestResponseBodyMethodProcessor","message":"Read "application/json;charset=UTF-8" to [com.deliverytech.delivery_api.dto.req.PedidoReqDTO@1510799b]","exception":""}
{"timestamp":"2026-06-07 12:22:01.039","level":"DEBUG","thread":"main","correlationId":"90bd9ff73a1248aa","logger":"o.s.w.s.m.m.a.ExceptionHandlerExceptionResolver","message":"Using @ExceptionHandler com.deliverytech.delivery_api.exception.GlobalExceptionHandler#handleEntityNotFound(EntityNotFoundException, HttpServletRequest)","exception":""}
{"timestamp":"2026-06-07 12:22:01.042","level":"DEBUG","thread":"main","correlationId":"90bd9ff73a1248aa","logger":"o.s.w.s.m.m.a.HttpEntityMethodProcessor","message":"Using 'application/json', given [*/*] and supported [application/json, application/*+json, application/yaml]","exception":""}
{"timestamp":"2026-06-07 12:22:01.043","level":"DEBUG","thread":"main","correlationId":"90bd9ff73a1248aa","logger":"o.s.w.s.m.m.a.HttpEntityMethodProcessor","message":"Writing [com.deliverytech.delivery_api.dto.ErrorResponse@1628224c]","exception":""}
{"timestamp":"2026-06-07 12:22:01.043","level":"DEBUG","thread":"main","correlationId":"90bd9ff73a1248aa","logger":"o.s.w.s.m.m.a.ExceptionHandlerExceptionResolver","message":"Resolved [com.deliverytech.delivery_api.exception.EntityNotFoundException: Produto não encontrado: 999999]","exception":""}
{"timestamp":"2026-06-07 12:22:01.054","level":"DEBUG","thread":"main","correlationId":"","logger":"o.s.w.c.s.GenericWebApplicationContext","message":"Closing org.springframework.web.context.support.GenericWebApplicationContext@65f233ae, started on Sun Jun 07 12:22:00 BRT 2026","exception":""}
{"timestamp":"2026-06-07 12:22:01.056","level":"INFO","thread":"main","correlationId":"","logger":"o.s.o.j.LocalContainerEntityManagerFactoryBean","message":"Closing JPA EntityManagerFactory for persistence unit 'default'","exception":""}
{"timestamp":"2026-06-07 12:22:01.058","level":"INFO","thread":"main","correlationId":"","logger":"com.zaxxer.hikari.HikariDataSource","message":"HikariPool-7 - Shutdown initiated...","exception":""}
{"timestamp":"2026-06-07 12:22:01.059","level":"INFO","thread":"main","correlationId":"","logger":"com.zaxxer.hikari.HikariDataSource","message":"HikariPool-7 - Shutdown completed.","exception":""}
{"timestamp":"2026-06-07 12:22:01.061","level":"INFO","thread":"main","correlationId":"","logger":"o.s.b.d.r.RestartApplicationListener","message":"Restart disabled due to context in which it is running","exception":""}
{"timestamp":"2026-06-07 12:22:01.087","level":"INFO","thread":"main","correlationId":"","logger":"c.d.d.c.PedidoControllerTest","message":"Starting PedidoControllerTest using Java 21.0.11 with PID 24140 (started by Santana in C:\Pasta Códiguinhos\arquitetura de sistemas fat\delivery-api\delivery-api)","exception":""}
{"timestamp":"2026-06-07 12:22:01.087","level":"INFO","thread":"main","correlationId":"","logger":"c.d.d.c.PedidoControllerTest","message":"The following 1 profile is active: "test"","exception":""}
{"timestamp":"2026-06-07 12:22:01.088","level":"DEBUG","thread":"main","correlationId":"","logger":"o.s.w.c.s.GenericWebApplicationContext","message":"Refreshing org.springframework.web.context.support.GenericWebApplicationContext@5d1c5d5a","exception":""}
{"timestamp":"2026-06-07 12:22:01.263","level":"INFO","thread":"main","correlationId":"","logger":"o.s.d.r.c.RepositoryConfigurationDelegate","message":"Bootstrapping Spring Data JPA repositories in DEFAULT mode.","exception":""}
{"timestamp":"2026-06-07 12:22:01.279","level":"INFO","thread":"main","correlationId":"","logger":"o.s.d.r.c.RepositoryConfigurationDelegate","message":"Finished Spring Data repository scanning in 15 ms. Found 5 JPA repository interfaces.","exception":""}
{"timestamp":"2026-06-07 12:22:01.334","level":"INFO","thread":"main","correlationId":"","logger":"o.s.o.j.p.SpringPersistenceUnitInfo","message":"No LoadTimeWeaver setup: ignoring JPA class transformer","exception":""}
{"timestamp":"2026-06-07 12:22:01.334","level":"INFO","thread":"main","correlationId":"","logger":"com.zaxxer.hikari.HikariDataSource","message":"HikariPool-8 - Starting...","exception":""}
{"timestamp":"2026-06-07 12:22:01.335","level":"INFO","thread":"main","correlationId":"","logger":"com.zaxxer.hikari.pool.HikariPool","message":"HikariPool-8 - Added connection conn70: url=jdbc:h2:mem:deliverydb user=SA","exception":""}
{"timestamp":"2026-06-07 12:22:01.335","level":"INFO","thread":"main","correlationId":"","logger":"com.zaxxer.hikari.HikariDataSource","message":"HikariPool-8 - Start completed.","exception":""}
{"timestamp":"2026-06-07 12:22:01.336","level":"WARN","thread":"main","correlationId":"","logger":"org.hibernate.orm.deprecation","message":"HHH90000025: H2Dialect does not need to be specified explicitly using 'hibernate.dialect' (remove the property setting and it will be selected by default)","exception":""}
{"timestamp":"2026-06-07 12:22:01.379","level":"INFO","thread":"main","correlationId":"","logger":"o.s.o.j.LocalContainerEntityManagerFactoryBean","message":"Initialized JPA EntityManagerFactory for persistence unit 'default'","exception":""}
{"timestamp":"2026-06-07 12:22:01.400","level":"INFO","thread":"main","correlationId":"","logger":"o.s.s.c.a.a.c.InitializeAuthenticationProviderBeanManagerConfigurer$InitializeAuthenticationProviderManagerConfigurer","message":"Global AuthenticationManager configured with AuthenticationProvider bean with name authenticationProvider","exception":""}
{"timestamp":"2026-06-07 12:22:01.400","level":"WARN","thread":"main","correlationId":"","logger":"o.s.s.c.a.a.c.InitializeUserDetailsBeanManagerConfigurer$InitializeUserDetailsManagerConfigurer","message":"Global AuthenticationManager configured with an AuthenticationProvider bean. UserDetailsService beans will not be used by Spring Security for automatically configuring username/password login. Consider removing the AuthenticationProvider bean. Alternatively, consider using the UserDetailsService in a manually instantiated DaoAuthenticationProvider. If the current configuration is intentional, to turn off this warning, increase the logging level of 'org.springframework.security.config.annotation.authentication.configuration.InitializeUserDetailsBeanManagerConfigurer' to ERROR","exception":""}
{"timestamp":"2026-06-07 12:22:01.486","level":"DEBUG","thread":"main","correlationId":"","logger":"o.s.w.s.m.m.a.RequestMappingHandlerMapping","message":"41 mappings in 'requestMappingHandlerMapping'","exception":""}
{"timestamp":"2026-06-07 12:22:01.506","level":"DEBUG","thread":"main","correlationId":"","logger":"o.s.w.s.h.SimpleUrlHandlerMapping","message":"Patterns [/webjars/**, /**, /swagger-ui*/*swagger-initializer.js, /swagger-ui*/**] in 'resourceHandlerMapping'","exception":""}
{"timestamp":"2026-06-07 12:22:01.541","level":"INFO","thread":"main","correlationId":"","logger":"o.s.b.a.e.web.EndpointLinksResolver","message":"Exposing 13 endpoints beneath base path '/actuator'","exception":""}
{"timestamp":"2026-06-07 12:22:01.568","level":"DEBUG","thread":"main","correlationId":"","logger":"o.s.s.web.DefaultSecurityFilterChain","message":"Will secure any request with filters: DisableEncodeUrlFilter, WebAsyncManagerIntegrationFilter, SecurityContextHolderFilter, HeaderWriterFilter, CorsFilter, LogoutFilter, JwtAuthenticationFilter, RequestCacheAwareFilter, SecurityContextHolderAwareRequestFilter, AnonymousAuthenticationFilter, SessionManagementFilter, ExceptionTranslationFilter, AuthorizationFilter","exception":""}
{"timestamp":"2026-06-07 12:22:01.596","level":"DEBUG","thread":"main","correlationId":"","logger":"o.s.w.s.m.m.a.RequestMappingHandlerAdapter","message":"ControllerAdvice beans: 0 @ModelAttribute, 0 @InitBinder, 1 RequestBodyAdvice, 1 ResponseBodyAdvice","exception":""}
{"timestamp":"2026-06-07 12:22:01.600","level":"DEBUG","thread":"main","correlationId":"","logger":"o.s.w.s.m.m.a.ExceptionHandlerExceptionResolver","message":"ControllerAdvice beans: 2 @ExceptionHandler, 1 ResponseBodyAdvice","exception":""}
{"timestamp":"2026-06-07 12:22:01.627","level":"INFO","thread":"main","correlationId":"","logger":"o.s.b.a.h.H2ConsoleAutoConfiguration","message":"H2 console available at '/h2-console'. Database available at 'jdbc:h2:mem:deliverydb'","exception":""}
{"timestamp":"2026-06-07 12:22:01.638","level":"DEBUG","thread":"main","correlationId":"","logger":"o.s.w.f.ServerHttpObservationFilter","message":"Filter 'webMvcObservationFilter' configured for use","exception":""}
{"timestamp":"2026-06-07 12:22:01.638","level":"INFO","thread":"main","correlationId":"","logger":"o.s.b.t.m.w.SpringBootMockServletContext","message":"Initializing Spring TestDispatcherServlet ''","exception":""}
{"timestamp":"2026-06-07 12:22:01.639","level":"INFO","thread":"main","correlationId":"","logger":"o.s.t.w.s.TestDispatcherServlet","message":"Initializing Servlet ''","exception":""}
{"timestamp":"2026-06-07 12:22:01.639","level":"INFO","thread":"main","correlationId":"","logger":"o.s.t.w.s.TestDispatcherServlet","message":"Completed initialization in 0 ms","exception":""}
{"timestamp":"2026-06-07 12:22:01.647","level":"INFO","thread":"main","correlationId":"","logger":"c.d.d.c.PedidoControllerTest","message":"Started PedidoControllerTest in 0.586 seconds (process running for 18.686)","exception":""}
{"timestamp":"2026-06-07 12:22:01.668","level":"DEBUG","thread":"main","correlationId":"","logger":"o.s.security.web.FilterChainProxy","message":"Securing DELETE /api/pedidos/999999","exception":""}
{"timestamp":"2026-06-07 12:22:01.668","level":"WARN","thread":"main","correlationId":"","logger":"c.d.d.s.JwtAuthenticationFilter","message":"JWT Token não começa com Bearer String","exception":""}
{"timestamp":"2026-06-07 12:22:01.669","level":"DEBUG","thread":"main","correlationId":"","logger":"o.s.security.web.FilterChainProxy","message":"Secured DELETE /api/pedidos/999999","exception":""}
{"timestamp":"2026-06-07 12:22:01.669","level":"DEBUG","thread":"main","correlationId":"18adb2b78579490a","logger":"o.s.w.s.m.m.a.RequestMappingHandlerMapping","message":"Mapped to com.deliverytech.delivery_api.controller.PedidoController#cancelarPedido(Long)","exception":""}
{"timestamp":"2026-06-07 12:22:01.671","level":"DEBUG","thread":"main","correlationId":"18adb2b78579490a","logger":"o.s.w.s.m.m.a.ExceptionHandlerExceptionResolver","message":"Using @ExceptionHandler com.deliverytech.delivery_api.exception.GlobalExceptionHandler#handleEntityNotFound(EntityNotFoundException, HttpServletRequest)","exception":""}
{"timestamp":"2026-06-07 12:22:01.675","level":"DEBUG","thread":"main","correlationId":"18adb2b78579490a","logger":"o.s.w.s.m.m.a.HttpEntityMethodProcessor","message":"Using 'application/json', given [*/*] and supported [application/json, application/*+json, application/yaml]","exception":""}
{"timestamp":"2026-06-07 12:22:01.675","level":"DEBUG","thread":"main","correlationId":"18adb2b78579490a","logger":"o.s.w.s.m.m.a.HttpEntityMethodProcessor","message":"Writing [com.deliverytech.delivery_api.dto.ErrorResponse@d578eb2]","exception":""}
{"timestamp":"2026-06-07 12:22:01.676","level":"DEBUG","thread":"main","correlationId":"18adb2b78579490a","logger":"o.s.w.s.m.m.a.ExceptionHandlerExceptionResolver","message":"Resolved [com.deliverytech.delivery_api.exception.EntityNotFoundException: Pedido não encontrado]","exception":""}
{"timestamp":"2026-06-07 12:22:01.680","level":"DEBUG","thread":"main","correlationId":"","logger":"o.s.w.c.s.GenericWebApplicationContext","message":"Closing org.springframework.web.context.support.GenericWebApplicationContext@5d1c5d5a, started on Sun Jun 07 12:22:01 BRT 2026","exception":""}
{"timestamp":"2026-06-07 12:22:01.681","level":"INFO","thread":"main","correlationId":"","logger":"o.s.o.j.LocalContainerEntityManagerFactoryBean","message":"Closing JPA EntityManagerFactory for persistence unit 'default'","exception":""}
{"timestamp":"2026-06-07 12:22:01.682","level":"INFO","thread":"main","correlationId":"","logger":"com.zaxxer.hikari.HikariDataSource","message":"HikariPool-8 - Shutdown initiated...","exception":""}
{"timestamp":"2026-06-07 12:22:01.685","level":"INFO","thread":"main","correlationId":"","logger":"com.zaxxer.hikari.HikariDataSource","message":"HikariPool-8 - Shutdown completed.","exception":""}
{"timestamp":"2026-06-07 12:22:01.686","level":"INFO","thread":"main","correlationId":"","logger":"o.s.b.d.r.RestartApplicationListener","message":"Restart disabled due to context in which it is running","exception":""}
{"timestamp":"2026-06-07 12:22:01.705","level":"INFO","thread":"main","correlationId":"","logger":"c.d.d.c.PedidoControllerTest","message":"Starting PedidoControllerTest using Java 21.0.11 with PID 24140 (started by Santana in C:\Pasta Códiguinhos\arquitetura de sistemas fat\delivery-api\delivery-api)","exception":""}
{"timestamp":"2026-06-07 12:22:01.705","level":"INFO","thread":"main","correlationId":"","logger":"c.d.d.c.PedidoControllerTest","message":"The following 1 profile is active: "test"","exception":""}
{"timestamp":"2026-06-07 12:22:01.707","level":"DEBUG","thread":"main","correlationId":"","logger":"o.s.w.c.s.GenericWebApplicationContext","message":"Refreshing org.springframework.web.context.support.GenericWebApplicationContext@3e7306cb","exception":""}
{"timestamp":"2026-06-07 12:22:01.868","level":"INFO","thread":"main","correlationId":"","logger":"o.s.d.r.c.RepositoryConfigurationDelegate","message":"Bootstrapping Spring Data JPA repositories in DEFAULT mode.","exception":""}
{"timestamp":"2026-06-07 12:22:01.883","level":"INFO","thread":"main","correlationId":"","logger":"o.s.d.r.c.RepositoryConfigurationDelegate","message":"Finished Spring Data repository scanning in 14 ms. Found 5 JPA repository interfaces.","exception":""}
{"timestamp":"2026-06-07 12:22:01.931","level":"INFO","thread":"main","correlationId":"","logger":"o.s.o.j.p.SpringPersistenceUnitInfo","message":"No LoadTimeWeaver setup: ignoring JPA class transformer","exception":""}
{"timestamp":"2026-06-07 12:22:01.931","level":"INFO","thread":"main","correlationId":"","logger":"com.zaxxer.hikari.HikariDataSource","message":"HikariPool-9 - Starting...","exception":""}
{"timestamp":"2026-06-07 12:22:01.932","level":"INFO","thread":"main","correlationId":"","logger":"com.zaxxer.hikari.pool.HikariPool","message":"HikariPool-9 - Added connection conn78: url=jdbc:h2:mem:deliverydb user=SA","exception":""}
{"timestamp":"2026-06-07 12:22:01.932","level":"INFO","thread":"main","correlationId":"","logger":"com.zaxxer.hikari.HikariDataSource","message":"HikariPool-9 - Start completed.","exception":""}
{"timestamp":"2026-06-07 12:22:01.932","level":"WARN","thread":"main","correlationId":"","logger":"org.hibernate.orm.deprecation","message":"HHH90000025: H2Dialect does not need to be specified explicitly using 'hibernate.dialect' (remove the property setting and it will be selected by default)","exception":""}
{"timestamp":"2026-06-07 12:22:01.973","level":"INFO","thread":"main","correlationId":"","logger":"o.s.o.j.LocalContainerEntityManagerFactoryBean","message":"Initialized JPA EntityManagerFactory for persistence unit 'default'","exception":""}
{"timestamp":"2026-06-07 12:22:01.994","level":"INFO","thread":"main","correlationId":"","logger":"o.s.s.c.a.a.c.InitializeAuthenticationProviderBeanManagerConfigurer$InitializeAuthenticationProviderManagerConfigurer","message":"Global AuthenticationManager configured with AuthenticationProvider bean with name authenticationProvider","exception":""}
{"timestamp":"2026-06-07 12:22:01.994","level":"WARN","thread":"main","correlationId":"","logger":"o.s.s.c.a.a.c.InitializeUserDetailsBeanManagerConfigurer$InitializeUserDetailsManagerConfigurer","message":"Global AuthenticationManager configured with an AuthenticationProvider bean. UserDetailsService beans will not be used by Spring Security for automatically configuring username/password login. Consider removing the AuthenticationProvider bean. Alternatively, consider using the UserDetailsService in a manually instantiated DaoAuthenticationProvider. If the current configuration is intentional, to turn off this warning, increase the logging level of 'org.springframework.security.config.annotation.authentication.configuration.InitializeUserDetailsBeanManagerConfigurer' to ERROR","exception":""}
{"timestamp":"2026-06-07 12:22:02.087","level":"DEBUG","thread":"main","correlationId":"","logger":"o.s.w.s.m.m.a.RequestMappingHandlerMapping","message":"41 mappings in 'requestMappingHandlerMapping'","exception":""}
{"timestamp":"2026-06-07 12:22:02.106","level":"DEBUG","thread":"main","correlationId":"","logger":"o.s.w.s.h.SimpleUrlHandlerMapping","message":"Patterns [/webjars/**, /**, /swagger-ui*/*swagger-initializer.js, /swagger-ui*/**] in 'resourceHandlerMapping'","exception":""}
{"timestamp":"2026-06-07 12:22:02.142","level":"INFO","thread":"main","correlationId":"","logger":"o.s.b.a.e.web.EndpointLinksResolver","message":"Exposing 13 endpoints beneath base path '/actuator'","exception":""}
{"timestamp":"2026-06-07 12:22:02.169","level":"DEBUG","thread":"main","correlationId":"","logger":"o.s.s.web.DefaultSecurityFilterChain","message":"Will secure any request with filters: DisableEncodeUrlFilter, WebAsyncManagerIntegrationFilter, SecurityContextHolderFilter, HeaderWriterFilter, CorsFilter, LogoutFilter, JwtAuthenticationFilter, RequestCacheAwareFilter, SecurityContextHolderAwareRequestFilter, AnonymousAuthenticationFilter, SessionManagementFilter, ExceptionTranslationFilter, AuthorizationFilter","exception":""}
{"timestamp":"2026-06-07 12:22:02.192","level":"DEBUG","thread":"main","correlationId":"","logger":"o.s.w.s.m.m.a.RequestMappingHandlerAdapter","message":"ControllerAdvice beans: 0 @ModelAttribute, 0 @InitBinder, 1 RequestBodyAdvice, 1 ResponseBodyAdvice","exception":""}
{"timestamp":"2026-06-07 12:22:02.197","level":"DEBUG","thread":"main","correlationId":"","logger":"o.s.w.s.m.m.a.ExceptionHandlerExceptionResolver","message":"ControllerAdvice beans: 2 @ExceptionHandler, 1 ResponseBodyAdvice","exception":""}
{"timestamp":"2026-06-07 12:22:02.228","level":"INFO","thread":"main","correlationId":"","logger":"o.s.b.a.h.H2ConsoleAutoConfiguration","message":"H2 console available at '/h2-console'. Database available at 'jdbc:h2:mem:deliverydb'","exception":""}
{"timestamp":"2026-06-07 12:22:02.239","level":"DEBUG","thread":"main","correlationId":"","logger":"o.s.w.f.ServerHttpObservationFilter","message":"Filter 'webMvcObservationFilter' configured for use","exception":""}
{"timestamp":"2026-06-07 12:22:02.239","level":"INFO","thread":"main","correlationId":"","logger":"o.s.b.t.m.w.SpringBootMockServletContext","message":"Initializing Spring TestDispatcherServlet ''","exception":""}
{"timestamp":"2026-06-07 12:22:02.239","level":"INFO","thread":"main","correlationId":"","logger":"o.s.t.w.s.TestDispatcherServlet","message":"Initializing Servlet ''","exception":""}
{"timestamp":"2026-06-07 12:22:02.240","level":"INFO","thread":"main","correlationId":"","logger":"o.s.t.w.s.TestDispatcherServlet","message":"Completed initialization in 1 ms","exception":""}
{"timestamp":"2026-06-07 12:22:02.249","level":"INFO","thread":"main","correlationId":"","logger":"c.d.d.c.PedidoControllerTest","message":"Started PedidoControllerTest in 0.563 seconds (process running for 19.288)","exception":""}
{"timestamp":"2026-06-07 12:22:02.271","level":"DEBUG","thread":"main","correlationId":"","logger":"o.s.security.web.FilterChainProxy","message":"Securing POST /api/pedidos","exception":""}
{"timestamp":"2026-06-07 12:22:02.272","level":"WARN","thread":"main","correlationId":"","logger":"c.d.d.s.JwtAuthenticationFilter","message":"JWT Token não começa com Bearer String","exception":""}
{"timestamp":"2026-06-07 12:22:02.272","level":"DEBUG","thread":"main","correlationId":"","logger":"o.s.security.web.FilterChainProxy","message":"Secured POST /api/pedidos","exception":""}
{"timestamp":"2026-06-07 12:22:02.273","level":"DEBUG","thread":"main","correlationId":"9b9201ac67954bed","logger":"o.s.w.s.m.m.a.RequestMappingHandlerMapping","message":"Mapped to com.deliverytech.delivery_api.controller.PedidoController#criarPedido(PedidoReqDTO)","exception":""}
{"timestamp":"2026-06-07 12:22:02.275","level":"DEBUG","thread":"main","correlationId":"9b9201ac67954bed","logger":"o.s.w.s.m.m.a.RequestResponseBodyMethodProcessor","message":"Read "application/json;charset=UTF-8" to [com.deliverytech.delivery_api.dto.req.PedidoReqDTO@2adff003]","exception":""}
{"timestamp":"2026-06-07 12:22:02.287","level":"DEBUG","thread":"main","correlationId":"9b9201ac67954bed","logger":"o.s.w.s.m.m.a.HttpEntityMethodProcessor","message":"Using 'application/json', given [*/*] and supported [application/json, application/*+json, application/yaml]","exception":""}
{"timestamp":"2026-06-07 12:22:02.288","level":"DEBUG","thread":"main","correlationId":"9b9201ac67954bed","logger":"o.s.w.s.m.m.a.HttpEntityMethodProcessor","message":"Writing [com.deliverytech.delivery_api.dto.res.PedidoResDTO@74d85bb6]","exception":""}
{"timestamp":"2026-06-07 12:22:02.291","level":"DEBUG","thread":"main","correlationId":"","logger":"o.s.security.web.FilterChainProxy","message":"Securing GET /api/pedidos/4","exception":""}
{"timestamp":"2026-06-07 12:22:02.291","level":"WARN","thread":"main","correlationId":"","logger":"c.d.d.s.JwtAuthenticationFilter","message":"JWT Token não começa com Bearer String","exception":""}
{"timestamp":"2026-06-07 12:22:02.292","level":"DEBUG","thread":"main","correlationId":"","logger":"o.s.security.web.FilterChainProxy","message":"Secured GET /api/pedidos/4","exception":""}
{"timestamp":"2026-06-07 12:22:02.292","level":"DEBUG","thread":"main","correlationId":"ff46ba09a8134ba0","logger":"o.s.w.s.m.m.a.RequestMappingHandlerMapping","message":"Mapped to com.deliverytech.delivery_api.controller.PedidoController#buscarPorId(Long)","exception":""}
{"timestamp":"2026-06-07 12:22:02.293","level":"DEBUG","thread":"main","correlationId":"ff46ba09a8134ba0","logger":"o.s.w.s.m.m.a.HttpEntityMethodProcessor","message":"Using 'application/json', given [*/*] and supported [application/json, application/*+json, application/yaml]","exception":""}
{"timestamp":"2026-06-07 12:22:02.294","level":"DEBUG","thread":"main","correlationId":"ff46ba09a8134ba0","logger":"o.s.w.s.m.m.a.HttpEntityMethodProcessor","message":"Writing [com.deliverytech.delivery_api.dto.res.PedidoResDTO@5174bd8b]","exception":""}
{"timestamp":"2026-06-07 12:22:02.298","level":"DEBUG","thread":"main","correlationId":"","logger":"o.s.w.c.s.GenericWebApplicationContext","message":"Closing org.springframework.web.context.support.GenericWebApplicationContext@3e7306cb, started on Sun Jun 07 12:22:01 BRT 2026","exception":""}
{"timestamp":"2026-06-07 12:22:02.299","level":"INFO","thread":"main","correlationId":"","logger":"o.s.o.j.LocalContainerEntityManagerFactoryBean","message":"Closing JPA EntityManagerFactory for persistence unit 'default'","exception":""}
{"timestamp":"2026-06-07 12:22:02.300","level":"INFO","thread":"main","correlationId":"","logger":"com.zaxxer.hikari.HikariDataSource","message":"HikariPool-9 - Shutdown initiated...","exception":""}
{"timestamp":"2026-06-07 12:22:02.341","level":"INFO","thread":"main","correlationId":"","logger":"com.zaxxer.hikari.HikariDataSource","message":"HikariPool-9 - Shutdown completed.","exception":""}
{"timestamp":"2026-06-07 12:22:02.342","level":"INFO","thread":"main","correlationId":"","logger":"o.s.b.d.r.RestartApplicationListener","message":"Restart disabled due to context in which it is running","exception":""}
{"timestamp":"2026-06-07 12:22:02.360","level":"INFO","thread":"main","correlationId":"","logger":"c.d.d.c.PedidoControllerTest","message":"Starting PedidoControllerTest using Java 21.0.11 with PID 24140 (started by Santana in C:\Pasta Códiguinhos\arquitetura de sistemas fat\delivery-api\delivery-api)","exception":""}
{"timestamp":"2026-06-07 12:22:02.360","level":"INFO","thread":"main","correlationId":"","logger":"c.d.d.c.PedidoControllerTest","message":"The following 1 profile is active: "test"","exception":""}
{"timestamp":"2026-06-07 12:22:02.360","level":"DEBUG","thread":"main","correlationId":"","logger":"o.s.w.c.s.GenericWebApplicationContext","message":"Refreshing org.springframework.web.context.support.GenericWebApplicationContext@1b224a10","exception":""}
{"timestamp":"2026-06-07 12:22:02.517","level":"INFO","thread":"main","correlationId":"","logger":"o.s.d.r.c.RepositoryConfigurationDelegate","message":"Bootstrapping Spring Data JPA repositories in DEFAULT mode.","exception":""}
{"timestamp":"2026-06-07 12:22:02.531","level":"INFO","thread":"main","correlationId":"","logger":"o.s.d.r.c.RepositoryConfigurationDelegate","message":"Finished Spring Data repository scanning in 13 ms. Found 5 JPA repository interfaces.","exception":""}
{"timestamp":"2026-06-07 12:22:02.600","level":"INFO","thread":"main","correlationId":"","logger":"o.s.o.j.p.SpringPersistenceUnitInfo","message":"No LoadTimeWeaver setup: ignoring JPA class transformer","exception":""}
{"timestamp":"2026-06-07 12:22:02.600","level":"INFO","thread":"main","correlationId":"","logger":"com.zaxxer.hikari.HikariDataSource","message":"HikariPool-10 - Starting...","exception":""}
{"timestamp":"2026-06-07 12:22:02.602","level":"INFO","thread":"main","correlationId":"","logger":"com.zaxxer.hikari.pool.HikariPool","message":"HikariPool-10 - Added connection conn88: url=jdbc:h2:mem:deliverydb user=SA","exception":""}
{"timestamp":"2026-06-07 12:22:02.602","level":"INFO","thread":"main","correlationId":"","logger":"com.zaxxer.hikari.HikariDataSource","message":"HikariPool-10 - Start completed.","exception":""}
{"timestamp":"2026-06-07 12:22:02.603","level":"WARN","thread":"main","correlationId":"","logger":"org.hibernate.orm.deprecation","message":"HHH90000025: H2Dialect does not need to be specified explicitly using 'hibernate.dialect' (remove the property setting and it will be selected by default)","exception":""}
{"timestamp":"2026-06-07 12:22:02.646","level":"INFO","thread":"main","correlationId":"","logger":"o.s.o.j.LocalContainerEntityManagerFactoryBean","message":"Initialized JPA EntityManagerFactory for persistence unit 'default'","exception":""}
{"timestamp":"2026-06-07 12:22:02.669","level":"INFO","thread":"main","correlationId":"","logger":"o.s.s.c.a.a.c.InitializeAuthenticationProviderBeanManagerConfigurer$InitializeAuthenticationProviderManagerConfigurer","message":"Global AuthenticationManager configured with AuthenticationProvider bean with name authenticationProvider","exception":""}
{"timestamp":"2026-06-07 12:22:02.669","level":"WARN","thread":"main","correlationId":"","logger":"o.s.s.c.a.a.c.InitializeUserDetailsBeanManagerConfigurer$InitializeUserDetailsManagerConfigurer","message":"Global AuthenticationManager configured with an AuthenticationProvider bean. UserDetailsService beans will not be used by Spring Security for automatically configuring username/password login. Consider removing the AuthenticationProvider bean. Alternatively, consider using the UserDetailsService in a manually instantiated DaoAuthenticationProvider. If the current configuration is intentional, to turn off this warning, increase the logging level of 'org.springframework.security.config.annotation.authentication.configuration.InitializeUserDetailsBeanManagerConfigurer' to ERROR","exception":""}
{"timestamp":"2026-06-07 12:22:02.755","level":"DEBUG","thread":"main","correlationId":"","logger":"o.s.w.s.m.m.a.RequestMappingHandlerMapping","message":"41 mappings in 'requestMappingHandlerMapping'","exception":""}
{"timestamp":"2026-06-07 12:22:02.775","level":"DEBUG","thread":"main","correlationId":"","logger":"o.s.w.s.h.SimpleUrlHandlerMapping","message":"Patterns [/webjars/**, /**, /swagger-ui*/*swagger-initializer.js, /swagger-ui*/**] in 'resourceHandlerMapping'","exception":""}
{"timestamp":"2026-06-07 12:22:02.805","level":"INFO","thread":"main","correlationId":"","logger":"o.s.b.a.e.web.EndpointLinksResolver","message":"Exposing 13 endpoints beneath base path '/actuator'","exception":""}
{"timestamp":"2026-06-07 12:22:02.832","level":"DEBUG","thread":"main","correlationId":"","logger":"o.s.s.web.DefaultSecurityFilterChain","message":"Will secure any request with filters: DisableEncodeUrlFilter, WebAsyncManagerIntegrationFilter, SecurityContextHolderFilter, HeaderWriterFilter, CorsFilter, LogoutFilter, JwtAuthenticationFilter, RequestCacheAwareFilter, SecurityContextHolderAwareRequestFilter, AnonymousAuthenticationFilter, SessionManagementFilter, ExceptionTranslationFilter, AuthorizationFilter","exception":""}
{"timestamp":"2026-06-07 12:22:02.854","level":"DEBUG","thread":"main","correlationId":"","logger":"o.s.w.s.m.m.a.RequestMappingHandlerAdapter","message":"ControllerAdvice beans: 0 @ModelAttribute, 0 @InitBinder, 1 RequestBodyAdvice, 1 ResponseBodyAdvice","exception":""}
{"timestamp":"2026-06-07 12:22:02.858","level":"DEBUG","thread":"main","correlationId":"","logger":"o.s.w.s.m.m.a.ExceptionHandlerExceptionResolver","message":"ControllerAdvice beans: 2 @ExceptionHandler, 1 ResponseBodyAdvice","exception":""}
{"timestamp":"2026-06-07 12:22:02.884","level":"INFO","thread":"main","correlationId":"","logger":"o.s.b.a.h.H2ConsoleAutoConfiguration","message":"H2 console available at '/h2-console'. Database available at 'jdbc:h2:mem:deliverydb'","exception":""}
{"timestamp":"2026-06-07 12:22:02.895","level":"DEBUG","thread":"main","correlationId":"","logger":"o.s.w.f.ServerHttpObservationFilter","message":"Filter 'webMvcObservationFilter' configured for use","exception":""}
{"timestamp":"2026-06-07 12:22:02.895","level":"INFO","thread":"main","correlationId":"","logger":"o.s.b.t.m.w.SpringBootMockServletContext","message":"Initializing Spring TestDispatcherServlet ''","exception":""}
{"timestamp":"2026-06-07 12:22:02.895","level":"INFO","thread":"main","correlationId":"","logger":"o.s.t.w.s.TestDispatcherServlet","message":"Initializing Servlet ''","exception":""}
{"timestamp":"2026-06-07 12:22:02.896","level":"INFO","thread":"main","correlationId":"","logger":"o.s.t.w.s.TestDispatcherServlet","message":"Completed initialization in 1 ms","exception":""}
{"timestamp":"2026-06-07 12:22:02.903","level":"INFO","thread":"main","correlationId":"","logger":"c.d.d.c.PedidoControllerTest","message":"Started PedidoControllerTest in 0.561 seconds (process running for 19.942)","exception":""}
{"timestamp":"2026-06-07 12:22:02.922","level":"DEBUG","thread":"main","correlationId":"","logger":"o.s.security.web.FilterChainProxy","message":"Securing GET /api/pedidos/cliente/4","exception":""}
{"timestamp":"2026-06-07 12:22:02.922","level":"WARN","thread":"main","correlationId":"","logger":"c.d.d.s.JwtAuthenticationFilter","message":"JWT Token não começa com Bearer String","exception":""}
{"timestamp":"2026-06-07 12:22:02.923","level":"DEBUG","thread":"main","correlationId":"","logger":"o.s.security.web.FilterChainProxy","message":"Secured GET /api/pedidos/cliente/4","exception":""}
{"timestamp":"2026-06-07 12:22:02.924","level":"DEBUG","thread":"main","correlationId":"e65d6b049ef34e25","logger":"o.s.w.s.m.m.a.RequestMappingHandlerMapping","message":"Mapped to com.deliverytech.delivery_api.controller.PedidoController#buscarPorCliente(Long)","exception":""}
{"timestamp":"2026-06-07 12:22:02.931","level":"DEBUG","thread":"main","correlationId":"e65d6b049ef34e25","logger":"o.s.w.s.m.m.a.HttpEntityMethodProcessor","message":"Using 'application/json', given [*/*] and supported [application/json, application/*+json, application/yaml]","exception":""}
{"timestamp":"2026-06-07 12:22:02.931","level":"DEBUG","thread":"main","correlationId":"e65d6b049ef34e25","logger":"o.s.w.s.m.m.a.HttpEntityMethodProcessor","message":"Writing [[]]","exception":""}
{"timestamp":"2026-06-07 12:22:02.936","level":"DEBUG","thread":"main","correlationId":"","logger":"o.s.w.c.s.GenericWebApplicationContext","message":"Closing org.springframework.web.context.support.GenericWebApplicationContext@1b224a10, started on Sun Jun 07 12:22:02 BRT 2026","exception":""}
{"timestamp":"2026-06-07 12:22:02.937","level":"INFO","thread":"main","correlationId":"","logger":"o.s.o.j.LocalContainerEntityManagerFactoryBean","message":"Closing JPA EntityManagerFactory for persistence unit 'default'","exception":""}
{"timestamp":"2026-06-07 12:22:02.939","level":"INFO","thread":"main","correlationId":"","logger":"com.zaxxer.hikari.HikariDataSource","message":"HikariPool-10 - Shutdown initiated...","exception":""}
{"timestamp":"2026-06-07 12:22:02.951","level":"INFO","thread":"main","correlationId":"","logger":"com.zaxxer.hikari.HikariDataSource","message":"HikariPool-10 - Shutdown completed.","exception":""}
{"timestamp":"2026-06-07 12:22:02.952","level":"INFO","thread":"main","correlationId":"","logger":"o.s.b.d.r.RestartApplicationListener","message":"Restart disabled due to context in which it is running","exception":""}
{"timestamp":"2026-06-07 12:22:02.971","level":"INFO","thread":"main","correlationId":"","logger":"c.d.d.c.PedidoControllerTest","message":"Starting PedidoControllerTest using Java 21.0.11 with PID 24140 (started by Santana in C:\Pasta Códiguinhos\arquitetura de sistemas fat\delivery-api\delivery-api)","exception":""}
{"timestamp":"2026-06-07 12:22:02.971","level":"INFO","thread":"main","correlationId":"","logger":"c.d.d.c.PedidoControllerTest","message":"The following 1 profile is active: "test"","exception":""}
{"timestamp":"2026-06-07 12:22:02.972","level":"DEBUG","thread":"main","correlationId":"","logger":"o.s.w.c.s.GenericWebApplicationContext","message":"Refreshing org.springframework.web.context.support.GenericWebApplicationContext@4d59c1e4","exception":""}
{"timestamp":"2026-06-07 12:22:03.135","level":"INFO","thread":"main","correlationId":"","logger":"o.s.d.r.c.RepositoryConfigurationDelegate","message":"Bootstrapping Spring Data JPA repositories in DEFAULT mode.","exception":""}
{"timestamp":"2026-06-07 12:22:03.149","level":"INFO","thread":"main","correlationId":"","logger":"o.s.d.r.c.RepositoryConfigurationDelegate","message":"Finished Spring Data repository scanning in 13 ms. Found 5 JPA repository interfaces.","exception":""}
{"timestamp":"2026-06-07 12:22:03.207","level":"INFO","thread":"main","correlationId":"","logger":"o.s.o.j.p.SpringPersistenceUnitInfo","message":"No LoadTimeWeaver setup: ignoring JPA class transformer","exception":""}
{"timestamp":"2026-06-07 12:22:03.208","level":"INFO","thread":"main","correlationId":"","logger":"com.zaxxer.hikari.HikariDataSource","message":"HikariPool-11 - Starting...","exception":""}
{"timestamp":"2026-06-07 12:22:03.209","level":"INFO","thread":"main","correlationId":"","logger":"com.zaxxer.hikari.pool.HikariPool","message":"HikariPool-11 - Added connection conn97: url=jdbc:h2:mem:deliverydb user=SA","exception":""}
{"timestamp":"2026-06-07 12:22:03.209","level":"INFO","thread":"main","correlationId":"","logger":"com.zaxxer.hikari.HikariDataSource","message":"HikariPool-11 - Start completed.","exception":""}
{"timestamp":"2026-06-07 12:22:03.209","level":"WARN","thread":"main","correlationId":"","logger":"org.hibernate.orm.deprecation","message":"HHH90000025: H2Dialect does not need to be specified explicitly using 'hibernate.dialect' (remove the property setting and it will be selected by default)","exception":""}
{"timestamp":"2026-06-07 12:22:03.244","level":"INFO","thread":"main","correlationId":"","logger":"o.s.o.j.LocalContainerEntityManagerFactoryBean","message":"Initialized JPA EntityManagerFactory for persistence unit 'default'","exception":""}
{"timestamp":"2026-06-07 12:22:03.262","level":"INFO","thread":"main","correlationId":"","logger":"o.s.s.c.a.a.c.InitializeAuthenticationProviderBeanManagerConfigurer$InitializeAuthenticationProviderManagerConfigurer","message":"Global AuthenticationManager configured with AuthenticationProvider bean with name authenticationProvider","exception":""}
{"timestamp":"2026-06-07 12:22:03.262","level":"WARN","thread":"main","correlationId":"","logger":"o.s.s.c.a.a.c.InitializeUserDetailsBeanManagerConfigurer$InitializeUserDetailsManagerConfigurer","message":"Global AuthenticationManager configured with an AuthenticationProvider bean. UserDetailsService beans will not be used by Spring Security for automatically configuring username/password login. Consider removing the AuthenticationProvider bean. Alternatively, consider using the UserDetailsService in a manually instantiated DaoAuthenticationProvider. If the current configuration is intentional, to turn off this warning, increase the logging level of 'org.springframework.security.config.annotation.authentication.configuration.InitializeUserDetailsBeanManagerConfigurer' to ERROR","exception":""}
{"timestamp":"2026-06-07 12:22:03.337","level":"DEBUG","thread":"main","correlationId":"","logger":"o.s.w.s.m.m.a.RequestMappingHandlerMapping","message":"41 mappings in 'requestMappingHandlerMapping'","exception":""}
{"timestamp":"2026-06-07 12:22:03.359","level":"DEBUG","thread":"main","correlationId":"","logger":"o.s.w.s.h.SimpleUrlHandlerMapping","message":"Patterns [/webjars/**, /**, /swagger-ui*/*swagger-initializer.js, /swagger-ui*/**] in 'resourceHandlerMapping'","exception":""}
{"timestamp":"2026-06-07 12:22:03.403","level":"INFO","thread":"main","correlationId":"","logger":"o.s.b.a.e.web.EndpointLinksResolver","message":"Exposing 13 endpoints beneath base path '/actuator'","exception":""}
{"timestamp":"2026-06-07 12:22:03.429","level":"DEBUG","thread":"main","correlationId":"","logger":"o.s.s.web.DefaultSecurityFilterChain","message":"Will secure any request with filters: DisableEncodeUrlFilter, WebAsyncManagerIntegrationFilter, SecurityContextHolderFilter, HeaderWriterFilter, CorsFilter, LogoutFilter, JwtAuthenticationFilter, RequestCacheAwareFilter, SecurityContextHolderAwareRequestFilter, AnonymousAuthenticationFilter, SessionManagementFilter, ExceptionTranslationFilter, AuthorizationFilter","exception":""}
{"timestamp":"2026-06-07 12:22:03.457","level":"DEBUG","thread":"main","correlationId":"","logger":"o.s.w.s.m.m.a.RequestMappingHandlerAdapter","message":"ControllerAdvice beans: 0 @ModelAttribute, 0 @InitBinder, 1 RequestBodyAdvice, 1 ResponseBodyAdvice","exception":""}
{"timestamp":"2026-06-07 12:22:03.461","level":"DEBUG","thread":"main","correlationId":"","logger":"o.s.w.s.m.m.a.ExceptionHandlerExceptionResolver","message":"ControllerAdvice beans: 2 @ExceptionHandler, 1 ResponseBodyAdvice","exception":""}
{"timestamp":"2026-06-07 12:22:03.488","level":"INFO","thread":"main","correlationId":"","logger":"o.s.b.a.h.H2ConsoleAutoConfiguration","message":"H2 console available at '/h2-console'. Database available at 'jdbc:h2:mem:deliverydb'","exception":""}
{"timestamp":"2026-06-07 12:22:03.500","level":"DEBUG","thread":"main","correlationId":"","logger":"o.s.w.f.ServerHttpObservationFilter","message":"Filter 'webMvcObservationFilter' configured for use","exception":""}
{"timestamp":"2026-06-07 12:22:03.500","level":"INFO","thread":"main","correlationId":"","logger":"o.s.b.t.m.w.SpringBootMockServletContext","message":"Initializing Spring TestDispatcherServlet ''","exception":""}
{"timestamp":"2026-06-07 12:22:03.500","level":"INFO","thread":"main","correlationId":"","logger":"o.s.t.w.s.TestDispatcherServlet","message":"Initializing Servlet ''","exception":""}
{"timestamp":"2026-06-07 12:22:03.500","level":"INFO","thread":"main","correlationId":"","logger":"o.s.t.w.s.TestDispatcherServlet","message":"Completed initialization in 0 ms","exception":""}
{"timestamp":"2026-06-07 12:22:03.509","level":"INFO","thread":"main","correlationId":"","logger":"c.d.d.c.PedidoControllerTest","message":"Started PedidoControllerTest in 0.557 seconds (process running for 20.548)","exception":""}
{"timestamp":"2026-06-07 12:22:03.530","level":"DEBUG","thread":"main","correlationId":"","logger":"o.s.security.web.FilterChainProxy","message":"Securing POST /api/pedidos","exception":""}
{"timestamp":"2026-06-07 12:22:03.530","level":"WARN","thread":"main","correlationId":"","logger":"c.d.d.s.JwtAuthenticationFilter","message":"JWT Token não começa com Bearer String","exception":""}
{"timestamp":"2026-06-07 12:22:03.531","level":"DEBUG","thread":"main","correlationId":"","logger":"o.s.security.web.FilterChainProxy","message":"Secured POST /api/pedidos","exception":""}
{"timestamp":"2026-06-07 12:22:03.531","level":"DEBUG","thread":"main","correlationId":"3406b481da404f4d","logger":"o.s.w.s.m.m.a.RequestMappingHandlerMapping","message":"Mapped to com.deliverytech.delivery_api.controller.PedidoController#criarPedido(PedidoReqDTO)","exception":""}
{"timestamp":"2026-06-07 12:22:03.533","level":"DEBUG","thread":"main","correlationId":"3406b481da404f4d","logger":"o.s.w.s.m.m.a.RequestResponseBodyMethodProcessor","message":"Read "application/json;charset=UTF-8" to [com.deliverytech.delivery_api.dto.req.PedidoReqDTO@58d7862f]","exception":""}
{"timestamp":"2026-06-07 12:22:03.540","level":"DEBUG","thread":"main","correlationId":"3406b481da404f4d","logger":"o.s.w.s.m.m.a.ExceptionHandlerExceptionResolver","message":"Using @ExceptionHandler com.deliverytech.delivery_api.exception.GlobalExceptionHandler#handleBusinessException(BusinessException, HttpServletRequest)","exception":""}
{"timestamp":"2026-06-07 12:22:03.542","level":"DEBUG","thread":"main","correlationId":"3406b481da404f4d","logger":"o.s.w.s.m.m.a.HttpEntityMethodProcessor","message":"Using 'application/json', given [*/*] and supported [application/json, application/*+json, application/yaml]","exception":""}
{"timestamp":"2026-06-07 12:22:03.542","level":"DEBUG","thread":"main","correlationId":"3406b481da404f4d","logger":"o.s.w.s.m.m.a.HttpEntityMethodProcessor","message":"Writing [com.deliverytech.delivery_api.dto.ErrorResponse@686de0a1]","exception":""}
{"timestamp":"2026-06-07 12:22:03.542","level":"DEBUG","thread":"main","correlationId":"3406b481da404f4d","logger":"o.s.w.s.m.m.a.ExceptionHandlerExceptionResolver","message":"Resolved [com.deliverytech.delivery_api.exception.BusinessException: Produto não pertence ao restaurante selecionado]","exception":""}
{"timestamp":"2026-06-07 12:22:03.546","level":"DEBUG","thread":"main","correlationId":"","logger":"o.s.w.c.s.GenericWebApplicationContext","message":"Closing org.springframework.web.context.support.GenericWebApplicationContext@4d59c1e4, started on Sun Jun 07 12:22:02 BRT 2026","exception":""}
{"timestamp":"2026-06-07 12:22:03.547","level":"INFO","thread":"main","correlationId":"","logger":"o.s.o.j.LocalContainerEntityManagerFactoryBean","message":"Closing JPA EntityManagerFactory for persistence unit 'default'","exception":""}
{"timestamp":"2026-06-07 12:22:03.548","level":"INFO","thread":"main","correlationId":"","logger":"com.zaxxer.hikari.HikariDataSource","message":"HikariPool-11 - Shutdown initiated...","exception":""}
{"timestamp":"2026-06-07 12:22:03.575","level":"INFO","thread":"main","correlationId":"","logger":"com.zaxxer.hikari.HikariDataSource","message":"HikariPool-11 - Shutdown completed.","exception":""}
{"timestamp":"2026-06-07 12:22:03.577","level":"INFO","thread":"main","correlationId":"","logger":"o.s.b.d.r.RestartApplicationListener","message":"Restart disabled due to context in which it is running","exception":""}
{"timestamp":"2026-06-07 12:22:03.598","level":"INFO","thread":"main","correlationId":"","logger":"c.d.d.c.PedidoControllerTest","message":"Starting PedidoControllerTest using Java 21.0.11 with PID 24140 (started by Santana in C:\Pasta Códiguinhos\arquitetura de sistemas fat\delivery-api\delivery-api)","exception":""}
{"timestamp":"2026-06-07 12:22:03.598","level":"INFO","thread":"main","correlationId":"","logger":"c.d.d.c.PedidoControllerTest","message":"The following 1 profile is active: "test"","exception":""}
{"timestamp":"2026-06-07 12:22:03.599","level":"DEBUG","thread":"main","correlationId":"","logger":"o.s.w.c.s.GenericWebApplicationContext","message":"Refreshing org.springframework.web.context.support.GenericWebApplicationContext@2489d1ce","exception":""}
{"timestamp":"2026-06-07 12:22:03.770","level":"INFO","thread":"main","correlationId":"","logger":"o.s.d.r.c.RepositoryConfigurationDelegate","message":"Bootstrapping Spring Data JPA repositories in DEFAULT mode.","exception":""}
{"timestamp":"2026-06-07 12:22:03.784","level":"INFO","thread":"main","correlationId":"","logger":"o.s.d.r.c.RepositoryConfigurationDelegate","message":"Finished Spring Data repository scanning in 13 ms. Found 5 JPA repository interfaces.","exception":""}
{"timestamp":"2026-06-07 12:22:03.831","level":"INFO","thread":"main","correlationId":"","logger":"o.s.o.j.p.SpringPersistenceUnitInfo","message":"No LoadTimeWeaver setup: ignoring JPA class transformer","exception":""}
{"timestamp":"2026-06-07 12:22:03.831","level":"INFO","thread":"main","correlationId":"","logger":"com.zaxxer.hikari.HikariDataSource","message":"HikariPool-12 - Starting...","exception":""}
{"timestamp":"2026-06-07 12:22:03.832","level":"INFO","thread":"main","correlationId":"","logger":"com.zaxxer.hikari.pool.HikariPool","message":"HikariPool-12 - Added connection conn106: url=jdbc:h2:mem:deliverydb user=SA","exception":""}
{"timestamp":"2026-06-07 12:22:03.832","level":"INFO","thread":"main","correlationId":"","logger":"com.zaxxer.hikari.HikariDataSource","message":"HikariPool-12 - Start completed.","exception":""}
{"timestamp":"2026-06-07 12:22:03.832","level":"WARN","thread":"main","correlationId":"","logger":"org.hibernate.orm.deprecation","message":"HHH90000025: H2Dialect does not need to be specified explicitly using 'hibernate.dialect' (remove the property setting and it will be selected by default)","exception":""}
{"timestamp":"2026-06-07 12:22:03.869","level":"INFO","thread":"main","correlationId":"","logger":"o.s.o.j.LocalContainerEntityManagerFactoryBean","message":"Initialized JPA EntityManagerFactory for persistence unit 'default'","exception":""}
{"timestamp":"2026-06-07 12:22:03.886","level":"INFO","thread":"main","correlationId":"","logger":"o.s.s.c.a.a.c.InitializeAuthenticationProviderBeanManagerConfigurer$InitializeAuthenticationProviderManagerConfigurer","message":"Global AuthenticationManager configured with AuthenticationProvider bean with name authenticationProvider","exception":""}
{"timestamp":"2026-06-07 12:22:03.886","level":"WARN","thread":"main","correlationId":"","logger":"o.s.s.c.a.a.c.InitializeUserDetailsBeanManagerConfigurer$InitializeUserDetailsManagerConfigurer","message":"Global AuthenticationManager configured with an AuthenticationProvider bean. UserDetailsService beans will not be used by Spring Security for automatically configuring username/password login. Consider removing the AuthenticationProvider bean. Alternatively, consider using the UserDetailsService in a manually instantiated DaoAuthenticationProvider. If the current configuration is intentional, to turn off this warning, increase the logging level of 'org.springframework.security.config.annotation.authentication.configuration.InitializeUserDetailsBeanManagerConfigurer' to ERROR","exception":""}
{"timestamp":"2026-06-07 12:22:03.959","level":"DEBUG","thread":"main","correlationId":"","logger":"o.s.w.s.m.m.a.RequestMappingHandlerMapping","message":"41 mappings in 'requestMappingHandlerMapping'","exception":""}
{"timestamp":"2026-06-07 12:22:03.977","level":"DEBUG","thread":"main","correlationId":"","logger":"o.s.w.s.h.SimpleUrlHandlerMapping","message":"Patterns [/webjars/**, /**, /swagger-ui*/*swagger-initializer.js, /swagger-ui*/**] in 'resourceHandlerMapping'","exception":""}
{"timestamp":"2026-06-07 12:22:04.008","level":"INFO","thread":"main","correlationId":"","logger":"o.s.b.a.e.web.EndpointLinksResolver","message":"Exposing 13 endpoints beneath base path '/actuator'","exception":""}
{"timestamp":"2026-06-07 12:22:04.040","level":"DEBUG","thread":"main","correlationId":"","logger":"o.s.s.web.DefaultSecurityFilterChain","message":"Will secure any request with filters: DisableEncodeUrlFilter, WebAsyncManagerIntegrationFilter, SecurityContextHolderFilter, HeaderWriterFilter, CorsFilter, LogoutFilter, JwtAuthenticationFilter, RequestCacheAwareFilter, SecurityContextHolderAwareRequestFilter, AnonymousAuthenticationFilter, SessionManagementFilter, ExceptionTranslationFilter, AuthorizationFilter","exception":""}
{"timestamp":"2026-06-07 12:22:04.059","level":"DEBUG","thread":"main","correlationId":"","logger":"o.s.w.s.m.m.a.RequestMappingHandlerAdapter","message":"ControllerAdvice beans: 0 @ModelAttribute, 0 @InitBinder, 1 RequestBodyAdvice, 1 ResponseBodyAdvice","exception":""}
{"timestamp":"2026-06-07 12:22:04.064","level":"DEBUG","thread":"main","correlationId":"","logger":"o.s.w.s.m.m.a.ExceptionHandlerExceptionResolver","message":"ControllerAdvice beans: 2 @ExceptionHandler, 1 ResponseBodyAdvice","exception":""}
{"timestamp":"2026-06-07 12:22:04.088","level":"INFO","thread":"main","correlationId":"","logger":"o.s.b.a.h.H2ConsoleAutoConfiguration","message":"H2 console available at '/h2-console'. Database available at 'jdbc:h2:mem:deliverydb'","exception":""}
{"timestamp":"2026-06-07 12:22:04.098","level":"DEBUG","thread":"main","correlationId":"","logger":"o.s.w.f.ServerHttpObservationFilter","message":"Filter 'webMvcObservationFilter' configured for use","exception":""}
{"timestamp":"2026-06-07 12:22:04.098","level":"INFO","thread":"main","correlationId":"","logger":"o.s.b.t.m.w.SpringBootMockServletContext","message":"Initializing Spring TestDispatcherServlet ''","exception":""}
{"timestamp":"2026-06-07 12:22:04.098","level":"INFO","thread":"main","correlationId":"","logger":"o.s.t.w.s.TestDispatcherServlet","message":"Initializing Servlet ''","exception":""}
{"timestamp":"2026-06-07 12:22:04.099","level":"INFO","thread":"main","correlationId":"","logger":"o.s.t.w.s.TestDispatcherServlet","message":"Completed initialization in 1 ms","exception":""}
{"timestamp":"2026-06-07 12:22:04.105","level":"INFO","thread":"main","correlationId":"","logger":"c.d.d.c.PedidoControllerTest","message":"Started PedidoControllerTest in 0.529 seconds (process running for 21.145)","exception":""}
{"timestamp":"2026-06-07 12:22:04.124","level":"DEBUG","thread":"main","correlationId":"","logger":"o.s.security.web.FilterChainProxy","message":"Securing POST /api/pedidos","exception":""}
{"timestamp":"2026-06-07 12:22:04.124","level":"WARN","thread":"main","correlationId":"","logger":"c.d.d.s.JwtAuthenticationFilter","message":"JWT Token não começa com Bearer String","exception":""}
{"timestamp":"2026-06-07 12:22:04.125","level":"DEBUG","thread":"main","correlationId":"","logger":"o.s.security.web.FilterChainProxy","message":"Secured POST /api/pedidos","exception":""}
{"timestamp":"2026-06-07 12:22:04.125","level":"DEBUG","thread":"main","correlationId":"f1ca72f6f1b64db8","logger":"o.s.w.s.m.m.a.RequestMappingHandlerMapping","message":"Mapped to com.deliverytech.delivery_api.controller.PedidoController#criarPedido(PedidoReqDTO)","exception":""}
{"timestamp":"2026-06-07 12:22:04.127","level":"DEBUG","thread":"main","correlationId":"f1ca72f6f1b64db8","logger":"o.s.w.s.m.m.a.RequestResponseBodyMethodProcessor","message":"Read "application/json;charset=UTF-8" to [com.deliverytech.delivery_api.dto.req.PedidoReqDTO@22527982]","exception":""}
{"timestamp":"2026-06-07 12:22:04.137","level":"DEBUG","thread":"main","correlationId":"f1ca72f6f1b64db8","logger":"o.s.w.s.m.m.a.HttpEntityMethodProcessor","message":"Using 'application/json', given [*/*] and supported [application/json, application/*+json, application/yaml]","exception":""}
{"timestamp":"2026-06-07 12:22:04.137","level":"DEBUG","thread":"main","correlationId":"f1ca72f6f1b64db8","logger":"o.s.w.s.m.m.a.HttpEntityMethodProcessor","message":"Writing [com.deliverytech.delivery_api.dto.res.PedidoResDTO@5e6edfa1]","exception":""}
{"timestamp":"2026-06-07 12:22:04.143","level":"DEBUG","thread":"main","correlationId":"","logger":"o.s.security.web.FilterChainProxy","message":"Securing PATCH /api/pedidos/4/status","exception":""}
{"timestamp":"2026-06-07 12:22:04.144","level":"WARN","thread":"main","correlationId":"","logger":"c.d.d.s.JwtAuthenticationFilter","message":"JWT Token não começa com Bearer String","exception":""}
{"timestamp":"2026-06-07 12:22:04.144","level":"DEBUG","thread":"main","correlationId":"","logger":"o.s.security.web.FilterChainProxy","message":"Secured PATCH /api/pedidos/4/status","exception":""}
{"timestamp":"2026-06-07 12:22:04.144","level":"DEBUG","thread":"main","correlationId":"c35017b0683b4802","logger":"o.s.w.s.m.m.a.RequestMappingHandlerMapping","message":"Mapped to com.deliverytech.delivery_api.controller.PedidoController#atualizarStatus(Long, StatusPedidoDTO)","exception":""}
{"timestamp":"2026-06-07 12:22:04.148","level":"DEBUG","thread":"main","correlationId":"c35017b0683b4802","logger":"o.s.w.s.m.m.a.RequestResponseBodyMethodProcessor","message":"Read "application/json;charset=UTF-8" to [com.deliverytech.delivery_api.dto.StatusPedidoDTO@682b273a]","exception":""}
{"timestamp":"2026-06-07 12:22:04.151","level":"DEBUG","thread":"main","correlationId":"c35017b0683b4802","logger":"o.s.w.s.m.m.a.HttpEntityMethodProcessor","message":"Using 'application/json', given [*/*] and supported [application/json, application/*+json, application/yaml]","exception":""}
{"timestamp":"2026-06-07 12:22:04.151","level":"DEBUG","thread":"main","correlationId":"c35017b0683b4802","logger":"o.s.w.s.m.m.a.HttpEntityMethodProcessor","message":"Writing [com.deliverytech.delivery_api.dto.res.PedidoResDTO@14f32b0b]","exception":""}
{"timestamp":"2026-06-07 12:22:04.157","level":"DEBUG","thread":"main","correlationId":"","logger":"o.s.w.c.s.GenericWebApplicationContext","message":"Closing org.springframework.web.context.support.GenericWebApplicationContext@2489d1ce, started on Sun Jun 07 12:22:03 BRT 2026","exception":""}
{"timestamp":"2026-06-07 12:22:04.158","level":"INFO","thread":"main","correlationId":"","logger":"o.s.o.j.LocalContainerEntityManagerFactoryBean","message":"Closing JPA EntityManagerFactory for persistence unit 'default'","exception":""}
{"timestamp":"2026-06-07 12:22:04.159","level":"INFO","thread":"main","correlationId":"","logger":"com.zaxxer.hikari.HikariDataSource","message":"HikariPool-12 - Shutdown initiated...","exception":""}
{"timestamp":"2026-06-07 12:22:04.185","level":"INFO","thread":"main","correlationId":"","logger":"com.zaxxer.hikari.HikariDataSource","message":"HikariPool-12 - Shutdown completed.","exception":""}
{"timestamp":"2026-06-07 12:22:04.186","level":"INFO","thread":"main","correlationId":"","logger":"o.s.b.d.r.RestartApplicationListener","message":"Restart disabled due to context in which it is running","exception":""}
{"timestamp":"2026-06-07 12:22:04.203","level":"INFO","thread":"main","correlationId":"","logger":"c.d.d.c.PedidoControllerTest","message":"Starting PedidoControllerTest using Java 21.0.11 with PID 24140 (started by Santana in C:\Pasta Códiguinhos\arquitetura de sistemas fat\delivery-api\delivery-api)","exception":""}
{"timestamp":"2026-06-07 12:22:04.203","level":"INFO","thread":"main","correlationId":"","logger":"c.d.d.c.PedidoControllerTest","message":"The following 1 profile is active: "test"","exception":""}
{"timestamp":"2026-06-07 12:22:04.203","level":"DEBUG","thread":"main","correlationId":"","logger":"o.s.w.c.s.GenericWebApplicationContext","message":"Refreshing org.springframework.web.context.support.GenericWebApplicationContext@4ce9aa76","exception":""}
{"timestamp":"2026-06-07 12:22:04.355","level":"INFO","thread":"main","correlationId":"","logger":"o.s.d.r.c.RepositoryConfigurationDelegate","message":"Bootstrapping Spring Data JPA repositories in DEFAULT mode.","exception":""}
{"timestamp":"2026-06-07 12:22:04.370","level":"INFO","thread":"main","correlationId":"","logger":"o.s.d.r.c.RepositoryConfigurationDelegate","message":"Finished Spring Data repository scanning in 14 ms. Found 5 JPA repository interfaces.","exception":""}
{"timestamp":"2026-06-07 12:22:04.416","level":"INFO","thread":"main","correlationId":"","logger":"o.s.o.j.p.SpringPersistenceUnitInfo","message":"No LoadTimeWeaver setup: ignoring JPA class transformer","exception":""}
{"timestamp":"2026-06-07 12:22:04.417","level":"INFO","thread":"main","correlationId":"","logger":"com.zaxxer.hikari.HikariDataSource","message":"HikariPool-13 - Starting...","exception":""}
{"timestamp":"2026-06-07 12:22:04.418","level":"INFO","thread":"main","correlationId":"","logger":"com.zaxxer.hikari.pool.HikariPool","message":"HikariPool-13 - Added connection conn115: url=jdbc:h2:mem:deliverydb user=SA","exception":""}
{"timestamp":"2026-06-07 12:22:04.418","level":"INFO","thread":"main","correlationId":"","logger":"com.zaxxer.hikari.HikariDataSource","message":"HikariPool-13 - Start completed.","exception":""}
{"timestamp":"2026-06-07 12:22:04.418","level":"WARN","thread":"main","correlationId":"","logger":"org.hibernate.orm.deprecation","message":"HHH90000025: H2Dialect does not need to be specified explicitly using 'hibernate.dialect' (remove the property setting and it will be selected by default)","exception":""}
{"timestamp":"2026-06-07 12:22:04.452","level":"INFO","thread":"main","correlationId":"","logger":"o.s.o.j.LocalContainerEntityManagerFactoryBean","message":"Initialized JPA EntityManagerFactory for persistence unit 'default'","exception":""}
{"timestamp":"2026-06-07 12:22:04.470","level":"INFO","thread":"main","correlationId":"","logger":"o.s.s.c.a.a.c.InitializeAuthenticationProviderBeanManagerConfigurer$InitializeAuthenticationProviderManagerConfigurer","message":"Global AuthenticationManager configured with AuthenticationProvider bean with name authenticationProvider","exception":""}
{"timestamp":"2026-06-07 12:22:04.470","level":"WARN","thread":"main","correlationId":"","logger":"o.s.s.c.a.a.c.InitializeUserDetailsBeanManagerConfigurer$InitializeUserDetailsManagerConfigurer","message":"Global AuthenticationManager configured with an AuthenticationProvider bean. UserDetailsService beans will not be used by Spring Security for automatically configuring username/password login. Consider removing the AuthenticationProvider bean. Alternatively, consider using the UserDetailsService in a manually instantiated DaoAuthenticationProvider. If the current configuration is intentional, to turn off this warning, increase the logging level of 'org.springframework.security.config.annotation.authentication.configuration.InitializeUserDetailsBeanManagerConfigurer' to ERROR","exception":""}
{"timestamp":"2026-06-07 12:22:04.550","level":"DEBUG","thread":"main","correlationId":"","logger":"o.s.w.s.m.m.a.RequestMappingHandlerMapping","message":"41 mappings in 'requestMappingHandlerMapping'","exception":""}
{"timestamp":"2026-06-07 12:22:04.568","level":"DEBUG","thread":"main","correlationId":"","logger":"o.s.w.s.h.SimpleUrlHandlerMapping","message":"Patterns [/webjars/**, /**, /swagger-ui*/*swagger-initializer.js, /swagger-ui*/**] in 'resourceHandlerMapping'","exception":""}
{"timestamp":"2026-06-07 12:22:04.604","level":"INFO","thread":"main","correlationId":"","logger":"o.s.b.a.e.web.EndpointLinksResolver","message":"Exposing 13 endpoints beneath base path '/actuator'","exception":""}
{"timestamp":"2026-06-07 12:22:04.628","level":"DEBUG","thread":"main","correlationId":"","logger":"o.s.s.web.DefaultSecurityFilterChain","message":"Will secure any request with filters: DisableEncodeUrlFilter, WebAsyncManagerIntegrationFilter, SecurityContextHolderFilter, HeaderWriterFilter, CorsFilter, LogoutFilter, JwtAuthenticationFilter, RequestCacheAwareFilter, SecurityContextHolderAwareRequestFilter, AnonymousAuthenticationFilter, SessionManagementFilter, ExceptionTranslationFilter, AuthorizationFilter","exception":""}
{"timestamp":"2026-06-07 12:22:04.650","level":"DEBUG","thread":"main","correlationId":"","logger":"o.s.w.s.m.m.a.RequestMappingHandlerAdapter","message":"ControllerAdvice beans: 0 @ModelAttribute, 0 @InitBinder, 1 RequestBodyAdvice, 1 ResponseBodyAdvice","exception":""}
{"timestamp":"2026-06-07 12:22:04.653","level":"DEBUG","thread":"main","correlationId":"","logger":"o.s.w.s.m.m.a.ExceptionHandlerExceptionResolver","message":"ControllerAdvice beans: 2 @ExceptionHandler, 1 ResponseBodyAdvice","exception":""}
{"timestamp":"2026-06-07 12:22:04.680","level":"INFO","thread":"main","correlationId":"","logger":"o.s.b.a.h.H2ConsoleAutoConfiguration","message":"H2 console available at '/h2-console'. Database available at 'jdbc:h2:mem:deliverydb'","exception":""}
{"timestamp":"2026-06-07 12:22:04.691","level":"DEBUG","thread":"main","correlationId":"","logger":"o.s.w.f.ServerHttpObservationFilter","message":"Filter 'webMvcObservationFilter' configured for use","exception":""}
{"timestamp":"2026-06-07 12:22:04.691","level":"INFO","thread":"main","correlationId":"","logger":"o.s.b.t.m.w.SpringBootMockServletContext","message":"Initializing Spring TestDispatcherServlet ''","exception":""}
{"timestamp":"2026-06-07 12:22:04.691","level":"INFO","thread":"main","correlationId":"","logger":"o.s.t.w.s.TestDispatcherServlet","message":"Initializing Servlet ''","exception":""}
{"timestamp":"2026-06-07 12:22:04.692","level":"INFO","thread":"main","correlationId":"","logger":"o.s.t.w.s.TestDispatcherServlet","message":"Completed initialization in 1 ms","exception":""}
{"timestamp":"2026-06-07 12:22:04.700","level":"INFO","thread":"main","correlationId":"","logger":"c.d.d.c.PedidoControllerTest","message":"Started PedidoControllerTest in 0.514 seconds (process running for 21.739)","exception":""}
{"timestamp":"2026-06-07 12:22:04.721","level":"DEBUG","thread":"main","correlationId":"","logger":"o.s.security.web.FilterChainProxy","message":"Securing POST /api/pedidos","exception":""}
{"timestamp":"2026-06-07 12:22:04.721","level":"WARN","thread":"main","correlationId":"","logger":"c.d.d.s.JwtAuthenticationFilter","message":"JWT Token não começa com Bearer String","exception":""}
{"timestamp":"2026-06-07 12:22:04.722","level":"DEBUG","thread":"main","correlationId":"","logger":"o.s.security.web.FilterChainProxy","message":"Secured POST /api/pedidos","exception":""}
{"timestamp":"2026-06-07 12:22:04.722","level":"DEBUG","thread":"main","correlationId":"0197df28e5be493b","logger":"o.s.w.s.m.m.a.RequestMappingHandlerMapping","message":"Mapped to com.deliverytech.delivery_api.controller.PedidoController#criarPedido(PedidoReqDTO)","exception":""}
{"timestamp":"2026-06-07 12:22:04.724","level":"DEBUG","thread":"main","correlationId":"0197df28e5be493b","logger":"o.s.w.s.m.m.a.RequestResponseBodyMethodProcessor","message":"Read "application/json;charset=UTF-8" to [com.deliverytech.delivery_api.dto.req.PedidoReqDTO@760d2138]","exception":""}
{"timestamp":"2026-06-07 12:22:04.735","level":"DEBUG","thread":"main","correlationId":"0197df28e5be493b","logger":"o.s.w.s.m.m.a.HttpEntityMethodProcessor","message":"Using 'application/json', given [*/*] and supported [application/json, application/*+json, application/yaml]","exception":""}
{"timestamp":"2026-06-07 12:22:04.735","level":"DEBUG","thread":"main","correlationId":"0197df28e5be493b","logger":"o.s.w.s.m.m.a.HttpEntityMethodProcessor","message":"Writing [com.deliverytech.delivery_api.dto.res.PedidoResDTO@6665ae16]","exception":""}
{"timestamp":"2026-06-07 12:22:04.738","level":"DEBUG","thread":"main","correlationId":"","logger":"o.s.security.web.FilterChainProxy","message":"Securing PATCH /api/pedidos/4/status","exception":""}
{"timestamp":"2026-06-07 12:22:04.738","level":"WARN","thread":"main","correlationId":"","logger":"c.d.d.s.JwtAuthenticationFilter","message":"JWT Token não começa com Bearer String","exception":""}
{"timestamp":"2026-06-07 12:22:04.739","level":"DEBUG","thread":"main","correlationId":"","logger":"o.s.security.web.FilterChainProxy","message":"Secured PATCH /api/pedidos/4/status","exception":""}
{"timestamp":"2026-06-07 12:22:04.739","level":"DEBUG","thread":"main","correlationId":"ea0230aaece3405c","logger":"o.s.w.s.m.m.a.RequestMappingHandlerMapping","message":"Mapped to com.deliverytech.delivery_api.controller.PedidoController#atualizarStatus(Long, StatusPedidoDTO)","exception":""}
{"timestamp":"2026-06-07 12:22:04.740","level":"DEBUG","thread":"main","correlationId":"ea0230aaece3405c","logger":"o.s.w.s.m.m.a.RequestResponseBodyMethodProcessor","message":"Read "application/json;charset=UTF-8" to [com.deliverytech.delivery_api.dto.StatusPedidoDTO@5ae0d1a3]","exception":""}
{"timestamp":"2026-06-07 12:22:04.742","level":"DEBUG","thread":"main","correlationId":"ea0230aaece3405c","logger":"o.s.w.s.m.m.a.ExceptionHandlerExceptionResolver","message":"Using @ExceptionHandler com.deliverytech.delivery_api.exception.GlobalExceptionHandler#handleBusinessException(BusinessException, HttpServletRequest)","exception":""}
{"timestamp":"2026-06-07 12:22:04.744","level":"DEBUG","thread":"main","correlationId":"ea0230aaece3405c","logger":"o.s.w.s.m.m.a.HttpEntityMethodProcessor","message":"Using 'application/json', given [*/*] and supported [application/json, application/*+json, application/yaml]","exception":""}
{"timestamp":"2026-06-07 12:22:04.744","level":"DEBUG","thread":"main","correlationId":"ea0230aaece3405c","logger":"o.s.w.s.m.m.a.HttpEntityMethodProcessor","message":"Writing [com.deliverytech.delivery_api.dto.ErrorResponse@5ced9418]","exception":""}
{"timestamp":"2026-06-07 12:22:04.746","level":"DEBUG","thread":"main","correlationId":"ea0230aaece3405c","logger":"o.s.w.s.m.m.a.ExceptionHandlerExceptionResolver","message":"Resolved [com.deliverytech.delivery_api.exception.BusinessException: Transição de status inválida: PENDENTE -> ENTREGUE]","exception":""}
{"timestamp":"2026-06-07 12:22:04.750","level":"DEBUG","thread":"main","correlationId":"","logger":"o.s.w.c.s.GenericWebApplicationContext","message":"Closing org.springframework.web.context.support.GenericWebApplicationContext@4ce9aa76, started on Sun Jun 07 12:22:04 BRT 2026","exception":""}
{"timestamp":"2026-06-07 12:22:04.751","level":"INFO","thread":"main","correlationId":"","logger":"o.s.o.j.LocalContainerEntityManagerFactoryBean","message":"Closing JPA EntityManagerFactory for persistence unit 'default'","exception":""}
{"timestamp":"2026-06-07 12:22:04.752","level":"INFO","thread":"main","correlationId":"","logger":"com.zaxxer.hikari.HikariDataSource","message":"HikariPool-13 - Shutdown initiated...","exception":""}
{"timestamp":"2026-06-07 12:22:04.778","level":"INFO","thread":"main","correlationId":"","logger":"com.zaxxer.hikari.HikariDataSource","message":"HikariPool-13 - Shutdown completed.","exception":""}
{"timestamp":"2026-06-07 12:22:04.780","level":"INFO","thread":"main","correlationId":"","logger":"o.s.b.d.r.RestartApplicationListener","message":"Restart disabled due to context in which it is running","exception":""}
{"timestamp":"2026-06-07 12:22:04.797","level":"INFO","thread":"main","correlationId":"","logger":"c.d.d.c.PedidoControllerTest","message":"Starting PedidoControllerTest using Java 21.0.11 with PID 24140 (started by Santana in C:\Pasta Códiguinhos\arquitetura de sistemas fat\delivery-api\delivery-api)","exception":""}
{"timestamp":"2026-06-07 12:22:04.797","level":"INFO","thread":"main","correlationId":"","logger":"c.d.d.c.PedidoControllerTest","message":"The following 1 profile is active: "test"","exception":""}
{"timestamp":"2026-06-07 12:22:04.798","level":"DEBUG","thread":"main","correlationId":"","logger":"o.s.w.c.s.GenericWebApplicationContext","message":"Refreshing org.springframework.web.context.support.GenericWebApplicationContext@69c81ac5","exception":""}
{"timestamp":"2026-06-07 12:22:04.954","level":"INFO","thread":"main","correlationId":"","logger":"o.s.d.r.c.RepositoryConfigurationDelegate","message":"Bootstrapping Spring Data JPA repositories in DEFAULT mode.","exception":""}
{"timestamp":"2026-06-07 12:22:04.967","level":"INFO","thread":"main","correlationId":"","logger":"o.s.d.r.c.RepositoryConfigurationDelegate","message":"Finished Spring Data repository scanning in 13 ms. Found 5 JPA repository interfaces.","exception":""}
{"timestamp":"2026-06-07 12:22:05.012","level":"INFO","thread":"main","correlationId":"","logger":"o.s.o.j.p.SpringPersistenceUnitInfo","message":"No LoadTimeWeaver setup: ignoring JPA class transformer","exception":""}
{"timestamp":"2026-06-07 12:22:05.012","level":"INFO","thread":"main","correlationId":"","logger":"com.zaxxer.hikari.HikariDataSource","message":"HikariPool-14 - Starting...","exception":""}
{"timestamp":"2026-06-07 12:22:05.014","level":"INFO","thread":"main","correlationId":"","logger":"com.zaxxer.hikari.pool.HikariPool","message":"HikariPool-14 - Added connection conn123: url=jdbc:h2:mem:deliverydb user=SA","exception":""}
{"timestamp":"2026-06-07 12:22:05.014","level":"INFO","thread":"main","correlationId":"","logger":"com.zaxxer.hikari.HikariDataSource","message":"HikariPool-14 - Start completed.","exception":""}
{"timestamp":"2026-06-07 12:22:05.014","level":"WARN","thread":"main","correlationId":"","logger":"org.hibernate.orm.deprecation","message":"HHH90000025: H2Dialect does not need to be specified explicitly using 'hibernate.dialect' (remove the property setting and it will be selected by default)","exception":""}
{"timestamp":"2026-06-07 12:22:05.046","level":"INFO","thread":"main","correlationId":"","logger":"o.s.o.j.LocalContainerEntityManagerFactoryBean","message":"Initialized JPA EntityManagerFactory for persistence unit 'default'","exception":""}
{"timestamp":"2026-06-07 12:22:05.066","level":"INFO","thread":"main","correlationId":"","logger":"o.s.s.c.a.a.c.InitializeAuthenticationProviderBeanManagerConfigurer$InitializeAuthenticationProviderManagerConfigurer","message":"Global AuthenticationManager configured with AuthenticationProvider bean with name authenticationProvider","exception":""}
{"timestamp":"2026-06-07 12:22:05.066","level":"WARN","thread":"main","correlationId":"","logger":"o.s.s.c.a.a.c.InitializeUserDetailsBeanManagerConfigurer$InitializeUserDetailsManagerConfigurer","message":"Global AuthenticationManager configured with an AuthenticationProvider bean. UserDetailsService beans will not be used by Spring Security for automatically configuring username/password login. Consider removing the AuthenticationProvider bean. Alternatively, consider using the UserDetailsService in a manually instantiated DaoAuthenticationProvider. If the current configuration is intentional, to turn off this warning, increase the logging level of 'org.springframework.security.config.annotation.authentication.configuration.InitializeUserDetailsBeanManagerConfigurer' to ERROR","exception":""}
{"timestamp":"2026-06-07 12:22:05.145","level":"DEBUG","thread":"main","correlationId":"","logger":"o.s.w.s.m.m.a.RequestMappingHandlerMapping","message":"41 mappings in 'requestMappingHandlerMapping'","exception":""}
{"timestamp":"2026-06-07 12:22:05.164","level":"DEBUG","thread":"main","correlationId":"","logger":"o.s.w.s.h.SimpleUrlHandlerMapping","message":"Patterns [/webjars/**, /**, /swagger-ui*/*swagger-initializer.js, /swagger-ui*/**] in 'resourceHandlerMapping'","exception":""}
{"timestamp":"2026-06-07 12:22:05.193","level":"INFO","thread":"main","correlationId":"","logger":"o.s.b.a.e.web.EndpointLinksResolver","message":"Exposing 13 endpoints beneath base path '/actuator'","exception":""}
{"timestamp":"2026-06-07 12:22:05.218","level":"DEBUG","thread":"main","correlationId":"","logger":"o.s.s.web.DefaultSecurityFilterChain","message":"Will secure any request with filters: DisableEncodeUrlFilter, WebAsyncManagerIntegrationFilter, SecurityContextHolderFilter, HeaderWriterFilter, CorsFilter, LogoutFilter, JwtAuthenticationFilter, RequestCacheAwareFilter, SecurityContextHolderAwareRequestFilter, AnonymousAuthenticationFilter, SessionManagementFilter, ExceptionTranslationFilter, AuthorizationFilter","exception":""}
{"timestamp":"2026-06-07 12:22:05.238","level":"DEBUG","thread":"main","correlationId":"","logger":"o.s.w.s.m.m.a.RequestMappingHandlerAdapter","message":"ControllerAdvice beans: 0 @ModelAttribute, 0 @InitBinder, 1 RequestBodyAdvice, 1 ResponseBodyAdvice","exception":""}
{"timestamp":"2026-06-07 12:22:05.242","level":"DEBUG","thread":"main","correlationId":"","logger":"o.s.w.s.m.m.a.ExceptionHandlerExceptionResolver","message":"ControllerAdvice beans: 2 @ExceptionHandler, 1 ResponseBodyAdvice","exception":""}
{"timestamp":"2026-06-07 12:22:05.267","level":"INFO","thread":"main","correlationId":"","logger":"o.s.b.a.h.H2ConsoleAutoConfiguration","message":"H2 console available at '/h2-console'. Database available at 'jdbc:h2:mem:deliverydb'","exception":""}
{"timestamp":"2026-06-07 12:22:05.277","level":"DEBUG","thread":"main","correlationId":"","logger":"o.s.w.f.ServerHttpObservationFilter","message":"Filter 'webMvcObservationFilter' configured for use","exception":""}
{"timestamp":"2026-06-07 12:22:05.277","level":"INFO","thread":"main","correlationId":"","logger":"o.s.b.t.m.w.SpringBootMockServletContext","message":"Initializing Spring TestDispatcherServlet ''","exception":""}
{"timestamp":"2026-06-07 12:22:05.277","level":"INFO","thread":"main","correlationId":"","logger":"o.s.t.w.s.TestDispatcherServlet","message":"Initializing Servlet ''","exception":""}
{"timestamp":"2026-06-07 12:22:05.278","level":"INFO","thread":"main","correlationId":"","logger":"o.s.t.w.s.TestDispatcherServlet","message":"Completed initialization in 1 ms","exception":""}
{"timestamp":"2026-06-07 12:22:05.285","level":"INFO","thread":"main","correlationId":"","logger":"c.d.d.c.PedidoControllerTest","message":"Started PedidoControllerTest in 0.506 seconds (process running for 22.324)","exception":""}
{"timestamp":"2026-06-07 12:22:05.304","level":"DEBUG","thread":"main","correlationId":"","logger":"o.s.security.web.FilterChainProxy","message":"Securing POST /api/pedidos/calcular","exception":""}
{"timestamp":"2026-06-07 12:22:05.304","level":"WARN","thread":"main","correlationId":"","logger":"c.d.d.s.JwtAuthenticationFilter","message":"JWT Token não começa com Bearer String","exception":""}
{"timestamp":"2026-06-07 12:22:05.305","level":"DEBUG","thread":"main","correlationId":"","logger":"o.s.security.web.FilterChainProxy","message":"Secured POST /api/pedidos/calcular","exception":""}
{"timestamp":"2026-06-07 12:22:05.305","level":"DEBUG","thread":"main","correlationId":"5f23c410315149ee","logger":"o.s.w.s.m.m.a.RequestMappingHandlerMapping","message":"Mapped to com.deliverytech.delivery_api.controller.PedidoController#calcularTotal(List)","exception":""}
{"timestamp":"2026-06-07 12:22:05.307","level":"DEBUG","thread":"main","correlationId":"5f23c410315149ee","logger":"o.s.w.s.m.m.a.RequestResponseBodyMethodProcessor","message":"Read "application/json;charset=UTF-8" to [[com.deliverytech.delivery_api.dto.ItemPedidoDTO@3d6f1090]]","exception":""}
{"timestamp":"2026-06-07 12:22:05.318","level":"DEBUG","thread":"main","correlationId":"5f23c410315149ee","logger":"o.s.w.s.m.m.a.HttpEntityMethodProcessor","message":"Using 'application/json', given [*/*] and supported [application/json, application/*+json, application/yaml]","exception":""}
{"timestamp":"2026-06-07 12:22:05.319","level":"DEBUG","thread":"main","correlationId":"5f23c410315149ee","logger":"o.s.w.s.m.m.a.HttpEntityMethodProcessor","message":"Writing [89.7]","exception":""}
{"timestamp":"2026-06-07 12:22:05.324","level":"DEBUG","thread":"main","correlationId":"","logger":"o.s.w.c.s.GenericWebApplicationContext","message":"Closing org.springframework.web.context.support.GenericWebApplicationContext@69c81ac5, started on Sun Jun 07 12:22:04 BRT 2026","exception":""}
{"timestamp":"2026-06-07 12:22:05.325","level":"INFO","thread":"main","correlationId":"","logger":"o.s.o.j.LocalContainerEntityManagerFactoryBean","message":"Closing JPA EntityManagerFactory for persistence unit 'default'","exception":""}
{"timestamp":"2026-06-07 12:22:05.326","level":"INFO","thread":"main","correlationId":"","logger":"com.zaxxer.hikari.HikariDataSource","message":"HikariPool-14 - Shutdown initiated...","exception":""}
{"timestamp":"2026-06-07 12:22:05.354","level":"INFO","thread":"main","correlationId":"","logger":"com.zaxxer.hikari.HikariDataSource","message":"HikariPool-14 - Shutdown completed.","exception":""}
{"timestamp":"2026-06-07 12:22:05.355","level":"INFO","thread":"main","correlationId":"","logger":"o.s.b.d.r.RestartApplicationListener","message":"Restart disabled due to context in which it is running","exception":""}
{"timestamp":"2026-06-07 12:22:05.371","level":"INFO","thread":"main","correlationId":"","logger":"c.d.d.c.PedidoControllerTest","message":"Starting PedidoControllerTest using Java 21.0.11 with PID 24140 (started by Santana in C:\Pasta Códiguinhos\arquitetura de sistemas fat\delivery-api\delivery-api)","exception":""}
{"timestamp":"2026-06-07 12:22:05.371","level":"INFO","thread":"main","correlationId":"","logger":"c.d.d.c.PedidoControllerTest","message":"The following 1 profile is active: "test"","exception":""}
{"timestamp":"2026-06-07 12:22:05.372","level":"DEBUG","thread":"main","correlationId":"","logger":"o.s.w.c.s.GenericWebApplicationContext","message":"Refreshing org.springframework.web.context.support.GenericWebApplicationContext@581a0743","exception":""}
{"timestamp":"2026-06-07 12:22:05.527","level":"INFO","thread":"main","correlationId":"","logger":"o.s.d.r.c.RepositoryConfigurationDelegate","message":"Bootstrapping Spring Data JPA repositories in DEFAULT mode.","exception":""}
{"timestamp":"2026-06-07 12:22:05.541","level":"INFO","thread":"main","correlationId":"","logger":"o.s.d.r.c.RepositoryConfigurationDelegate","message":"Finished Spring Data repository scanning in 13 ms. Found 5 JPA repository interfaces.","exception":""}
{"timestamp":"2026-06-07 12:22:05.588","level":"INFO","thread":"main","correlationId":"","logger":"o.s.o.j.p.SpringPersistenceUnitInfo","message":"No LoadTimeWeaver setup: ignoring JPA class transformer","exception":""}
{"timestamp":"2026-06-07 12:22:05.588","level":"INFO","thread":"main","correlationId":"","logger":"com.zaxxer.hikari.HikariDataSource","message":"HikariPool-15 - Starting...","exception":""}
{"timestamp":"2026-06-07 12:22:05.589","level":"INFO","thread":"main","correlationId":"","logger":"com.zaxxer.hikari.pool.HikariPool","message":"HikariPool-15 - Added connection conn131: url=jdbc:h2:mem:deliverydb user=SA","exception":""}
{"timestamp":"2026-06-07 12:22:05.590","level":"INFO","thread":"main","correlationId":"","logger":"com.zaxxer.hikari.HikariDataSource","message":"HikariPool-15 - Start completed.","exception":""}
{"timestamp":"2026-06-07 12:22:05.590","level":"WARN","thread":"main","correlationId":"","logger":"org.hibernate.orm.deprecation","message":"HHH90000025: H2Dialect does not need to be specified explicitly using 'hibernate.dialect' (remove the property setting and it will be selected by default)","exception":""}
{"timestamp":"2026-06-07 12:22:05.622","level":"INFO","thread":"main","correlationId":"","logger":"o.s.o.j.LocalContainerEntityManagerFactoryBean","message":"Initialized JPA EntityManagerFactory for persistence unit 'default'","exception":""}
{"timestamp":"2026-06-07 12:22:05.645","level":"INFO","thread":"main","correlationId":"","logger":"o.s.s.c.a.a.c.InitializeAuthenticationProviderBeanManagerConfigurer$InitializeAuthenticationProviderManagerConfigurer","message":"Global AuthenticationManager configured with AuthenticationProvider bean with name authenticationProvider","exception":""}
{"timestamp":"2026-06-07 12:22:05.645","level":"WARN","thread":"main","correlationId":"","logger":"o.s.s.c.a.a.c.InitializeUserDetailsBeanManagerConfigurer$InitializeUserDetailsManagerConfigurer","message":"Global AuthenticationManager configured with an AuthenticationProvider bean. UserDetailsService beans will not be used by Spring Security for automatically configuring username/password login. Consider removing the AuthenticationProvider bean. Alternatively, consider using the UserDetailsService in a manually instantiated DaoAuthenticationProvider. If the current configuration is intentional, to turn off this warning, increase the logging level of 'org.springframework.security.config.annotation.authentication.configuration.InitializeUserDetailsBeanManagerConfigurer' to ERROR","exception":""}
{"timestamp":"2026-06-07 12:22:05.717","level":"DEBUG","thread":"main","correlationId":"","logger":"o.s.w.s.m.m.a.RequestMappingHandlerMapping","message":"41 mappings in 'requestMappingHandlerMapping'","exception":""}
{"timestamp":"2026-06-07 12:22:05.734","level":"DEBUG","thread":"main","correlationId":"","logger":"o.s.w.s.h.SimpleUrlHandlerMapping","message":"Patterns [/webjars/**, /**, /swagger-ui*/*swagger-initializer.js, /swagger-ui*/**] in 'resourceHandlerMapping'","exception":""}
{"timestamp":"2026-06-07 12:22:05.762","level":"INFO","thread":"main","correlationId":"","logger":"o.s.b.a.e.web.EndpointLinksResolver","message":"Exposing 13 endpoints beneath base path '/actuator'","exception":""}
{"timestamp":"2026-06-07 12:22:05.787","level":"DEBUG","thread":"main","correlationId":"","logger":"o.s.s.web.DefaultSecurityFilterChain","message":"Will secure any request with filters: DisableEncodeUrlFilter, WebAsyncManagerIntegrationFilter, SecurityContextHolderFilter, HeaderWriterFilter, CorsFilter, LogoutFilter, JwtAuthenticationFilter, RequestCacheAwareFilter, SecurityContextHolderAwareRequestFilter, AnonymousAuthenticationFilter, SessionManagementFilter, ExceptionTranslationFilter, AuthorizationFilter","exception":""}
{"timestamp":"2026-06-07 12:22:05.807","level":"DEBUG","thread":"main","correlationId":"","logger":"o.s.w.s.m.m.a.RequestMappingHandlerAdapter","message":"ControllerAdvice beans: 0 @ModelAttribute, 0 @InitBinder, 1 RequestBodyAdvice, 1 ResponseBodyAdvice","exception":""}
{"timestamp":"2026-06-07 12:22:05.811","level":"DEBUG","thread":"main","correlationId":"","logger":"o.s.w.s.m.m.a.ExceptionHandlerExceptionResolver","message":"ControllerAdvice beans: 2 @ExceptionHandler, 1 ResponseBodyAdvice","exception":""}
{"timestamp":"2026-06-07 12:22:05.836","level":"INFO","thread":"main","correlationId":"","logger":"o.s.b.a.h.H2ConsoleAutoConfiguration","message":"H2 console available at '/h2-console'. Database available at 'jdbc:h2:mem:deliverydb'","exception":""}
{"timestamp":"2026-06-07 12:22:05.846","level":"DEBUG","thread":"main","correlationId":"","logger":"o.s.w.f.ServerHttpObservationFilter","message":"Filter 'webMvcObservationFilter' configured for use","exception":""}
{"timestamp":"2026-06-07 12:22:05.846","level":"INFO","thread":"main","correlationId":"","logger":"o.s.b.t.m.w.SpringBootMockServletContext","message":"Initializing Spring TestDispatcherServlet ''","exception":""}
{"timestamp":"2026-06-07 12:22:05.846","level":"INFO","thread":"main","correlationId":"","logger":"o.s.t.w.s.TestDispatcherServlet","message":"Initializing Servlet ''","exception":""}
{"timestamp":"2026-06-07 12:22:05.846","level":"INFO","thread":"main","correlationId":"","logger":"o.s.t.w.s.TestDispatcherServlet","message":"Completed initialization in 0 ms","exception":""}
{"timestamp":"2026-06-07 12:22:05.854","level":"INFO","thread":"main","correlationId":"","logger":"c.d.d.c.PedidoControllerTest","message":"Started PedidoControllerTest in 0.499 seconds (process running for 22.893)","exception":""}
{"timestamp":"2026-06-07 12:22:05.872","level":"DEBUG","thread":"main","correlationId":"","logger":"o.s.security.web.FilterChainProxy","message":"Securing GET /api/pedidos/999999","exception":""}
{"timestamp":"2026-06-07 12:22:05.873","level":"WARN","thread":"main","correlationId":"","logger":"c.d.d.s.JwtAuthenticationFilter","message":"JWT Token não começa com Bearer String","exception":""}
{"timestamp":"2026-06-07 12:22:05.875","level":"DEBUG","thread":"main","correlationId":"","logger":"o.s.security.web.FilterChainProxy","message":"Secured GET /api/pedidos/999999","exception":""}
{"timestamp":"2026-06-07 12:22:05.875","level":"DEBUG","thread":"main","correlationId":"73276e6695124564","logger":"o.s.w.s.m.m.a.RequestMappingHandlerMapping","message":"Mapped to com.deliverytech.delivery_api.controller.PedidoController#buscarPorId(Long)","exception":""}
{"timestamp":"2026-06-07 12:22:05.877","level":"DEBUG","thread":"main","correlationId":"73276e6695124564","logger":"o.s.w.s.m.m.a.ExceptionHandlerExceptionResolver","message":"Using @ExceptionHandler com.deliverytech.delivery_api.exception.GlobalExceptionHandler#handleEntityNotFound(EntityNotFoundException, HttpServletRequest)","exception":""}
{"timestamp":"2026-06-07 12:22:05.879","level":"DEBUG","thread":"main","correlationId":"73276e6695124564","logger":"o.s.w.s.m.m.a.HttpEntityMethodProcessor","message":"Using 'application/json', given [*/*] and supported [application/json, application/*+json, application/yaml]","exception":""}
{"timestamp":"2026-06-07 12:22:05.880","level":"DEBUG","thread":"main","correlationId":"73276e6695124564","logger":"o.s.w.s.m.m.a.HttpEntityMethodProcessor","message":"Writing [com.deliverytech.delivery_api.dto.ErrorResponse@70796af]","exception":""}
{"timestamp":"2026-06-07 12:22:05.880","level":"DEBUG","thread":"main","correlationId":"73276e6695124564","logger":"o.s.w.s.m.m.a.ExceptionHandlerExceptionResolver","message":"Resolved [com.deliverytech.delivery_api.exception.EntityNotFoundException: Pedido não encontrado com ID: 999999]","exception":""}
{"timestamp":"2026-06-07 12:22:05.885","level":"INFO","thread":"main","correlationId":"","logger":"o.s.t.c.s.AnnotationConfigContextLoaderUtils","message":"Could not detect default configuration classes for test class [com.deliverytech.delivery_api.DeliveryApiApplicationTests]: DeliveryApiApplicationTests does not declare any static, non-private, non-final, nested classes annotated with @Configuration.","exception":""}
{"timestamp":"2026-06-07 12:22:05.891","level":"INFO","thread":"main","correlationId":"","logger":"o.s.b.t.c.SpringBootTestContextBootstrapper","message":"Found @SpringBootConfiguration com.deliverytech.delivery_api.DeliveryApiApplication for test class com.deliverytech.delivery_api.DeliveryApiApplicationTests","exception":""}
{"timestamp":"2026-06-07 12:22:05.894","level":"INFO","thread":"main","correlationId":"","logger":"o.s.b.d.r.RestartApplicationListener","message":"Restart disabled due to context in which it is running","exception":""}
{"timestamp":"2026-06-07 12:22:05.902","level":"INFO","thread":"main","correlationId":"","logger":"c.d.d.DeliveryApiApplicationTests","message":"Starting DeliveryApiApplicationTests using Java 21.0.11 with PID 24140 (started by Santana in C:\Pasta Códiguinhos\arquitetura de sistemas fat\delivery-api\delivery-api)","exception":""}
{"timestamp":"2026-06-07 12:22:05.902","level":"INFO","thread":"main","correlationId":"","logger":"c.d.d.DeliveryApiApplicationTests","message":"No active profile set, falling back to 1 default profile: "default"","exception":""}
{"timestamp":"2026-06-07 12:22:05.904","level":"DEBUG","thread":"main","correlationId":"","logger":"o.s.w.c.s.GenericWebApplicationContext","message":"Refreshing org.springframework.web.context.support.GenericWebApplicationContext@60b62aca","exception":""}
{"timestamp":"2026-06-07 12:22:06.049","level":"INFO","thread":"main","correlationId":"","logger":"o.s.d.r.c.RepositoryConfigurationDelegate","message":"Bootstrapping Spring Data JPA repositories in DEFAULT mode.","exception":""}
{"timestamp":"2026-06-07 12:22:06.062","level":"INFO","thread":"main","correlationId":"","logger":"o.s.d.r.c.RepositoryConfigurationDelegate","message":"Finished Spring Data repository scanning in 13 ms. Found 5 JPA repository interfaces.","exception":""}
{"timestamp":"2026-06-07 12:22:06.111","level":"INFO","thread":"main","correlationId":"","logger":"o.s.o.j.p.SpringPersistenceUnitInfo","message":"No LoadTimeWeaver setup: ignoring JPA class transformer","exception":""}
{"timestamp":"2026-06-07 12:22:06.112","level":"INFO","thread":"main","correlationId":"","logger":"com.zaxxer.hikari.HikariDataSource","message":"HikariPool-16 - Starting...","exception":""}
{"timestamp":"2026-06-07 12:22:06.112","level":"INFO","thread":"main","correlationId":"","logger":"com.zaxxer.hikari.pool.HikariPool","message":"HikariPool-16 - Added connection conn141: url=jdbc:h2:mem:deliverydb user=SA","exception":""}
{"timestamp":"2026-06-07 12:22:06.113","level":"INFO","thread":"main","correlationId":"","logger":"com.zaxxer.hikari.HikariDataSource","message":"HikariPool-16 - Start completed.","exception":""}
{"timestamp":"2026-06-07 12:22:06.113","level":"WARN","thread":"main","correlationId":"","logger":"org.hibernate.orm.deprecation","message":"HHH90000025: H2Dialect does not need to be specified explicitly using 'hibernate.dialect' (remove the property setting and it will be selected by default)","exception":""}
{"timestamp":"2026-06-07 12:22:06.146","level":"INFO","thread":"main","correlationId":"","logger":"o.s.o.j.LocalContainerEntityManagerFactoryBean","message":"Initialized JPA EntityManagerFactory for persistence unit 'default'","exception":""}
{"timestamp":"2026-06-07 12:22:06.166","level":"INFO","thread":"main","correlationId":"","logger":"o.s.s.c.a.a.c.InitializeAuthenticationProviderBeanManagerConfigurer$InitializeAuthenticationProviderManagerConfigurer","message":"Global AuthenticationManager configured with AuthenticationProvider bean with name authenticationProvider","exception":""}
{"timestamp":"2026-06-07 12:22:06.166","level":"WARN","thread":"main","correlationId":"","logger":"o.s.s.c.a.a.c.InitializeUserDetailsBeanManagerConfigurer$InitializeUserDetailsManagerConfigurer","message":"Global AuthenticationManager configured with an AuthenticationProvider bean. UserDetailsService beans will not be used by Spring Security for automatically configuring username/password login. Consider removing the AuthenticationProvider bean. Alternatively, consider using the UserDetailsService in a manually instantiated DaoAuthenticationProvider. If the current configuration is intentional, to turn off this warning, increase the logging level of 'org.springframework.security.config.annotation.authentication.configuration.InitializeUserDetailsBeanManagerConfigurer' to ERROR","exception":""}
{"timestamp":"2026-06-07 12:22:06.234","level":"DEBUG","thread":"main","correlationId":"","logger":"o.s.w.s.m.m.a.RequestMappingHandlerMapping","message":"41 mappings in 'requestMappingHandlerMapping'","exception":""}
{"timestamp":"2026-06-07 12:22:06.252","level":"DEBUG","thread":"main","correlationId":"","logger":"o.s.w.s.h.SimpleUrlHandlerMapping","message":"Patterns [/webjars/**, /**, /swagger-ui*/*swagger-initializer.js, /swagger-ui*/**] in 'resourceHandlerMapping'","exception":""}
{"timestamp":"2026-06-07 12:22:06.280","level":"INFO","thread":"main","correlationId":"","logger":"o.s.b.a.e.web.EndpointLinksResolver","message":"Exposing 13 endpoints beneath base path '/actuator'","exception":""}
{"timestamp":"2026-06-07 12:22:06.306","level":"DEBUG","thread":"main","correlationId":"","logger":"o.s.s.web.DefaultSecurityFilterChain","message":"Will secure any request with filters: DisableEncodeUrlFilter, WebAsyncManagerIntegrationFilter, SecurityContextHolderFilter, HeaderWriterFilter, CorsFilter, LogoutFilter, JwtAuthenticationFilter, RequestCacheAwareFilter, SecurityContextHolderAwareRequestFilter, AnonymousAuthenticationFilter, SessionManagementFilter, ExceptionTranslationFilter, AuthorizationFilter","exception":""}
{"timestamp":"2026-06-07 12:22:06.326","level":"DEBUG","thread":"main","correlationId":"","logger":"o.s.w.s.m.m.a.RequestMappingHandlerAdapter","message":"ControllerAdvice beans: 0 @ModelAttribute, 0 @InitBinder, 1 RequestBodyAdvice, 1 ResponseBodyAdvice","exception":""}
{"timestamp":"2026-06-07 12:22:06.331","level":"DEBUG","thread":"main","correlationId":"","logger":"o.s.w.s.m.m.a.ExceptionHandlerExceptionResolver","message":"ControllerAdvice beans: 2 @ExceptionHandler, 1 ResponseBodyAdvice","exception":""}
{"timestamp":"2026-06-07 12:22:06.356","level":"INFO","thread":"main","correlationId":"","logger":"o.s.b.a.h.H2ConsoleAutoConfiguration","message":"H2 console available at '/h2-console'. Database available at 'jdbc:h2:mem:deliverydb'","exception":""}
{"timestamp":"2026-06-07 12:22:06.371","level":"INFO","thread":"main","correlationId":"","logger":"c.d.d.DeliveryApiApplicationTests","message":"Started DeliveryApiApplicationTests in 0.478 seconds (process running for 23.41)","exception":""}
{"timestamp":"2026-06-07 12:22:06.392","level":"DEBUG","thread":"SpringApplicationShutdownHook","correlationId":"","logger":"o.s.w.c.s.GenericWebApplicationContext","message":"Closing org.springframework.web.context.support.GenericWebApplicationContext@581a0743, started on Sun Jun 07 12:22:05 BRT 2026","exception":""}
{"timestamp":"2026-06-07 12:22:06.393","level":"INFO","thread":"SpringApplicationShutdownHook","correlationId":"","logger":"o.s.o.j.LocalContainerEntityManagerFactoryBean","message":"Closing JPA EntityManagerFactory for persistence unit 'default'","exception":""}
{"timestamp":"2026-06-07 12:22:06.394","level":"INFO","thread":"SpringApplicationShutdownHook","correlationId":"","logger":"com.zaxxer.hikari.HikariDataSource","message":"HikariPool-15 - Shutdown initiated...","exception":""}
{"timestamp":"2026-06-07 12:22:06.394","level":"INFO","thread":"SpringApplicationShutdownHook","correlationId":"","logger":"com.zaxxer.hikari.HikariDataSource","message":"HikariPool-15 - Shutdown completed.","exception":""}
{"timestamp":"2026-06-07 12:22:06.396","level":"DEBUG","thread":"SpringApplicationShutdownHook","correlationId":"","logger":"o.s.w.c.s.GenericWebApplicationContext","message":"Closing org.springframework.web.context.support.GenericWebApplicationContext@60b62aca, started on Sun Jun 07 12:22:05 BRT 2026","exception":""}
{"timestamp":"2026-06-07 12:22:06.397","level":"INFO","thread":"SpringApplicationShutdownHook","correlationId":"","logger":"o.s.o.j.LocalContainerEntityManagerFactoryBean","message":"Closing JPA EntityManagerFactory for persistence unit 'default'","exception":""}
{"timestamp":"2026-06-07 12:22:06.398","level":"INFO","thread":"SpringApplicationShutdownHook","correlationId":"","logger":"com.zaxxer.hikari.HikariDataSource","message":"HikariPool-16 - Shutdown initiated...","exception":""}
{"timestamp":"2026-06-07 12:22:06.406","level":"INFO","thread":"SpringApplicationShutdownHook","correlationId":"","logger":"com.zaxxer.hikari.HikariDataSource","message":"HikariPool-16 - Shutdown completed.","exception":""}
{"timestamp":"2026-06-07 13:17:14.514","level":"INFO","thread":"main","correlationId":"","logger":"c.d.d.c.ClienteControllerTest","message":"Starting ClienteControllerTest using Java 21.0.11 with PID 10668 (started by Santana in C:\Pasta Códiguinhos\arquitetura de sistemas fat\delivery-api\delivery-api)","exception":""}
{"timestamp":"2026-06-07 13:17:14.516","level":"INFO","thread":"main","correlationId":"","logger":"c.d.d.c.ClienteControllerTest","message":"The following 1 profile is active: "test"","exception":""}
{"timestamp":"2026-06-07 13:17:14.539","level":"DEBUG","thread":"main","correlationId":"","logger":"o.s.w.c.s.GenericWebApplicationContext","message":"Refreshing org.springframework.web.context.support.GenericWebApplicationContext@7510824","exception":""}
{"timestamp":"2026-06-07 13:17:15.909","level":"INFO","thread":"main","correlationId":"","logger":"o.s.d.r.c.RepositoryConfigurationDelegate","message":"Bootstrapping Spring Data JPA repositories in DEFAULT mode.","exception":""}
{"timestamp":"2026-06-07 13:17:16.001","level":"INFO","thread":"main","correlationId":"","logger":"o.s.d.r.c.RepositoryConfigurationDelegate","message":"Finished Spring Data repository scanning in 74 ms. Found 5 JPA repository interfaces.","exception":""}
{"timestamp":"2026-06-07 13:17:16.854","level":"INFO","thread":"main","correlationId":"","logger":"o.s.o.j.p.SpringPersistenceUnitInfo","message":"No LoadTimeWeaver setup: ignoring JPA class transformer","exception":""}
{"timestamp":"2026-06-07 13:17:16.887","level":"INFO","thread":"main","correlationId":"","logger":"com.zaxxer.hikari.HikariDataSource","message":"HikariPool-1 - Starting...","exception":""}
{"timestamp":"2026-06-07 13:17:17.161","level":"INFO","thread":"main","correlationId":"","logger":"com.zaxxer.hikari.pool.HikariPool","message":"HikariPool-1 - Added connection conn0: url=jdbc:h2:mem:deliverydb user=SA","exception":""}
{"timestamp":"2026-06-07 13:17:17.162","level":"INFO","thread":"main","correlationId":"","logger":"com.zaxxer.hikari.HikariDataSource","message":"HikariPool-1 - Start completed.","exception":""}
{"timestamp":"2026-06-07 13:17:17.191","level":"WARN","thread":"main","correlationId":"","logger":"org.hibernate.orm.deprecation","message":"HHH90000025: H2Dialect does not need to be specified explicitly using 'hibernate.dialect' (remove the property setting and it will be selected by default)","exception":""}
{"timestamp":"2026-06-07 13:17:18.351","level":"INFO","thread":"main","correlationId":"","logger":"o.s.o.j.LocalContainerEntityManagerFactoryBean","message":"Initialized JPA EntityManagerFactory for persistence unit 'default'","exception":""}
{"timestamp":"2026-06-07 13:17:18.719","level":"INFO","thread":"main","correlationId":"","logger":"o.s.s.c.a.a.c.InitializeAuthenticationProviderBeanManagerConfigurer$InitializeAuthenticationProviderManagerConfigurer","message":"Global AuthenticationManager configured with AuthenticationProvider bean with name authenticationProvider","exception":""}
{"timestamp":"2026-06-07 13:17:18.720","level":"WARN","thread":"main","correlationId":"","logger":"o.s.s.c.a.a.c.InitializeUserDetailsBeanManagerConfigurer$InitializeUserDetailsManagerConfigurer","message":"Global AuthenticationManager configured with an AuthenticationProvider bean. UserDetailsService beans will not be used by Spring Security for automatically configuring username/password login. Consider removing the AuthenticationProvider bean. Alternatively, consider using the UserDetailsService in a manually instantiated DaoAuthenticationProvider. If the current configuration is intentional, to turn off this warning, increase the logging level of 'org.springframework.security.config.annotation.authentication.configuration.InitializeUserDetailsBeanManagerConfigurer' to ERROR","exception":""}
{"timestamp":"2026-06-07 13:17:18.765","level":"INFO","thread":"main","correlationId":"","logger":"o.s.d.j.r.query.QueryEnhancerFactory","message":"Hibernate is in classpath; If applicable, HQL parser will be used.","exception":""}
{"timestamp":"2026-06-07 13:17:19.948","level":"DEBUG","thread":"main","correlationId":"","logger":"o.s.w.s.m.m.a.RequestMappingHandlerMapping","message":"41 mappings in 'requestMappingHandlerMapping'","exception":""}
{"timestamp":"2026-06-07 13:17:20.057","level":"DEBUG","thread":"main","correlationId":"","logger":"o.s.w.s.h.SimpleUrlHandlerMapping","message":"Patterns [/webjars/**, /**, /swagger-ui*/*swagger-initializer.js, /swagger-ui*/**] in 'resourceHandlerMapping'","exception":""}
{"timestamp":"2026-06-07 13:17:20.217","level":"INFO","thread":"main","correlationId":"","logger":"o.s.b.a.e.web.EndpointLinksResolver","message":"Exposing 13 endpoints beneath base path '/actuator'","exception":""}
{"timestamp":"2026-06-07 13:17:20.352","level":"DEBUG","thread":"main","correlationId":"","logger":"o.s.s.web.DefaultSecurityFilterChain","message":"Will secure any request with filters: DisableEncodeUrlFilter, WebAsyncManagerIntegrationFilter, SecurityContextHolderFilter, HeaderWriterFilter, CorsFilter, LogoutFilter, JwtAuthenticationFilter, RequestCacheAwareFilter, SecurityContextHolderAwareRequestFilter, AnonymousAuthenticationFilter, SessionManagementFilter, ExceptionTranslationFilter, AuthorizationFilter","exception":""}
{"timestamp":"2026-06-07 13:17:20.511","level":"DEBUG","thread":"main","correlationId":"","logger":"o.s.w.s.m.m.a.RequestMappingHandlerAdapter","message":"ControllerAdvice beans: 0 @ModelAttribute, 0 @InitBinder, 1 RequestBodyAdvice, 1 ResponseBodyAdvice","exception":""}
{"timestamp":"2026-06-07 13:17:20.577","level":"DEBUG","thread":"main","correlationId":"","logger":"o.s.w.s.m.m.a.ExceptionHandlerExceptionResolver","message":"ControllerAdvice beans: 2 @ExceptionHandler, 1 ResponseBodyAdvice","exception":""}
{"timestamp":"2026-06-07 13:17:20.731","level":"INFO","thread":"main","correlationId":"","logger":"o.s.b.a.h.H2ConsoleAutoConfiguration","message":"H2 console available at '/h2-console'. Database available at 'jdbc:h2:mem:deliverydb'","exception":""}
{"timestamp":"2026-06-07 13:17:20.804","level":"DEBUG","thread":"main","correlationId":"","logger":"o.s.w.f.ServerHttpObservationFilter","message":"Filter 'webMvcObservationFilter' configured for use","exception":""}
{"timestamp":"2026-06-07 13:17:20.805","level":"INFO","thread":"main","correlationId":"","logger":"o.s.b.t.m.w.SpringBootMockServletContext","message":"Initializing Spring TestDispatcherServlet ''","exception":""}
{"timestamp":"2026-06-07 13:17:20.805","level":"INFO","thread":"main","correlationId":"","logger":"o.s.t.w.s.TestDispatcherServlet","message":"Initializing Servlet ''","exception":""}
{"timestamp":"2026-06-07 13:17:20.808","level":"INFO","thread":"main","correlationId":"","logger":"o.s.t.w.s.TestDispatcherServlet","message":"Completed initialization in 2 ms","exception":""}
{"timestamp":"2026-06-07 13:17:20.859","level":"INFO","thread":"main","correlationId":"","logger":"c.d.d.c.ClienteControllerTest","message":"Started ClienteControllerTest in 7.091 seconds (process running for 10.793)","exception":""}
{"timestamp":"2026-06-07 13:17:21.169","level":"DEBUG","thread":"main","correlationId":"","logger":"o.s.security.web.FilterChainProxy","message":"Securing POST /api/clientes","exception":""}
{"timestamp":"2026-06-07 13:17:21.180","level":"WARN","thread":"main","correlationId":"","logger":"c.d.d.s.JwtAuthenticationFilter","message":"JWT Token não começa com Bearer String","exception":""}
{"timestamp":"2026-06-07 13:17:21.183","level":"DEBUG","thread":"main","correlationId":"","logger":"o.s.s.w.a.AnonymousAuthenticationFilter","message":"Set SecurityContextHolder to anonymous SecurityContext","exception":""}
{"timestamp":"2026-06-07 13:17:21.190","level":"DEBUG","thread":"main","correlationId":"","logger":"o.s.security.web.FilterChainProxy","message":"Secured POST /api/clientes","exception":""}
{"timestamp":"2026-06-07 13:17:21.195","level":"DEBUG","thread":"main","correlationId":"cba59e54cf9f4745","logger":"o.s.w.s.h.SimpleUrlHandlerMapping","message":"Mapped to ResourceHttpRequestHandler [classpath [META-INF/resources/], classpath [resources/], classpath [static/], classpath [public/], ServletContext [/]]","exception":""}
{"timestamp":"2026-06-07 13:17:21.197","level":"DEBUG","thread":"main","correlationId":"cba59e54cf9f4745","logger":"o.s.w.s.r.ResourceHttpRequestHandler","message":"Resource not found for path [api/clientes]","exception":""}
{"timestamp":"2026-06-07 13:17:21.201","level":"DEBUG","thread":"main","correlationId":"cba59e54cf9f4745","logger":"o.s.w.s.m.m.a.ExceptionHandlerExceptionResolver","message":"Using @ExceptionHandler com.deliverytech.delivery_api.exception.GlobalExceptionHandler#handleGenericException(Exception, HttpServletRequest)","exception":""}
{"timestamp":"2026-06-07 13:17:21.220","level":"DEBUG","thread":"main","correlationId":"cba59e54cf9f4745","logger":"o.s.w.s.m.m.a.HttpEntityMethodProcessor","message":"Using 'application/json', given [*/*] and supported [application/json, application/*+json, application/yaml]","exception":""}
{"timestamp":"2026-06-07 13:17:21.221","level":"DEBUG","thread":"main","correlationId":"cba59e54cf9f4745","logger":"o.s.w.s.m.m.a.HttpEntityMethodProcessor","message":"Writing [com.deliverytech.delivery_api.dto.ErrorResponse@2d1f57be]","exception":""}
{"timestamp":"2026-06-07 13:17:21.228","level":"DEBUG","thread":"main","correlationId":"cba59e54cf9f4745","logger":"o.s.w.s.m.m.a.ExceptionHandlerExceptionResolver","message":"Resolved [org.springframework.web.servlet.resource.NoResourceFoundException: No static resource api/clientes.]","exception":""}
{"timestamp":"2026-06-07 13:17:21.256","level":"DEBUG","thread":"main","correlationId":"","logger":"o.s.security.web.FilterChainProxy","message":"Securing PATCH /api/clientes/5/status","exception":""}
{"timestamp":"2026-06-07 13:17:21.257","level":"WARN","thread":"main","correlationId":"","logger":"c.d.d.s.JwtAuthenticationFilter","message":"JWT Token não começa com Bearer String","exception":""}
{"timestamp":"2026-06-07 13:17:21.257","level":"DEBUG","thread":"main","correlationId":"","logger":"o.s.s.w.a.AnonymousAuthenticationFilter","message":"Set SecurityContextHolder to anonymous SecurityContext","exception":""}
{"timestamp":"2026-06-07 13:17:21.258","level":"DEBUG","thread":"main","correlationId":"","logger":"o.s.security.web.FilterChainProxy","message":"Secured PATCH /api/clientes/5/status","exception":""}
{"timestamp":"2026-06-07 13:17:21.258","level":"DEBUG","thread":"main","correlationId":"24b885a5db4c4d92","logger":"o.s.w.s.h.SimpleUrlHandlerMapping","message":"Mapped to ResourceHttpRequestHandler [classpath [META-INF/resources/], classpath [resources/], classpath [static/], classpath [public/], ServletContext [/]]","exception":""}
{"timestamp":"2026-06-07 13:17:21.259","level":"DEBUG","thread":"main","correlationId":"24b885a5db4c4d92","logger":"o.s.w.s.r.ResourceHttpRequestHandler","message":"Resource not found for path [api/clientes/5/status]","exception":""}
{"timestamp":"2026-06-07 13:17:21.260","level":"DEBUG","thread":"main","correlationId":"24b885a5db4c4d92","logger":"o.s.w.s.m.m.a.ExceptionHandlerExceptionResolver","message":"Using @ExceptionHandler com.deliverytech.delivery_api.exception.GlobalExceptionHandler#handleGenericException(Exception, HttpServletRequest)","exception":""}
{"timestamp":"2026-06-07 13:17:21.260","level":"DEBUG","thread":"main","correlationId":"24b885a5db4c4d92","logger":"o.s.w.s.m.m.a.HttpEntityMethodProcessor","message":"Using 'application/json', given [*/*] and supported [application/json, application/*+json, application/yaml]","exception":""}
{"timestamp":"2026-06-07 13:17:21.261","level":"DEBUG","thread":"main","correlationId":"24b885a5db4c4d92","logger":"o.s.w.s.m.m.a.HttpEntityMethodProcessor","message":"Writing [com.deliverytech.delivery_api.dto.ErrorResponse@399e4401]","exception":""}
{"timestamp":"2026-06-07 13:17:21.261","level":"DEBUG","thread":"main","correlationId":"24b885a5db4c4d92","logger":"o.s.w.s.m.m.a.ExceptionHandlerExceptionResolver","message":"Resolved [org.springframework.web.servlet.resource.NoResourceFoundException: No static resource api/clientes/5/status.]","exception":""}
{"timestamp":"2026-06-07 13:17:21.277","level":"DEBUG","thread":"main","correlationId":"","logger":"o.s.security.web.FilterChainProxy","message":"Securing GET /api/clientes/email/naoexiste@email.com","exception":""}
{"timestamp":"2026-06-07 13:17:21.278","level":"WARN","thread":"main","correlationId":"","logger":"c.d.d.s.JwtAuthenticationFilter","message":"JWT Token não começa com Bearer String","exception":""}
{"timestamp":"2026-06-07 13:17:21.278","level":"DEBUG","thread":"main","correlationId":"","logger":"o.s.s.w.a.AnonymousAuthenticationFilter","message":"Set SecurityContextHolder to anonymous SecurityContext","exception":""}
{"timestamp":"2026-06-07 13:17:21.279","level":"DEBUG","thread":"main","correlationId":"","logger":"o.s.security.web.FilterChainProxy","message":"Secured GET /api/clientes/email/naoexiste@email.com","exception":""}
{"timestamp":"2026-06-07 13:17:21.280","level":"DEBUG","thread":"main","correlationId":"e60596e297754a88","logger":"o.s.w.s.h.SimpleUrlHandlerMapping","message":"Mapped to ResourceHttpRequestHandler [classpath [META-INF/resources/], classpath [resources/], classpath [static/], classpath [public/], ServletContext [/]]","exception":""}
{"timestamp":"2026-06-07 13:17:21.281","level":"DEBUG","thread":"main","correlationId":"e60596e297754a88","logger":"o.s.w.s.r.ResourceHttpRequestHandler","message":"Resource not found for path [api/clientes/email/naoexiste@email.com]","exception":""}
{"timestamp":"2026-06-07 13:17:21.282","level":"DEBUG","thread":"main","correlationId":"e60596e297754a88","logger":"o.s.w.s.m.m.a.ExceptionHandlerExceptionResolver","message":"Using @ExceptionHandler com.deliverytech.delivery_api.exception.GlobalExceptionHandler#handleGenericException(Exception, HttpServletRequest)","exception":""}
{"timestamp":"2026-06-07 13:17:21.282","level":"DEBUG","thread":"main","correlationId":"e60596e297754a88","logger":"o.s.w.s.m.m.a.HttpEntityMethodProcessor","message":"Using 'application/json', given [*/*] and supported [application/json, application/*+json, application/yaml]","exception":""}
{"timestamp":"2026-06-07 13:17:21.282","level":"DEBUG","thread":"main","correlationId":"e60596e297754a88","logger":"o.s.w.s.m.m.a.HttpEntityMethodProcessor","message":"Writing [com.deliverytech.delivery_api.dto.ErrorResponse@76d9f5bf]","exception":""}
{"timestamp":"2026-06-07 13:17:21.289","level":"DEBUG","thread":"main","correlationId":"e60596e297754a88","logger":"o.s.w.s.m.m.a.ExceptionHandlerExceptionResolver","message":"Resolved [org.springframework.web.servlet.resource.NoResourceFoundException: No static resource api/clientes/email/naoexiste@email.com.]","exception":""}
{"timestamp":"2026-06-07 13:17:21.302","level":"DEBUG","thread":"main","correlationId":"","logger":"o.s.security.web.FilterChainProxy","message":"Securing GET /api/clientes/7","exception":""}
{"timestamp":"2026-06-07 13:17:21.302","level":"WARN","thread":"main","correlationId":"","logger":"c.d.d.s.JwtAuthenticationFilter","message":"JWT Token não começa com Bearer String","exception":""}
{"timestamp":"2026-06-07 13:17:21.302","level":"DEBUG","thread":"main","correlationId":"","logger":"o.s.s.w.a.AnonymousAuthenticationFilter","message":"Set SecurityContextHolder to anonymous SecurityContext","exception":""}
{"timestamp":"2026-06-07 13:17:21.303","level":"DEBUG","thread":"main","correlationId":"","logger":"o.s.security.web.FilterChainProxy","message":"Secured GET /api/clientes/7","exception":""}
{"timestamp":"2026-06-07 13:17:21.304","level":"DEBUG","thread":"main","correlationId":"453a930d01024eef","logger":"o.s.w.s.h.SimpleUrlHandlerMapping","message":"Mapped to ResourceHttpRequestHandler [classpath [META-INF/resources/], classpath [resources/], classpath [static/], classpath [public/], ServletContext [/]]","exception":""}
{"timestamp":"2026-06-07 13:17:21.305","level":"DEBUG","thread":"main","correlationId":"453a930d01024eef","logger":"o.s.w.s.r.ResourceHttpRequestHandler","message":"Resource not found for path [api/clientes/7]","exception":""}
{"timestamp":"2026-06-07 13:17:21.306","level":"DEBUG","thread":"main","correlationId":"453a930d01024eef","logger":"o.s.w.s.m.m.a.ExceptionHandlerExceptionResolver","message":"Using @ExceptionHandler com.deliverytech.delivery_api.exception.GlobalExceptionHandler#handleGenericException(Exception, HttpServletRequest)","exception":""}
{"timestamp":"2026-06-07 13:17:21.307","level":"DEBUG","thread":"main","correlationId":"453a930d01024eef","logger":"o.s.w.s.m.m.a.HttpEntityMethodProcessor","message":"Using 'application/json', given [*/*] and supported [application/json, application/*+json, application/yaml]","exception":""}
{"timestamp":"2026-06-07 13:17:21.308","level":"DEBUG","thread":"main","correlationId":"453a930d01024eef","logger":"o.s.w.s.m.m.a.HttpEntityMethodProcessor","message":"Writing [com.deliverytech.delivery_api.dto.ErrorResponse@3dc8697a]","exception":""}
{"timestamp":"2026-06-07 13:17:21.308","level":"DEBUG","thread":"main","correlationId":"453a930d01024eef","logger":"o.s.w.s.m.m.a.ExceptionHandlerExceptionResolver","message":"Resolved [org.springframework.web.servlet.resource.NoResourceFoundException: No static resource api/clientes/7.]","exception":""}
{"timestamp":"2026-06-07 13:17:21.322","level":"DEBUG","thread":"main","correlationId":"","logger":"o.s.security.web.FilterChainProxy","message":"Securing PUT /api/clientes/8","exception":""}
{"timestamp":"2026-06-07 13:17:21.322","level":"WARN","thread":"main","correlationId":"","logger":"c.d.d.s.JwtAuthenticationFilter","message":"JWT Token não começa com Bearer String","exception":""}
{"timestamp":"2026-06-07 13:17:21.322","level":"DEBUG","thread":"main","correlationId":"","logger":"o.s.s.w.a.AnonymousAuthenticationFilter","message":"Set SecurityContextHolder to anonymous SecurityContext","exception":""}
{"timestamp":"2026-06-07 13:17:21.324","level":"DEBUG","thread":"main","correlationId":"","logger":"o.s.security.web.FilterChainProxy","message":"Secured PUT /api/clientes/8","exception":""}
{"timestamp":"2026-06-07 13:17:21.324","level":"DEBUG","thread":"main","correlationId":"556372028a2d448f","logger":"o.s.w.s.h.SimpleUrlHandlerMapping","message":"Mapped to ResourceHttpRequestHandler [classpath [META-INF/resources/], classpath [resources/], classpath [static/], classpath [public/], ServletContext [/]]","exception":""}
{"timestamp":"2026-06-07 13:17:21.325","level":"DEBUG","thread":"main","correlationId":"556372028a2d448f","logger":"o.s.w.s.r.ResourceHttpRequestHandler","message":"Resource not found for path [api/clientes/8]","exception":""}
{"timestamp":"2026-06-07 13:17:21.326","level":"DEBUG","thread":"main","correlationId":"556372028a2d448f","logger":"o.s.w.s.m.m.a.ExceptionHandlerExceptionResolver","message":"Using @ExceptionHandler com.deliverytech.delivery_api.exception.GlobalExceptionHandler#handleGenericException(Exception, HttpServletRequest)","exception":""}
{"timestamp":"2026-06-07 13:17:21.326","level":"DEBUG","thread":"main","correlationId":"556372028a2d448f","logger":"o.s.w.s.m.m.a.HttpEntityMethodProcessor","message":"Using 'application/json', given [*/*] and supported [application/json, application/*+json, application/yaml]","exception":""}
{"timestamp":"2026-06-07 13:17:21.326","level":"DEBUG","thread":"main","correlationId":"556372028a2d448f","logger":"o.s.w.s.m.m.a.HttpEntityMethodProcessor","message":"Writing [com.deliverytech.delivery_api.dto.ErrorResponse@421036e7]","exception":""}
{"timestamp":"2026-06-07 13:17:21.326","level":"DEBUG","thread":"main","correlationId":"556372028a2d448f","logger":"o.s.w.s.m.m.a.ExceptionHandlerExceptionResolver","message":"Resolved [org.springframework.web.servlet.resource.NoResourceFoundException: No static resource api/clientes/8.]","exception":""}
{"timestamp":"2026-06-07 13:17:21.341","level":"DEBUG","thread":"main","correlationId":"","logger":"o.s.security.web.FilterChainProxy","message":"Securing PUT /api/clientes/999999","exception":""}
{"timestamp":"2026-06-07 13:17:21.342","level":"WARN","thread":"main","correlationId":"","logger":"c.d.d.s.JwtAuthenticationFilter","message":"JWT Token não começa com Bearer String","exception":""}
{"timestamp":"2026-06-07 13:17:21.342","level":"DEBUG","thread":"main","correlationId":"","logger":"o.s.s.w.a.AnonymousAuthenticationFilter","message":"Set SecurityContextHolder to anonymous SecurityContext","exception":""}
{"timestamp":"2026-06-07 13:17:21.343","level":"DEBUG","thread":"main","correlationId":"","logger":"o.s.security.web.FilterChainProxy","message":"Secured PUT /api/clientes/999999","exception":""}
{"timestamp":"2026-06-07 13:17:21.343","level":"DEBUG","thread":"main","correlationId":"3bd4c0920fc0474c","logger":"o.s.w.s.h.SimpleUrlHandlerMapping","message":"Mapped to ResourceHttpRequestHandler [classpath [META-INF/resources/], classpath [resources/], classpath [static/], classpath [public/], ServletContext [/]]","exception":""}
{"timestamp":"2026-06-07 13:17:21.344","level":"DEBUG","thread":"main","correlationId":"3bd4c0920fc0474c","logger":"o.s.w.s.r.ResourceHttpRequestHandler","message":"Resource not found for path [api/clientes/999999]","exception":""}
{"timestamp":"2026-06-07 13:17:21.345","level":"DEBUG","thread":"main","correlationId":"3bd4c0920fc0474c","logger":"o.s.w.s.m.m.a.ExceptionHandlerExceptionResolver","message":"Using @ExceptionHandler com.deliverytech.delivery_api.exception.GlobalExceptionHandler#handleGenericException(Exception, HttpServletRequest)","exception":""}
{"timestamp":"2026-06-07 13:17:21.345","level":"DEBUG","thread":"main","correlationId":"3bd4c0920fc0474c","logger":"o.s.w.s.m.m.a.HttpEntityMethodProcessor","message":"Using 'application/json', given [*/*] and supported [application/json, application/*+json, application/yaml]","exception":""}
{"timestamp":"2026-06-07 13:17:21.345","level":"DEBUG","thread":"main","correlationId":"3bd4c0920fc0474c","logger":"o.s.w.s.m.m.a.HttpEntityMethodProcessor","message":"Writing [com.deliverytech.delivery_api.dto.ErrorResponse@4232df23]","exception":""}
{"timestamp":"2026-06-07 13:17:21.346","level":"DEBUG","thread":"main","correlationId":"3bd4c0920fc0474c","logger":"o.s.w.s.m.m.a.ExceptionHandlerExceptionResolver","message":"Resolved [org.springframework.web.servlet.resource.NoResourceFoundException: No static resource api/clientes/999999.]","exception":""}
{"timestamp":"2026-06-07 13:17:21.359","level":"DEBUG","thread":"main","correlationId":"","logger":"o.s.security.web.FilterChainProxy","message":"Securing GET /api/clientes/email/joao.teste@email.com","exception":""}
{"timestamp":"2026-06-07 13:17:21.360","level":"WARN","thread":"main","correlationId":"","logger":"c.d.d.s.JwtAuthenticationFilter","message":"JWT Token não começa com Bearer String","exception":""}
{"timestamp":"2026-06-07 13:17:21.360","level":"DEBUG","thread":"main","correlationId":"","logger":"o.s.s.w.a.AnonymousAuthenticationFilter","message":"Set SecurityContextHolder to anonymous SecurityContext","exception":""}
{"timestamp":"2026-06-07 13:17:21.361","level":"DEBUG","thread":"main","correlationId":"","logger":"o.s.security.web.FilterChainProxy","message":"Secured GET /api/clientes/email/joao.teste@email.com","exception":""}
{"timestamp":"2026-06-07 13:17:21.362","level":"DEBUG","thread":"main","correlationId":"e411bd5d0dc94675","logger":"o.s.w.s.h.SimpleUrlHandlerMapping","message":"Mapped to ResourceHttpRequestHandler [classpath [META-INF/resources/], classpath [resources/], classpath [static/], classpath [public/], ServletContext [/]]","exception":""}
{"timestamp":"2026-06-07 13:17:21.363","level":"DEBUG","thread":"main","correlationId":"e411bd5d0dc94675","logger":"o.s.w.s.r.ResourceHttpRequestHandler","message":"Resource not found for path [api/clientes/email/joao.teste@email.com]","exception":""}
{"timestamp":"2026-06-07 13:17:21.363","level":"DEBUG","thread":"main","correlationId":"e411bd5d0dc94675","logger":"o.s.w.s.m.m.a.ExceptionHandlerExceptionResolver","message":"Using @ExceptionHandler com.deliverytech.delivery_api.exception.GlobalExceptionHandler#handleGenericException(Exception, HttpServletRequest)","exception":""}
{"timestamp":"2026-06-07 13:17:21.363","level":"DEBUG","thread":"main","correlationId":"e411bd5d0dc94675","logger":"o.s.w.s.m.m.a.HttpEntityMethodProcessor","message":"Using 'application/json', given [*/*] and supported [application/json, application/*+json, application/yaml]","exception":""}
{"timestamp":"2026-06-07 13:17:21.363","level":"DEBUG","thread":"main","correlationId":"e411bd5d0dc94675","logger":"o.s.w.s.m.m.a.HttpEntityMethodProcessor","message":"Writing [com.deliverytech.delivery_api.dto.ErrorResponse@225ca8e8]","exception":""}
{"timestamp":"2026-06-07 13:17:21.364","level":"DEBUG","thread":"main","correlationId":"e411bd5d0dc94675","logger":"o.s.w.s.m.m.a.ExceptionHandlerExceptionResolver","message":"Resolved [org.springframework.web.servlet.resource.NoResourceFoundException: No static resource api/clientes/email/joao.teste@email.com.]","exception":""}
{"timestamp":"2026-06-07 13:17:21.382","level":"DEBUG","thread":"main","correlationId":"","logger":"o.s.security.web.FilterChainProxy","message":"Securing GET /api/clientes","exception":""}
{"timestamp":"2026-06-07 13:17:21.382","level":"WARN","thread":"main","correlationId":"","logger":"c.d.d.s.JwtAuthenticationFilter","message":"JWT Token não começa com Bearer String","exception":""}
{"timestamp":"2026-06-07 13:17:21.382","level":"DEBUG","thread":"main","correlationId":"","logger":"o.s.s.w.a.AnonymousAuthenticationFilter","message":"Set SecurityContextHolder to anonymous SecurityContext","exception":""}
{"timestamp":"2026-06-07 13:17:21.384","level":"DEBUG","thread":"main","correlationId":"","logger":"o.s.security.web.FilterChainProxy","message":"Secured GET /api/clientes","exception":""}
{"timestamp":"2026-06-07 13:17:21.384","level":"DEBUG","thread":"main","correlationId":"72462a7b82d648cb","logger":"o.s.w.s.h.SimpleUrlHandlerMapping","message":"Mapped to ResourceHttpRequestHandler [classpath [META-INF/resources/], classpath [resources/], classpath [static/], classpath [public/], ServletContext [/]]","exception":""}
{"timestamp":"2026-06-07 13:17:21.385","level":"DEBUG","thread":"main","correlationId":"72462a7b82d648cb","logger":"o.s.w.s.r.ResourceHttpRequestHandler","message":"Resource not found for path [api/clientes]","exception":""}
{"timestamp":"2026-06-07 13:17:21.385","level":"DEBUG","thread":"main","correlationId":"72462a7b82d648cb","logger":"o.s.w.s.m.m.a.ExceptionHandlerExceptionResolver","message":"Using @ExceptionHandler com.deliverytech.delivery_api.exception.GlobalExceptionHandler#handleGenericException(Exception, HttpServletRequest)","exception":""}
{"timestamp":"2026-06-07 13:17:21.386","level":"DEBUG","thread":"main","correlationId":"72462a7b82d648cb","logger":"o.s.w.s.m.m.a.HttpEntityMethodProcessor","message":"Using 'application/json', given [*/*] and supported [application/json, application/*+json, application/yaml]","exception":""}
{"timestamp":"2026-06-07 13:17:21.386","level":"DEBUG","thread":"main","correlationId":"72462a7b82d648cb","logger":"o.s.w.s.m.m.a.HttpEntityMethodProcessor","message":"Writing [com.deliverytech.delivery_api.dto.ErrorResponse@144b2681]","exception":""}
{"timestamp":"2026-06-07 13:17:21.386","level":"DEBUG","thread":"main","correlationId":"72462a7b82d648cb","logger":"o.s.w.s.m.m.a.ExceptionHandlerExceptionResolver","message":"Resolved [org.springframework.web.servlet.resource.NoResourceFoundException: No static resource api/clientes.]","exception":""}
{"timestamp":"2026-06-07 13:17:21.397","level":"DEBUG","thread":"main","correlationId":"","logger":"o.s.security.web.FilterChainProxy","message":"Securing GET /api/clientes/999999","exception":""}
{"timestamp":"2026-06-07 13:17:21.398","level":"WARN","thread":"main","correlationId":"","logger":"c.d.d.s.JwtAuthenticationFilter","message":"JWT Token não começa com Bearer String","exception":""}
{"timestamp":"2026-06-07 13:17:21.398","level":"DEBUG","thread":"main","correlationId":"","logger":"o.s.s.w.a.AnonymousAuthenticationFilter","message":"Set SecurityContextHolder to anonymous SecurityContext","exception":""}
{"timestamp":"2026-06-07 13:17:21.398","level":"DEBUG","thread":"main","correlationId":"","logger":"o.s.security.web.FilterChainProxy","message":"Secured GET /api/clientes/999999","exception":""}
{"timestamp":"2026-06-07 13:17:21.399","level":"DEBUG","thread":"main","correlationId":"9c0365d360224d9b","logger":"o.s.w.s.h.SimpleUrlHandlerMapping","message":"Mapped to ResourceHttpRequestHandler [classpath [META-INF/resources/], classpath [resources/], classpath [static/], classpath [public/], ServletContext [/]]","exception":""}
{"timestamp":"2026-06-07 13:17:21.400","level":"DEBUG","thread":"main","correlationId":"9c0365d360224d9b","logger":"o.s.w.s.r.ResourceHttpRequestHandler","message":"Resource not found for path [api/clientes/999999]","exception":""}
{"timestamp":"2026-06-07 13:17:21.400","level":"DEBUG","thread":"main","correlationId":"9c0365d360224d9b","logger":"o.s.w.s.m.m.a.ExceptionHandlerExceptionResolver","message":"Using @ExceptionHandler com.deliverytech.delivery_api.exception.GlobalExceptionHandler#handleGenericException(Exception, HttpServletRequest)","exception":""}
{"timestamp":"2026-06-07 13:17:21.400","level":"DEBUG","thread":"main","correlationId":"9c0365d360224d9b","logger":"o.s.w.s.m.m.a.HttpEntityMethodProcessor","message":"Using 'application/json', given [*/*] and supported [application/json, application/*+json, application/yaml]","exception":""}
{"timestamp":"2026-06-07 13:17:21.400","level":"DEBUG","thread":"main","correlationId":"9c0365d360224d9b","logger":"o.s.w.s.m.m.a.HttpEntityMethodProcessor","message":"Writing [com.deliverytech.delivery_api.dto.ErrorResponse@1ee0c12f]","exception":""}
{"timestamp":"2026-06-07 13:17:21.401","level":"DEBUG","thread":"main","correlationId":"9c0365d360224d9b","logger":"o.s.w.s.m.m.a.ExceptionHandlerExceptionResolver","message":"Resolved [org.springframework.web.servlet.resource.NoResourceFoundException: No static resource api/clientes/999999.]","exception":""}
{"timestamp":"2026-06-07 13:17:21.413","level":"DEBUG","thread":"main","correlationId":"","logger":"o.s.security.web.FilterChainProxy","message":"Securing POST /api/clientes","exception":""}
{"timestamp":"2026-06-07 13:17:21.414","level":"WARN","thread":"main","correlationId":"","logger":"c.d.d.s.JwtAuthenticationFilter","message":"JWT Token não começa com Bearer String","exception":""}
{"timestamp":"2026-06-07 13:17:21.414","level":"DEBUG","thread":"main","correlationId":"","logger":"o.s.s.w.a.AnonymousAuthenticationFilter","message":"Set SecurityContextHolder to anonymous SecurityContext","exception":""}
{"timestamp":"2026-06-07 13:17:21.415","level":"DEBUG","thread":"main","correlationId":"","logger":"o.s.security.web.FilterChainProxy","message":"Secured POST /api/clientes","exception":""}
{"timestamp":"2026-06-07 13:17:21.415","level":"DEBUG","thread":"main","correlationId":"b70e9e89c29242fb","logger":"o.s.w.s.h.SimpleUrlHandlerMapping","message":"Mapped to ResourceHttpRequestHandler [classpath [META-INF/resources/], classpath [resources/], classpath [static/], classpath [public/], ServletContext [/]]","exception":""}
{"timestamp":"2026-06-07 13:17:21.416","level":"DEBUG","thread":"main","correlationId":"b70e9e89c29242fb","logger":"o.s.w.s.r.ResourceHttpRequestHandler","message":"Resource not found for path [api/clientes]","exception":""}
{"timestamp":"2026-06-07 13:17:21.417","level":"DEBUG","thread":"main","correlationId":"b70e9e89c29242fb","logger":"o.s.w.s.m.m.a.ExceptionHandlerExceptionResolver","message":"Using @ExceptionHandler com.deliverytech.delivery_api.exception.GlobalExceptionHandler#handleGenericException(Exception, HttpServletRequest)","exception":""}
{"timestamp":"2026-06-07 13:17:21.417","level":"DEBUG","thread":"main","correlationId":"b70e9e89c29242fb","logger":"o.s.w.s.m.m.a.HttpEntityMethodProcessor","message":"Using 'application/json', given [*/*] and supported [application/json, application/*+json, application/yaml]","exception":""}
{"timestamp":"2026-06-07 13:17:21.417","level":"DEBUG","thread":"main","correlationId":"b70e9e89c29242fb","logger":"o.s.w.s.m.m.a.HttpEntityMethodProcessor","message":"Writing [com.deliverytech.delivery_api.dto.ErrorResponse@d413ff3]","exception":""}
{"timestamp":"2026-06-07 13:17:21.418","level":"DEBUG","thread":"main","correlationId":"b70e9e89c29242fb","logger":"o.s.w.s.m.m.a.ExceptionHandlerExceptionResolver","message":"Resolved [org.springframework.web.servlet.resource.NoResourceFoundException: No static resource api/clientes.]","exception":""}
{"timestamp":"2026-06-07 13:17:21.429","level":"DEBUG","thread":"main","correlationId":"","logger":"o.s.security.web.FilterChainProxy","message":"Securing POST /api/clientes","exception":""}
{"timestamp":"2026-06-07 13:17:21.430","level":"WARN","thread":"main","correlationId":"","logger":"c.d.d.s.JwtAuthenticationFilter","message":"JWT Token não começa com Bearer String","exception":""}
{"timestamp":"2026-06-07 13:17:21.430","level":"DEBUG","thread":"main","correlationId":"","logger":"o.s.s.w.a.AnonymousAuthenticationFilter","message":"Set SecurityContextHolder to anonymous SecurityContext","exception":""}
{"timestamp":"2026-06-07 13:17:21.431","level":"DEBUG","thread":"main","correlationId":"","logger":"o.s.security.web.FilterChainProxy","message":"Secured POST /api/clientes","exception":""}
{"timestamp":"2026-06-07 13:17:21.432","level":"DEBUG","thread":"main","correlationId":"307b2ecd88b6423f","logger":"o.s.w.s.h.SimpleUrlHandlerMapping","message":"Mapped to ResourceHttpRequestHandler [classpath [META-INF/resources/], classpath [resources/], classpath [static/], classpath [public/], ServletContext [/]]","exception":""}
{"timestamp":"2026-06-07 13:17:21.432","level":"DEBUG","thread":"main","correlationId":"307b2ecd88b6423f","logger":"o.s.w.s.r.ResourceHttpRequestHandler","message":"Resource not found for path [api/clientes]","exception":""}
{"timestamp":"2026-06-07 13:17:21.432","level":"DEBUG","thread":"main","correlationId":"307b2ecd88b6423f","logger":"o.s.w.s.m.m.a.ExceptionHandlerExceptionResolver","message":"Using @ExceptionHandler com.deliverytech.delivery_api.exception.GlobalExceptionHandler#handleGenericException(Exception, HttpServletRequest)","exception":""}
{"timestamp":"2026-06-07 13:17:21.432","level":"DEBUG","thread":"main","correlationId":"307b2ecd88b6423f","logger":"o.s.w.s.m.m.a.HttpEntityMethodProcessor","message":"Using 'application/json', given [*/*] and supported [application/json, application/*+json, application/yaml]","exception":""}
{"timestamp":"2026-06-07 13:17:21.432","level":"DEBUG","thread":"main","correlationId":"307b2ecd88b6423f","logger":"o.s.w.s.m.m.a.HttpEntityMethodProcessor","message":"Writing [com.deliverytech.delivery_api.dto.ErrorResponse@396a9ab0]","exception":""}
{"timestamp":"2026-06-07 13:17:21.434","level":"DEBUG","thread":"main","correlationId":"307b2ecd88b6423f","logger":"o.s.w.s.m.m.a.ExceptionHandlerExceptionResolver","message":"Resolved [org.springframework.web.servlet.resource.NoResourceFoundException: No static resource api/clientes.]","exception":""}
{"timestamp":"2026-06-07 13:17:21.442","level":"INFO","thread":"main","correlationId":"","logger":"o.s.t.c.s.AnnotationConfigContextLoaderUtils","message":"Could not detect default configuration classes for test class [com.deliverytech.delivery_api.controller.PedidoControllerTest]: PedidoControllerTest does not declare any static, non-private, non-final, nested classes annotated with @Configuration.","exception":""}
{"timestamp":"2026-06-07 13:17:21.445","level":"INFO","thread":"main","correlationId":"","logger":"o.s.b.t.c.SpringBootTestContextBootstrapper","message":"Found @SpringBootConfiguration com.deliverytech.delivery_api.DeliveryApiApplication for test class com.deliverytech.delivery_api.controller.PedidoControllerTest","exception":""}
{"timestamp":"2026-06-07 13:17:21.450","level":"DEBUG","thread":"main","correlationId":"","logger":"o.s.w.c.s.GenericWebApplicationContext","message":"Closing org.springframework.web.context.support.GenericWebApplicationContext@7510824, started on Sun Jun 07 13:17:14 BRT 2026","exception":""}
{"timestamp":"2026-06-07 13:17:21.456","level":"INFO","thread":"main","correlationId":"","logger":"o.s.o.j.LocalContainerEntityManagerFactoryBean","message":"Closing JPA EntityManagerFactory for persistence unit 'default'","exception":""}
{"timestamp":"2026-06-07 13:17:21.464","level":"INFO","thread":"main","correlationId":"","logger":"com.zaxxer.hikari.HikariDataSource","message":"HikariPool-1 - Shutdown initiated...","exception":""}
{"timestamp":"2026-06-07 13:17:21.466","level":"INFO","thread":"main","correlationId":"","logger":"com.zaxxer.hikari.HikariDataSource","message":"HikariPool-1 - Shutdown completed.","exception":""}
{"timestamp":"2026-06-07 13:17:21.469","level":"INFO","thread":"main","correlationId":"","logger":"o.s.b.d.r.RestartApplicationListener","message":"Restart disabled due to context in which it is running","exception":""}
{"timestamp":"2026-06-07 13:17:21.505","level":"INFO","thread":"main","correlationId":"","logger":"c.d.d.c.PedidoControllerTest","message":"Starting PedidoControllerTest using Java 21.0.11 with PID 10668 (started by Santana in C:\Pasta Códiguinhos\arquitetura de sistemas fat\delivery-api\delivery-api)","exception":""}
{"timestamp":"2026-06-07 13:17:21.505","level":"INFO","thread":"main","correlationId":"","logger":"c.d.d.c.PedidoControllerTest","message":"The following 1 profile is active: "test"","exception":""}
{"timestamp":"2026-06-07 13:17:21.507","level":"DEBUG","thread":"main","correlationId":"","logger":"o.s.w.c.s.GenericWebApplicationContext","message":"Refreshing org.springframework.web.context.support.GenericWebApplicationContext@438ff53a","exception":""}
{"timestamp":"2026-06-07 13:17:21.798","level":"INFO","thread":"main","correlationId":"","logger":"o.s.d.r.c.RepositoryConfigurationDelegate","message":"Bootstrapping Spring Data JPA repositories in DEFAULT mode.","exception":""}
{"timestamp":"2026-06-07 13:17:21.822","level":"INFO","thread":"main","correlationId":"","logger":"o.s.d.r.c.RepositoryConfigurationDelegate","message":"Finished Spring Data repository scanning in 22 ms. Found 5 JPA repository interfaces.","exception":""}
{"timestamp":"2026-06-07 13:17:21.907","level":"INFO","thread":"main","correlationId":"","logger":"o.s.o.j.p.SpringPersistenceUnitInfo","message":"No LoadTimeWeaver setup: ignoring JPA class transformer","exception":""}
{"timestamp":"2026-06-07 13:17:21.908","level":"INFO","thread":"main","correlationId":"","logger":"com.zaxxer.hikari.HikariDataSource","message":"HikariPool-2 - Starting...","exception":""}
{"timestamp":"2026-06-07 13:17:21.910","level":"INFO","thread":"main","correlationId":"","logger":"com.zaxxer.hikari.pool.HikariPool","message":"HikariPool-2 - Added connection conn10: url=jdbc:h2:mem:deliverydb user=SA","exception":""}
{"timestamp":"2026-06-07 13:17:21.910","level":"INFO","thread":"main","correlationId":"","logger":"com.zaxxer.hikari.HikariDataSource","message":"HikariPool-2 - Start completed.","exception":""}
{"timestamp":"2026-06-07 13:17:21.911","level":"WARN","thread":"main","correlationId":"","logger":"org.hibernate.orm.deprecation","message":"HHH90000025: H2Dialect does not need to be specified explicitly using 'hibernate.dialect' (remove the property setting and it will be selected by default)","exception":""}
{"timestamp":"2026-06-07 13:17:21.981","level":"INFO","thread":"main","correlationId":"","logger":"o.s.o.j.LocalContainerEntityManagerFactoryBean","message":"Initialized JPA EntityManagerFactory for persistence unit 'default'","exception":""}
{"timestamp":"2026-06-07 13:17:22.010","level":"INFO","thread":"main","correlationId":"","logger":"o.s.s.c.a.a.c.InitializeAuthenticationProviderBeanManagerConfigurer$InitializeAuthenticationProviderManagerConfigurer","message":"Global AuthenticationManager configured with AuthenticationProvider bean with name authenticationProvider","exception":""}
{"timestamp":"2026-06-07 13:17:22.010","level":"WARN","thread":"main","correlationId":"","logger":"o.s.s.c.a.a.c.InitializeUserDetailsBeanManagerConfigurer$InitializeUserDetailsManagerConfigurer","message":"Global AuthenticationManager configured with an AuthenticationProvider bean. UserDetailsService beans will not be used by Spring Security for automatically configuring username/password login. Consider removing the AuthenticationProvider bean. Alternatively, consider using the UserDetailsService in a manually instantiated DaoAuthenticationProvider. If the current configuration is intentional, to turn off this warning, increase the logging level of 'org.springframework.security.config.annotation.authentication.configuration.InitializeUserDetailsBeanManagerConfigurer' to ERROR","exception":""}
{"timestamp":"2026-06-07 13:17:22.141","level":"DEBUG","thread":"main","correlationId":"","logger":"o.s.w.s.m.m.a.RequestMappingHandlerMapping","message":"41 mappings in 'requestMappingHandlerMapping'","exception":""}
{"timestamp":"2026-06-07 13:17:22.179","level":"DEBUG","thread":"main","correlationId":"","logger":"o.s.w.s.h.SimpleUrlHandlerMapping","message":"Patterns [/webjars/**, /**, /swagger-ui*/*swagger-initializer.js, /swagger-ui*/**] in 'resourceHandlerMapping'","exception":""}
{"timestamp":"2026-06-07 13:17:22.233","level":"INFO","thread":"main","correlationId":"","logger":"o.s.b.a.e.web.EndpointLinksResolver","message":"Exposing 13 endpoints beneath base path '/actuator'","exception":""}
{"timestamp":"2026-06-07 13:17:22.267","level":"DEBUG","thread":"main","correlationId":"","logger":"o.s.s.web.DefaultSecurityFilterChain","message":"Will secure any request with filters: DisableEncodeUrlFilter, WebAsyncManagerIntegrationFilter, SecurityContextHolderFilter, HeaderWriterFilter, CorsFilter, LogoutFilter, JwtAuthenticationFilter, RequestCacheAwareFilter, SecurityContextHolderAwareRequestFilter, AnonymousAuthenticationFilter, SessionManagementFilter, ExceptionTranslationFilter, AuthorizationFilter","exception":""}
{"timestamp":"2026-06-07 13:17:22.297","level":"DEBUG","thread":"main","correlationId":"","logger":"o.s.w.s.m.m.a.RequestMappingHandlerAdapter","message":"ControllerAdvice beans: 0 @ModelAttribute, 0 @InitBinder, 1 RequestBodyAdvice, 1 ResponseBodyAdvice","exception":""}
{"timestamp":"2026-06-07 13:17:22.302","level":"DEBUG","thread":"main","correlationId":"","logger":"o.s.w.s.m.m.a.ExceptionHandlerExceptionResolver","message":"ControllerAdvice beans: 2 @ExceptionHandler, 1 ResponseBodyAdvice","exception":""}
{"timestamp":"2026-06-07 13:17:22.348","level":"INFO","thread":"main","correlationId":"","logger":"o.s.b.a.h.H2ConsoleAutoConfiguration","message":"H2 console available at '/h2-console'. Database available at 'jdbc:h2:mem:deliverydb'","exception":""}
{"timestamp":"2026-06-07 13:17:22.367","level":"DEBUG","thread":"main","correlationId":"","logger":"o.s.w.f.ServerHttpObservationFilter","message":"Filter 'webMvcObservationFilter' configured for use","exception":""}
{"timestamp":"2026-06-07 13:17:22.367","level":"INFO","thread":"main","correlationId":"","logger":"o.s.b.t.m.w.SpringBootMockServletContext","message":"Initializing Spring TestDispatcherServlet ''","exception":""}
{"timestamp":"2026-06-07 13:17:22.367","level":"INFO","thread":"main","correlationId":"","logger":"o.s.t.w.s.TestDispatcherServlet","message":"Initializing Servlet ''","exception":""}
{"timestamp":"2026-06-07 13:17:22.368","level":"INFO","thread":"main","correlationId":"","logger":"o.s.t.w.s.TestDispatcherServlet","message":"Completed initialization in 1 ms","exception":""}
{"timestamp":"2026-06-07 13:17:22.381","level":"INFO","thread":"main","correlationId":"","logger":"c.d.d.c.PedidoControllerTest","message":"Started PedidoControllerTest in 0.911 seconds (process running for 12.315)","exception":""}
{"timestamp":"2026-06-07 13:17:22.461","level":"DEBUG","thread":"main","correlationId":"","logger":"o.s.security.web.FilterChainProxy","message":"Securing POST /api/pedidos","exception":""}
{"timestamp":"2026-06-07 13:17:22.462","level":"WARN","thread":"main","correlationId":"","logger":"c.d.d.s.JwtAuthenticationFilter","message":"JWT Token não começa com Bearer String","exception":""}
{"timestamp":"2026-06-07 13:17:22.464","level":"DEBUG","thread":"main","correlationId":"","logger":"o.s.security.web.FilterChainProxy","message":"Secured POST /api/pedidos","exception":""}
{"timestamp":"2026-06-07 13:17:22.465","level":"DEBUG","thread":"main","correlationId":"b372bb8e82c64a3b","logger":"o.s.w.s.m.m.a.RequestMappingHandlerMapping","message":"Mapped to com.deliverytech.delivery_api.controller.PedidoController#criarPedido(PedidoReqDTO)","exception":""}
{"timestamp":"2026-06-07 13:17:22.505","level":"DEBUG","thread":"main","correlationId":"b372bb8e82c64a3b","logger":"o.s.w.s.m.m.a.RequestResponseBodyMethodProcessor","message":"Read "application/json;charset=UTF-8" to [com.deliverytech.delivery_api.dto.req.PedidoReqDTO@1aaac5cc]","exception":""}
{"timestamp":"2026-06-07 13:17:22.611","level":"DEBUG","thread":"main","correlationId":"b372bb8e82c64a3b","logger":"o.s.w.s.m.m.a.HttpEntityMethodProcessor","message":"Using 'application/json', given [*/*] and supported [application/json, application/*+json, application/yaml]","exception":""}
{"timestamp":"2026-06-07 13:17:22.611","level":"DEBUG","thread":"main","correlationId":"b372bb8e82c64a3b","logger":"o.s.w.s.m.m.a.HttpEntityMethodProcessor","message":"Writing [com.deliverytech.delivery_api.dto.res.PedidoResDTO@6b4e383c]","exception":""}
{"timestamp":"2026-06-07 13:17:22.657","level":"DEBUG","thread":"main","correlationId":"","logger":"o.s.w.c.s.GenericWebApplicationContext","message":"Closing org.springframework.web.context.support.GenericWebApplicationContext@438ff53a, started on Sun Jun 07 13:17:21 BRT 2026","exception":""}
{"timestamp":"2026-06-07 13:17:22.658","level":"INFO","thread":"main","correlationId":"","logger":"o.s.o.j.LocalContainerEntityManagerFactoryBean","message":"Closing JPA EntityManagerFactory for persistence unit 'default'","exception":""}
{"timestamp":"2026-06-07 13:17:22.661","level":"INFO","thread":"main","correlationId":"","logger":"com.zaxxer.hikari.HikariDataSource","message":"HikariPool-2 - Shutdown initiated...","exception":""}
{"timestamp":"2026-06-07 13:17:22.662","level":"INFO","thread":"main","correlationId":"","logger":"com.zaxxer.hikari.HikariDataSource","message":"HikariPool-2 - Shutdown completed.","exception":""}
{"timestamp":"2026-06-07 13:17:22.663","level":"INFO","thread":"main","correlationId":"","logger":"o.s.b.d.r.RestartApplicationListener","message":"Restart disabled due to context in which it is running","exception":""}
{"timestamp":"2026-06-07 13:17:22.692","level":"INFO","thread":"main","correlationId":"","logger":"c.d.d.c.PedidoControllerTest","message":"Starting PedidoControllerTest using Java 21.0.11 with PID 10668 (started by Santana in C:\Pasta Códiguinhos\arquitetura de sistemas fat\delivery-api\delivery-api)","exception":""}
{"timestamp":"2026-06-07 13:17:22.692","level":"INFO","thread":"main","correlationId":"","logger":"c.d.d.c.PedidoControllerTest","message":"The following 1 profile is active: "test"","exception":""}
{"timestamp":"2026-06-07 13:17:22.693","level":"DEBUG","thread":"main","correlationId":"","logger":"o.s.w.c.s.GenericWebApplicationContext","message":"Refreshing org.springframework.web.context.support.GenericWebApplicationContext@1d6e4f08","exception":""}
{"timestamp":"2026-06-07 13:17:22.904","level":"INFO","thread":"main","correlationId":"","logger":"o.s.d.r.c.RepositoryConfigurationDelegate","message":"Bootstrapping Spring Data JPA repositories in DEFAULT mode.","exception":""}
{"timestamp":"2026-06-07 13:17:22.921","level":"INFO","thread":"main","correlationId":"","logger":"o.s.d.r.c.RepositoryConfigurationDelegate","message":"Finished Spring Data repository scanning in 17 ms. Found 5 JPA repository interfaces.","exception":""}
{"timestamp":"2026-06-07 13:17:22.980","level":"INFO","thread":"main","correlationId":"","logger":"o.s.o.j.p.SpringPersistenceUnitInfo","message":"No LoadTimeWeaver setup: ignoring JPA class transformer","exception":""}
{"timestamp":"2026-06-07 13:17:22.981","level":"INFO","thread":"main","correlationId":"","logger":"com.zaxxer.hikari.HikariDataSource","message":"HikariPool-3 - Starting...","exception":""}
{"timestamp":"2026-06-07 13:17:22.982","level":"INFO","thread":"main","correlationId":"","logger":"com.zaxxer.hikari.pool.HikariPool","message":"HikariPool-3 - Added connection conn20: url=jdbc:h2:mem:deliverydb user=SA","exception":""}
{"timestamp":"2026-06-07 13:17:22.982","level":"INFO","thread":"main","correlationId":"","logger":"com.zaxxer.hikari.HikariDataSource","message":"HikariPool-3 - Start completed.","exception":""}
{"timestamp":"2026-06-07 13:17:22.982","level":"WARN","thread":"main","correlationId":"","logger":"org.hibernate.orm.deprecation","message":"HHH90000025: H2Dialect does not need to be specified explicitly using 'hibernate.dialect' (remove the property setting and it will be selected by default)","exception":""}
{"timestamp":"2026-06-07 13:17:23.039","level":"INFO","thread":"main","correlationId":"","logger":"o.s.o.j.LocalContainerEntityManagerFactoryBean","message":"Initialized JPA EntityManagerFactory for persistence unit 'default'","exception":""}
{"timestamp":"2026-06-07 13:17:23.066","level":"INFO","thread":"main","correlationId":"","logger":"o.s.s.c.a.a.c.InitializeAuthenticationProviderBeanManagerConfigurer$InitializeAuthenticationProviderManagerConfigurer","message":"Global AuthenticationManager configured with AuthenticationProvider bean with name authenticationProvider","exception":""}
{"timestamp":"2026-06-07 13:17:23.067","level":"WARN","thread":"main","correlationId":"","logger":"o.s.s.c.a.a.c.InitializeUserDetailsBeanManagerConfigurer$InitializeUserDetailsManagerConfigurer","message":"Global AuthenticationManager configured with an AuthenticationProvider bean. UserDetailsService beans will not be used by Spring Security for automatically configuring username/password login. Consider removing the AuthenticationProvider bean. Alternatively, consider using the UserDetailsService in a manually instantiated DaoAuthenticationProvider. If the current configuration is intentional, to turn off this warning, increase the logging level of 'org.springframework.security.config.annotation.authentication.configuration.InitializeUserDetailsBeanManagerConfigurer' to ERROR","exception":""}
{"timestamp":"2026-06-07 13:17:23.177","level":"DEBUG","thread":"main","correlationId":"","logger":"o.s.w.s.m.m.a.RequestMappingHandlerMapping","message":"41 mappings in 'requestMappingHandlerMapping'","exception":""}
{"timestamp":"2026-06-07 13:17:23.198","level":"DEBUG","thread":"main","correlationId":"","logger":"o.s.w.s.h.SimpleUrlHandlerMapping","message":"Patterns [/webjars/**, /**, /swagger-ui*/*swagger-initializer.js, /swagger-ui*/**] in 'resourceHandlerMapping'","exception":""}
{"timestamp":"2026-06-07 13:17:23.235","level":"INFO","thread":"main","correlationId":"","logger":"o.s.b.a.e.web.EndpointLinksResolver","message":"Exposing 13 endpoints beneath base path '/actuator'","exception":""}
{"timestamp":"2026-06-07 13:17:23.268","level":"DEBUG","thread":"main","correlationId":"","logger":"o.s.s.web.DefaultSecurityFilterChain","message":"Will secure any request with filters: DisableEncodeUrlFilter, WebAsyncManagerIntegrationFilter, SecurityContextHolderFilter, HeaderWriterFilter, CorsFilter, LogoutFilter, JwtAuthenticationFilter, RequestCacheAwareFilter, SecurityContextHolderAwareRequestFilter, AnonymousAuthenticationFilter, SessionManagementFilter, ExceptionTranslationFilter, AuthorizationFilter","exception":""}
{"timestamp":"2026-06-07 13:17:23.294","level":"DEBUG","thread":"main","correlationId":"","logger":"o.s.w.s.m.m.a.RequestMappingHandlerAdapter","message":"ControllerAdvice beans: 0 @ModelAttribute, 0 @InitBinder, 1 RequestBodyAdvice, 1 ResponseBodyAdvice","exception":""}
{"timestamp":"2026-06-07 13:17:23.297","level":"DEBUG","thread":"main","correlationId":"","logger":"o.s.w.s.m.m.a.ExceptionHandlerExceptionResolver","message":"ControllerAdvice beans: 2 @ExceptionHandler, 1 ResponseBodyAdvice","exception":""}
{"timestamp":"2026-06-07 13:17:23.328","level":"INFO","thread":"main","correlationId":"","logger":"o.s.b.a.h.H2ConsoleAutoConfiguration","message":"H2 console available at '/h2-console'. Database available at 'jdbc:h2:mem:deliverydb'","exception":""}
{"timestamp":"2026-06-07 13:17:23.342","level":"DEBUG","thread":"main","correlationId":"","logger":"o.s.w.f.ServerHttpObservationFilter","message":"Filter 'webMvcObservationFilter' configured for use","exception":""}
{"timestamp":"2026-06-07 13:17:23.342","level":"INFO","thread":"main","correlationId":"","logger":"o.s.b.t.m.w.SpringBootMockServletContext","message":"Initializing Spring TestDispatcherServlet ''","exception":""}
{"timestamp":"2026-06-07 13:17:23.342","level":"INFO","thread":"main","correlationId":"","logger":"o.s.t.w.s.TestDispatcherServlet","message":"Initializing Servlet ''","exception":""}
{"timestamp":"2026-06-07 13:17:23.343","level":"INFO","thread":"main","correlationId":"","logger":"o.s.t.w.s.TestDispatcherServlet","message":"Completed initialization in 1 ms","exception":""}
{"timestamp":"2026-06-07 13:17:23.357","level":"INFO","thread":"main","correlationId":"","logger":"c.d.d.c.PedidoControllerTest","message":"Started PedidoControllerTest in 0.694 seconds (process running for 13.292)","exception":""}
{"timestamp":"2026-06-07 13:17:23.384","level":"DEBUG","thread":"main","correlationId":"","logger":"o.s.security.web.FilterChainProxy","message":"Securing POST /api/pedidos","exception":""}
{"timestamp":"2026-06-07 13:17:23.385","level":"WARN","thread":"main","correlationId":"","logger":"c.d.d.s.JwtAuthenticationFilter","message":"JWT Token não começa com Bearer String","exception":""}
{"timestamp":"2026-06-07 13:17:23.386","level":"DEBUG","thread":"main","correlationId":"","logger":"o.s.security.web.FilterChainProxy","message":"Secured POST /api/pedidos","exception":""}
{"timestamp":"2026-06-07 13:17:23.387","level":"DEBUG","thread":"main","correlationId":"de8ab4c8a2bb472c","logger":"o.s.w.s.m.m.a.RequestMappingHandlerMapping","message":"Mapped to com.deliverytech.delivery_api.controller.PedidoController#criarPedido(PedidoReqDTO)","exception":""}
{"timestamp":"2026-06-07 13:17:23.389","level":"DEBUG","thread":"main","correlationId":"de8ab4c8a2bb472c","logger":"o.s.w.s.m.m.a.RequestResponseBodyMethodProcessor","message":"Read "application/json;charset=UTF-8" to [com.deliverytech.delivery_api.dto.req.PedidoReqDTO@6a0bd048]","exception":""}
{"timestamp":"2026-06-07 13:17:23.412","level":"DEBUG","thread":"main","correlationId":"de8ab4c8a2bb472c","logger":"o.s.w.s.m.m.a.HttpEntityMethodProcessor","message":"Using 'application/json', given [*/*] and supported [application/json, application/*+json, application/yaml]","exception":""}
{"timestamp":"2026-06-07 13:17:23.412","level":"DEBUG","thread":"main","correlationId":"de8ab4c8a2bb472c","logger":"o.s.w.s.m.m.a.HttpEntityMethodProcessor","message":"Writing [com.deliverytech.delivery_api.dto.res.PedidoResDTO@932d952]","exception":""}
{"timestamp":"2026-06-07 13:17:23.422","level":"DEBUG","thread":"main","correlationId":"","logger":"o.s.security.web.FilterChainProxy","message":"Securing GET /api/pedidos/cliente/4","exception":""}
{"timestamp":"2026-06-07 13:17:23.422","level":"WARN","thread":"main","correlationId":"","logger":"c.d.d.s.JwtAuthenticationFilter","message":"JWT Token não começa com Bearer String","exception":""}
{"timestamp":"2026-06-07 13:17:23.424","level":"DEBUG","thread":"main","correlationId":"","logger":"o.s.security.web.FilterChainProxy","message":"Secured GET /api/pedidos/cliente/4","exception":""}
{"timestamp":"2026-06-07 13:17:23.424","level":"DEBUG","thread":"main","correlationId":"1a921498f7d44f29","logger":"o.s.w.s.m.m.a.RequestMappingHandlerMapping","message":"Mapped to com.deliverytech.delivery_api.controller.PedidoController#buscarPorCliente(Long)","exception":""}
{"timestamp":"2026-06-07 13:17:23.462","level":"DEBUG","thread":"main","correlationId":"1a921498f7d44f29","logger":"o.s.w.s.m.m.a.HttpEntityMethodProcessor","message":"Using 'application/json', given [*/*] and supported [application/json, application/*+json, application/yaml]","exception":""}
{"timestamp":"2026-06-07 13:17:23.464","level":"DEBUG","thread":"main","correlationId":"1a921498f7d44f29","logger":"o.s.w.s.m.m.a.HttpEntityMethodProcessor","message":"Writing [[com.deliverytech.delivery_api.dto.res.PedidoResDTO@4a13e4b4]]","exception":""}
{"timestamp":"2026-06-07 13:17:23.476","level":"DEBUG","thread":"main","correlationId":"","logger":"o.s.w.c.s.GenericWebApplicationContext","message":"Closing org.springframework.web.context.support.GenericWebApplicationContext@1d6e4f08, started on Sun Jun 07 13:17:22 BRT 2026","exception":""}
{"timestamp":"2026-06-07 13:17:23.478","level":"INFO","thread":"main","correlationId":"","logger":"o.s.o.j.LocalContainerEntityManagerFactoryBean","message":"Closing JPA EntityManagerFactory for persistence unit 'default'","exception":""}
{"timestamp":"2026-06-07 13:17:23.481","level":"INFO","thread":"main","correlationId":"","logger":"com.zaxxer.hikari.HikariDataSource","message":"HikariPool-3 - Shutdown initiated...","exception":""}
{"timestamp":"2026-06-07 13:17:23.482","level":"INFO","thread":"main","correlationId":"","logger":"com.zaxxer.hikari.HikariDataSource","message":"HikariPool-3 - Shutdown completed.","exception":""}
{"timestamp":"2026-06-07 13:17:23.484","level":"INFO","thread":"main","correlationId":"","logger":"o.s.b.d.r.RestartApplicationListener","message":"Restart disabled due to context in which it is running","exception":""}
{"timestamp":"2026-06-07 13:17:23.510","level":"INFO","thread":"main","correlationId":"","logger":"c.d.d.c.PedidoControllerTest","message":"Starting PedidoControllerTest using Java 21.0.11 with PID 10668 (started by Santana in C:\Pasta Códiguinhos\arquitetura de sistemas fat\delivery-api\delivery-api)","exception":""}
{"timestamp":"2026-06-07 13:17:23.510","level":"INFO","thread":"main","correlationId":"","logger":"c.d.d.c.PedidoControllerTest","message":"The following 1 profile is active: "test"","exception":""}
{"timestamp":"2026-06-07 13:17:23.511","level":"DEBUG","thread":"main","correlationId":"","logger":"o.s.w.c.s.GenericWebApplicationContext","message":"Refreshing org.springframework.web.context.support.GenericWebApplicationContext@21803349","exception":""}
{"timestamp":"2026-06-07 13:17:23.722","level":"INFO","thread":"main","correlationId":"","logger":"o.s.d.r.c.RepositoryConfigurationDelegate","message":"Bootstrapping Spring Data JPA repositories in DEFAULT mode.","exception":""}
{"timestamp":"2026-06-07 13:17:23.743","level":"INFO","thread":"main","correlationId":"","logger":"o.s.d.r.c.RepositoryConfigurationDelegate","message":"Finished Spring Data repository scanning in 19 ms. Found 5 JPA repository interfaces.","exception":""}
{"timestamp":"2026-06-07 13:17:23.825","level":"INFO","thread":"main","correlationId":"","logger":"o.s.o.j.p.SpringPersistenceUnitInfo","message":"No LoadTimeWeaver setup: ignoring JPA class transformer","exception":""}
{"timestamp":"2026-06-07 13:17:23.826","level":"INFO","thread":"main","correlationId":"","logger":"com.zaxxer.hikari.HikariDataSource","message":"HikariPool-4 - Starting...","exception":""}
{"timestamp":"2026-06-07 13:17:23.829","level":"INFO","thread":"main","correlationId":"","logger":"com.zaxxer.hikari.pool.HikariPool","message":"HikariPool-4 - Added connection conn30: url=jdbc:h2:mem:deliverydb user=SA","exception":""}
{"timestamp":"2026-06-07 13:17:23.829","level":"INFO","thread":"main","correlationId":"","logger":"com.zaxxer.hikari.HikariDataSource","message":"HikariPool-4 - Start completed.","exception":""}
{"timestamp":"2026-06-07 13:17:23.830","level":"WARN","thread":"main","correlationId":"","logger":"org.hibernate.orm.deprecation","message":"HHH90000025: H2Dialect does not need to be specified explicitly using 'hibernate.dialect' (remove the property setting and it will be selected by default)","exception":""}
{"timestamp":"2026-06-07 13:17:23.882","level":"INFO","thread":"main","correlationId":"","logger":"o.s.o.j.LocalContainerEntityManagerFactoryBean","message":"Initialized JPA EntityManagerFactory for persistence unit 'default'","exception":""}
{"timestamp":"2026-06-07 13:17:23.905","level":"INFO","thread":"main","correlationId":"","logger":"o.s.s.c.a.a.c.InitializeAuthenticationProviderBeanManagerConfigurer$InitializeAuthenticationProviderManagerConfigurer","message":"Global AuthenticationManager configured with AuthenticationProvider bean with name authenticationProvider","exception":""}
{"timestamp":"2026-06-07 13:17:23.905","level":"WARN","thread":"main","correlationId":"","logger":"o.s.s.c.a.a.c.InitializeUserDetailsBeanManagerConfigurer$InitializeUserDetailsManagerConfigurer","message":"Global AuthenticationManager configured with an AuthenticationProvider bean. UserDetailsService beans will not be used by Spring Security for automatically configuring username/password login. Consider removing the AuthenticationProvider bean. Alternatively, consider using the UserDetailsService in a manually instantiated DaoAuthenticationProvider. If the current configuration is intentional, to turn off this warning, increase the logging level of 'org.springframework.security.config.annotation.authentication.configuration.InitializeUserDetailsBeanManagerConfigurer' to ERROR","exception":""}
{"timestamp":"2026-06-07 13:17:24.002","level":"DEBUG","thread":"main","correlationId":"","logger":"o.s.w.s.m.m.a.RequestMappingHandlerMapping","message":"41 mappings in 'requestMappingHandlerMapping'","exception":""}
{"timestamp":"2026-06-07 13:17:24.024","level":"DEBUG","thread":"main","correlationId":"","logger":"o.s.w.s.h.SimpleUrlHandlerMapping","message":"Patterns [/webjars/**, /**, /swagger-ui*/*swagger-initializer.js, /swagger-ui*/**] in 'resourceHandlerMapping'","exception":""}
{"timestamp":"2026-06-07 13:17:24.060","level":"INFO","thread":"main","correlationId":"","logger":"o.s.b.a.e.web.EndpointLinksResolver","message":"Exposing 13 endpoints beneath base path '/actuator'","exception":""}
{"timestamp":"2026-06-07 13:17:24.089","level":"DEBUG","thread":"main","correlationId":"","logger":"o.s.s.web.DefaultSecurityFilterChain","message":"Will secure any request with filters: DisableEncodeUrlFilter, WebAsyncManagerIntegrationFilter, SecurityContextHolderFilter, HeaderWriterFilter, CorsFilter, LogoutFilter, JwtAuthenticationFilter, RequestCacheAwareFilter, SecurityContextHolderAwareRequestFilter, AnonymousAuthenticationFilter, SessionManagementFilter, ExceptionTranslationFilter, AuthorizationFilter","exception":""}
{"timestamp":"2026-06-07 13:17:24.115","level":"DEBUG","thread":"main","correlationId":"","logger":"o.s.w.s.m.m.a.RequestMappingHandlerAdapter","message":"ControllerAdvice beans: 0 @ModelAttribute, 0 @InitBinder, 1 RequestBodyAdvice, 1 ResponseBodyAdvice","exception":""}
{"timestamp":"2026-06-07 13:17:24.118","level":"DEBUG","thread":"main","correlationId":"","logger":"o.s.w.s.m.m.a.ExceptionHandlerExceptionResolver","message":"ControllerAdvice beans: 2 @ExceptionHandler, 1 ResponseBodyAdvice","exception":""}
{"timestamp":"2026-06-07 13:17:24.150","level":"INFO","thread":"main","correlationId":"","logger":"o.s.b.a.h.H2ConsoleAutoConfiguration","message":"H2 console available at '/h2-console'. Database available at 'jdbc:h2:mem:deliverydb'","exception":""}
{"timestamp":"2026-06-07 13:17:24.165","level":"DEBUG","thread":"main","correlationId":"","logger":"o.s.w.f.ServerHttpObservationFilter","message":"Filter 'webMvcObservationFilter' configured for use","exception":""}
{"timestamp":"2026-06-07 13:17:24.165","level":"INFO","thread":"main","correlationId":"","logger":"o.s.b.t.m.w.SpringBootMockServletContext","message":"Initializing Spring TestDispatcherServlet ''","exception":""}
{"timestamp":"2026-06-07 13:17:24.165","level":"INFO","thread":"main","correlationId":"","logger":"o.s.t.w.s.TestDispatcherServlet","message":"Initializing Servlet ''","exception":""}
{"timestamp":"2026-06-07 13:17:24.166","level":"INFO","thread":"main","correlationId":"","logger":"o.s.t.w.s.TestDispatcherServlet","message":"Completed initialization in 1 ms","exception":""}
{"timestamp":"2026-06-07 13:17:24.175","level":"INFO","thread":"main","correlationId":"","logger":"c.d.d.c.PedidoControllerTest","message":"Started PedidoControllerTest in 0.692 seconds (process running for 14.109)","exception":""}
{"timestamp":"2026-06-07 13:17:24.200","level":"DEBUG","thread":"main","correlationId":"","logger":"o.s.security.web.FilterChainProxy","message":"Securing POST /api/pedidos","exception":""}
{"timestamp":"2026-06-07 13:17:24.200","level":"WARN","thread":"main","correlationId":"","logger":"c.d.d.s.JwtAuthenticationFilter","message":"JWT Token não começa com Bearer String","exception":""}
{"timestamp":"2026-06-07 13:17:24.201","level":"DEBUG","thread":"main","correlationId":"","logger":"o.s.security.web.FilterChainProxy","message":"Secured POST /api/pedidos","exception":""}
{"timestamp":"2026-06-07 13:17:24.202","level":"DEBUG","thread":"main","correlationId":"441e6f056bf04c84","logger":"o.s.w.s.m.m.a.RequestMappingHandlerMapping","message":"Mapped to com.deliverytech.delivery_api.controller.PedidoController#criarPedido(PedidoReqDTO)","exception":""}
{"timestamp":"2026-06-07 13:17:24.204","level":"DEBUG","thread":"main","correlationId":"441e6f056bf04c84","logger":"o.s.w.s.m.m.a.RequestResponseBodyMethodProcessor","message":"Read "application/json;charset=UTF-8" to [com.deliverytech.delivery_api.dto.req.PedidoReqDTO@3639f734]","exception":""}
{"timestamp":"2026-06-07 13:17:24.215","level":"DEBUG","thread":"main","correlationId":"441e6f056bf04c84","logger":"o.s.w.s.m.m.a.ExceptionHandlerExceptionResolver","message":"Using @ExceptionHandler com.deliverytech.delivery_api.exception.GlobalExceptionHandler#handleBusinessException(BusinessException, HttpServletRequest)","exception":""}
{"timestamp":"2026-06-07 13:17:24.218","level":"DEBUG","thread":"main","correlationId":"441e6f056bf04c84","logger":"o.s.w.s.m.m.a.HttpEntityMethodProcessor","message":"Using 'application/json', given [*/*] and supported [application/json, application/*+json, application/yaml]","exception":""}
{"timestamp":"2026-06-07 13:17:24.219","level":"DEBUG","thread":"main","correlationId":"441e6f056bf04c84","logger":"o.s.w.s.m.m.a.HttpEntityMethodProcessor","message":"Writing [com.deliverytech.delivery_api.dto.ErrorResponse@53d83dce]","exception":""}
{"timestamp":"2026-06-07 13:17:24.219","level":"DEBUG","thread":"main","correlationId":"441e6f056bf04c84","logger":"o.s.w.s.m.m.a.ExceptionHandlerExceptionResolver","message":"Resolved [com.deliverytech.delivery_api.exception.BusinessException: Cliente inativo não pode fazer pedidos]","exception":""}
{"timestamp":"2026-06-07 13:17:24.225","level":"DEBUG","thread":"main","correlationId":"","logger":"o.s.w.c.s.GenericWebApplicationContext","message":"Closing org.springframework.web.context.support.GenericWebApplicationContext@21803349, started on Sun Jun 07 13:17:23 BRT 2026","exception":""}
{"timestamp":"2026-06-07 13:17:24.227","level":"INFO","thread":"main","correlationId":"","logger":"o.s.o.j.LocalContainerEntityManagerFactoryBean","message":"Closing JPA EntityManagerFactory for persistence unit 'default'","exception":""}
{"timestamp":"2026-06-07 13:17:24.229","level":"INFO","thread":"main","correlationId":"","logger":"com.zaxxer.hikari.HikariDataSource","message":"HikariPool-4 - Shutdown initiated...","exception":""}
{"timestamp":"2026-06-07 13:17:24.236","level":"INFO","thread":"main","correlationId":"","logger":"com.zaxxer.hikari.HikariDataSource","message":"HikariPool-4 - Shutdown completed.","exception":""}
{"timestamp":"2026-06-07 13:17:24.238","level":"INFO","thread":"main","correlationId":"","logger":"o.s.b.d.r.RestartApplicationListener","message":"Restart disabled due to context in which it is running","exception":""}
{"timestamp":"2026-06-07 13:17:24.263","level":"INFO","thread":"main","correlationId":"","logger":"c.d.d.c.PedidoControllerTest","message":"Starting PedidoControllerTest using Java 21.0.11 with PID 10668 (started by Santana in C:\Pasta Códiguinhos\arquitetura de sistemas fat\delivery-api\delivery-api)","exception":""}
{"timestamp":"2026-06-07 13:17:24.263","level":"INFO","thread":"main","correlationId":"","logger":"c.d.d.c.PedidoControllerTest","message":"The following 1 profile is active: "test"","exception":""}
{"timestamp":"2026-06-07 13:17:24.264","level":"DEBUG","thread":"main","correlationId":"","logger":"o.s.w.c.s.GenericWebApplicationContext","message":"Refreshing org.springframework.web.context.support.GenericWebApplicationContext@7f2ca669","exception":""}
{"timestamp":"2026-06-07 13:17:24.446","level":"INFO","thread":"main","correlationId":"","logger":"o.s.d.r.c.RepositoryConfigurationDelegate","message":"Bootstrapping Spring Data JPA repositories in DEFAULT mode.","exception":""}
{"timestamp":"2026-06-07 13:17:24.465","level":"INFO","thread":"main","correlationId":"","logger":"o.s.d.r.c.RepositoryConfigurationDelegate","message":"Finished Spring Data repository scanning in 17 ms. Found 5 JPA repository interfaces.","exception":""}
{"timestamp":"2026-06-07 13:17:24.519","level":"INFO","thread":"main","correlationId":"","logger":"o.s.o.j.p.SpringPersistenceUnitInfo","message":"No LoadTimeWeaver setup: ignoring JPA class transformer","exception":""}
{"timestamp":"2026-06-07 13:17:24.520","level":"INFO","thread":"main","correlationId":"","logger":"com.zaxxer.hikari.HikariDataSource","message":"HikariPool-5 - Starting...","exception":""}
{"timestamp":"2026-06-07 13:17:24.521","level":"INFO","thread":"main","correlationId":"","logger":"com.zaxxer.hikari.pool.HikariPool","message":"HikariPool-5 - Added connection conn40: url=jdbc:h2:mem:deliverydb user=SA","exception":""}
{"timestamp":"2026-06-07 13:17:24.521","level":"INFO","thread":"main","correlationId":"","logger":"com.zaxxer.hikari.HikariDataSource","message":"HikariPool-5 - Start completed.","exception":""}
{"timestamp":"2026-06-07 13:17:24.522","level":"WARN","thread":"main","correlationId":"","logger":"org.hibernate.orm.deprecation","message":"HHH90000025: H2Dialect does not need to be specified explicitly using 'hibernate.dialect' (remove the property setting and it will be selected by default)","exception":""}
{"timestamp":"2026-06-07 13:17:24.572","level":"INFO","thread":"main","correlationId":"","logger":"o.s.o.j.LocalContainerEntityManagerFactoryBean","message":"Initialized JPA EntityManagerFactory for persistence unit 'default'","exception":""}
{"timestamp":"2026-06-07 13:17:24.600","level":"INFO","thread":"main","correlationId":"","logger":"o.s.s.c.a.a.c.InitializeAuthenticationProviderBeanManagerConfigurer$InitializeAuthenticationProviderManagerConfigurer","message":"Global AuthenticationManager configured with AuthenticationProvider bean with name authenticationProvider","exception":""}
{"timestamp":"2026-06-07 13:17:24.600","level":"WARN","thread":"main","correlationId":"","logger":"o.s.s.c.a.a.c.InitializeUserDetailsBeanManagerConfigurer$InitializeUserDetailsManagerConfigurer","message":"Global AuthenticationManager configured with an AuthenticationProvider bean. UserDetailsService beans will not be used by Spring Security for automatically configuring username/password login. Consider removing the AuthenticationProvider bean. Alternatively, consider using the UserDetailsService in a manually instantiated DaoAuthenticationProvider. If the current configuration is intentional, to turn off this warning, increase the logging level of 'org.springframework.security.config.annotation.authentication.configuration.InitializeUserDetailsBeanManagerConfigurer' to ERROR","exception":""}
{"timestamp":"2026-06-07 13:17:24.709","level":"DEBUG","thread":"main","correlationId":"","logger":"o.s.w.s.m.m.a.RequestMappingHandlerMapping","message":"41 mappings in 'requestMappingHandlerMapping'","exception":""}
{"timestamp":"2026-06-07 13:17:24.741","level":"DEBUG","thread":"main","correlationId":"","logger":"o.s.w.s.h.SimpleUrlHandlerMapping","message":"Patterns [/webjars/**, /**, /swagger-ui*/*swagger-initializer.js, /swagger-ui*/**] in 'resourceHandlerMapping'","exception":""}
{"timestamp":"2026-06-07 13:17:24.778","level":"INFO","thread":"main","correlationId":"","logger":"o.s.b.a.e.web.EndpointLinksResolver","message":"Exposing 13 endpoints beneath base path '/actuator'","exception":""}
{"timestamp":"2026-06-07 13:17:24.805","level":"DEBUG","thread":"main","correlationId":"","logger":"o.s.s.web.DefaultSecurityFilterChain","message":"Will secure any request with filters: DisableEncodeUrlFilter, WebAsyncManagerIntegrationFilter, SecurityContextHolderFilter, HeaderWriterFilter, CorsFilter, LogoutFilter, JwtAuthenticationFilter, RequestCacheAwareFilter, SecurityContextHolderAwareRequestFilter, AnonymousAuthenticationFilter, SessionManagementFilter, ExceptionTranslationFilter, AuthorizationFilter","exception":""}
{"timestamp":"2026-06-07 13:17:24.831","level":"DEBUG","thread":"main","correlationId":"","logger":"o.s.w.s.m.m.a.RequestMappingHandlerAdapter","message":"ControllerAdvice beans: 0 @ModelAttribute, 0 @InitBinder, 1 RequestBodyAdvice, 1 ResponseBodyAdvice","exception":""}
{"timestamp":"2026-06-07 13:17:24.836","level":"DEBUG","thread":"main","correlationId":"","logger":"o.s.w.s.m.m.a.ExceptionHandlerExceptionResolver","message":"ControllerAdvice beans: 2 @ExceptionHandler, 1 ResponseBodyAdvice","exception":""}
{"timestamp":"2026-06-07 13:17:24.865","level":"INFO","thread":"main","correlationId":"","logger":"o.s.b.a.h.H2ConsoleAutoConfiguration","message":"H2 console available at '/h2-console'. Database available at 'jdbc:h2:mem:deliverydb'","exception":""}
{"timestamp":"2026-06-07 13:17:24.879","level":"DEBUG","thread":"main","correlationId":"","logger":"o.s.w.f.ServerHttpObservationFilter","message":"Filter 'webMvcObservationFilter' configured for use","exception":""}
{"timestamp":"2026-06-07 13:17:24.879","level":"INFO","thread":"main","correlationId":"","logger":"o.s.b.t.m.w.SpringBootMockServletContext","message":"Initializing Spring TestDispatcherServlet ''","exception":""}
{"timestamp":"2026-06-07 13:17:24.879","level":"INFO","thread":"main","correlationId":"","logger":"o.s.t.w.s.TestDispatcherServlet","message":"Initializing Servlet ''","exception":""}
{"timestamp":"2026-06-07 13:17:24.880","level":"INFO","thread":"main","correlationId":"","logger":"o.s.t.w.s.TestDispatcherServlet","message":"Completed initialization in 1 ms","exception":""}
{"timestamp":"2026-06-07 13:17:24.888","level":"INFO","thread":"main","correlationId":"","logger":"c.d.d.c.PedidoControllerTest","message":"Started PedidoControllerTest in 0.651 seconds (process running for 14.822)","exception":""}
{"timestamp":"2026-06-07 13:17:24.913","level":"DEBUG","thread":"main","correlationId":"","logger":"o.s.security.web.FilterChainProxy","message":"Securing POST /api/pedidos","exception":""}
{"timestamp":"2026-06-07 13:17:24.913","level":"WARN","thread":"main","correlationId":"","logger":"c.d.d.s.JwtAuthenticationFilter","message":"JWT Token não começa com Bearer String","exception":""}
{"timestamp":"2026-06-07 13:17:24.914","level":"DEBUG","thread":"main","correlationId":"","logger":"o.s.security.web.FilterChainProxy","message":"Secured POST /api/pedidos","exception":""}
{"timestamp":"2026-06-07 13:17:24.914","level":"DEBUG","thread":"main","correlationId":"2201c1b74c2c47ff","logger":"o.s.w.s.m.m.a.RequestMappingHandlerMapping","message":"Mapped to com.deliverytech.delivery_api.controller.PedidoController#criarPedido(PedidoReqDTO)","exception":""}
{"timestamp":"2026-06-07 13:17:24.916","level":"DEBUG","thread":"main","correlationId":"2201c1b74c2c47ff","logger":"o.s.w.s.m.m.a.RequestResponseBodyMethodProcessor","message":"Read "application/json;charset=UTF-8" to [com.deliverytech.delivery_api.dto.req.PedidoReqDTO@1b28d839]","exception":""}
{"timestamp":"2026-06-07 13:17:24.931","level":"DEBUG","thread":"main","correlationId":"2201c1b74c2c47ff","logger":"o.s.w.s.m.m.a.HttpEntityMethodProcessor","message":"Using 'application/json', given [*/*] and supported [application/json, application/*+json, application/yaml]","exception":""}
{"timestamp":"2026-06-07 13:17:24.931","level":"DEBUG","thread":"main","correlationId":"2201c1b74c2c47ff","logger":"o.s.w.s.m.m.a.HttpEntityMethodProcessor","message":"Writing [com.deliverytech.delivery_api.dto.res.PedidoResDTO@65254dde]","exception":""}
{"timestamp":"2026-06-07 13:17:24.934","level":"DEBUG","thread":"main","correlationId":"","logger":"o.s.security.web.FilterChainProxy","message":"Securing DELETE /api/pedidos/4","exception":""}
{"timestamp":"2026-06-07 13:17:24.935","level":"WARN","thread":"main","correlationId":"","logger":"c.d.d.s.JwtAuthenticationFilter","message":"JWT Token não começa com Bearer String","exception":""}
{"timestamp":"2026-06-07 13:17:24.935","level":"DEBUG","thread":"main","correlationId":"","logger":"o.s.security.web.FilterChainProxy","message":"Secured DELETE /api/pedidos/4","exception":""}
{"timestamp":"2026-06-07 13:17:24.936","level":"DEBUG","thread":"main","correlationId":"ae47ecefc46b4e20","logger":"o.s.w.s.m.m.a.RequestMappingHandlerMapping","message":"Mapped to com.deliverytech.delivery_api.controller.PedidoController#cancelarPedido(Long)","exception":""}
{"timestamp":"2026-06-07 13:17:24.942","level":"DEBUG","thread":"main","correlationId":"ae47ecefc46b4e20","logger":"o.s.w.s.m.m.a.HttpEntityMethodProcessor","message":"Using 'application/json', given [*/*] and supported [application/json, application/*+json, application/yaml]","exception":""}
{"timestamp":"2026-06-07 13:17:24.942","level":"DEBUG","thread":"main","correlationId":"ae47ecefc46b4e20","logger":"o.s.w.s.m.m.a.HttpEntityMethodProcessor","message":"Nothing to write: null body","exception":""}
{"timestamp":"2026-06-07 13:17:24.944","level":"DEBUG","thread":"main","correlationId":"","logger":"o.s.security.web.FilterChainProxy","message":"Securing GET /api/pedidos/4","exception":""}
{"timestamp":"2026-06-07 13:17:24.944","level":"WARN","thread":"main","correlationId":"","logger":"c.d.d.s.JwtAuthenticationFilter","message":"JWT Token não começa com Bearer String","exception":""}
{"timestamp":"2026-06-07 13:17:24.945","level":"DEBUG","thread":"main","correlationId":"","logger":"o.s.security.web.FilterChainProxy","message":"Secured GET /api/pedidos/4","exception":""}
{"timestamp":"2026-06-07 13:17:24.945","level":"DEBUG","thread":"main","correlationId":"1dc841fdca454f55","logger":"o.s.w.s.m.m.a.RequestMappingHandlerMapping","message":"Mapped to com.deliverytech.delivery_api.controller.PedidoController#buscarPorId(Long)","exception":""}
{"timestamp":"2026-06-07 13:17:24.947","level":"DEBUG","thread":"main","correlationId":"1dc841fdca454f55","logger":"o.s.w.s.m.m.a.HttpEntityMethodProcessor","message":"Using 'application/json', given [*/*] and supported [application/json, application/*+json, application/yaml]","exception":""}
{"timestamp":"2026-06-07 13:17:24.947","level":"DEBUG","thread":"main","correlationId":"1dc841fdca454f55","logger":"o.s.w.s.m.m.a.HttpEntityMethodProcessor","message":"Writing [com.deliverytech.delivery_api.dto.res.PedidoResDTO@2f7db7a2]","exception":""}
{"timestamp":"2026-06-07 13:17:24.952","level":"DEBUG","thread":"main","correlationId":"","logger":"o.s.w.c.s.GenericWebApplicationContext","message":"Closing org.springframework.web.context.support.GenericWebApplicationContext@7f2ca669, started on Sun Jun 07 13:17:24 BRT 2026","exception":""}
{"timestamp":"2026-06-07 13:17:24.954","level":"INFO","thread":"main","correlationId":"","logger":"o.s.o.j.LocalContainerEntityManagerFactoryBean","message":"Closing JPA EntityManagerFactory for persistence unit 'default'","exception":""}
{"timestamp":"2026-06-07 13:17:24.956","level":"INFO","thread":"main","correlationId":"","logger":"com.zaxxer.hikari.HikariDataSource","message":"HikariPool-5 - Shutdown initiated...","exception":""}
{"timestamp":"2026-06-07 13:17:24.956","level":"INFO","thread":"main","correlationId":"","logger":"com.zaxxer.hikari.HikariDataSource","message":"HikariPool-5 - Shutdown completed.","exception":""}
{"timestamp":"2026-06-07 13:17:24.958","level":"INFO","thread":"main","correlationId":"","logger":"o.s.b.d.r.RestartApplicationListener","message":"Restart disabled due to context in which it is running","exception":""}
{"timestamp":"2026-06-07 13:17:24.980","level":"INFO","thread":"main","correlationId":"","logger":"c.d.d.c.PedidoControllerTest","message":"Starting PedidoControllerTest using Java 21.0.11 with PID 10668 (started by Santana in C:\Pasta Códiguinhos\arquitetura de sistemas fat\delivery-api\delivery-api)","exception":""}
{"timestamp":"2026-06-07 13:17:24.980","level":"INFO","thread":"main","correlationId":"","logger":"c.d.d.c.PedidoControllerTest","message":"The following 1 profile is active: "test"","exception":""}
{"timestamp":"2026-06-07 13:17:24.981","level":"DEBUG","thread":"main","correlationId":"","logger":"o.s.w.c.s.GenericWebApplicationContext","message":"Refreshing org.springframework.web.context.support.GenericWebApplicationContext@138fc75f","exception":""}
{"timestamp":"2026-06-07 13:17:25.164","level":"INFO","thread":"main","correlationId":"","logger":"o.s.d.r.c.RepositoryConfigurationDelegate","message":"Bootstrapping Spring Data JPA repositories in DEFAULT mode.","exception":""}
{"timestamp":"2026-06-07 13:17:25.197","level":"INFO","thread":"main","correlationId":"","logger":"o.s.d.r.c.RepositoryConfigurationDelegate","message":"Finished Spring Data repository scanning in 32 ms. Found 5 JPA repository interfaces.","exception":""}
{"timestamp":"2026-06-07 13:17:25.247","level":"INFO","thread":"main","correlationId":"","logger":"o.s.o.j.p.SpringPersistenceUnitInfo","message":"No LoadTimeWeaver setup: ignoring JPA class transformer","exception":""}
{"timestamp":"2026-06-07 13:17:25.248","level":"INFO","thread":"main","correlationId":"","logger":"com.zaxxer.hikari.HikariDataSource","message":"HikariPool-6 - Starting...","exception":""}
{"timestamp":"2026-06-07 13:17:25.250","level":"INFO","thread":"main","correlationId":"","logger":"com.zaxxer.hikari.pool.HikariPool","message":"HikariPool-6 - Added connection conn50: url=jdbc:h2:mem:deliverydb user=SA","exception":""}
{"timestamp":"2026-06-07 13:17:25.250","level":"INFO","thread":"main","correlationId":"","logger":"com.zaxxer.hikari.HikariDataSource","message":"HikariPool-6 - Start completed.","exception":""}
{"timestamp":"2026-06-07 13:17:25.250","level":"WARN","thread":"main","correlationId":"","logger":"org.hibernate.orm.deprecation","message":"HHH90000025: H2Dialect does not need to be specified explicitly using 'hibernate.dialect' (remove the property setting and it will be selected by default)","exception":""}
{"timestamp":"2026-06-07 13:17:25.298","level":"INFO","thread":"main","correlationId":"","logger":"o.s.o.j.LocalContainerEntityManagerFactoryBean","message":"Initialized JPA EntityManagerFactory for persistence unit 'default'","exception":""}
{"timestamp":"2026-06-07 13:17:25.320","level":"INFO","thread":"main","correlationId":"","logger":"o.s.s.c.a.a.c.InitializeAuthenticationProviderBeanManagerConfigurer$InitializeAuthenticationProviderManagerConfigurer","message":"Global AuthenticationManager configured with AuthenticationProvider bean with name authenticationProvider","exception":""}
{"timestamp":"2026-06-07 13:17:25.320","level":"WARN","thread":"main","correlationId":"","logger":"o.s.s.c.a.a.c.InitializeUserDetailsBeanManagerConfigurer$InitializeUserDetailsManagerConfigurer","message":"Global AuthenticationManager configured with an AuthenticationProvider bean. UserDetailsService beans will not be used by Spring Security for automatically configuring username/password login. Consider removing the AuthenticationProvider bean. Alternatively, consider using the UserDetailsService in a manually instantiated DaoAuthenticationProvider. If the current configuration is intentional, to turn off this warning, increase the logging level of 'org.springframework.security.config.annotation.authentication.configuration.InitializeUserDetailsBeanManagerConfigurer' to ERROR","exception":""}
{"timestamp":"2026-06-07 13:17:25.419","level":"DEBUG","thread":"main","correlationId":"","logger":"o.s.w.s.m.m.a.RequestMappingHandlerMapping","message":"41 mappings in 'requestMappingHandlerMapping'","exception":""}
{"timestamp":"2026-06-07 13:17:25.439","level":"DEBUG","thread":"main","correlationId":"","logger":"o.s.w.s.h.SimpleUrlHandlerMapping","message":"Patterns [/webjars/**, /**, /swagger-ui*/*swagger-initializer.js, /swagger-ui*/**] in 'resourceHandlerMapping'","exception":""}
{"timestamp":"2026-06-07 13:17:25.475","level":"INFO","thread":"main","correlationId":"","logger":"o.s.b.a.e.web.EndpointLinksResolver","message":"Exposing 13 endpoints beneath base path '/actuator'","exception":""}
{"timestamp":"2026-06-07 13:17:25.502","level":"DEBUG","thread":"main","correlationId":"","logger":"o.s.s.web.DefaultSecurityFilterChain","message":"Will secure any request with filters: DisableEncodeUrlFilter, WebAsyncManagerIntegrationFilter, SecurityContextHolderFilter, HeaderWriterFilter, CorsFilter, LogoutFilter, JwtAuthenticationFilter, RequestCacheAwareFilter, SecurityContextHolderAwareRequestFilter, AnonymousAuthenticationFilter, SessionManagementFilter, ExceptionTranslationFilter, AuthorizationFilter","exception":""}
{"timestamp":"2026-06-07 13:17:25.525","level":"DEBUG","thread":"main","correlationId":"","logger":"o.s.w.s.m.m.a.RequestMappingHandlerAdapter","message":"ControllerAdvice beans: 0 @ModelAttribute, 0 @InitBinder, 1 RequestBodyAdvice, 1 ResponseBodyAdvice","exception":""}
{"timestamp":"2026-06-07 13:17:25.529","level":"DEBUG","thread":"main","correlationId":"","logger":"o.s.w.s.m.m.a.ExceptionHandlerExceptionResolver","message":"ControllerAdvice beans: 2 @ExceptionHandler, 1 ResponseBodyAdvice","exception":""}
{"timestamp":"2026-06-07 13:17:25.566","level":"INFO","thread":"main","correlationId":"","logger":"o.s.b.a.h.H2ConsoleAutoConfiguration","message":"H2 console available at '/h2-console'. Database available at 'jdbc:h2:mem:deliverydb'","exception":""}
{"timestamp":"2026-06-07 13:17:25.580","level":"DEBUG","thread":"main","correlationId":"","logger":"o.s.w.f.ServerHttpObservationFilter","message":"Filter 'webMvcObservationFilter' configured for use","exception":""}
{"timestamp":"2026-06-07 13:17:25.580","level":"INFO","thread":"main","correlationId":"","logger":"o.s.b.t.m.w.SpringBootMockServletContext","message":"Initializing Spring TestDispatcherServlet ''","exception":""}
{"timestamp":"2026-06-07 13:17:25.580","level":"INFO","thread":"main","correlationId":"","logger":"o.s.t.w.s.TestDispatcherServlet","message":"Initializing Servlet ''","exception":""}
{"timestamp":"2026-06-07 13:17:25.581","level":"INFO","thread":"main","correlationId":"","logger":"o.s.t.w.s.TestDispatcherServlet","message":"Completed initialization in 0 ms","exception":""}
{"timestamp":"2026-06-07 13:17:25.590","level":"INFO","thread":"main","correlationId":"","logger":"c.d.d.c.PedidoControllerTest","message":"Started PedidoControllerTest in 0.632 seconds (process running for 15.524)","exception":""}
{"timestamp":"2026-06-07 13:17:25.613","level":"DEBUG","thread":"main","correlationId":"","logger":"o.s.security.web.FilterChainProxy","message":"Securing POST /api/pedidos","exception":""}
{"timestamp":"2026-06-07 13:17:25.614","level":"WARN","thread":"main","correlationId":"","logger":"c.d.d.s.JwtAuthenticationFilter","message":"JWT Token não começa com Bearer String","exception":""}
{"timestamp":"2026-06-07 13:17:25.615","level":"DEBUG","thread":"main","correlationId":"","logger":"o.s.security.web.FilterChainProxy","message":"Secured POST /api/pedidos","exception":""}
{"timestamp":"2026-06-07 13:17:25.615","level":"DEBUG","thread":"main","correlationId":"7193f8c2a25e41f5","logger":"o.s.w.s.m.m.a.RequestMappingHandlerMapping","message":"Mapped to com.deliverytech.delivery_api.controller.PedidoController#criarPedido(PedidoReqDTO)","exception":""}
{"timestamp":"2026-06-07 13:17:25.617","level":"DEBUG","thread":"main","correlationId":"7193f8c2a25e41f5","logger":"o.s.w.s.m.m.a.RequestResponseBodyMethodProcessor","message":"Read "application/json;charset=UTF-8" to [com.deliverytech.delivery_api.dto.req.PedidoReqDTO@215b14b5]","exception":""}
{"timestamp":"2026-06-07 13:17:25.629","level":"DEBUG","thread":"main","correlationId":"7193f8c2a25e41f5","logger":"o.s.w.s.m.m.a.ExceptionHandlerExceptionResolver","message":"Using @ExceptionHandler com.deliverytech.delivery_api.exception.GlobalExceptionHandler#handleValidationException(MethodArgumentNotValidException, HttpServletRequest)","exception":""}
{"timestamp":"2026-06-07 13:17:25.632","level":"DEBUG","thread":"main","correlationId":"7193f8c2a25e41f5","logger":"o.s.w.s.m.m.a.HttpEntityMethodProcessor","message":"Using 'application/json', given [*/*] and supported [application/json, application/*+json, application/yaml]","exception":""}
{"timestamp":"2026-06-07 13:17:25.632","level":"DEBUG","thread":"main","correlationId":"7193f8c2a25e41f5","logger":"o.s.w.s.m.m.a.HttpEntityMethodProcessor","message":"Writing [com.deliverytech.delivery_api.dto.ErrorResponse@2053af3d]","exception":""}
{"timestamp":"2026-06-07 13:17:25.636","level":"DEBUG","thread":"main","correlationId":"7193f8c2a25e41f5","logger":"o.s.w.s.m.m.a.ExceptionHandlerExceptionResolver","message":"Resolved [org.springframework.web.bind.MethodArgumentNotValidException: Validation failed for argument [0] in public org.springframework.http.ResponseEntity<com.deliverytech.delivery_api.dto.res.PedidoResDTO> com.deliverytech.delivery_api.controller.PedidoController.criarPedido(com.deliverytech.delivery_api.dto.req.PedidoReqDTO): [Field error in object 'pedidoReqDTO' on field 'itens': rejected value [[]]; codes [NotEmpty.pedidoReqDTO.itens,NotEmpty.itens,NotEmpty.java.util.List,NotEmpty]; arguments [org.springframework.context.support.DefaultMessageSourceResolvable: codes [pedidoReqDTO.itens,itens]; arguments []; default message [itens]]; default message [Pedido deve ter pelo menos um item]] ]","exception":""}
{"timestamp":"2026-06-07 13:17:25.641","level":"DEBUG","thread":"main","correlationId":"","logger":"o.s.w.c.s.GenericWebApplicationContext","message":"Closing org.springframework.web.context.support.GenericWebApplicationContext@138fc75f, started on Sun Jun 07 13:17:24 BRT 2026","exception":""}
{"timestamp":"2026-06-07 13:17:25.642","level":"INFO","thread":"main","correlationId":"","logger":"o.s.o.j.LocalContainerEntityManagerFactoryBean","message":"Closing JPA EntityManagerFactory for persistence unit 'default'","exception":""}
{"timestamp":"2026-06-07 13:17:25.645","level":"INFO","thread":"main","correlationId":"","logger":"com.zaxxer.hikari.HikariDataSource","message":"HikariPool-6 - Shutdown initiated...","exception":""}
{"timestamp":"2026-06-07 13:17:25.645","level":"INFO","thread":"main","correlationId":"","logger":"com.zaxxer.hikari.HikariDataSource","message":"HikariPool-6 - Shutdown completed.","exception":""}
{"timestamp":"2026-06-07 13:17:25.647","level":"INFO","thread":"main","correlationId":"","logger":"o.s.b.d.r.RestartApplicationListener","message":"Restart disabled due to context in which it is running","exception":""}
{"timestamp":"2026-06-07 13:17:25.669","level":"INFO","thread":"main","correlationId":"","logger":"c.d.d.c.PedidoControllerTest","message":"Starting PedidoControllerTest using Java 21.0.11 with PID 10668 (started by Santana in C:\Pasta Códiguinhos\arquitetura de sistemas fat\delivery-api\delivery-api)","exception":""}
{"timestamp":"2026-06-07 13:17:25.670","level":"INFO","thread":"main","correlationId":"","logger":"c.d.d.c.PedidoControllerTest","message":"The following 1 profile is active: "test"","exception":""}
{"timestamp":"2026-06-07 13:17:25.670","level":"DEBUG","thread":"main","correlationId":"","logger":"o.s.w.c.s.GenericWebApplicationContext","message":"Refreshing org.springframework.web.context.support.GenericWebApplicationContext@36da1c5","exception":""}
{"timestamp":"2026-06-07 13:17:25.861","level":"INFO","thread":"main","correlationId":"","logger":"o.s.d.r.c.RepositoryConfigurationDelegate","message":"Bootstrapping Spring Data JPA repositories in DEFAULT mode.","exception":""}
{"timestamp":"2026-06-07 13:17:25.878","level":"INFO","thread":"main","correlationId":"","logger":"o.s.d.r.c.RepositoryConfigurationDelegate","message":"Finished Spring Data repository scanning in 16 ms. Found 5 JPA repository interfaces.","exception":""}
{"timestamp":"2026-06-07 13:17:25.928","level":"INFO","thread":"main","correlationId":"","logger":"o.s.o.j.p.SpringPersistenceUnitInfo","message":"No LoadTimeWeaver setup: ignoring JPA class transformer","exception":""}
{"timestamp":"2026-06-07 13:17:25.929","level":"INFO","thread":"main","correlationId":"","logger":"com.zaxxer.hikari.HikariDataSource","message":"HikariPool-7 - Starting...","exception":""}
{"timestamp":"2026-06-07 13:17:25.930","level":"INFO","thread":"main","correlationId":"","logger":"com.zaxxer.hikari.pool.HikariPool","message":"HikariPool-7 - Added connection conn60: url=jdbc:h2:mem:deliverydb user=SA","exception":""}
{"timestamp":"2026-06-07 13:17:25.930","level":"INFO","thread":"main","correlationId":"","logger":"com.zaxxer.hikari.HikariDataSource","message":"HikariPool-7 - Start completed.","exception":""}
{"timestamp":"2026-06-07 13:17:25.930","level":"WARN","thread":"main","correlationId":"","logger":"org.hibernate.orm.deprecation","message":"HHH90000025: H2Dialect does not need to be specified explicitly using 'hibernate.dialect' (remove the property setting and it will be selected by default)","exception":""}
{"timestamp":"2026-06-07 13:17:25.972","level":"INFO","thread":"main","correlationId":"","logger":"o.s.o.j.LocalContainerEntityManagerFactoryBean","message":"Initialized JPA EntityManagerFactory for persistence unit 'default'","exception":""}
{"timestamp":"2026-06-07 13:17:26.001","level":"INFO","thread":"main","correlationId":"","logger":"o.s.s.c.a.a.c.InitializeAuthenticationProviderBeanManagerConfigurer$InitializeAuthenticationProviderManagerConfigurer","message":"Global AuthenticationManager configured with AuthenticationProvider bean with name authenticationProvider","exception":""}
{"timestamp":"2026-06-07 13:17:26.001","level":"WARN","thread":"main","correlationId":"","logger":"o.s.s.c.a.a.c.InitializeUserDetailsBeanManagerConfigurer$InitializeUserDetailsManagerConfigurer","message":"Global AuthenticationManager configured with an AuthenticationProvider bean. UserDetailsService beans will not be used by Spring Security for automatically configuring username/password login. Consider removing the AuthenticationProvider bean. Alternatively, consider using the UserDetailsService in a manually instantiated DaoAuthenticationProvider. If the current configuration is intentional, to turn off this warning, increase the logging level of 'org.springframework.security.config.annotation.authentication.configuration.InitializeUserDetailsBeanManagerConfigurer' to ERROR","exception":""}
{"timestamp":"2026-06-07 13:17:26.100","level":"DEBUG","thread":"main","correlationId":"","logger":"o.s.w.s.m.m.a.RequestMappingHandlerMapping","message":"41 mappings in 'requestMappingHandlerMapping'","exception":""}
{"timestamp":"2026-06-07 13:17:26.123","level":"DEBUG","thread":"main","correlationId":"","logger":"o.s.w.s.h.SimpleUrlHandlerMapping","message":"Patterns [/webjars/**, /**, /swagger-ui*/*swagger-initializer.js, /swagger-ui*/**] in 'resourceHandlerMapping'","exception":""}
{"timestamp":"2026-06-07 13:17:26.159","level":"INFO","thread":"main","correlationId":"","logger":"o.s.b.a.e.web.EndpointLinksResolver","message":"Exposing 13 endpoints beneath base path '/actuator'","exception":""}
{"timestamp":"2026-06-07 13:17:26.186","level":"DEBUG","thread":"main","correlationId":"","logger":"o.s.s.web.DefaultSecurityFilterChain","message":"Will secure any request with filters: DisableEncodeUrlFilter, WebAsyncManagerIntegrationFilter, SecurityContextHolderFilter, HeaderWriterFilter, CorsFilter, LogoutFilter, JwtAuthenticationFilter, RequestCacheAwareFilter, SecurityContextHolderAwareRequestFilter, AnonymousAuthenticationFilter, SessionManagementFilter, ExceptionTranslationFilter, AuthorizationFilter","exception":""}
{"timestamp":"2026-06-07 13:17:26.211","level":"DEBUG","thread":"main","correlationId":"","logger":"o.s.w.s.m.m.a.RequestMappingHandlerAdapter","message":"ControllerAdvice beans: 0 @ModelAttribute, 0 @InitBinder, 1 RequestBodyAdvice, 1 ResponseBodyAdvice","exception":""}
{"timestamp":"2026-06-07 13:17:26.215","level":"DEBUG","thread":"main","correlationId":"","logger":"o.s.w.s.m.m.a.ExceptionHandlerExceptionResolver","message":"ControllerAdvice beans: 2 @ExceptionHandler, 1 ResponseBodyAdvice","exception":""}
{"timestamp":"2026-06-07 13:17:26.248","level":"INFO","thread":"main","correlationId":"","logger":"o.s.b.a.h.H2ConsoleAutoConfiguration","message":"H2 console available at '/h2-console'. Database available at 'jdbc:h2:mem:deliverydb'","exception":""}
{"timestamp":"2026-06-07 13:17:26.263","level":"DEBUG","thread":"main","correlationId":"","logger":"o.s.w.f.ServerHttpObservationFilter","message":"Filter 'webMvcObservationFilter' configured for use","exception":""}
{"timestamp":"2026-06-07 13:17:26.264","level":"INFO","thread":"main","correlationId":"","logger":"o.s.b.t.m.w.SpringBootMockServletContext","message":"Initializing Spring TestDispatcherServlet ''","exception":""}
{"timestamp":"2026-06-07 13:17:26.264","level":"INFO","thread":"main","correlationId":"","logger":"o.s.t.w.s.TestDispatcherServlet","message":"Initializing Servlet ''","exception":""}
{"timestamp":"2026-06-07 13:17:26.264","level":"INFO","thread":"main","correlationId":"","logger":"o.s.t.w.s.TestDispatcherServlet","message":"Completed initialization in 0 ms","exception":""}
{"timestamp":"2026-06-07 13:17:26.275","level":"INFO","thread":"main","correlationId":"","logger":"c.d.d.c.PedidoControllerTest","message":"Started PedidoControllerTest in 0.628 seconds (process running for 16.209)","exception":""}
{"timestamp":"2026-06-07 13:17:26.299","level":"DEBUG","thread":"main","correlationId":"","logger":"o.s.security.web.FilterChainProxy","message":"Securing POST /api/pedidos","exception":""}
{"timestamp":"2026-06-07 13:17:26.300","level":"WARN","thread":"main","correlationId":"","logger":"c.d.d.s.JwtAuthenticationFilter","message":"JWT Token não começa com Bearer String","exception":""}
{"timestamp":"2026-06-07 13:17:26.301","level":"DEBUG","thread":"main","correlationId":"","logger":"o.s.security.web.FilterChainProxy","message":"Secured POST /api/pedidos","exception":""}
{"timestamp":"2026-06-07 13:17:26.301","level":"DEBUG","thread":"main","correlationId":"d9cf07fc39c2420e","logger":"o.s.w.s.m.m.a.RequestMappingHandlerMapping","message":"Mapped to com.deliverytech.delivery_api.controller.PedidoController#criarPedido(PedidoReqDTO)","exception":""}
{"timestamp":"2026-06-07 13:17:26.303","level":"DEBUG","thread":"main","correlationId":"d9cf07fc39c2420e","logger":"o.s.w.s.m.m.a.RequestResponseBodyMethodProcessor","message":"Read "application/json;charset=UTF-8" to [com.deliverytech.delivery_api.dto.req.PedidoReqDTO@764bff92]","exception":""}
{"timestamp":"2026-06-07 13:17:26.313","level":"DEBUG","thread":"main","correlationId":"d9cf07fc39c2420e","logger":"o.s.w.s.m.m.a.ExceptionHandlerExceptionResolver","message":"Using @ExceptionHandler com.deliverytech.delivery_api.exception.GlobalExceptionHandler#handleEntityNotFound(EntityNotFoundException, HttpServletRequest)","exception":""}
{"timestamp":"2026-06-07 13:17:26.317","level":"DEBUG","thread":"main","correlationId":"d9cf07fc39c2420e","logger":"o.s.w.s.m.m.a.HttpEntityMethodProcessor","message":"Using 'application/json', given [*/*] and supported [application/json, application/*+json, application/yaml]","exception":""}
{"timestamp":"2026-06-07 13:17:26.317","level":"DEBUG","thread":"main","correlationId":"d9cf07fc39c2420e","logger":"o.s.w.s.m.m.a.HttpEntityMethodProcessor","message":"Writing [com.deliverytech.delivery_api.dto.ErrorResponse@60f84358]","exception":""}
{"timestamp":"2026-06-07 13:17:26.318","level":"DEBUG","thread":"main","correlationId":"d9cf07fc39c2420e","logger":"o.s.w.s.m.m.a.ExceptionHandlerExceptionResolver","message":"Resolved [com.deliverytech.delivery_api.exception.EntityNotFoundException: Produto não encontrado: 999999]","exception":""}
{"timestamp":"2026-06-07 13:17:26.324","level":"DEBUG","thread":"main","correlationId":"","logger":"o.s.w.c.s.GenericWebApplicationContext","message":"Closing org.springframework.web.context.support.GenericWebApplicationContext@36da1c5, started on Sun Jun 07 13:17:25 BRT 2026","exception":""}
{"timestamp":"2026-06-07 13:17:26.325","level":"INFO","thread":"main","correlationId":"","logger":"o.s.o.j.LocalContainerEntityManagerFactoryBean","message":"Closing JPA EntityManagerFactory for persistence unit 'default'","exception":""}
{"timestamp":"2026-06-07 13:17:26.327","level":"INFO","thread":"main","correlationId":"","logger":"com.zaxxer.hikari.HikariDataSource","message":"HikariPool-7 - Shutdown initiated...","exception":""}
{"timestamp":"2026-06-07 13:17:26.328","level":"INFO","thread":"main","correlationId":"","logger":"com.zaxxer.hikari.HikariDataSource","message":"HikariPool-7 - Shutdown completed.","exception":""}
{"timestamp":"2026-06-07 13:17:26.330","level":"INFO","thread":"main","correlationId":"","logger":"o.s.b.d.r.RestartApplicationListener","message":"Restart disabled due to context in which it is running","exception":""}
{"timestamp":"2026-06-07 13:17:26.354","level":"INFO","thread":"main","correlationId":"","logger":"c.d.d.c.PedidoControllerTest","message":"Starting PedidoControllerTest using Java 21.0.11 with PID 10668 (started by Santana in C:\Pasta Códiguinhos\arquitetura de sistemas fat\delivery-api\delivery-api)","exception":""}
{"timestamp":"2026-06-07 13:17:26.354","level":"INFO","thread":"main","correlationId":"","logger":"c.d.d.c.PedidoControllerTest","message":"The following 1 profile is active: "test"","exception":""}
{"timestamp":"2026-06-07 13:17:26.354","level":"DEBUG","thread":"main","correlationId":"","logger":"o.s.w.c.s.GenericWebApplicationContext","message":"Refreshing org.springframework.web.context.support.GenericWebApplicationContext@1ef4e47f","exception":""}
{"timestamp":"2026-06-07 13:17:26.529","level":"INFO","thread":"main","correlationId":"","logger":"o.s.d.r.c.RepositoryConfigurationDelegate","message":"Bootstrapping Spring Data JPA repositories in DEFAULT mode.","exception":""}
{"timestamp":"2026-06-07 13:17:26.545","level":"INFO","thread":"main","correlationId":"","logger":"o.s.d.r.c.RepositoryConfigurationDelegate","message":"Finished Spring Data repository scanning in 15 ms. Found 5 JPA repository interfaces.","exception":""}
{"timestamp":"2026-06-07 13:17:26.592","level":"INFO","thread":"main","correlationId":"","logger":"o.s.o.j.p.SpringPersistenceUnitInfo","message":"No LoadTimeWeaver setup: ignoring JPA class transformer","exception":""}
{"timestamp":"2026-06-07 13:17:26.594","level":"INFO","thread":"main","correlationId":"","logger":"com.zaxxer.hikari.HikariDataSource","message":"HikariPool-8 - Starting...","exception":""}
{"timestamp":"2026-06-07 13:17:26.594","level":"INFO","thread":"main","correlationId":"","logger":"com.zaxxer.hikari.pool.HikariPool","message":"HikariPool-8 - Added connection conn70: url=jdbc:h2:mem:deliverydb user=SA","exception":""}
{"timestamp":"2026-06-07 13:17:26.594","level":"INFO","thread":"main","correlationId":"","logger":"com.zaxxer.hikari.HikariDataSource","message":"HikariPool-8 - Start completed.","exception":""}
{"timestamp":"2026-06-07 13:17:26.595","level":"WARN","thread":"main","correlationId":"","logger":"org.hibernate.orm.deprecation","message":"HHH90000025: H2Dialect does not need to be specified explicitly using 'hibernate.dialect' (remove the property setting and it will be selected by default)","exception":""}
{"timestamp":"2026-06-07 13:17:26.636","level":"INFO","thread":"main","correlationId":"","logger":"o.s.o.j.LocalContainerEntityManagerFactoryBean","message":"Initialized JPA EntityManagerFactory for persistence unit 'default'","exception":""}
{"timestamp":"2026-06-07 13:17:26.657","level":"INFO","thread":"main","correlationId":"","logger":"o.s.s.c.a.a.c.InitializeAuthenticationProviderBeanManagerConfigurer$InitializeAuthenticationProviderManagerConfigurer","message":"Global AuthenticationManager configured with AuthenticationProvider bean with name authenticationProvider","exception":""}
{"timestamp":"2026-06-07 13:17:26.657","level":"WARN","thread":"main","correlationId":"","logger":"o.s.s.c.a.a.c.InitializeUserDetailsBeanManagerConfigurer$InitializeUserDetailsManagerConfigurer","message":"Global AuthenticationManager configured with an AuthenticationProvider bean. UserDetailsService beans will not be used by Spring Security for automatically configuring username/password login. Consider removing the AuthenticationProvider bean. Alternatively, consider using the UserDetailsService in a manually instantiated DaoAuthenticationProvider. If the current configuration is intentional, to turn off this warning, increase the logging level of 'org.springframework.security.config.annotation.authentication.configuration.InitializeUserDetailsBeanManagerConfigurer' to ERROR","exception":""}
{"timestamp":"2026-06-07 13:17:26.742","level":"DEBUG","thread":"main","correlationId":"","logger":"o.s.w.s.m.m.a.RequestMappingHandlerMapping","message":"41 mappings in 'requestMappingHandlerMapping'","exception":""}
{"timestamp":"2026-06-07 13:17:26.761","level":"DEBUG","thread":"main","correlationId":"","logger":"o.s.w.s.h.SimpleUrlHandlerMapping","message":"Patterns [/webjars/**, /**, /swagger-ui*/*swagger-initializer.js, /swagger-ui*/**] in 'resourceHandlerMapping'","exception":""}
{"timestamp":"2026-06-07 13:17:26.795","level":"INFO","thread":"main","correlationId":"","logger":"o.s.b.a.e.web.EndpointLinksResolver","message":"Exposing 13 endpoints beneath base path '/actuator'","exception":""}
{"timestamp":"2026-06-07 13:17:26.822","level":"DEBUG","thread":"main","correlationId":"","logger":"o.s.s.web.DefaultSecurityFilterChain","message":"Will secure any request with filters: DisableEncodeUrlFilter, WebAsyncManagerIntegrationFilter, SecurityContextHolderFilter, HeaderWriterFilter, CorsFilter, LogoutFilter, JwtAuthenticationFilter, RequestCacheAwareFilter, SecurityContextHolderAwareRequestFilter, AnonymousAuthenticationFilter, SessionManagementFilter, ExceptionTranslationFilter, AuthorizationFilter","exception":""}
{"timestamp":"2026-06-07 13:17:26.843","level":"DEBUG","thread":"main","correlationId":"","logger":"o.s.w.s.m.m.a.RequestMappingHandlerAdapter","message":"ControllerAdvice beans: 0 @ModelAttribute, 0 @InitBinder, 1 RequestBodyAdvice, 1 ResponseBodyAdvice","exception":""}
{"timestamp":"2026-06-07 13:17:26.846","level":"DEBUG","thread":"main","correlationId":"","logger":"o.s.w.s.m.m.a.ExceptionHandlerExceptionResolver","message":"ControllerAdvice beans: 2 @ExceptionHandler, 1 ResponseBodyAdvice","exception":""}
{"timestamp":"2026-06-07 13:17:26.874","level":"INFO","thread":"main","correlationId":"","logger":"o.s.b.a.h.H2ConsoleAutoConfiguration","message":"H2 console available at '/h2-console'. Database available at 'jdbc:h2:mem:deliverydb'","exception":""}
{"timestamp":"2026-06-07 13:17:26.887","level":"DEBUG","thread":"main","correlationId":"","logger":"o.s.w.f.ServerHttpObservationFilter","message":"Filter 'webMvcObservationFilter' configured for use","exception":""}
{"timestamp":"2026-06-07 13:17:26.887","level":"INFO","thread":"main","correlationId":"","logger":"o.s.b.t.m.w.SpringBootMockServletContext","message":"Initializing Spring TestDispatcherServlet ''","exception":""}
{"timestamp":"2026-06-07 13:17:26.887","level":"INFO","thread":"main","correlationId":"","logger":"o.s.t.w.s.TestDispatcherServlet","message":"Initializing Servlet ''","exception":""}
{"timestamp":"2026-06-07 13:17:26.887","level":"INFO","thread":"main","correlationId":"","logger":"o.s.t.w.s.TestDispatcherServlet","message":"Completed initialization in 0 ms","exception":""}
{"timestamp":"2026-06-07 13:17:26.896","level":"INFO","thread":"main","correlationId":"","logger":"c.d.d.c.PedidoControllerTest","message":"Started PedidoControllerTest in 0.566 seconds (process running for 16.83)","exception":""}
{"timestamp":"2026-06-07 13:17:26.916","level":"DEBUG","thread":"main","correlationId":"","logger":"o.s.security.web.FilterChainProxy","message":"Securing DELETE /api/pedidos/999999","exception":""}
{"timestamp":"2026-06-07 13:17:26.917","level":"WARN","thread":"main","correlationId":"","logger":"c.d.d.s.JwtAuthenticationFilter","message":"JWT Token não começa com Bearer String","exception":""}
{"timestamp":"2026-06-07 13:17:26.918","level":"DEBUG","thread":"main","correlationId":"","logger":"o.s.security.web.FilterChainProxy","message":"Secured DELETE /api/pedidos/999999","exception":""}
{"timestamp":"2026-06-07 13:17:26.918","level":"DEBUG","thread":"main","correlationId":"c785ae1e95994095","logger":"o.s.w.s.m.m.a.RequestMappingHandlerMapping","message":"Mapped to com.deliverytech.delivery_api.controller.PedidoController#cancelarPedido(Long)","exception":""}
{"timestamp":"2026-06-07 13:17:26.920","level":"DEBUG","thread":"main","correlationId":"c785ae1e95994095","logger":"o.s.w.s.m.m.a.ExceptionHandlerExceptionResolver","message":"Using @ExceptionHandler com.deliverytech.delivery_api.exception.GlobalExceptionHandler#handleEntityNotFound(EntityNotFoundException, HttpServletRequest)","exception":""}
{"timestamp":"2026-06-07 13:17:26.924","level":"DEBUG","thread":"main","correlationId":"c785ae1e95994095","logger":"o.s.w.s.m.m.a.HttpEntityMethodProcessor","message":"Using 'application/json', given [*/*] and supported [application/json, application/*+json, application/yaml]","exception":""}
{"timestamp":"2026-06-07 13:17:26.924","level":"DEBUG","thread":"main","correlationId":"c785ae1e95994095","logger":"o.s.w.s.m.m.a.HttpEntityMethodProcessor","message":"Writing [com.deliverytech.delivery_api.dto.ErrorResponse@282da359]","exception":""}
{"timestamp":"2026-06-07 13:17:26.924","level":"DEBUG","thread":"main","correlationId":"c785ae1e95994095","logger":"o.s.w.s.m.m.a.ExceptionHandlerExceptionResolver","message":"Resolved [com.deliverytech.delivery_api.exception.EntityNotFoundException: Pedido não encontrado]","exception":""}
{"timestamp":"2026-06-07 13:17:26.929","level":"DEBUG","thread":"main","correlationId":"","logger":"o.s.w.c.s.GenericWebApplicationContext","message":"Closing org.springframework.web.context.support.GenericWebApplicationContext@1ef4e47f, started on Sun Jun 07 13:17:26 BRT 2026","exception":""}
{"timestamp":"2026-06-07 13:17:26.930","level":"INFO","thread":"main","correlationId":"","logger":"o.s.o.j.LocalContainerEntityManagerFactoryBean","message":"Closing JPA EntityManagerFactory for persistence unit 'default'","exception":""}
{"timestamp":"2026-06-07 13:17:26.932","level":"INFO","thread":"main","correlationId":"","logger":"com.zaxxer.hikari.HikariDataSource","message":"HikariPool-8 - Shutdown initiated...","exception":""}
{"timestamp":"2026-06-07 13:17:26.956","level":"INFO","thread":"main","correlationId":"","logger":"com.zaxxer.hikari.HikariDataSource","message":"HikariPool-8 - Shutdown completed.","exception":""}
{"timestamp":"2026-06-07 13:17:26.957","level":"INFO","thread":"main","correlationId":"","logger":"o.s.b.d.r.RestartApplicationListener","message":"Restart disabled due to context in which it is running","exception":""}
{"timestamp":"2026-06-07 13:17:26.975","level":"INFO","thread":"main","correlationId":"","logger":"c.d.d.c.PedidoControllerTest","message":"Starting PedidoControllerTest using Java 21.0.11 with PID 10668 (started by Santana in C:\Pasta Códiguinhos\arquitetura de sistemas fat\delivery-api\delivery-api)","exception":""}
{"timestamp":"2026-06-07 13:17:26.975","level":"INFO","thread":"main","correlationId":"","logger":"c.d.d.c.PedidoControllerTest","message":"The following 1 profile is active: "test"","exception":""}
{"timestamp":"2026-06-07 13:17:26.976","level":"DEBUG","thread":"main","correlationId":"","logger":"o.s.w.c.s.GenericWebApplicationContext","message":"Refreshing org.springframework.web.context.support.GenericWebApplicationContext@58c61cc9","exception":""}
{"timestamp":"2026-06-07 13:17:27.139","level":"INFO","thread":"main","correlationId":"","logger":"o.s.d.r.c.RepositoryConfigurationDelegate","message":"Bootstrapping Spring Data JPA repositories in DEFAULT mode.","exception":""}
{"timestamp":"2026-06-07 13:17:27.154","level":"INFO","thread":"main","correlationId":"","logger":"o.s.d.r.c.RepositoryConfigurationDelegate","message":"Finished Spring Data repository scanning in 13 ms. Found 5 JPA repository interfaces.","exception":""}
{"timestamp":"2026-06-07 13:17:27.201","level":"INFO","thread":"main","correlationId":"","logger":"o.s.o.j.p.SpringPersistenceUnitInfo","message":"No LoadTimeWeaver setup: ignoring JPA class transformer","exception":""}
{"timestamp":"2026-06-07 13:17:27.202","level":"INFO","thread":"main","correlationId":"","logger":"com.zaxxer.hikari.HikariDataSource","message":"HikariPool-9 - Starting...","exception":""}
{"timestamp":"2026-06-07 13:17:27.203","level":"INFO","thread":"main","correlationId":"","logger":"com.zaxxer.hikari.pool.HikariPool","message":"HikariPool-9 - Added connection conn79: url=jdbc:h2:mem:deliverydb user=SA","exception":""}
{"timestamp":"2026-06-07 13:17:27.203","level":"INFO","thread":"main","correlationId":"","logger":"com.zaxxer.hikari.HikariDataSource","message":"HikariPool-9 - Start completed.","exception":""}
{"timestamp":"2026-06-07 13:17:27.203","level":"WARN","thread":"main","correlationId":"","logger":"org.hibernate.orm.deprecation","message":"HHH90000025: H2Dialect does not need to be specified explicitly using 'hibernate.dialect' (remove the property setting and it will be selected by default)","exception":""}
{"timestamp":"2026-06-07 13:17:27.245","level":"INFO","thread":"main","correlationId":"","logger":"o.s.o.j.LocalContainerEntityManagerFactoryBean","message":"Initialized JPA EntityManagerFactory for persistence unit 'default'","exception":""}
{"timestamp":"2026-06-07 13:17:27.264","level":"INFO","thread":"main","correlationId":"","logger":"o.s.s.c.a.a.c.InitializeAuthenticationProviderBeanManagerConfigurer$InitializeAuthenticationProviderManagerConfigurer","message":"Global AuthenticationManager configured with AuthenticationProvider bean with name authenticationProvider","exception":""}
{"timestamp":"2026-06-07 13:17:27.264","level":"WARN","thread":"main","correlationId":"","logger":"o.s.s.c.a.a.c.InitializeUserDetailsBeanManagerConfigurer$InitializeUserDetailsManagerConfigurer","message":"Global AuthenticationManager configured with an AuthenticationProvider bean. UserDetailsService beans will not be used by Spring Security for automatically configuring username/password login. Consider removing the AuthenticationProvider bean. Alternatively, consider using the UserDetailsService in a manually instantiated DaoAuthenticationProvider. If the current configuration is intentional, to turn off this warning, increase the logging level of 'org.springframework.security.config.annotation.authentication.configuration.InitializeUserDetailsBeanManagerConfigurer' to ERROR","exception":""}
{"timestamp":"2026-06-07 13:17:27.350","level":"DEBUG","thread":"main","correlationId":"","logger":"o.s.w.s.m.m.a.RequestMappingHandlerMapping","message":"41 mappings in 'requestMappingHandlerMapping'","exception":""}
{"timestamp":"2026-06-07 13:17:27.370","level":"DEBUG","thread":"main","correlationId":"","logger":"o.s.w.s.h.SimpleUrlHandlerMapping","message":"Patterns [/webjars/**, /**, /swagger-ui*/*swagger-initializer.js, /swagger-ui*/**] in 'resourceHandlerMapping'","exception":""}
{"timestamp":"2026-06-07 13:17:27.407","level":"INFO","thread":"main","correlationId":"","logger":"o.s.b.a.e.web.EndpointLinksResolver","message":"Exposing 13 endpoints beneath base path '/actuator'","exception":""}
{"timestamp":"2026-06-07 13:17:27.437","level":"DEBUG","thread":"main","correlationId":"","logger":"o.s.s.web.DefaultSecurityFilterChain","message":"Will secure any request with filters: DisableEncodeUrlFilter, WebAsyncManagerIntegrationFilter, SecurityContextHolderFilter, HeaderWriterFilter, CorsFilter, LogoutFilter, JwtAuthenticationFilter, RequestCacheAwareFilter, SecurityContextHolderAwareRequestFilter, AnonymousAuthenticationFilter, SessionManagementFilter, ExceptionTranslationFilter, AuthorizationFilter","exception":""}
{"timestamp":"2026-06-07 13:17:27.464","level":"DEBUG","thread":"main","correlationId":"","logger":"o.s.w.s.m.m.a.RequestMappingHandlerAdapter","message":"ControllerAdvice beans: 0 @ModelAttribute, 0 @InitBinder, 1 RequestBodyAdvice, 1 ResponseBodyAdvice","exception":""}
{"timestamp":"2026-06-07 13:17:27.475","level":"DEBUG","thread":"main","correlationId":"","logger":"o.s.w.s.m.m.a.ExceptionHandlerExceptionResolver","message":"ControllerAdvice beans: 2 @ExceptionHandler, 1 ResponseBodyAdvice","exception":""}
{"timestamp":"2026-06-07 13:17:27.526","level":"INFO","thread":"main","correlationId":"","logger":"o.s.b.a.h.H2ConsoleAutoConfiguration","message":"H2 console available at '/h2-console'. Database available at 'jdbc:h2:mem:deliverydb'","exception":""}
{"timestamp":"2026-06-07 13:17:27.539","level":"DEBUG","thread":"main","correlationId":"","logger":"o.s.w.f.ServerHttpObservationFilter","message":"Filter 'webMvcObservationFilter' configured for use","exception":""}
{"timestamp":"2026-06-07 13:17:27.539","level":"INFO","thread":"main","correlationId":"","logger":"o.s.b.t.m.w.SpringBootMockServletContext","message":"Initializing Spring TestDispatcherServlet ''","exception":""}
{"timestamp":"2026-06-07 13:17:27.539","level":"INFO","thread":"main","correlationId":"","logger":"o.s.t.w.s.TestDispatcherServlet","message":"Initializing Servlet ''","exception":""}
{"timestamp":"2026-06-07 13:17:27.540","level":"INFO","thread":"main","correlationId":"","logger":"o.s.t.w.s.TestDispatcherServlet","message":"Completed initialization in 1 ms","exception":""}
{"timestamp":"2026-06-07 13:17:27.549","level":"INFO","thread":"main","correlationId":"","logger":"c.d.d.c.PedidoControllerTest","message":"Started PedidoControllerTest in 0.592 seconds (process running for 17.484)","exception":""}
{"timestamp":"2026-06-07 13:17:27.574","level":"DEBUG","thread":"main","correlationId":"","logger":"o.s.security.web.FilterChainProxy","message":"Securing POST /api/pedidos","exception":""}
{"timestamp":"2026-06-07 13:17:27.574","level":"WARN","thread":"main","correlationId":"","logger":"c.d.d.s.JwtAuthenticationFilter","message":"JWT Token não começa com Bearer String","exception":""}
{"timestamp":"2026-06-07 13:17:27.575","level":"DEBUG","thread":"main","correlationId":"","logger":"o.s.security.web.FilterChainProxy","message":"Secured POST /api/pedidos","exception":""}
{"timestamp":"2026-06-07 13:17:27.575","level":"DEBUG","thread":"main","correlationId":"188cf33df7d34cc0","logger":"o.s.w.s.m.m.a.RequestMappingHandlerMapping","message":"Mapped to com.deliverytech.delivery_api.controller.PedidoController#criarPedido(PedidoReqDTO)","exception":""}
{"timestamp":"2026-06-07 13:17:27.577","level":"DEBUG","thread":"main","correlationId":"188cf33df7d34cc0","logger":"o.s.w.s.m.m.a.RequestResponseBodyMethodProcessor","message":"Read "application/json;charset=UTF-8" to [com.deliverytech.delivery_api.dto.req.PedidoReqDTO@2987263]","exception":""}
{"timestamp":"2026-06-07 13:17:27.590","level":"DEBUG","thread":"main","correlationId":"188cf33df7d34cc0","logger":"o.s.w.s.m.m.a.HttpEntityMethodProcessor","message":"Using 'application/json', given [*/*] and supported [application/json, application/*+json, application/yaml]","exception":""}
{"timestamp":"2026-06-07 13:17:27.590","level":"DEBUG","thread":"main","correlationId":"188cf33df7d34cc0","logger":"o.s.w.s.m.m.a.HttpEntityMethodProcessor","message":"Writing [com.deliverytech.delivery_api.dto.res.PedidoResDTO@5666ed15]","exception":""}
{"timestamp":"2026-06-07 13:17:27.592","level":"DEBUG","thread":"main","correlationId":"","logger":"o.s.security.web.FilterChainProxy","message":"Securing GET /api/pedidos/4","exception":""}
{"timestamp":"2026-06-07 13:17:27.592","level":"WARN","thread":"main","correlationId":"","logger":"c.d.d.s.JwtAuthenticationFilter","message":"JWT Token não começa com Bearer String","exception":""}
{"timestamp":"2026-06-07 13:17:27.594","level":"DEBUG","thread":"main","correlationId":"","logger":"o.s.security.web.FilterChainProxy","message":"Secured GET /api/pedidos/4","exception":""}
{"timestamp":"2026-06-07 13:17:27.594","level":"DEBUG","thread":"main","correlationId":"16db87acc2204178","logger":"o.s.w.s.m.m.a.RequestMappingHandlerMapping","message":"Mapped to com.deliverytech.delivery_api.controller.PedidoController#buscarPorId(Long)","exception":""}
{"timestamp":"2026-06-07 13:17:27.595","level":"DEBUG","thread":"main","correlationId":"16db87acc2204178","logger":"o.s.w.s.m.m.a.HttpEntityMethodProcessor","message":"Using 'application/json', given [*/*] and supported [application/json, application/*+json, application/yaml]","exception":""}
{"timestamp":"2026-06-07 13:17:27.595","level":"DEBUG","thread":"main","correlationId":"16db87acc2204178","logger":"o.s.w.s.m.m.a.HttpEntityMethodProcessor","message":"Writing [com.deliverytech.delivery_api.dto.res.PedidoResDTO@1eb01211]","exception":""}
{"timestamp":"2026-06-07 13:17:27.599","level":"DEBUG","thread":"main","correlationId":"","logger":"o.s.w.c.s.GenericWebApplicationContext","message":"Closing org.springframework.web.context.support.GenericWebApplicationContext@58c61cc9, started on Sun Jun 07 13:17:26 BRT 2026","exception":""}
{"timestamp":"2026-06-07 13:17:27.601","level":"INFO","thread":"main","correlationId":"","logger":"o.s.o.j.LocalContainerEntityManagerFactoryBean","message":"Closing JPA EntityManagerFactory for persistence unit 'default'","exception":""}
{"timestamp":"2026-06-07 13:17:27.602","level":"INFO","thread":"main","correlationId":"","logger":"com.zaxxer.hikari.HikariDataSource","message":"HikariPool-9 - Shutdown initiated...","exception":""}
{"timestamp":"2026-06-07 13:17:27.611","level":"INFO","thread":"main","correlationId":"","logger":"com.zaxxer.hikari.HikariDataSource","message":"HikariPool-9 - Shutdown completed.","exception":""}
{"timestamp":"2026-06-07 13:17:27.613","level":"INFO","thread":"main","correlationId":"","logger":"o.s.b.d.r.RestartApplicationListener","message":"Restart disabled due to context in which it is running","exception":""}
{"timestamp":"2026-06-07 13:17:27.632","level":"INFO","thread":"main","correlationId":"","logger":"c.d.d.c.PedidoControllerTest","message":"Starting PedidoControllerTest using Java 21.0.11 with PID 10668 (started by Santana in C:\Pasta Códiguinhos\arquitetura de sistemas fat\delivery-api\delivery-api)","exception":""}
{"timestamp":"2026-06-07 13:17:27.632","level":"INFO","thread":"main","correlationId":"","logger":"c.d.d.c.PedidoControllerTest","message":"The following 1 profile is active: "test"","exception":""}
{"timestamp":"2026-06-07 13:17:27.633","level":"DEBUG","thread":"main","correlationId":"","logger":"o.s.w.c.s.GenericWebApplicationContext","message":"Refreshing org.springframework.web.context.support.GenericWebApplicationContext@73af7f46","exception":""}
{"timestamp":"2026-06-07 13:17:27.792","level":"INFO","thread":"main","correlationId":"","logger":"o.s.d.r.c.RepositoryConfigurationDelegate","message":"Bootstrapping Spring Data JPA repositories in DEFAULT mode.","exception":""}
{"timestamp":"2026-06-07 13:17:27.806","level":"INFO","thread":"main","correlationId":"","logger":"o.s.d.r.c.RepositoryConfigurationDelegate","message":"Finished Spring Data repository scanning in 13 ms. Found 5 JPA repository interfaces.","exception":""}
{"timestamp":"2026-06-07 13:17:27.854","level":"INFO","thread":"main","correlationId":"","logger":"o.s.o.j.p.SpringPersistenceUnitInfo","message":"No LoadTimeWeaver setup: ignoring JPA class transformer","exception":""}
{"timestamp":"2026-06-07 13:17:27.855","level":"INFO","thread":"main","correlationId":"","logger":"com.zaxxer.hikari.HikariDataSource","message":"HikariPool-10 - Starting...","exception":""}
{"timestamp":"2026-06-07 13:17:27.855","level":"INFO","thread":"main","correlationId":"","logger":"com.zaxxer.hikari.pool.HikariPool","message":"HikariPool-10 - Added connection conn89: url=jdbc:h2:mem:deliverydb user=SA","exception":""}
{"timestamp":"2026-06-07 13:17:27.855","level":"INFO","thread":"main","correlationId":"","logger":"com.zaxxer.hikari.HikariDataSource","message":"HikariPool-10 - Start completed.","exception":""}
{"timestamp":"2026-06-07 13:17:27.856","level":"WARN","thread":"main","correlationId":"","logger":"org.hibernate.orm.deprecation","message":"HHH90000025: H2Dialect does not need to be specified explicitly using 'hibernate.dialect' (remove the property setting and it will be selected by default)","exception":""}
{"timestamp":"2026-06-07 13:17:27.897","level":"INFO","thread":"main","correlationId":"","logger":"o.s.o.j.LocalContainerEntityManagerFactoryBean","message":"Initialized JPA EntityManagerFactory for persistence unit 'default'","exception":""}
{"timestamp":"2026-06-07 13:17:27.918","level":"INFO","thread":"main","correlationId":"","logger":"o.s.s.c.a.a.c.InitializeAuthenticationProviderBeanManagerConfigurer$InitializeAuthenticationProviderManagerConfigurer","message":"Global AuthenticationManager configured with AuthenticationProvider bean with name authenticationProvider","exception":""}
{"timestamp":"2026-06-07 13:17:27.919","level":"WARN","thread":"main","correlationId":"","logger":"o.s.s.c.a.a.c.InitializeUserDetailsBeanManagerConfigurer$InitializeUserDetailsManagerConfigurer","message":"Global AuthenticationManager configured with an AuthenticationProvider bean. UserDetailsService beans will not be used by Spring Security for automatically configuring username/password login. Consider removing the AuthenticationProvider bean. Alternatively, consider using the UserDetailsService in a manually instantiated DaoAuthenticationProvider. If the current configuration is intentional, to turn off this warning, increase the logging level of 'org.springframework.security.config.annotation.authentication.configuration.InitializeUserDetailsBeanManagerConfigurer' to ERROR","exception":""}
{"timestamp":"2026-06-07 13:17:28.010","level":"DEBUG","thread":"main","correlationId":"","logger":"o.s.w.s.m.m.a.RequestMappingHandlerMapping","message":"41 mappings in 'requestMappingHandlerMapping'","exception":""}
{"timestamp":"2026-06-07 13:17:28.029","level":"DEBUG","thread":"main","correlationId":"","logger":"o.s.w.s.h.SimpleUrlHandlerMapping","message":"Patterns [/webjars/**, /**, /swagger-ui*/*swagger-initializer.js, /swagger-ui*/**] in 'resourceHandlerMapping'","exception":""}
{"timestamp":"2026-06-07 13:17:28.059","level":"INFO","thread":"main","correlationId":"","logger":"o.s.b.a.e.web.EndpointLinksResolver","message":"Exposing 13 endpoints beneath base path '/actuator'","exception":""}
{"timestamp":"2026-06-07 13:17:28.085","level":"DEBUG","thread":"main","correlationId":"","logger":"o.s.s.web.DefaultSecurityFilterChain","message":"Will secure any request with filters: DisableEncodeUrlFilter, WebAsyncManagerIntegrationFilter, SecurityContextHolderFilter, HeaderWriterFilter, CorsFilter, LogoutFilter, JwtAuthenticationFilter, RequestCacheAwareFilter, SecurityContextHolderAwareRequestFilter, AnonymousAuthenticationFilter, SessionManagementFilter, ExceptionTranslationFilter, AuthorizationFilter","exception":""}
{"timestamp":"2026-06-07 13:17:28.105","level":"DEBUG","thread":"main","correlationId":"","logger":"o.s.w.s.m.m.a.RequestMappingHandlerAdapter","message":"ControllerAdvice beans: 0 @ModelAttribute, 0 @InitBinder, 1 RequestBodyAdvice, 1 ResponseBodyAdvice","exception":""}
{"timestamp":"2026-06-07 13:17:28.110","level":"DEBUG","thread":"main","correlationId":"","logger":"o.s.w.s.m.m.a.ExceptionHandlerExceptionResolver","message":"ControllerAdvice beans: 2 @ExceptionHandler, 1 ResponseBodyAdvice","exception":""}
{"timestamp":"2026-06-07 13:17:28.135","level":"INFO","thread":"main","correlationId":"","logger":"o.s.b.a.h.H2ConsoleAutoConfiguration","message":"H2 console available at '/h2-console'. Database available at 'jdbc:h2:mem:deliverydb'","exception":""}
{"timestamp":"2026-06-07 13:17:28.145","level":"DEBUG","thread":"main","correlationId":"","logger":"o.s.w.f.ServerHttpObservationFilter","message":"Filter 'webMvcObservationFilter' configured for use","exception":""}
{"timestamp":"2026-06-07 13:17:28.145","level":"INFO","thread":"main","correlationId":"","logger":"o.s.b.t.m.w.SpringBootMockServletContext","message":"Initializing Spring TestDispatcherServlet ''","exception":""}
{"timestamp":"2026-06-07 13:17:28.145","level":"INFO","thread":"main","correlationId":"","logger":"o.s.t.w.s.TestDispatcherServlet","message":"Initializing Servlet ''","exception":""}
{"timestamp":"2026-06-07 13:17:28.146","level":"INFO","thread":"main","correlationId":"","logger":"o.s.t.w.s.TestDispatcherServlet","message":"Completed initialization in 1 ms","exception":""}
{"timestamp":"2026-06-07 13:17:28.154","level":"INFO","thread":"main","correlationId":"","logger":"c.d.d.c.PedidoControllerTest","message":"Started PedidoControllerTest in 0.542 seconds (process running for 18.088)","exception":""}
{"timestamp":"2026-06-07 13:17:28.172","level":"DEBUG","thread":"main","correlationId":"","logger":"o.s.security.web.FilterChainProxy","message":"Securing GET /api/pedidos/cliente/4","exception":""}
{"timestamp":"2026-06-07 13:17:28.172","level":"WARN","thread":"main","correlationId":"","logger":"c.d.d.s.JwtAuthenticationFilter","message":"JWT Token não começa com Bearer String","exception":""}
{"timestamp":"2026-06-07 13:17:28.173","level":"DEBUG","thread":"main","correlationId":"","logger":"o.s.security.web.FilterChainProxy","message":"Secured GET /api/pedidos/cliente/4","exception":""}
{"timestamp":"2026-06-07 13:17:28.174","level":"DEBUG","thread":"main","correlationId":"ee2fbc5c410e4cd6","logger":"o.s.w.s.m.m.a.RequestMappingHandlerMapping","message":"Mapped to com.deliverytech.delivery_api.controller.PedidoController#buscarPorCliente(Long)","exception":""}
{"timestamp":"2026-06-07 13:17:28.181","level":"DEBUG","thread":"main","correlationId":"ee2fbc5c410e4cd6","logger":"o.s.w.s.m.m.a.HttpEntityMethodProcessor","message":"Using 'application/json', given [*/*] and supported [application/json, application/*+json, application/yaml]","exception":""}
{"timestamp":"2026-06-07 13:17:28.181","level":"DEBUG","thread":"main","correlationId":"ee2fbc5c410e4cd6","logger":"o.s.w.s.m.m.a.HttpEntityMethodProcessor","message":"Writing [[]]","exception":""}
{"timestamp":"2026-06-07 13:17:28.186","level":"DEBUG","thread":"main","correlationId":"","logger":"o.s.w.c.s.GenericWebApplicationContext","message":"Closing org.springframework.web.context.support.GenericWebApplicationContext@73af7f46, started on Sun Jun 07 13:17:27 BRT 2026","exception":""}
{"timestamp":"2026-06-07 13:17:28.188","level":"INFO","thread":"main","correlationId":"","logger":"o.s.o.j.LocalContainerEntityManagerFactoryBean","message":"Closing JPA EntityManagerFactory for persistence unit 'default'","exception":""}
{"timestamp":"2026-06-07 13:17:28.189","level":"INFO","thread":"main","correlationId":"","logger":"com.zaxxer.hikari.HikariDataSource","message":"HikariPool-10 - Shutdown initiated...","exception":""}
{"timestamp":"2026-06-07 13:17:28.206","level":"INFO","thread":"main","correlationId":"","logger":"com.zaxxer.hikari.HikariDataSource","message":"HikariPool-10 - Shutdown completed.","exception":""}
{"timestamp":"2026-06-07 13:17:28.208","level":"INFO","thread":"main","correlationId":"","logger":"o.s.b.d.r.RestartApplicationListener","message":"Restart disabled due to context in which it is running","exception":""}
{"timestamp":"2026-06-07 13:17:28.226","level":"INFO","thread":"main","correlationId":"","logger":"c.d.d.c.PedidoControllerTest","message":"Starting PedidoControllerTest using Java 21.0.11 with PID 10668 (started by Santana in C:\Pasta Códiguinhos\arquitetura de sistemas fat\delivery-api\delivery-api)","exception":""}
{"timestamp":"2026-06-07 13:17:28.226","level":"INFO","thread":"main","correlationId":"","logger":"c.d.d.c.PedidoControllerTest","message":"The following 1 profile is active: "test"","exception":""}
{"timestamp":"2026-06-07 13:17:28.227","level":"DEBUG","thread":"main","correlationId":"","logger":"o.s.w.c.s.GenericWebApplicationContext","message":"Refreshing org.springframework.web.context.support.GenericWebApplicationContext@1949ca2a","exception":""}
{"timestamp":"2026-06-07 13:17:28.387","level":"INFO","thread":"main","correlationId":"","logger":"o.s.d.r.c.RepositoryConfigurationDelegate","message":"Bootstrapping Spring Data JPA repositories in DEFAULT mode.","exception":""}
{"timestamp":"2026-06-07 13:17:28.402","level":"INFO","thread":"main","correlationId":"","logger":"o.s.d.r.c.RepositoryConfigurationDelegate","message":"Finished Spring Data repository scanning in 14 ms. Found 5 JPA repository interfaces.","exception":""}
{"timestamp":"2026-06-07 13:17:28.448","level":"INFO","thread":"main","correlationId":"","logger":"o.s.o.j.p.SpringPersistenceUnitInfo","message":"No LoadTimeWeaver setup: ignoring JPA class transformer","exception":""}
{"timestamp":"2026-06-07 13:17:28.449","level":"INFO","thread":"main","correlationId":"","logger":"com.zaxxer.hikari.HikariDataSource","message":"HikariPool-11 - Starting...","exception":""}
{"timestamp":"2026-06-07 13:17:28.450","level":"INFO","thread":"main","correlationId":"","logger":"com.zaxxer.hikari.pool.HikariPool","message":"HikariPool-11 - Added connection conn97: url=jdbc:h2:mem:deliverydb user=SA","exception":""}
{"timestamp":"2026-06-07 13:17:28.450","level":"INFO","thread":"main","correlationId":"","logger":"com.zaxxer.hikari.HikariDataSource","message":"HikariPool-11 - Start completed.","exception":""}
{"timestamp":"2026-06-07 13:17:28.451","level":"WARN","thread":"main","correlationId":"","logger":"org.hibernate.orm.deprecation","message":"HHH90000025: H2Dialect does not need to be specified explicitly using 'hibernate.dialect' (remove the property setting and it will be selected by default)","exception":""}
{"timestamp":"2026-06-07 13:17:28.486","level":"INFO","thread":"main","correlationId":"","logger":"o.s.o.j.LocalContainerEntityManagerFactoryBean","message":"Initialized JPA EntityManagerFactory for persistence unit 'default'","exception":""}
{"timestamp":"2026-06-07 13:17:28.504","level":"INFO","thread":"main","correlationId":"","logger":"o.s.s.c.a.a.c.InitializeAuthenticationProviderBeanManagerConfigurer$InitializeAuthenticationProviderManagerConfigurer","message":"Global AuthenticationManager configured with AuthenticationProvider bean with name authenticationProvider","exception":""}
{"timestamp":"2026-06-07 13:17:28.505","level":"WARN","thread":"main","correlationId":"","logger":"o.s.s.c.a.a.c.InitializeUserDetailsBeanManagerConfigurer$InitializeUserDetailsManagerConfigurer","message":"Global AuthenticationManager configured with an AuthenticationProvider bean. UserDetailsService beans will not be used by Spring Security for automatically configuring username/password login. Consider removing the AuthenticationProvider bean. Alternatively, consider using the UserDetailsService in a manually instantiated DaoAuthenticationProvider. If the current configuration is intentional, to turn off this warning, increase the logging level of 'org.springframework.security.config.annotation.authentication.configuration.InitializeUserDetailsBeanManagerConfigurer' to ERROR","exception":""}
{"timestamp":"2026-06-07 13:17:28.579","level":"DEBUG","thread":"main","correlationId":"","logger":"o.s.w.s.m.m.a.RequestMappingHandlerMapping","message":"41 mappings in 'requestMappingHandlerMapping'","exception":""}
{"timestamp":"2026-06-07 13:17:28.599","level":"DEBUG","thread":"main","correlationId":"","logger":"o.s.w.s.h.SimpleUrlHandlerMapping","message":"Patterns [/webjars/**, /**, /swagger-ui*/*swagger-initializer.js, /swagger-ui*/**] in 'resourceHandlerMapping'","exception":""}
{"timestamp":"2026-06-07 13:17:28.649","level":"INFO","thread":"main","correlationId":"","logger":"o.s.b.a.e.web.EndpointLinksResolver","message":"Exposing 13 endpoints beneath base path '/actuator'","exception":""}
{"timestamp":"2026-06-07 13:17:28.677","level":"DEBUG","thread":"main","correlationId":"","logger":"o.s.s.web.DefaultSecurityFilterChain","message":"Will secure any request with filters: DisableEncodeUrlFilter, WebAsyncManagerIntegrationFilter, SecurityContextHolderFilter, HeaderWriterFilter, CorsFilter, LogoutFilter, JwtAuthenticationFilter, RequestCacheAwareFilter, SecurityContextHolderAwareRequestFilter, AnonymousAuthenticationFilter, SessionManagementFilter, ExceptionTranslationFilter, AuthorizationFilter","exception":""}
{"timestamp":"2026-06-07 13:17:28.699","level":"DEBUG","thread":"main","correlationId":"","logger":"o.s.w.s.m.m.a.RequestMappingHandlerAdapter","message":"ControllerAdvice beans: 0 @ModelAttribute, 0 @InitBinder, 1 RequestBodyAdvice, 1 ResponseBodyAdvice","exception":""}
{"timestamp":"2026-06-07 13:17:28.703","level":"DEBUG","thread":"main","correlationId":"","logger":"o.s.w.s.m.m.a.ExceptionHandlerExceptionResolver","message":"ControllerAdvice beans: 2 @ExceptionHandler, 1 ResponseBodyAdvice","exception":""}
{"timestamp":"2026-06-07 13:17:28.732","level":"INFO","thread":"main","correlationId":"","logger":"o.s.b.a.h.H2ConsoleAutoConfiguration","message":"H2 console available at '/h2-console'. Database available at 'jdbc:h2:mem:deliverydb'","exception":""}
{"timestamp":"2026-06-07 13:17:28.746","level":"DEBUG","thread":"main","correlationId":"","logger":"o.s.w.f.ServerHttpObservationFilter","message":"Filter 'webMvcObservationFilter' configured for use","exception":""}
{"timestamp":"2026-06-07 13:17:28.746","level":"INFO","thread":"main","correlationId":"","logger":"o.s.b.t.m.w.SpringBootMockServletContext","message":"Initializing Spring TestDispatcherServlet ''","exception":""}
{"timestamp":"2026-06-07 13:17:28.746","level":"INFO","thread":"main","correlationId":"","logger":"o.s.t.w.s.TestDispatcherServlet","message":"Initializing Servlet ''","exception":""}
{"timestamp":"2026-06-07 13:17:28.747","level":"INFO","thread":"main","correlationId":"","logger":"o.s.t.w.s.TestDispatcherServlet","message":"Completed initialization in 0 ms","exception":""}
{"timestamp":"2026-06-07 13:17:28.758","level":"INFO","thread":"main","correlationId":"","logger":"c.d.d.c.PedidoControllerTest","message":"Started PedidoControllerTest in 0.55 seconds (process running for 18.692)","exception":""}
{"timestamp":"2026-06-07 13:17:28.780","level":"DEBUG","thread":"main","correlationId":"","logger":"o.s.security.web.FilterChainProxy","message":"Securing POST /api/pedidos","exception":""}
{"timestamp":"2026-06-07 13:17:28.781","level":"WARN","thread":"main","correlationId":"","logger":"c.d.d.s.JwtAuthenticationFilter","message":"JWT Token não começa com Bearer String","exception":""}
{"timestamp":"2026-06-07 13:17:28.782","level":"DEBUG","thread":"main","correlationId":"","logger":"o.s.security.web.FilterChainProxy","message":"Secured POST /api/pedidos","exception":""}
{"timestamp":"2026-06-07 13:17:28.782","level":"DEBUG","thread":"main","correlationId":"0508afbc52e7492d","logger":"o.s.w.s.m.m.a.RequestMappingHandlerMapping","message":"Mapped to com.deliverytech.delivery_api.controller.PedidoController#criarPedido(PedidoReqDTO)","exception":""}
{"timestamp":"2026-06-07 13:17:28.784","level":"DEBUG","thread":"main","correlationId":"0508afbc52e7492d","logger":"o.s.w.s.m.m.a.RequestResponseBodyMethodProcessor","message":"Read "application/json;charset=UTF-8" to [com.deliverytech.delivery_api.dto.req.PedidoReqDTO@1cb47bd6]","exception":""}
{"timestamp":"2026-06-07 13:17:28.790","level":"DEBUG","thread":"main","correlationId":"0508afbc52e7492d","logger":"o.s.w.s.m.m.a.ExceptionHandlerExceptionResolver","message":"Using @ExceptionHandler com.deliverytech.delivery_api.exception.GlobalExceptionHandler#handleBusinessException(BusinessException, HttpServletRequest)","exception":""}
{"timestamp":"2026-06-07 13:17:28.792","level":"DEBUG","thread":"main","correlationId":"0508afbc52e7492d","logger":"o.s.w.s.m.m.a.HttpEntityMethodProcessor","message":"Using 'application/json', given [*/*] and supported [application/json, application/*+json, application/yaml]","exception":""}
{"timestamp":"2026-06-07 13:17:28.792","level":"DEBUG","thread":"main","correlationId":"0508afbc52e7492d","logger":"o.s.w.s.m.m.a.HttpEntityMethodProcessor","message":"Writing [com.deliverytech.delivery_api.dto.ErrorResponse@556ea796]","exception":""}
{"timestamp":"2026-06-07 13:17:28.792","level":"DEBUG","thread":"main","correlationId":"0508afbc52e7492d","logger":"o.s.w.s.m.m.a.ExceptionHandlerExceptionResolver","message":"Resolved [com.deliverytech.delivery_api.exception.BusinessException: Produto não pertence ao restaurante selecionado]","exception":""}
{"timestamp":"2026-06-07 13:17:28.797","level":"DEBUG","thread":"main","correlationId":"","logger":"o.s.w.c.s.GenericWebApplicationContext","message":"Closing org.springframework.web.context.support.GenericWebApplicationContext@1949ca2a, started on Sun Jun 07 13:17:28 BRT 2026","exception":""}
{"timestamp":"2026-06-07 13:17:28.798","level":"INFO","thread":"main","correlationId":"","logger":"o.s.o.j.LocalContainerEntityManagerFactoryBean","message":"Closing JPA EntityManagerFactory for persistence unit 'default'","exception":""}
{"timestamp":"2026-06-07 13:17:28.799","level":"INFO","thread":"main","correlationId":"","logger":"com.zaxxer.hikari.HikariDataSource","message":"HikariPool-11 - Shutdown initiated...","exception":""}
{"timestamp":"2026-06-07 13:17:28.811","level":"INFO","thread":"main","correlationId":"","logger":"com.zaxxer.hikari.HikariDataSource","message":"HikariPool-11 - Shutdown completed.","exception":""}
{"timestamp":"2026-06-07 13:17:28.812","level":"INFO","thread":"main","correlationId":"","logger":"o.s.b.d.r.RestartApplicationListener","message":"Restart disabled due to context in which it is running","exception":""}
{"timestamp":"2026-06-07 13:17:28.838","level":"INFO","thread":"main","correlationId":"","logger":"c.d.d.c.PedidoControllerTest","message":"Starting PedidoControllerTest using Java 21.0.11 with PID 10668 (started by Santana in C:\Pasta Códiguinhos\arquitetura de sistemas fat\delivery-api\delivery-api)","exception":""}
{"timestamp":"2026-06-07 13:17:28.838","level":"INFO","thread":"main","correlationId":"","logger":"c.d.d.c.PedidoControllerTest","message":"The following 1 profile is active: "test"","exception":""}
{"timestamp":"2026-06-07 13:17:28.839","level":"DEBUG","thread":"main","correlationId":"","logger":"o.s.w.c.s.GenericWebApplicationContext","message":"Refreshing org.springframework.web.context.support.GenericWebApplicationContext@3560f6d9","exception":""}
{"timestamp":"2026-06-07 13:17:29.015","level":"INFO","thread":"main","correlationId":"","logger":"o.s.d.r.c.RepositoryConfigurationDelegate","message":"Bootstrapping Spring Data JPA repositories in DEFAULT mode.","exception":""}
{"timestamp":"2026-06-07 13:17:29.030","level":"INFO","thread":"main","correlationId":"","logger":"o.s.d.r.c.RepositoryConfigurationDelegate","message":"Finished Spring Data repository scanning in 14 ms. Found 5 JPA repository interfaces.","exception":""}
{"timestamp":"2026-06-07 13:17:29.078","level":"INFO","thread":"main","correlationId":"","logger":"o.s.o.j.p.SpringPersistenceUnitInfo","message":"No LoadTimeWeaver setup: ignoring JPA class transformer","exception":""}
{"timestamp":"2026-06-07 13:17:29.078","level":"INFO","thread":"main","correlationId":"","logger":"com.zaxxer.hikari.HikariDataSource","message":"HikariPool-12 - Starting...","exception":""}
{"timestamp":"2026-06-07 13:17:29.080","level":"INFO","thread":"main","correlationId":"","logger":"com.zaxxer.hikari.pool.HikariPool","message":"HikariPool-12 - Added connection conn106: url=jdbc:h2:mem:deliverydb user=SA","exception":""}
{"timestamp":"2026-06-07 13:17:29.080","level":"INFO","thread":"main","correlationId":"","logger":"com.zaxxer.hikari.HikariDataSource","message":"HikariPool-12 - Start completed.","exception":""}
{"timestamp":"2026-06-07 13:17:29.080","level":"WARN","thread":"main","correlationId":"","logger":"org.hibernate.orm.deprecation","message":"HHH90000025: H2Dialect does not need to be specified explicitly using 'hibernate.dialect' (remove the property setting and it will be selected by default)","exception":""}
{"timestamp":"2026-06-07 13:17:29.120","level":"INFO","thread":"main","correlationId":"","logger":"o.s.o.j.LocalContainerEntityManagerFactoryBean","message":"Initialized JPA EntityManagerFactory for persistence unit 'default'","exception":""}
{"timestamp":"2026-06-07 13:17:29.138","level":"INFO","thread":"main","correlationId":"","logger":"o.s.s.c.a.a.c.InitializeAuthenticationProviderBeanManagerConfigurer$InitializeAuthenticationProviderManagerConfigurer","message":"Global AuthenticationManager configured with AuthenticationProvider bean with name authenticationProvider","exception":""}
{"timestamp":"2026-06-07 13:17:29.138","level":"WARN","thread":"main","correlationId":"","logger":"o.s.s.c.a.a.c.InitializeUserDetailsBeanManagerConfigurer$InitializeUserDetailsManagerConfigurer","message":"Global AuthenticationManager configured with an AuthenticationProvider bean. UserDetailsService beans will not be used by Spring Security for automatically configuring username/password login. Consider removing the AuthenticationProvider bean. Alternatively, consider using the UserDetailsService in a manually instantiated DaoAuthenticationProvider. If the current configuration is intentional, to turn off this warning, increase the logging level of 'org.springframework.security.config.annotation.authentication.configuration.InitializeUserDetailsBeanManagerConfigurer' to ERROR","exception":""}
{"timestamp":"2026-06-07 13:17:29.214","level":"DEBUG","thread":"main","correlationId":"","logger":"o.s.w.s.m.m.a.RequestMappingHandlerMapping","message":"41 mappings in 'requestMappingHandlerMapping'","exception":""}
{"timestamp":"2026-06-07 13:17:29.232","level":"DEBUG","thread":"main","correlationId":"","logger":"o.s.w.s.h.SimpleUrlHandlerMapping","message":"Patterns [/webjars/**, /**, /swagger-ui*/*swagger-initializer.js, /swagger-ui*/**] in 'resourceHandlerMapping'","exception":""}
{"timestamp":"2026-06-07 13:17:29.265","level":"INFO","thread":"main","correlationId":"","logger":"o.s.b.a.e.web.EndpointLinksResolver","message":"Exposing 13 endpoints beneath base path '/actuator'","exception":""}
{"timestamp":"2026-06-07 13:17:29.290","level":"DEBUG","thread":"main","correlationId":"","logger":"o.s.s.web.DefaultSecurityFilterChain","message":"Will secure any request with filters: DisableEncodeUrlFilter, WebAsyncManagerIntegrationFilter, SecurityContextHolderFilter, HeaderWriterFilter, CorsFilter, LogoutFilter, JwtAuthenticationFilter, RequestCacheAwareFilter, SecurityContextHolderAwareRequestFilter, AnonymousAuthenticationFilter, SessionManagementFilter, ExceptionTranslationFilter, AuthorizationFilter","exception":""}
{"timestamp":"2026-06-07 13:17:29.312","level":"DEBUG","thread":"main","correlationId":"","logger":"o.s.w.s.m.m.a.RequestMappingHandlerAdapter","message":"ControllerAdvice beans: 0 @ModelAttribute, 0 @InitBinder, 1 RequestBodyAdvice, 1 ResponseBodyAdvice","exception":""}
{"timestamp":"2026-06-07 13:17:29.315","level":"DEBUG","thread":"main","correlationId":"","logger":"o.s.w.s.m.m.a.ExceptionHandlerExceptionResolver","message":"ControllerAdvice beans: 2 @ExceptionHandler, 1 ResponseBodyAdvice","exception":""}
{"timestamp":"2026-06-07 13:17:29.343","level":"INFO","thread":"main","correlationId":"","logger":"o.s.b.a.h.H2ConsoleAutoConfiguration","message":"H2 console available at '/h2-console'. Database available at 'jdbc:h2:mem:deliverydb'","exception":""}
{"timestamp":"2026-06-07 13:17:29.352","level":"DEBUG","thread":"main","correlationId":"","logger":"o.s.w.f.ServerHttpObservationFilter","message":"Filter 'webMvcObservationFilter' configured for use","exception":""}
{"timestamp":"2026-06-07 13:17:29.354","level":"INFO","thread":"main","correlationId":"","logger":"o.s.b.t.m.w.SpringBootMockServletContext","message":"Initializing Spring TestDispatcherServlet ''","exception":""}
{"timestamp":"2026-06-07 13:17:29.354","level":"INFO","thread":"main","correlationId":"","logger":"o.s.t.w.s.TestDispatcherServlet","message":"Initializing Servlet ''","exception":""}
{"timestamp":"2026-06-07 13:17:29.354","level":"INFO","thread":"main","correlationId":"","logger":"o.s.t.w.s.TestDispatcherServlet","message":"Completed initialization in 0 ms","exception":""}
{"timestamp":"2026-06-07 13:17:29.362","level":"INFO","thread":"main","correlationId":"","logger":"c.d.d.c.PedidoControllerTest","message":"Started PedidoControllerTest in 0.55 seconds (process running for 19.296)","exception":""}
{"timestamp":"2026-06-07 13:17:29.383","level":"DEBUG","thread":"main","correlationId":"","logger":"o.s.security.web.FilterChainProxy","message":"Securing POST /api/pedidos","exception":""}
{"timestamp":"2026-06-07 13:17:29.383","level":"WARN","thread":"main","correlationId":"","logger":"c.d.d.s.JwtAuthenticationFilter","message":"JWT Token não começa com Bearer String","exception":""}
{"timestamp":"2026-06-07 13:17:29.384","level":"DEBUG","thread":"main","correlationId":"","logger":"o.s.security.web.FilterChainProxy","message":"Secured POST /api/pedidos","exception":""}
{"timestamp":"2026-06-07 13:17:29.385","level":"DEBUG","thread":"main","correlationId":"587aa82c6fdf4c9e","logger":"o.s.w.s.m.m.a.RequestMappingHandlerMapping","message":"Mapped to com.deliverytech.delivery_api.controller.PedidoController#criarPedido(PedidoReqDTO)","exception":""}
{"timestamp":"2026-06-07 13:17:29.386","level":"DEBUG","thread":"main","correlationId":"587aa82c6fdf4c9e","logger":"o.s.w.s.m.m.a.RequestResponseBodyMethodProcessor","message":"Read "application/json;charset=UTF-8" to [com.deliverytech.delivery_api.dto.req.PedidoReqDTO@6976d1b4]","exception":""}
{"timestamp":"2026-06-07 13:17:29.398","level":"DEBUG","thread":"main","correlationId":"587aa82c6fdf4c9e","logger":"o.s.w.s.m.m.a.HttpEntityMethodProcessor","message":"Using 'application/json', given [*/*] and supported [application/json, application/*+json, application/yaml]","exception":""}
{"timestamp":"2026-06-07 13:17:29.398","level":"DEBUG","thread":"main","correlationId":"587aa82c6fdf4c9e","logger":"o.s.w.s.m.m.a.HttpEntityMethodProcessor","message":"Writing [com.deliverytech.delivery_api.dto.res.PedidoResDTO@1ca2b3f]","exception":""}
{"timestamp":"2026-06-07 13:17:29.404","level":"DEBUG","thread":"main","correlationId":"","logger":"o.s.security.web.FilterChainProxy","message":"Securing PATCH /api/pedidos/4/status","exception":""}
{"timestamp":"2026-06-07 13:17:29.406","level":"WARN","thread":"main","correlationId":"","logger":"c.d.d.s.JwtAuthenticationFilter","message":"JWT Token não começa com Bearer String","exception":""}
{"timestamp":"2026-06-07 13:17:29.406","level":"DEBUG","thread":"main","correlationId":"","logger":"o.s.security.web.FilterChainProxy","message":"Secured PATCH /api/pedidos/4/status","exception":""}
{"timestamp":"2026-06-07 13:17:29.406","level":"DEBUG","thread":"main","correlationId":"ded00bd449834de5","logger":"o.s.w.s.m.m.a.RequestMappingHandlerMapping","message":"Mapped to com.deliverytech.delivery_api.controller.PedidoController#atualizarStatus(Long, StatusPedidoDTO)","exception":""}
{"timestamp":"2026-06-07 13:17:29.410","level":"DEBUG","thread":"main","correlationId":"ded00bd449834de5","logger":"o.s.w.s.m.m.a.RequestResponseBodyMethodProcessor","message":"Read "application/json;charset=UTF-8" to [com.deliverytech.delivery_api.dto.StatusPedidoDTO@75fc13b5]","exception":""}
{"timestamp":"2026-06-07 13:17:29.412","level":"DEBUG","thread":"main","correlationId":"ded00bd449834de5","logger":"o.s.w.s.m.m.a.HttpEntityMethodProcessor","message":"Using 'application/json', given [*/*] and supported [application/json, application/*+json, application/yaml]","exception":""}
{"timestamp":"2026-06-07 13:17:29.414","level":"DEBUG","thread":"main","correlationId":"ded00bd449834de5","logger":"o.s.w.s.m.m.a.HttpEntityMethodProcessor","message":"Writing [com.deliverytech.delivery_api.dto.res.PedidoResDTO@90b644a]","exception":""}
{"timestamp":"2026-06-07 13:17:29.418","level":"DEBUG","thread":"main","correlationId":"","logger":"o.s.w.c.s.GenericWebApplicationContext","message":"Closing org.springframework.web.context.support.GenericWebApplicationContext@3560f6d9, started on Sun Jun 07 13:17:28 BRT 2026","exception":""}
{"timestamp":"2026-06-07 13:17:29.419","level":"INFO","thread":"main","correlationId":"","logger":"o.s.o.j.LocalContainerEntityManagerFactoryBean","message":"Closing JPA EntityManagerFactory for persistence unit 'default'","exception":""}
{"timestamp":"2026-06-07 13:17:29.420","level":"INFO","thread":"main","correlationId":"","logger":"com.zaxxer.hikari.HikariDataSource","message":"HikariPool-12 - Shutdown initiated...","exception":""}
{"timestamp":"2026-06-07 13:17:29.424","level":"INFO","thread":"main","correlationId":"","logger":"com.zaxxer.hikari.HikariDataSource","message":"HikariPool-12 - Shutdown completed.","exception":""}
{"timestamp":"2026-06-07 13:17:29.425","level":"INFO","thread":"main","correlationId":"","logger":"o.s.b.d.r.RestartApplicationListener","message":"Restart disabled due to context in which it is running","exception":""}
{"timestamp":"2026-06-07 13:17:29.442","level":"INFO","thread":"main","correlationId":"","logger":"c.d.d.c.PedidoControllerTest","message":"Starting PedidoControllerTest using Java 21.0.11 with PID 10668 (started by Santana in C:\Pasta Códiguinhos\arquitetura de sistemas fat\delivery-api\delivery-api)","exception":""}
{"timestamp":"2026-06-07 13:17:29.442","level":"INFO","thread":"main","correlationId":"","logger":"c.d.d.c.PedidoControllerTest","message":"The following 1 profile is active: "test"","exception":""}
{"timestamp":"2026-06-07 13:17:29.448","level":"DEBUG","thread":"main","correlationId":"","logger":"o.s.w.c.s.GenericWebApplicationContext","message":"Refreshing org.springframework.web.context.support.GenericWebApplicationContext@5ac0135f","exception":""}
{"timestamp":"2026-06-07 13:17:29.598","level":"INFO","thread":"main","correlationId":"","logger":"o.s.d.r.c.RepositoryConfigurationDelegate","message":"Bootstrapping Spring Data JPA repositories in DEFAULT mode.","exception":""}
{"timestamp":"2026-06-07 13:17:29.613","level":"INFO","thread":"main","correlationId":"","logger":"o.s.d.r.c.RepositoryConfigurationDelegate","message":"Finished Spring Data repository scanning in 13 ms. Found 5 JPA repository interfaces.","exception":""}
{"timestamp":"2026-06-07 13:17:29.658","level":"INFO","thread":"main","correlationId":"","logger":"o.s.o.j.p.SpringPersistenceUnitInfo","message":"No LoadTimeWeaver setup: ignoring JPA class transformer","exception":""}
{"timestamp":"2026-06-07 13:17:29.659","level":"INFO","thread":"main","correlationId":"","logger":"com.zaxxer.hikari.HikariDataSource","message":"HikariPool-13 - Starting...","exception":""}
{"timestamp":"2026-06-07 13:17:29.660","level":"INFO","thread":"main","correlationId":"","logger":"com.zaxxer.hikari.pool.HikariPool","message":"HikariPool-13 - Added connection conn114: url=jdbc:h2:mem:deliverydb user=SA","exception":""}
{"timestamp":"2026-06-07 13:17:29.661","level":"INFO","thread":"main","correlationId":"","logger":"com.zaxxer.hikari.HikariDataSource","message":"HikariPool-13 - Start completed.","exception":""}
{"timestamp":"2026-06-07 13:17:29.661","level":"WARN","thread":"main","correlationId":"","logger":"org.hibernate.orm.deprecation","message":"HHH90000025: H2Dialect does not need to be specified explicitly using 'hibernate.dialect' (remove the property setting and it will be selected by default)","exception":""}
{"timestamp":"2026-06-07 13:17:29.694","level":"INFO","thread":"main","correlationId":"","logger":"o.s.o.j.LocalContainerEntityManagerFactoryBean","message":"Initialized JPA EntityManagerFactory for persistence unit 'default'","exception":""}
{"timestamp":"2026-06-07 13:17:29.712","level":"INFO","thread":"main","correlationId":"","logger":"o.s.s.c.a.a.c.InitializeAuthenticationProviderBeanManagerConfigurer$InitializeAuthenticationProviderManagerConfigurer","message":"Global AuthenticationManager configured with AuthenticationProvider bean with name authenticationProvider","exception":""}
{"timestamp":"2026-06-07 13:17:29.712","level":"WARN","thread":"main","correlationId":"","logger":"o.s.s.c.a.a.c.InitializeUserDetailsBeanManagerConfigurer$InitializeUserDetailsManagerConfigurer","message":"Global AuthenticationManager configured with an AuthenticationProvider bean. UserDetailsService beans will not be used by Spring Security for automatically configuring username/password login. Consider removing the AuthenticationProvider bean. Alternatively, consider using the UserDetailsService in a manually instantiated DaoAuthenticationProvider. If the current configuration is intentional, to turn off this warning, increase the logging level of 'org.springframework.security.config.annotation.authentication.configuration.InitializeUserDetailsBeanManagerConfigurer' to ERROR","exception":""}
{"timestamp":"2026-06-07 13:17:29.789","level":"DEBUG","thread":"main","correlationId":"","logger":"o.s.w.s.m.m.a.RequestMappingHandlerMapping","message":"41 mappings in 'requestMappingHandlerMapping'","exception":""}
{"timestamp":"2026-06-07 13:17:29.809","level":"DEBUG","thread":"main","correlationId":"","logger":"o.s.w.s.h.SimpleUrlHandlerMapping","message":"Patterns [/webjars/**, /**, /swagger-ui*/*swagger-initializer.js, /swagger-ui*/**] in 'resourceHandlerMapping'","exception":""}
{"timestamp":"2026-06-07 13:17:29.839","level":"INFO","thread":"main","correlationId":"","logger":"o.s.b.a.e.web.EndpointLinksResolver","message":"Exposing 13 endpoints beneath base path '/actuator'","exception":""}
{"timestamp":"2026-06-07 13:17:29.865","level":"DEBUG","thread":"main","correlationId":"","logger":"o.s.s.web.DefaultSecurityFilterChain","message":"Will secure any request with filters: DisableEncodeUrlFilter, WebAsyncManagerIntegrationFilter, SecurityContextHolderFilter, HeaderWriterFilter, CorsFilter, LogoutFilter, JwtAuthenticationFilter, RequestCacheAwareFilter, SecurityContextHolderAwareRequestFilter, AnonymousAuthenticationFilter, SessionManagementFilter, ExceptionTranslationFilter, AuthorizationFilter","exception":""}
{"timestamp":"2026-06-07 13:17:29.887","level":"DEBUG","thread":"main","correlationId":"","logger":"o.s.w.s.m.m.a.RequestMappingHandlerAdapter","message":"ControllerAdvice beans: 0 @ModelAttribute, 0 @InitBinder, 1 RequestBodyAdvice, 1 ResponseBodyAdvice","exception":""}
{"timestamp":"2026-06-07 13:17:29.891","level":"DEBUG","thread":"main","correlationId":"","logger":"o.s.w.s.m.m.a.ExceptionHandlerExceptionResolver","message":"ControllerAdvice beans: 2 @ExceptionHandler, 1 ResponseBodyAdvice","exception":""}
{"timestamp":"2026-06-07 13:17:29.919","level":"INFO","thread":"main","correlationId":"","logger":"o.s.b.a.h.H2ConsoleAutoConfiguration","message":"H2 console available at '/h2-console'. Database available at 'jdbc:h2:mem:deliverydb'","exception":""}
{"timestamp":"2026-06-07 13:17:29.931","level":"DEBUG","thread":"main","correlationId":"","logger":"o.s.w.f.ServerHttpObservationFilter","message":"Filter 'webMvcObservationFilter' configured for use","exception":""}
{"timestamp":"2026-06-07 13:17:29.931","level":"INFO","thread":"main","correlationId":"","logger":"o.s.b.t.m.w.SpringBootMockServletContext","message":"Initializing Spring TestDispatcherServlet ''","exception":""}
{"timestamp":"2026-06-07 13:17:29.931","level":"INFO","thread":"main","correlationId":"","logger":"o.s.t.w.s.TestDispatcherServlet","message":"Initializing Servlet ''","exception":""}
{"timestamp":"2026-06-07 13:17:29.932","level":"INFO","thread":"main","correlationId":"","logger":"o.s.t.w.s.TestDispatcherServlet","message":"Completed initialization in 1 ms","exception":""}
{"timestamp":"2026-06-07 13:17:29.940","level":"INFO","thread":"main","correlationId":"","logger":"c.d.d.c.PedidoControllerTest","message":"Started PedidoControllerTest in 0.515 seconds (process running for 19.874)","exception":""}
{"timestamp":"2026-06-07 13:17:29.965","level":"DEBUG","thread":"main","correlationId":"","logger":"o.s.security.web.FilterChainProxy","message":"Securing POST /api/pedidos","exception":""}
{"timestamp":"2026-06-07 13:17:29.965","level":"WARN","thread":"main","correlationId":"","logger":"c.d.d.s.JwtAuthenticationFilter","message":"JWT Token não começa com Bearer String","exception":""}
{"timestamp":"2026-06-07 13:17:29.965","level":"DEBUG","thread":"main","correlationId":"","logger":"o.s.security.web.FilterChainProxy","message":"Secured POST /api/pedidos","exception":""}
{"timestamp":"2026-06-07 13:17:29.966","level":"DEBUG","thread":"main","correlationId":"27cd4f49e8b842af","logger":"o.s.w.s.m.m.a.RequestMappingHandlerMapping","message":"Mapped to com.deliverytech.delivery_api.controller.PedidoController#criarPedido(PedidoReqDTO)","exception":""}
{"timestamp":"2026-06-07 13:17:29.967","level":"DEBUG","thread":"main","correlationId":"27cd4f49e8b842af","logger":"o.s.w.s.m.m.a.RequestResponseBodyMethodProcessor","message":"Read "application/json;charset=UTF-8" to [com.deliverytech.delivery_api.dto.req.PedidoReqDTO@1b991f4b]","exception":""}
{"timestamp":"2026-06-07 13:17:29.988","level":"DEBUG","thread":"main","correlationId":"27cd4f49e8b842af","logger":"o.s.w.s.m.m.a.HttpEntityMethodProcessor","message":"Using 'application/json', given [*/*] and supported [application/json, application/*+json, application/yaml]","exception":""}
{"timestamp":"2026-06-07 13:17:29.988","level":"DEBUG","thread":"main","correlationId":"27cd4f49e8b842af","logger":"o.s.w.s.m.m.a.HttpEntityMethodProcessor","message":"Writing [com.deliverytech.delivery_api.dto.res.PedidoResDTO@7fdaf567]","exception":""}
{"timestamp":"2026-06-07 13:17:29.991","level":"DEBUG","thread":"main","correlationId":"","logger":"o.s.security.web.FilterChainProxy","message":"Securing PATCH /api/pedidos/4/status","exception":""}
{"timestamp":"2026-06-07 13:17:29.991","level":"WARN","thread":"main","correlationId":"","logger":"c.d.d.s.JwtAuthenticationFilter","message":"JWT Token não começa com Bearer String","exception":""}
{"timestamp":"2026-06-07 13:17:29.992","level":"DEBUG","thread":"main","correlationId":"","logger":"o.s.security.web.FilterChainProxy","message":"Secured PATCH /api/pedidos/4/status","exception":""}
{"timestamp":"2026-06-07 13:17:29.992","level":"DEBUG","thread":"main","correlationId":"16023061311c40dc","logger":"o.s.w.s.m.m.a.RequestMappingHandlerMapping","message":"Mapped to com.deliverytech.delivery_api.controller.PedidoController#atualizarStatus(Long, StatusPedidoDTO)","exception":""}
{"timestamp":"2026-06-07 13:17:29.993","level":"DEBUG","thread":"main","correlationId":"16023061311c40dc","logger":"o.s.w.s.m.m.a.RequestResponseBodyMethodProcessor","message":"Read "application/json;charset=UTF-8" to [com.deliverytech.delivery_api.dto.StatusPedidoDTO@4e4bf3d9]","exception":""}
{"timestamp":"2026-06-07 13:17:29.995","level":"DEBUG","thread":"main","correlationId":"16023061311c40dc","logger":"o.s.w.s.m.m.a.ExceptionHandlerExceptionResolver","message":"Using @ExceptionHandler com.deliverytech.delivery_api.exception.GlobalExceptionHandler#handleBusinessException(BusinessException, HttpServletRequest)","exception":""}
{"timestamp":"2026-06-07 13:17:29.996","level":"DEBUG","thread":"main","correlationId":"16023061311c40dc","logger":"o.s.w.s.m.m.a.HttpEntityMethodProcessor","message":"Using 'application/json', given [*/*] and supported [application/json, application/*+json, application/yaml]","exception":""}
{"timestamp":"2026-06-07 13:17:29.997","level":"DEBUG","thread":"main","correlationId":"16023061311c40dc","logger":"o.s.w.s.m.m.a.HttpEntityMethodProcessor","message":"Writing [com.deliverytech.delivery_api.dto.ErrorResponse@2da37d9a]","exception":""}
{"timestamp":"2026-06-07 13:17:29.997","level":"DEBUG","thread":"main","correlationId":"16023061311c40dc","logger":"o.s.w.s.m.m.a.ExceptionHandlerExceptionResolver","message":"Resolved [com.deliverytech.delivery_api.exception.BusinessException: Transição de status inválida: PENDENTE -> ENTREGUE]","exception":""}
{"timestamp":"2026-06-07 13:17:30.001","level":"DEBUG","thread":"main","correlationId":"","logger":"o.s.w.c.s.GenericWebApplicationContext","message":"Closing org.springframework.web.context.support.GenericWebApplicationContext@5ac0135f, started on Sun Jun 07 13:17:29 BRT 2026","exception":""}
{"timestamp":"2026-06-07 13:17:30.002","level":"INFO","thread":"main","correlationId":"","logger":"o.s.o.j.LocalContainerEntityManagerFactoryBean","message":"Closing JPA EntityManagerFactory for persistence unit 'default'","exception":""}
{"timestamp":"2026-06-07 13:17:30.003","level":"INFO","thread":"main","correlationId":"","logger":"com.zaxxer.hikari.HikariDataSource","message":"HikariPool-13 - Shutdown initiated...","exception":""}
{"timestamp":"2026-06-07 13:17:30.020","level":"INFO","thread":"main","correlationId":"","logger":"com.zaxxer.hikari.HikariDataSource","message":"HikariPool-13 - Shutdown completed.","exception":""}
{"timestamp":"2026-06-07 13:17:30.022","level":"INFO","thread":"main","correlationId":"","logger":"o.s.b.d.r.RestartApplicationListener","message":"Restart disabled due to context in which it is running","exception":""}
{"timestamp":"2026-06-07 13:17:30.039","level":"INFO","thread":"main","correlationId":"","logger":"c.d.d.c.PedidoControllerTest","message":"Starting PedidoControllerTest using Java 21.0.11 with PID 10668 (started by Santana in C:\Pasta Códiguinhos\arquitetura de sistemas fat\delivery-api\delivery-api)","exception":""}
{"timestamp":"2026-06-07 13:17:30.039","level":"INFO","thread":"main","correlationId":"","logger":"c.d.d.c.PedidoControllerTest","message":"The following 1 profile is active: "test"","exception":""}
{"timestamp":"2026-06-07 13:17:30.040","level":"DEBUG","thread":"main","correlationId":"","logger":"o.s.w.c.s.GenericWebApplicationContext","message":"Refreshing org.springframework.web.context.support.GenericWebApplicationContext@6d2d65a4","exception":""}
{"timestamp":"2026-06-07 13:17:30.197","level":"INFO","thread":"main","correlationId":"","logger":"o.s.d.r.c.RepositoryConfigurationDelegate","message":"Bootstrapping Spring Data JPA repositories in DEFAULT mode.","exception":""}
{"timestamp":"2026-06-07 13:17:30.211","level":"INFO","thread":"main","correlationId":"","logger":"o.s.d.r.c.RepositoryConfigurationDelegate","message":"Finished Spring Data repository scanning in 13 ms. Found 5 JPA repository interfaces.","exception":""}
{"timestamp":"2026-06-07 13:17:30.254","level":"INFO","thread":"main","correlationId":"","logger":"o.s.o.j.p.SpringPersistenceUnitInfo","message":"No LoadTimeWeaver setup: ignoring JPA class transformer","exception":""}
{"timestamp":"2026-06-07 13:17:30.254","level":"INFO","thread":"main","correlationId":"","logger":"com.zaxxer.hikari.HikariDataSource","message":"HikariPool-14 - Starting...","exception":""}
{"timestamp":"2026-06-07 13:17:30.256","level":"INFO","thread":"main","correlationId":"","logger":"com.zaxxer.hikari.pool.HikariPool","message":"HikariPool-14 - Added connection conn123: url=jdbc:h2:mem:deliverydb user=SA","exception":""}
{"timestamp":"2026-06-07 13:17:30.257","level":"INFO","thread":"main","correlationId":"","logger":"com.zaxxer.hikari.HikariDataSource","message":"HikariPool-14 - Start completed.","exception":""}
{"timestamp":"2026-06-07 13:17:30.257","level":"WARN","thread":"main","correlationId":"","logger":"org.hibernate.orm.deprecation","message":"HHH90000025: H2Dialect does not need to be specified explicitly using 'hibernate.dialect' (remove the property setting and it will be selected by default)","exception":""}
{"timestamp":"2026-06-07 13:17:30.290","level":"INFO","thread":"main","correlationId":"","logger":"o.s.o.j.LocalContainerEntityManagerFactoryBean","message":"Initialized JPA EntityManagerFactory for persistence unit 'default'","exception":""}
{"timestamp":"2026-06-07 13:17:30.310","level":"INFO","thread":"main","correlationId":"","logger":"o.s.s.c.a.a.c.InitializeAuthenticationProviderBeanManagerConfigurer$InitializeAuthenticationProviderManagerConfigurer","message":"Global AuthenticationManager configured with AuthenticationProvider bean with name authenticationProvider","exception":""}
{"timestamp":"2026-06-07 13:17:30.310","level":"WARN","thread":"main","correlationId":"","logger":"o.s.s.c.a.a.c.InitializeUserDetailsBeanManagerConfigurer$InitializeUserDetailsManagerConfigurer","message":"Global AuthenticationManager configured with an AuthenticationProvider bean. UserDetailsService beans will not be used by Spring Security for automatically configuring username/password login. Consider removing the AuthenticationProvider bean. Alternatively, consider using the UserDetailsService in a manually instantiated DaoAuthenticationProvider. If the current configuration is intentional, to turn off this warning, increase the logging level of 'org.springframework.security.config.annotation.authentication.configuration.InitializeUserDetailsBeanManagerConfigurer' to ERROR","exception":""}
{"timestamp":"2026-06-07 13:17:30.380","level":"DEBUG","thread":"main","correlationId":"","logger":"o.s.w.s.m.m.a.RequestMappingHandlerMapping","message":"41 mappings in 'requestMappingHandlerMapping'","exception":""}
{"timestamp":"2026-06-07 13:17:30.399","level":"DEBUG","thread":"main","correlationId":"","logger":"o.s.w.s.h.SimpleUrlHandlerMapping","message":"Patterns [/webjars/**, /**, /swagger-ui*/*swagger-initializer.js, /swagger-ui*/**] in 'resourceHandlerMapping'","exception":""}
{"timestamp":"2026-06-07 13:17:30.428","level":"INFO","thread":"main","correlationId":"","logger":"o.s.b.a.e.web.EndpointLinksResolver","message":"Exposing 13 endpoints beneath base path '/actuator'","exception":""}
{"timestamp":"2026-06-07 13:17:30.455","level":"DEBUG","thread":"main","correlationId":"","logger":"o.s.s.web.DefaultSecurityFilterChain","message":"Will secure any request with filters: DisableEncodeUrlFilter, WebAsyncManagerIntegrationFilter, SecurityContextHolderFilter, HeaderWriterFilter, CorsFilter, LogoutFilter, JwtAuthenticationFilter, RequestCacheAwareFilter, SecurityContextHolderAwareRequestFilter, AnonymousAuthenticationFilter, SessionManagementFilter, ExceptionTranslationFilter, AuthorizationFilter","exception":""}
{"timestamp":"2026-06-07 13:17:30.476","level":"DEBUG","thread":"main","correlationId":"","logger":"o.s.w.s.m.m.a.RequestMappingHandlerAdapter","message":"ControllerAdvice beans: 0 @ModelAttribute, 0 @InitBinder, 1 RequestBodyAdvice, 1 ResponseBodyAdvice","exception":""}
{"timestamp":"2026-06-07 13:17:30.480","level":"DEBUG","thread":"main","correlationId":"","logger":"o.s.w.s.m.m.a.ExceptionHandlerExceptionResolver","message":"ControllerAdvice beans: 2 @ExceptionHandler, 1 ResponseBodyAdvice","exception":""}
{"timestamp":"2026-06-07 13:17:30.514","level":"INFO","thread":"main","correlationId":"","logger":"o.s.b.a.h.H2ConsoleAutoConfiguration","message":"H2 console available at '/h2-console'. Database available at 'jdbc:h2:mem:deliverydb'","exception":""}
{"timestamp":"2026-06-07 13:17:30.524","level":"DEBUG","thread":"main","correlationId":"","logger":"o.s.w.f.ServerHttpObservationFilter","message":"Filter 'webMvcObservationFilter' configured for use","exception":""}
{"timestamp":"2026-06-07 13:17:30.524","level":"INFO","thread":"main","correlationId":"","logger":"o.s.b.t.m.w.SpringBootMockServletContext","message":"Initializing Spring TestDispatcherServlet ''","exception":""}
{"timestamp":"2026-06-07 13:17:30.524","level":"INFO","thread":"main","correlationId":"","logger":"o.s.t.w.s.TestDispatcherServlet","message":"Initializing Servlet ''","exception":""}
{"timestamp":"2026-06-07 13:17:30.524","level":"INFO","thread":"main","correlationId":"","logger":"o.s.t.w.s.TestDispatcherServlet","message":"Completed initialization in 0 ms","exception":""}
{"timestamp":"2026-06-07 13:17:30.532","level":"INFO","thread":"main","correlationId":"","logger":"c.d.d.c.PedidoControllerTest","message":"Started PedidoControllerTest in 0.51 seconds (process running for 20.466)","exception":""}
{"timestamp":"2026-06-07 13:17:30.551","level":"DEBUG","thread":"main","correlationId":"","logger":"o.s.security.web.FilterChainProxy","message":"Securing POST /api/pedidos/calcular","exception":""}
{"timestamp":"2026-06-07 13:17:30.551","level":"WARN","thread":"main","correlationId":"","logger":"c.d.d.s.JwtAuthenticationFilter","message":"JWT Token não começa com Bearer String","exception":""}
{"timestamp":"2026-06-07 13:17:30.552","level":"DEBUG","thread":"main","correlationId":"","logger":"o.s.security.web.FilterChainProxy","message":"Secured POST /api/pedidos/calcular","exception":""}
{"timestamp":"2026-06-07 13:17:30.552","level":"DEBUG","thread":"main","correlationId":"0738c5f574104d33","logger":"o.s.w.s.m.m.a.RequestMappingHandlerMapping","message":"Mapped to com.deliverytech.delivery_api.controller.PedidoController#calcularTotal(List)","exception":""}
{"timestamp":"2026-06-07 13:17:30.553","level":"DEBUG","thread":"main","correlationId":"0738c5f574104d33","logger":"o.s.w.s.m.m.a.RequestResponseBodyMethodProcessor","message":"Read "application/json;charset=UTF-8" to [[com.deliverytech.delivery_api.dto.ItemPedidoDTO@20936f38]]","exception":""}
{"timestamp":"2026-06-07 13:17:30.564","level":"DEBUG","thread":"main","correlationId":"0738c5f574104d33","logger":"o.s.w.s.m.m.a.HttpEntityMethodProcessor","message":"Using 'application/json', given [*/*] and supported [application/json, application/*+json, application/yaml]","exception":""}
{"timestamp":"2026-06-07 13:17:30.564","level":"DEBUG","thread":"main","correlationId":"0738c5f574104d33","logger":"o.s.w.s.m.m.a.HttpEntityMethodProcessor","message":"Writing [89.7]","exception":""}
{"timestamp":"2026-06-07 13:17:30.569","level":"DEBUG","thread":"main","correlationId":"","logger":"o.s.w.c.s.GenericWebApplicationContext","message":"Closing org.springframework.web.context.support.GenericWebApplicationContext@6d2d65a4, started on Sun Jun 07 13:17:30 BRT 2026","exception":""}
{"timestamp":"2026-06-07 13:17:30.570","level":"INFO","thread":"main","correlationId":"","logger":"o.s.o.j.LocalContainerEntityManagerFactoryBean","message":"Closing JPA EntityManagerFactory for persistence unit 'default'","exception":""}
{"timestamp":"2026-06-07 13:17:30.571","level":"INFO","thread":"main","correlationId":"","logger":"com.zaxxer.hikari.HikariDataSource","message":"HikariPool-14 - Shutdown initiated...","exception":""}
{"timestamp":"2026-06-07 13:17:30.598","level":"INFO","thread":"main","correlationId":"","logger":"com.zaxxer.hikari.HikariDataSource","message":"HikariPool-14 - Shutdown completed.","exception":""}
{"timestamp":"2026-06-07 13:17:30.599","level":"INFO","thread":"main","correlationId":"","logger":"o.s.b.d.r.RestartApplicationListener","message":"Restart disabled due to context in which it is running","exception":""}
{"timestamp":"2026-06-07 13:17:30.617","level":"INFO","thread":"main","correlationId":"","logger":"c.d.d.c.PedidoControllerTest","message":"Starting PedidoControllerTest using Java 21.0.11 with PID 10668 (started by Santana in C:\Pasta Códiguinhos\arquitetura de sistemas fat\delivery-api\delivery-api)","exception":""}
{"timestamp":"2026-06-07 13:17:30.617","level":"INFO","thread":"main","correlationId":"","logger":"c.d.d.c.PedidoControllerTest","message":"The following 1 profile is active: "test"","exception":""}
{"timestamp":"2026-06-07 13:17:30.618","level":"DEBUG","thread":"main","correlationId":"","logger":"o.s.w.c.s.GenericWebApplicationContext","message":"Refreshing org.springframework.web.context.support.GenericWebApplicationContext@833a1f9","exception":""}
{"timestamp":"2026-06-07 13:17:30.772","level":"INFO","thread":"main","correlationId":"","logger":"o.s.d.r.c.RepositoryConfigurationDelegate","message":"Bootstrapping Spring Data JPA repositories in DEFAULT mode.","exception":""}
{"timestamp":"2026-06-07 13:17:30.787","level":"INFO","thread":"main","correlationId":"","logger":"o.s.d.r.c.RepositoryConfigurationDelegate","message":"Finished Spring Data repository scanning in 13 ms. Found 5 JPA repository interfaces.","exception":""}
{"timestamp":"2026-06-07 13:17:30.834","level":"INFO","thread":"main","correlationId":"","logger":"o.s.o.j.p.SpringPersistenceUnitInfo","message":"No LoadTimeWeaver setup: ignoring JPA class transformer","exception":""}
{"timestamp":"2026-06-07 13:17:30.834","level":"INFO","thread":"main","correlationId":"","logger":"com.zaxxer.hikari.HikariDataSource","message":"HikariPool-15 - Starting...","exception":""}
{"timestamp":"2026-06-07 13:17:30.835","level":"INFO","thread":"main","correlationId":"","logger":"com.zaxxer.hikari.pool.HikariPool","message":"HikariPool-15 - Added connection conn131: url=jdbc:h2:mem:deliverydb user=SA","exception":""}
{"timestamp":"2026-06-07 13:17:30.835","level":"INFO","thread":"main","correlationId":"","logger":"com.zaxxer.hikari.HikariDataSource","message":"HikariPool-15 - Start completed.","exception":""}
{"timestamp":"2026-06-07 13:17:30.835","level":"WARN","thread":"main","correlationId":"","logger":"org.hibernate.orm.deprecation","message":"HHH90000025: H2Dialect does not need to be specified explicitly using 'hibernate.dialect' (remove the property setting and it will be selected by default)","exception":""}
{"timestamp":"2026-06-07 13:17:30.867","level":"INFO","thread":"main","correlationId":"","logger":"o.s.o.j.LocalContainerEntityManagerFactoryBean","message":"Initialized JPA EntityManagerFactory for persistence unit 'default'","exception":""}
{"timestamp":"2026-06-07 13:17:30.885","level":"INFO","thread":"main","correlationId":"","logger":"o.s.s.c.a.a.c.InitializeAuthenticationProviderBeanManagerConfigurer$InitializeAuthenticationProviderManagerConfigurer","message":"Global AuthenticationManager configured with AuthenticationProvider bean with name authenticationProvider","exception":""}
{"timestamp":"2026-06-07 13:17:30.885","level":"WARN","thread":"main","correlationId":"","logger":"o.s.s.c.a.a.c.InitializeUserDetailsBeanManagerConfigurer$InitializeUserDetailsManagerConfigurer","message":"Global AuthenticationManager configured with an AuthenticationProvider bean. UserDetailsService beans will not be used by Spring Security for automatically configuring username/password login. Consider removing the AuthenticationProvider bean. Alternatively, consider using the UserDetailsService in a manually instantiated DaoAuthenticationProvider. If the current configuration is intentional, to turn off this warning, increase the logging level of 'org.springframework.security.config.annotation.authentication.configuration.InitializeUserDetailsBeanManagerConfigurer' to ERROR","exception":""}
{"timestamp":"2026-06-07 13:17:30.954","level":"DEBUG","thread":"main","correlationId":"","logger":"o.s.w.s.m.m.a.RequestMappingHandlerMapping","message":"41 mappings in 'requestMappingHandlerMapping'","exception":""}
{"timestamp":"2026-06-07 13:17:30.971","level":"DEBUG","thread":"main","correlationId":"","logger":"o.s.w.s.h.SimpleUrlHandlerMapping","message":"Patterns [/webjars/**, /**, /swagger-ui*/*swagger-initializer.js, /swagger-ui*/**] in 'resourceHandlerMapping'","exception":""}
{"timestamp":"2026-06-07 13:17:31.010","level":"INFO","thread":"main","correlationId":"","logger":"o.s.b.a.e.web.EndpointLinksResolver","message":"Exposing 13 endpoints beneath base path '/actuator'","exception":""}
{"timestamp":"2026-06-07 13:17:31.050","level":"DEBUG","thread":"main","correlationId":"","logger":"o.s.s.web.DefaultSecurityFilterChain","message":"Will secure any request with filters: DisableEncodeUrlFilter, WebAsyncManagerIntegrationFilter, SecurityContextHolderFilter, HeaderWriterFilter, CorsFilter, LogoutFilter, JwtAuthenticationFilter, RequestCacheAwareFilter, SecurityContextHolderAwareRequestFilter, AnonymousAuthenticationFilter, SessionManagementFilter, ExceptionTranslationFilter, AuthorizationFilter","exception":""}
{"timestamp":"2026-06-07 13:17:31.071","level":"DEBUG","thread":"main","correlationId":"","logger":"o.s.w.s.m.m.a.RequestMappingHandlerAdapter","message":"ControllerAdvice beans: 0 @ModelAttribute, 0 @InitBinder, 1 RequestBodyAdvice, 1 ResponseBodyAdvice","exception":""}
{"timestamp":"2026-06-07 13:17:31.075","level":"DEBUG","thread":"main","correlationId":"","logger":"o.s.w.s.m.m.a.ExceptionHandlerExceptionResolver","message":"ControllerAdvice beans: 2 @ExceptionHandler, 1 ResponseBodyAdvice","exception":""}
{"timestamp":"2026-06-07 13:17:31.100","level":"INFO","thread":"main","correlationId":"","logger":"o.s.b.a.h.H2ConsoleAutoConfiguration","message":"H2 console available at '/h2-console'. Database available at 'jdbc:h2:mem:deliverydb'","exception":""}
{"timestamp":"2026-06-07 13:17:31.110","level":"DEBUG","thread":"main","correlationId":"","logger":"o.s.w.f.ServerHttpObservationFilter","message":"Filter 'webMvcObservationFilter' configured for use","exception":""}
{"timestamp":"2026-06-07 13:17:31.111","level":"INFO","thread":"main","correlationId":"","logger":"o.s.b.t.m.w.SpringBootMockServletContext","message":"Initializing Spring TestDispatcherServlet ''","exception":""}
{"timestamp":"2026-06-07 13:17:31.111","level":"INFO","thread":"main","correlationId":"","logger":"o.s.t.w.s.TestDispatcherServlet","message":"Initializing Servlet ''","exception":""}
{"timestamp":"2026-06-07 13:17:31.111","level":"INFO","thread":"main","correlationId":"","logger":"o.s.t.w.s.TestDispatcherServlet","message":"Completed initialization in 0 ms","exception":""}
{"timestamp":"2026-06-07 13:17:31.118","level":"INFO","thread":"main","correlationId":"","logger":"c.d.d.c.PedidoControllerTest","message":"Started PedidoControllerTest in 0.519 seconds (process running for 21.053)","exception":""}
{"timestamp":"2026-06-07 13:17:31.135","level":"DEBUG","thread":"main","correlationId":"","logger":"o.s.security.web.FilterChainProxy","message":"Securing GET /api/pedidos/999999","exception":""}
{"timestamp":"2026-06-07 13:17:31.136","level":"WARN","thread":"main","correlationId":"","logger":"c.d.d.s.JwtAuthenticationFilter","message":"JWT Token não começa com Bearer String","exception":""}
{"timestamp":"2026-06-07 13:17:31.137","level":"DEBUG","thread":"main","correlationId":"","logger":"o.s.security.web.FilterChainProxy","message":"Secured GET /api/pedidos/999999","exception":""}
{"timestamp":"2026-06-07 13:17:31.137","level":"DEBUG","thread":"main","correlationId":"3dd4fe6423b147a8","logger":"o.s.w.s.m.m.a.RequestMappingHandlerMapping","message":"Mapped to com.deliverytech.delivery_api.controller.PedidoController#buscarPorId(Long)","exception":""}
{"timestamp":"2026-06-07 13:17:31.139","level":"DEBUG","thread":"main","correlationId":"3dd4fe6423b147a8","logger":"o.s.w.s.m.m.a.ExceptionHandlerExceptionResolver","message":"Using @ExceptionHandler com.deliverytech.delivery_api.exception.GlobalExceptionHandler#handleEntityNotFound(EntityNotFoundException, HttpServletRequest)","exception":""}
{"timestamp":"2026-06-07 13:17:31.142","level":"DEBUG","thread":"main","correlationId":"3dd4fe6423b147a8","logger":"o.s.w.s.m.m.a.HttpEntityMethodProcessor","message":"Using 'application/json', given [*/*] and supported [application/json, application/*+json, application/yaml]","exception":""}
{"timestamp":"2026-06-07 13:17:31.142","level":"DEBUG","thread":"main","correlationId":"3dd4fe6423b147a8","logger":"o.s.w.s.m.m.a.HttpEntityMethodProcessor","message":"Writing [com.deliverytech.delivery_api.dto.ErrorResponse@7e3b9cbc]","exception":""}
{"timestamp":"2026-06-07 13:17:31.142","level":"DEBUG","thread":"main","correlationId":"3dd4fe6423b147a8","logger":"o.s.w.s.m.m.a.ExceptionHandlerExceptionResolver","message":"Resolved [com.deliverytech.delivery_api.exception.EntityNotFoundException: Pedido não encontrado com ID: 999999]","exception":""}
{"timestamp":"2026-06-07 13:17:31.147","level":"INFO","thread":"main","correlationId":"","logger":"o.s.t.c.s.AnnotationConfigContextLoaderUtils","message":"Could not detect default configuration classes for test class [com.deliverytech.delivery_api.DeliveryApiApplicationTests]: DeliveryApiApplicationTests does not declare any static, non-private, non-final, nested classes annotated with @Configuration.","exception":""}
{"timestamp":"2026-06-07 13:17:31.153","level":"INFO","thread":"main","correlationId":"","logger":"o.s.b.t.c.SpringBootTestContextBootstrapper","message":"Found @SpringBootConfiguration com.deliverytech.delivery_api.DeliveryApiApplication for test class com.deliverytech.delivery_api.DeliveryApiApplicationTests","exception":""}
{"timestamp":"2026-06-07 13:17:31.155","level":"INFO","thread":"main","correlationId":"","logger":"o.s.b.d.r.RestartApplicationListener","message":"Restart disabled due to context in which it is running","exception":""}
{"timestamp":"2026-06-07 13:17:31.166","level":"INFO","thread":"main","correlationId":"","logger":"c.d.d.DeliveryApiApplicationTests","message":"Starting DeliveryApiApplicationTests using Java 21.0.11 with PID 10668 (started by Santana in C:\Pasta Códiguinhos\arquitetura de sistemas fat\delivery-api\delivery-api)","exception":""}
{"timestamp":"2026-06-07 13:17:31.166","level":"INFO","thread":"main","correlationId":"","logger":"c.d.d.DeliveryApiApplicationTests","message":"No active profile set, falling back to 1 default profile: "default"","exception":""}
{"timestamp":"2026-06-07 13:17:31.167","level":"DEBUG","thread":"main","correlationId":"","logger":"o.s.w.c.s.GenericWebApplicationContext","message":"Refreshing org.springframework.web.context.support.GenericWebApplicationContext@19dcc486","exception":""}
{"timestamp":"2026-06-07 13:17:31.314","level":"INFO","thread":"main","correlationId":"","logger":"o.s.d.r.c.RepositoryConfigurationDelegate","message":"Bootstrapping Spring Data JPA repositories in DEFAULT mode.","exception":""}
{"timestamp":"2026-06-07 13:17:31.336","level":"INFO","thread":"main","correlationId":"","logger":"o.s.d.r.c.RepositoryConfigurationDelegate","message":"Finished Spring Data repository scanning in 20 ms. Found 5 JPA repository interfaces.","exception":""}
{"timestamp":"2026-06-07 13:17:31.386","level":"INFO","thread":"main","correlationId":"","logger":"o.s.o.j.p.SpringPersistenceUnitInfo","message":"No LoadTimeWeaver setup: ignoring JPA class transformer","exception":""}
{"timestamp":"2026-06-07 13:17:31.387","level":"INFO","thread":"main","correlationId":"","logger":"com.zaxxer.hikari.HikariDataSource","message":"HikariPool-16 - Starting...","exception":""}
{"timestamp":"2026-06-07 13:17:31.387","level":"INFO","thread":"main","correlationId":"","logger":"com.zaxxer.hikari.pool.HikariPool","message":"HikariPool-16 - Added connection conn141: url=jdbc:h2:mem:deliverydb user=SA","exception":""}
{"timestamp":"2026-06-07 13:17:31.387","level":"INFO","thread":"main","correlationId":"","logger":"com.zaxxer.hikari.HikariDataSource","message":"HikariPool-16 - Start completed.","exception":""}
{"timestamp":"2026-06-07 13:17:31.387","level":"WARN","thread":"main","correlationId":"","logger":"org.hibernate.orm.deprecation","message":"HHH90000025: H2Dialect does not need to be specified explicitly using 'hibernate.dialect' (remove the property setting and it will be selected by default)","exception":""}
{"timestamp":"2026-06-07 13:17:31.421","level":"INFO","thread":"main","correlationId":"","logger":"o.s.o.j.LocalContainerEntityManagerFactoryBean","message":"Initialized JPA EntityManagerFactory for persistence unit 'default'","exception":""}
{"timestamp":"2026-06-07 13:17:31.439","level":"INFO","thread":"main","correlationId":"","logger":"o.s.s.c.a.a.c.InitializeAuthenticationProviderBeanManagerConfigurer$InitializeAuthenticationProviderManagerConfigurer","message":"Global AuthenticationManager configured with AuthenticationProvider bean with name authenticationProvider","exception":""}
{"timestamp":"2026-06-07 13:17:31.439","level":"WARN","thread":"main","correlationId":"","logger":"o.s.s.c.a.a.c.InitializeUserDetailsBeanManagerConfigurer$InitializeUserDetailsManagerConfigurer","message":"Global AuthenticationManager configured with an AuthenticationProvider bean. UserDetailsService beans will not be used by Spring Security for automatically configuring username/password login. Consider removing the AuthenticationProvider bean. Alternatively, consider using the UserDetailsService in a manually instantiated DaoAuthenticationProvider. If the current configuration is intentional, to turn off this warning, increase the logging level of 'org.springframework.security.config.annotation.authentication.configuration.InitializeUserDetailsBeanManagerConfigurer' to ERROR","exception":""}
{"timestamp":"2026-06-07 13:17:31.520","level":"DEBUG","thread":"main","correlationId":"","logger":"o.s.w.s.m.m.a.RequestMappingHandlerMapping","message":"41 mappings in 'requestMappingHandlerMapping'","exception":""}
{"timestamp":"2026-06-07 13:17:31.537","level":"DEBUG","thread":"main","correlationId":"","logger":"o.s.w.s.h.SimpleUrlHandlerMapping","message":"Patterns [/webjars/**, /**, /swagger-ui*/*swagger-initializer.js, /swagger-ui*/**] in 'resourceHandlerMapping'","exception":""}
{"timestamp":"2026-06-07 13:17:31.565","level":"INFO","thread":"main","correlationId":"","logger":"o.s.b.a.e.web.EndpointLinksResolver","message":"Exposing 13 endpoints beneath base path '/actuator'","exception":""}
{"timestamp":"2026-06-07 13:17:31.589","level":"DEBUG","thread":"main","correlationId":"","logger":"o.s.s.web.DefaultSecurityFilterChain","message":"Will secure any request with filters: DisableEncodeUrlFilter, WebAsyncManagerIntegrationFilter, SecurityContextHolderFilter, HeaderWriterFilter, CorsFilter, LogoutFilter, JwtAuthenticationFilter, RequestCacheAwareFilter, SecurityContextHolderAwareRequestFilter, AnonymousAuthenticationFilter, SessionManagementFilter, ExceptionTranslationFilter, AuthorizationFilter","exception":""}
{"timestamp":"2026-06-07 13:17:31.608","level":"DEBUG","thread":"main","correlationId":"","logger":"o.s.w.s.m.m.a.RequestMappingHandlerAdapter","message":"ControllerAdvice beans: 0 @ModelAttribute, 0 @InitBinder, 1 RequestBodyAdvice, 1 ResponseBodyAdvice","exception":""}
{"timestamp":"2026-06-07 13:17:31.612","level":"DEBUG","thread":"main","correlationId":"","logger":"o.s.w.s.m.m.a.ExceptionHandlerExceptionResolver","message":"ControllerAdvice beans: 2 @ExceptionHandler, 1 ResponseBodyAdvice","exception":""}
{"timestamp":"2026-06-07 13:17:31.636","level":"INFO","thread":"main","correlationId":"","logger":"o.s.b.a.h.H2ConsoleAutoConfiguration","message":"H2 console available at '/h2-console'. Database available at 'jdbc:h2:mem:deliverydb'","exception":""}
{"timestamp":"2026-06-07 13:17:31.649","level":"INFO","thread":"main","correlationId":"","logger":"c.d.d.DeliveryApiApplicationTests","message":"Started DeliveryApiApplicationTests in 0.494 seconds (process running for 21.584)","exception":""}
{"timestamp":"2026-06-07 13:17:31.668","level":"DEBUG","thread":"SpringApplicationShutdownHook","correlationId":"","logger":"o.s.w.c.s.GenericWebApplicationContext","message":"Closing org.springframework.web.context.support.GenericWebApplicationContext@833a1f9, started on Sun Jun 07 13:17:30 BRT 2026","exception":""}
{"timestamp":"2026-06-07 13:17:31.669","level":"INFO","thread":"SpringApplicationShutdownHook","correlationId":"","logger":"o.s.o.j.LocalContainerEntityManagerFactoryBean","message":"Closing JPA EntityManagerFactory for persistence unit 'default'","exception":""}
{"timestamp":"2026-06-07 13:17:31.671","level":"INFO","thread":"SpringApplicationShutdownHook","correlationId":"","logger":"com.zaxxer.hikari.HikariDataSource","message":"HikariPool-15 - Shutdown initiated...","exception":""}
{"timestamp":"2026-06-07 13:17:31.671","level":"INFO","thread":"SpringApplicationShutdownHook","correlationId":"","logger":"com.zaxxer.hikari.HikariDataSource","message":"HikariPool-15 - Shutdown completed.","exception":""}
{"timestamp":"2026-06-07 13:17:31.671","level":"DEBUG","thread":"SpringApplicationShutdownHook","correlationId":"","logger":"o.s.w.c.s.GenericWebApplicationContext","message":"Closing org.springframework.web.context.support.GenericWebApplicationContext@19dcc486, started on Sun Jun 07 13:17:31 BRT 2026","exception":""}
{"timestamp":"2026-06-07 13:17:31.673","level":"INFO","thread":"SpringApplicationShutdownHook","correlationId":"","logger":"o.s.o.j.LocalContainerEntityManagerFactoryBean","message":"Closing JPA EntityManagerFactory for persistence unit 'default'","exception":""}
{"timestamp":"2026-06-07 13:17:31.674","level":"INFO","thread":"SpringApplicationShutdownHook","correlationId":"","logger":"com.zaxxer.hikari.HikariDataSource","message":"HikariPool-16 - Shutdown initiated...","exception":""}
{"timestamp":"2026-06-07 13:17:31.677","level":"INFO","thread":"SpringApplicationShutdownHook","correlationId":"","logger":"com.zaxxer.hikari.HikariDataSource","message":"HikariPool-16 - Shutdown completed.","exception":""}
