{"timestamp":"2026-06-10 19:13:03.638","level":"INFO","thread":"main","correlationId":"","logger":"c.d.d.c.ClienteControllerTest","message":"Starting ClienteControllerTest using Java 21.0.11 with PID 25592 (started by Santana in C:\Pasta Códiguinhos\arquitetura de sistemas fat\delivery-api\delivery-api)","exception":""}
{"timestamp":"2026-06-10 19:13:03.645","level":"INFO","thread":"main","correlationId":"","logger":"c.d.d.c.ClienteControllerTest","message":"The following 1 profile is active: "test"","exception":""}
{"timestamp":"2026-06-10 19:13:03.676","level":"DEBUG","thread":"main","correlationId":"","logger":"o.s.w.c.s.GenericWebApplicationContext","message":"Refreshing org.springframework.web.context.support.GenericWebApplicationContext@3f7b15bb","exception":""}
{"timestamp":"2026-06-10 19:13:12.577","level":"INFO","thread":"main","correlationId":"","logger":"o.s.d.r.c.RepositoryConfigurationDelegate","message":"Bootstrapping Spring Data JPA repositories in DEFAULT mode.","exception":""}
{"timestamp":"2026-06-10 19:13:12.661","level":"INFO","thread":"main","correlationId":"","logger":"o.s.d.r.c.RepositoryConfigurationDelegate","message":"Finished Spring Data repository scanning in 71 ms. Found 5 JPA repository interfaces.","exception":""}
{"timestamp":"2026-06-10 19:13:13.690","level":"INFO","thread":"main","correlationId":"","logger":"o.s.o.j.p.SpringPersistenceUnitInfo","message":"No LoadTimeWeaver setup: ignoring JPA class transformer","exception":""}
{"timestamp":"2026-06-10 19:13:13.736","level":"INFO","thread":"main","correlationId":"","logger":"com.zaxxer.hikari.HikariDataSource","message":"HikariPool-1 - Starting...","exception":""}
{"timestamp":"2026-06-10 19:13:14.082","level":"INFO","thread":"main","correlationId":"","logger":"com.zaxxer.hikari.pool.HikariPool","message":"HikariPool-1 - Added connection conn0: url=jdbc:h2:mem:deliverydb user=SA","exception":""}
{"timestamp":"2026-06-10 19:13:14.085","level":"INFO","thread":"main","correlationId":"","logger":"com.zaxxer.hikari.HikariDataSource","message":"HikariPool-1 - Start completed.","exception":""}
{"timestamp":"2026-06-10 19:13:14.124","level":"WARN","thread":"main","correlationId":"","logger":"org.hibernate.orm.deprecation","message":"HHH90000025: H2Dialect does not need to be specified explicitly using 'hibernate.dialect' (remove the property setting and it will be selected by default)","exception":""}
{"timestamp":"2026-06-10 19:13:17.104","level":"INFO","thread":"main","correlationId":"","logger":"o.s.o.j.LocalContainerEntityManagerFactoryBean","message":"Initialized JPA EntityManagerFactory for persistence unit 'default'","exception":""}
{"timestamp":"2026-06-10 19:13:19.205","level":"INFO","thread":"main","correlationId":"","logger":"o.s.s.c.a.a.c.InitializeAuthenticationProviderBeanManagerConfigurer$InitializeAuthenticationProviderManagerConfigurer","message":"Global AuthenticationManager configured with AuthenticationProvider bean with name authenticationProvider","exception":""}
{"timestamp":"2026-06-10 19:13:19.206","level":"WARN","thread":"main","correlationId":"","logger":"o.s.s.c.a.a.c.InitializeUserDetailsBeanManagerConfigurer$InitializeUserDetailsManagerConfigurer","message":"Global AuthenticationManager configured with an AuthenticationProvider bean. UserDetailsService beans will not be used by Spring Security for automatically configuring username/password login. Consider removing the AuthenticationProvider bean. Alternatively, consider using the UserDetailsService in a manually instantiated DaoAuthenticationProvider. If the current configuration is intentional, to turn off this warning, increase the logging level of 'org.springframework.security.config.annotation.authentication.configuration.InitializeUserDetailsBeanManagerConfigurer' to ERROR","exception":""}
{"timestamp":"2026-06-10 19:13:19.252","level":"INFO","thread":"main","correlationId":"","logger":"o.s.d.j.r.query.QueryEnhancerFactory","message":"Hibernate is in classpath; If applicable, HQL parser will be used.","exception":""}
{"timestamp":"2026-06-10 19:13:20.500","level":"DEBUG","thread":"main","correlationId":"","logger":"o.s.w.s.m.m.a.RequestMappingHandlerMapping","message":"42 mappings in 'requestMappingHandlerMapping'","exception":""}
{"timestamp":"2026-06-10 19:13:20.631","level":"DEBUG","thread":"main","correlationId":"","logger":"o.s.w.s.h.SimpleUrlHandlerMapping","message":"Patterns [/webjars/**, /**, /swagger-ui*/*swagger-initializer.js, /swagger-ui*/**] in 'resourceHandlerMapping'","exception":""}
{"timestamp":"2026-06-10 19:13:20.792","level":"INFO","thread":"main","correlationId":"","logger":"o.s.b.a.e.web.EndpointLinksResolver","message":"Exposing 13 endpoints beneath base path '/actuator'","exception":""}
{"timestamp":"2026-06-10 19:13:20.942","level":"DEBUG","thread":"main","correlationId":"","logger":"o.s.s.web.DefaultSecurityFilterChain","message":"Will secure any request with filters: DisableEncodeUrlFilter, WebAsyncManagerIntegrationFilter, SecurityContextHolderFilter, HeaderWriterFilter, CorsFilter, LogoutFilter, JwtAuthenticationFilter, RequestCacheAwareFilter, SecurityContextHolderAwareRequestFilter, AnonymousAuthenticationFilter, SessionManagementFilter, ExceptionTranslationFilter, AuthorizationFilter","exception":""}
{"timestamp":"2026-06-10 19:13:21.091","level":"DEBUG","thread":"main","correlationId":"","logger":"o.s.w.s.m.m.a.RequestMappingHandlerAdapter","message":"ControllerAdvice beans: 0 @ModelAttribute, 0 @InitBinder, 1 RequestBodyAdvice, 1 ResponseBodyAdvice","exception":""}
{"timestamp":"2026-06-10 19:13:21.162","level":"DEBUG","thread":"main","correlationId":"","logger":"o.s.w.s.m.m.a.ExceptionHandlerExceptionResolver","message":"ControllerAdvice beans: 2 @ExceptionHandler, 1 ResponseBodyAdvice","exception":""}
{"timestamp":"2026-06-10 19:13:21.331","level":"INFO","thread":"main","correlationId":"","logger":"o.s.b.a.h.H2ConsoleAutoConfiguration","message":"H2 console available at '/h2-console'. Database available at 'jdbc:h2:mem:deliverydb'","exception":""}
{"timestamp":"2026-06-10 19:13:21.417","level":"DEBUG","thread":"main","correlationId":"","logger":"o.s.w.f.ServerHttpObservationFilter","message":"Filter 'webMvcObservationFilter' configured for use","exception":""}
{"timestamp":"2026-06-10 19:13:21.418","level":"INFO","thread":"main","correlationId":"","logger":"o.s.b.t.m.w.SpringBootMockServletContext","message":"Initializing Spring TestDispatcherServlet ''","exception":""}
{"timestamp":"2026-06-10 19:13:21.419","level":"INFO","thread":"main","correlationId":"","logger":"o.s.t.w.s.TestDispatcherServlet","message":"Initializing Servlet ''","exception":""}
{"timestamp":"2026-06-10 19:13:21.420","level":"INFO","thread":"main","correlationId":"","logger":"o.s.t.w.s.TestDispatcherServlet","message":"Completed initialization in 1 ms","exception":""}
{"timestamp":"2026-06-10 19:13:21.476","level":"INFO","thread":"main","correlationId":"","logger":"c.d.d.c.ClienteControllerTest","message":"Started ClienteControllerTest in 18.528 seconds (process running for 23.206)","exception":""}
{"timestamp":"2026-06-10 19:13:21.577","level":"DEBUG","thread":"main","correlationId":"","logger":"o.s.w.c.s.GenericWebApplicationContext","message":"Closing org.springframework.web.context.support.GenericWebApplicationContext@3f7b15bb, started on Wed Jun 10 19:13:03 BRT 2026","exception":""}
{"timestamp":"2026-06-10 19:13:21.583","level":"INFO","thread":"main","correlationId":"","logger":"o.s.o.j.LocalContainerEntityManagerFactoryBean","message":"Closing JPA EntityManagerFactory for persistence unit 'default'","exception":""}
{"timestamp":"2026-06-10 19:13:21.590","level":"INFO","thread":"main","correlationId":"","logger":"com.zaxxer.hikari.HikariDataSource","message":"HikariPool-1 - Shutdown initiated...","exception":""}
{"timestamp":"2026-06-10 19:13:21.592","level":"INFO","thread":"main","correlationId":"","logger":"com.zaxxer.hikari.HikariDataSource","message":"HikariPool-1 - Shutdown completed.","exception":""}
{"timestamp":"2026-06-10 19:13:21.594","level":"INFO","thread":"main","correlationId":"","logger":"o.s.b.d.r.RestartApplicationListener","message":"Restart disabled due to context in which it is running","exception":""}
{"timestamp":"2026-06-10 19:13:21.625","level":"INFO","thread":"main","correlationId":"","logger":"c.d.d.c.ClienteControllerTest","message":"Starting ClienteControllerTest using Java 21.0.11 with PID 25592 (started by Santana in C:\Pasta Códiguinhos\arquitetura de sistemas fat\delivery-api\delivery-api)","exception":""}
{"timestamp":"2026-06-10 19:13:21.626","level":"INFO","thread":"main","correlationId":"","logger":"c.d.d.c.ClienteControllerTest","message":"The following 1 profile is active: "test"","exception":""}
{"timestamp":"2026-06-10 19:13:21.627","level":"DEBUG","thread":"main","correlationId":"","logger":"o.s.w.c.s.GenericWebApplicationContext","message":"Refreshing org.springframework.web.context.support.GenericWebApplicationContext@69ef2dcb","exception":""}
{"timestamp":"2026-06-10 19:13:21.892","level":"INFO","thread":"main","correlationId":"","logger":"o.s.d.r.c.RepositoryConfigurationDelegate","message":"Bootstrapping Spring Data JPA repositories in DEFAULT mode.","exception":""}
{"timestamp":"2026-06-10 19:13:21.914","level":"INFO","thread":"main","correlationId":"","logger":"o.s.d.r.c.RepositoryConfigurationDelegate","message":"Finished Spring Data repository scanning in 19 ms. Found 5 JPA repository interfaces.","exception":""}
{"timestamp":"2026-06-10 19:13:21.999","level":"INFO","thread":"main","correlationId":"","logger":"o.s.o.j.p.SpringPersistenceUnitInfo","message":"No LoadTimeWeaver setup: ignoring JPA class transformer","exception":""}
{"timestamp":"2026-06-10 19:13:22.001","level":"INFO","thread":"main","correlationId":"","logger":"com.zaxxer.hikari.HikariDataSource","message":"HikariPool-2 - Starting...","exception":""}
{"timestamp":"2026-06-10 19:13:22.003","level":"INFO","thread":"main","correlationId":"","logger":"com.zaxxer.hikari.pool.HikariPool","message":"HikariPool-2 - Added connection conn10: url=jdbc:h2:mem:deliverydb user=SA","exception":""}
{"timestamp":"2026-06-10 19:13:22.003","level":"INFO","thread":"main","correlationId":"","logger":"com.zaxxer.hikari.HikariDataSource","message":"HikariPool-2 - Start completed.","exception":""}
{"timestamp":"2026-06-10 19:13:22.003","level":"WARN","thread":"main","correlationId":"","logger":"org.hibernate.orm.deprecation","message":"HHH90000025: H2Dialect does not need to be specified explicitly using 'hibernate.dialect' (remove the property setting and it will be selected by default)","exception":""}
{"timestamp":"2026-06-10 19:13:22.071","level":"INFO","thread":"main","correlationId":"","logger":"o.s.o.j.LocalContainerEntityManagerFactoryBean","message":"Initialized JPA EntityManagerFactory for persistence unit 'default'","exception":""}
{"timestamp":"2026-06-10 19:13:22.099","level":"INFO","thread":"main","correlationId":"","logger":"o.s.s.c.a.a.c.InitializeAuthenticationProviderBeanManagerConfigurer$InitializeAuthenticationProviderManagerConfigurer","message":"Global AuthenticationManager configured with AuthenticationProvider bean with name authenticationProvider","exception":""}
{"timestamp":"2026-06-10 19:13:22.099","level":"WARN","thread":"main","correlationId":"","logger":"o.s.s.c.a.a.c.InitializeUserDetailsBeanManagerConfigurer$InitializeUserDetailsManagerConfigurer","message":"Global AuthenticationManager configured with an AuthenticationProvider bean. UserDetailsService beans will not be used by Spring Security for automatically configuring username/password login. Consider removing the AuthenticationProvider bean. Alternatively, consider using the UserDetailsService in a manually instantiated DaoAuthenticationProvider. If the current configuration is intentional, to turn off this warning, increase the logging level of 'org.springframework.security.config.annotation.authentication.configuration.InitializeUserDetailsBeanManagerConfigurer' to ERROR","exception":""}
{"timestamp":"2026-06-10 19:13:22.224","level":"DEBUG","thread":"main","correlationId":"","logger":"o.s.w.s.m.m.a.RequestMappingHandlerMapping","message":"42 mappings in 'requestMappingHandlerMapping'","exception":""}
{"timestamp":"2026-06-10 19:13:22.250","level":"DEBUG","thread":"main","correlationId":"","logger":"o.s.w.s.h.SimpleUrlHandlerMapping","message":"Patterns [/webjars/**, /**, /swagger-ui*/*swagger-initializer.js, /swagger-ui*/**] in 'resourceHandlerMapping'","exception":""}
{"timestamp":"2026-06-10 19:13:22.296","level":"INFO","thread":"main","correlationId":"","logger":"o.s.b.a.e.web.EndpointLinksResolver","message":"Exposing 13 endpoints beneath base path '/actuator'","exception":""}
{"timestamp":"2026-06-10 19:13:22.328","level":"DEBUG","thread":"main","correlationId":"","logger":"o.s.s.web.DefaultSecurityFilterChain","message":"Will secure any request with filters: DisableEncodeUrlFilter, WebAsyncManagerIntegrationFilter, SecurityContextHolderFilter, HeaderWriterFilter, CorsFilter, LogoutFilter, JwtAuthenticationFilter, RequestCacheAwareFilter, SecurityContextHolderAwareRequestFilter, AnonymousAuthenticationFilter, SessionManagementFilter, ExceptionTranslationFilter, AuthorizationFilter","exception":""}
{"timestamp":"2026-06-10 19:13:22.357","level":"DEBUG","thread":"main","correlationId":"","logger":"o.s.w.s.m.m.a.RequestMappingHandlerAdapter","message":"ControllerAdvice beans: 0 @ModelAttribute, 0 @InitBinder, 1 RequestBodyAdvice, 1 ResponseBodyAdvice","exception":""}
{"timestamp":"2026-06-10 19:13:22.362","level":"DEBUG","thread":"main","correlationId":"","logger":"o.s.w.s.m.m.a.ExceptionHandlerExceptionResolver","message":"ControllerAdvice beans: 2 @ExceptionHandler, 1 ResponseBodyAdvice","exception":""}
{"timestamp":"2026-06-10 19:13:22.408","level":"INFO","thread":"main","correlationId":"","logger":"o.s.b.a.h.H2ConsoleAutoConfiguration","message":"H2 console available at '/h2-console'. Database available at 'jdbc:h2:mem:deliverydb'","exception":""}
{"timestamp":"2026-06-10 19:13:22.427","level":"DEBUG","thread":"main","correlationId":"","logger":"o.s.w.f.ServerHttpObservationFilter","message":"Filter 'webMvcObservationFilter' configured for use","exception":""}
{"timestamp":"2026-06-10 19:13:22.427","level":"INFO","thread":"main","correlationId":"","logger":"o.s.b.t.m.w.SpringBootMockServletContext","message":"Initializing Spring TestDispatcherServlet ''","exception":""}
{"timestamp":"2026-06-10 19:13:22.427","level":"INFO","thread":"main","correlationId":"","logger":"o.s.t.w.s.TestDispatcherServlet","message":"Initializing Servlet ''","exception":""}
{"timestamp":"2026-06-10 19:13:22.428","level":"INFO","thread":"main","correlationId":"","logger":"o.s.t.w.s.TestDispatcherServlet","message":"Completed initialization in 1 ms","exception":""}
{"timestamp":"2026-06-10 19:13:22.440","level":"INFO","thread":"main","correlationId":"","logger":"c.d.d.c.ClienteControllerTest","message":"Started ClienteControllerTest in 0.846 seconds (process running for 24.169)","exception":""}
{"timestamp":"2026-06-10 19:13:22.630","level":"DEBUG","thread":"main","correlationId":"","logger":"o.s.security.web.FilterChainProxy","message":"Securing POST /api/clientes","exception":""}
{"timestamp":"2026-06-10 19:13:22.642","level":"WARN","thread":"main","correlationId":"","logger":"c.d.d.s.JwtAuthenticationFilter","message":"JWT Token não começa com Bearer String","exception":""}
{"timestamp":"2026-06-10 19:13:22.652","level":"DEBUG","thread":"main","correlationId":"","logger":"o.s.security.web.FilterChainProxy","message":"Secured POST /api/clientes","exception":""}
{"timestamp":"2026-06-10 19:13:22.656","level":"DEBUG","thread":"main","correlationId":"78296fd5674449af","logger":"o.s.w.s.m.m.a.RequestMappingHandlerMapping","message":"Mapped to com.deliverytech.delivery_api.controller.ClienteController#cadastrarCliente(ClienteReqDTO)","exception":""}
{"timestamp":"2026-06-10 19:13:22.705","level":"DEBUG","thread":"main","correlationId":"78296fd5674449af","logger":"o.s.w.s.m.m.a.RequestResponseBodyMethodProcessor","message":"Read "application/json;charset=UTF-8" to [com.deliverytech.delivery_api.dto.req.ClienteReqDTO@7d6d4aab]","exception":""}
{"timestamp":"2026-06-10 19:13:22.864","level":"DEBUG","thread":"main","correlationId":"78296fd5674449af","logger":"o.s.w.s.m.m.a.HttpEntityMethodProcessor","message":"Using 'application/json', given [*/*] and supported [application/json, application/*+json, application/yaml]","exception":""}
{"timestamp":"2026-06-10 19:13:22.865","level":"DEBUG","thread":"main","correlationId":"78296fd5674449af","logger":"o.s.w.s.m.m.a.HttpEntityMethodProcessor","message":"Writing [com.deliverytech.delivery_api.dto.res.ClienteResDTO@8bc3fed]","exception":""}
{"timestamp":"2026-06-10 19:13:22.933","level":"DEBUG","thread":"main","correlationId":"","logger":"o.s.w.c.s.GenericWebApplicationContext","message":"Closing org.springframework.web.context.support.GenericWebApplicationContext@69ef2dcb, started on Wed Jun 10 19:13:21 BRT 2026","exception":""}
{"timestamp":"2026-06-10 19:13:22.935","level":"INFO","thread":"main","correlationId":"","logger":"o.s.o.j.LocalContainerEntityManagerFactoryBean","message":"Closing JPA EntityManagerFactory for persistence unit 'default'","exception":""}
{"timestamp":"2026-06-10 19:13:22.937","level":"INFO","thread":"main","correlationId":"","logger":"com.zaxxer.hikari.HikariDataSource","message":"HikariPool-2 - Shutdown initiated...","exception":""}
{"timestamp":"2026-06-10 19:13:22.938","level":"INFO","thread":"main","correlationId":"","logger":"com.zaxxer.hikari.HikariDataSource","message":"HikariPool-2 - Shutdown completed.","exception":""}
{"timestamp":"2026-06-10 19:13:22.940","level":"INFO","thread":"main","correlationId":"","logger":"o.s.b.d.r.RestartApplicationListener","message":"Restart disabled due to context in which it is running","exception":""}
{"timestamp":"2026-06-10 19:13:22.968","level":"INFO","thread":"main","correlationId":"","logger":"c.d.d.c.ClienteControllerTest","message":"Starting ClienteControllerTest using Java 21.0.11 with PID 25592 (started by Santana in C:\Pasta Códiguinhos\arquitetura de sistemas fat\delivery-api\delivery-api)","exception":""}
{"timestamp":"2026-06-10 19:13:22.968","level":"INFO","thread":"main","correlationId":"","logger":"c.d.d.c.ClienteControllerTest","message":"The following 1 profile is active: "test"","exception":""}
{"timestamp":"2026-06-10 19:13:22.969","level":"DEBUG","thread":"main","correlationId":"","logger":"o.s.w.c.s.GenericWebApplicationContext","message":"Refreshing org.springframework.web.context.support.GenericWebApplicationContext@70266f04","exception":""}
{"timestamp":"2026-06-10 19:13:23.183","level":"INFO","thread":"main","correlationId":"","logger":"o.s.d.r.c.RepositoryConfigurationDelegate","message":"Bootstrapping Spring Data JPA repositories in DEFAULT mode.","exception":""}
{"timestamp":"2026-06-10 19:13:23.202","level":"INFO","thread":"main","correlationId":"","logger":"o.s.d.r.c.RepositoryConfigurationDelegate","message":"Finished Spring Data repository scanning in 18 ms. Found 5 JPA repository interfaces.","exception":""}
{"timestamp":"2026-06-10 19:13:23.264","level":"INFO","thread":"main","correlationId":"","logger":"o.s.o.j.p.SpringPersistenceUnitInfo","message":"No LoadTimeWeaver setup: ignoring JPA class transformer","exception":""}
{"timestamp":"2026-06-10 19:13:23.265","level":"INFO","thread":"main","correlationId":"","logger":"com.zaxxer.hikari.HikariDataSource","message":"HikariPool-3 - Starting...","exception":""}
{"timestamp":"2026-06-10 19:13:23.266","level":"INFO","thread":"main","correlationId":"","logger":"com.zaxxer.hikari.pool.HikariPool","message":"HikariPool-3 - Added connection conn20: url=jdbc:h2:mem:deliverydb user=SA","exception":""}
{"timestamp":"2026-06-10 19:13:23.267","level":"INFO","thread":"main","correlationId":"","logger":"com.zaxxer.hikari.HikariDataSource","message":"HikariPool-3 - Start completed.","exception":""}
{"timestamp":"2026-06-10 19:13:23.267","level":"WARN","thread":"main","correlationId":"","logger":"org.hibernate.orm.deprecation","message":"HHH90000025: H2Dialect does not need to be specified explicitly using 'hibernate.dialect' (remove the property setting and it will be selected by default)","exception":""}
{"timestamp":"2026-06-10 19:13:23.326","level":"INFO","thread":"main","correlationId":"","logger":"o.s.o.j.LocalContainerEntityManagerFactoryBean","message":"Initialized JPA EntityManagerFactory for persistence unit 'default'","exception":""}
{"timestamp":"2026-06-10 19:13:23.352","level":"INFO","thread":"main","correlationId":"","logger":"o.s.s.c.a.a.c.InitializeAuthenticationProviderBeanManagerConfigurer$InitializeAuthenticationProviderManagerConfigurer","message":"Global AuthenticationManager configured with AuthenticationProvider bean with name authenticationProvider","exception":""}
{"timestamp":"2026-06-10 19:13:23.352","level":"WARN","thread":"main","correlationId":"","logger":"o.s.s.c.a.a.c.InitializeUserDetailsBeanManagerConfigurer$InitializeUserDetailsManagerConfigurer","message":"Global AuthenticationManager configured with an AuthenticationProvider bean. UserDetailsService beans will not be used by Spring Security for automatically configuring username/password login. Consider removing the AuthenticationProvider bean. Alternatively, consider using the UserDetailsService in a manually instantiated DaoAuthenticationProvider. If the current configuration is intentional, to turn off this warning, increase the logging level of 'org.springframework.security.config.annotation.authentication.configuration.InitializeUserDetailsBeanManagerConfigurer' to ERROR","exception":""}
{"timestamp":"2026-06-10 19:13:23.468","level":"DEBUG","thread":"main","correlationId":"","logger":"o.s.w.s.m.m.a.RequestMappingHandlerMapping","message":"42 mappings in 'requestMappingHandlerMapping'","exception":""}
{"timestamp":"2026-06-10 19:13:23.489","level":"DEBUG","thread":"main","correlationId":"","logger":"o.s.w.s.h.SimpleUrlHandlerMapping","message":"Patterns [/webjars/**, /**, /swagger-ui*/*swagger-initializer.js, /swagger-ui*/**] in 'resourceHandlerMapping'","exception":""}
{"timestamp":"2026-06-10 19:13:23.527","level":"INFO","thread":"main","correlationId":"","logger":"o.s.b.a.e.web.EndpointLinksResolver","message":"Exposing 13 endpoints beneath base path '/actuator'","exception":""}
{"timestamp":"2026-06-10 19:13:23.557","level":"DEBUG","thread":"main","correlationId":"","logger":"o.s.s.web.DefaultSecurityFilterChain","message":"Will secure any request with filters: DisableEncodeUrlFilter, WebAsyncManagerIntegrationFilter, SecurityContextHolderFilter, HeaderWriterFilter, CorsFilter, LogoutFilter, JwtAuthenticationFilter, RequestCacheAwareFilter, SecurityContextHolderAwareRequestFilter, AnonymousAuthenticationFilter, SessionManagementFilter, ExceptionTranslationFilter, AuthorizationFilter","exception":""}
{"timestamp":"2026-06-10 19:13:23.581","level":"DEBUG","thread":"main","correlationId":"","logger":"o.s.w.s.m.m.a.RequestMappingHandlerAdapter","message":"ControllerAdvice beans: 0 @ModelAttribute, 0 @InitBinder, 1 RequestBodyAdvice, 1 ResponseBodyAdvice","exception":""}
{"timestamp":"2026-06-10 19:13:23.586","level":"DEBUG","thread":"main","correlationId":"","logger":"o.s.w.s.m.m.a.ExceptionHandlerExceptionResolver","message":"ControllerAdvice beans: 2 @ExceptionHandler, 1 ResponseBodyAdvice","exception":""}
{"timestamp":"2026-06-10 19:13:23.617","level":"INFO","thread":"main","correlationId":"","logger":"o.s.b.a.h.H2ConsoleAutoConfiguration","message":"H2 console available at '/h2-console'. Database available at 'jdbc:h2:mem:deliverydb'","exception":""}
{"timestamp":"2026-06-10 19:13:23.633","level":"DEBUG","thread":"main","correlationId":"","logger":"o.s.w.f.ServerHttpObservationFilter","message":"Filter 'webMvcObservationFilter' configured for use","exception":""}
{"timestamp":"2026-06-10 19:13:23.633","level":"INFO","thread":"main","correlationId":"","logger":"o.s.b.t.m.w.SpringBootMockServletContext","message":"Initializing Spring TestDispatcherServlet ''","exception":""}
{"timestamp":"2026-06-10 19:13:23.633","level":"INFO","thread":"main","correlationId":"","logger":"o.s.t.w.s.TestDispatcherServlet","message":"Initializing Servlet ''","exception":""}
{"timestamp":"2026-06-10 19:13:23.634","level":"INFO","thread":"main","correlationId":"","logger":"o.s.t.w.s.TestDispatcherServlet","message":"Completed initialization in 1 ms","exception":""}
{"timestamp":"2026-06-10 19:13:23.643","level":"INFO","thread":"main","correlationId":"","logger":"c.d.d.c.ClienteControllerTest","message":"Started ClienteControllerTest in 0.703 seconds (process running for 25.374)","exception":""}
{"timestamp":"2026-06-10 19:13:23.652","level":"DEBUG","thread":"main","correlationId":"","logger":"o.s.security.web.FilterChainProxy","message":"Securing PATCH /api/clientes/4/status","exception":""}
{"timestamp":"2026-06-10 19:13:23.654","level":"WARN","thread":"main","correlationId":"","logger":"c.d.d.s.JwtAuthenticationFilter","message":"JWT Token não começa com Bearer String","exception":""}
{"timestamp":"2026-06-10 19:13:23.656","level":"DEBUG","thread":"main","correlationId":"","logger":"o.s.security.web.FilterChainProxy","message":"Secured PATCH /api/clientes/4/status","exception":""}
{"timestamp":"2026-06-10 19:13:23.656","level":"DEBUG","thread":"main","correlationId":"9d8212f2d1e84ba8","logger":"o.s.w.s.m.m.a.RequestMappingHandlerMapping","message":"Mapped to com.deliverytech.delivery_api.controller.ClienteController#ativarDesativarCliente(Long)","exception":""}
{"timestamp":"2026-06-10 19:13:23.670","level":"DEBUG","thread":"main","correlationId":"9d8212f2d1e84ba8","logger":"o.s.w.s.m.m.a.HttpEntityMethodProcessor","message":"Using 'application/json', given [*/*] and supported [application/json, application/*+json, application/yaml]","exception":""}
{"timestamp":"2026-06-10 19:13:23.670","level":"DEBUG","thread":"main","correlationId":"9d8212f2d1e84ba8","logger":"o.s.w.s.m.m.a.HttpEntityMethodProcessor","message":"Writing [com.deliverytech.delivery_api.dto.res.ClienteResDTO@7b0d782c]","exception":""}
{"timestamp":"2026-06-10 19:13:23.674","level":"DEBUG","thread":"main","correlationId":"","logger":"o.s.security.web.FilterChainProxy","message":"Securing PATCH /api/clientes/4/status","exception":""}
{"timestamp":"2026-06-10 19:13:23.674","level":"WARN","thread":"main","correlationId":"","logger":"c.d.d.s.JwtAuthenticationFilter","message":"JWT Token não começa com Bearer String","exception":""}
{"timestamp":"2026-06-10 19:13:23.675","level":"DEBUG","thread":"main","correlationId":"","logger":"o.s.security.web.FilterChainProxy","message":"Secured PATCH /api/clientes/4/status","exception":""}
{"timestamp":"2026-06-10 19:13:23.675","level":"DEBUG","thread":"main","correlationId":"2642253ba7c74fcb","logger":"o.s.w.s.m.m.a.RequestMappingHandlerMapping","message":"Mapped to com.deliverytech.delivery_api.controller.ClienteController#ativarDesativarCliente(Long)","exception":""}
{"timestamp":"2026-06-10 19:13:23.676","level":"DEBUG","thread":"main","correlationId":"2642253ba7c74fcb","logger":"o.s.w.s.m.m.a.HttpEntityMethodProcessor","message":"Using 'application/json', given [*/*] and supported [application/json, application/*+json, application/yaml]","exception":""}
{"timestamp":"2026-06-10 19:13:23.677","level":"DEBUG","thread":"main","correlationId":"2642253ba7c74fcb","logger":"o.s.w.s.m.m.a.HttpEntityMethodProcessor","message":"Writing [com.deliverytech.delivery_api.dto.res.ClienteResDTO@50440d2e]","exception":""}
{"timestamp":"2026-06-10 19:13:23.681","level":"DEBUG","thread":"main","correlationId":"","logger":"o.s.w.c.s.GenericWebApplicationContext","message":"Closing org.springframework.web.context.support.GenericWebApplicationContext@70266f04, started on Wed Jun 10 19:13:22 BRT 2026","exception":""}
{"timestamp":"2026-06-10 19:13:23.684","level":"INFO","thread":"main","correlationId":"","logger":"o.s.o.j.LocalContainerEntityManagerFactoryBean","message":"Closing JPA EntityManagerFactory for persistence unit 'default'","exception":""}
{"timestamp":"2026-06-10 19:13:23.686","level":"INFO","thread":"main","correlationId":"","logger":"com.zaxxer.hikari.HikariDataSource","message":"HikariPool-3 - Shutdown initiated...","exception":""}
{"timestamp":"2026-06-10 19:13:23.686","level":"INFO","thread":"main","correlationId":"","logger":"com.zaxxer.hikari.HikariDataSource","message":"HikariPool-3 - Shutdown completed.","exception":""}
{"timestamp":"2026-06-10 19:13:23.688","level":"INFO","thread":"main","correlationId":"","logger":"o.s.b.d.r.RestartApplicationListener","message":"Restart disabled due to context in which it is running","exception":""}
{"timestamp":"2026-06-10 19:13:23.715","level":"INFO","thread":"main","correlationId":"","logger":"c.d.d.c.ClienteControllerTest","message":"Starting ClienteControllerTest using Java 21.0.11 with PID 25592 (started by Santana in C:\Pasta Códiguinhos\arquitetura de sistemas fat\delivery-api\delivery-api)","exception":""}
{"timestamp":"2026-06-10 19:13:23.715","level":"INFO","thread":"main","correlationId":"","logger":"c.d.d.c.ClienteControllerTest","message":"The following 1 profile is active: "test"","exception":""}
{"timestamp":"2026-06-10 19:13:23.716","level":"DEBUG","thread":"main","correlationId":"","logger":"o.s.w.c.s.GenericWebApplicationContext","message":"Refreshing org.springframework.web.context.support.GenericWebApplicationContext@7cf560ae","exception":""}
{"timestamp":"2026-06-10 19:13:23.927","level":"INFO","thread":"main","correlationId":"","logger":"o.s.d.r.c.RepositoryConfigurationDelegate","message":"Bootstrapping Spring Data JPA repositories in DEFAULT mode.","exception":""}
{"timestamp":"2026-06-10 19:13:23.943","level":"INFO","thread":"main","correlationId":"","logger":"o.s.d.r.c.RepositoryConfigurationDelegate","message":"Finished Spring Data repository scanning in 15 ms. Found 5 JPA repository interfaces.","exception":""}
{"timestamp":"2026-06-10 19:13:23.998","level":"INFO","thread":"main","correlationId":"","logger":"o.s.o.j.p.SpringPersistenceUnitInfo","message":"No LoadTimeWeaver setup: ignoring JPA class transformer","exception":""}
{"timestamp":"2026-06-10 19:13:23.999","level":"INFO","thread":"main","correlationId":"","logger":"com.zaxxer.hikari.HikariDataSource","message":"HikariPool-4 - Starting...","exception":""}
{"timestamp":"2026-06-10 19:13:24.000","level":"INFO","thread":"main","correlationId":"","logger":"com.zaxxer.hikari.pool.HikariPool","message":"HikariPool-4 - Added connection conn30: url=jdbc:h2:mem:deliverydb user=SA","exception":""}
{"timestamp":"2026-06-10 19:13:24.001","level":"INFO","thread":"main","correlationId":"","logger":"com.zaxxer.hikari.HikariDataSource","message":"HikariPool-4 - Start completed.","exception":""}
{"timestamp":"2026-06-10 19:13:24.001","level":"WARN","thread":"main","correlationId":"","logger":"org.hibernate.orm.deprecation","message":"HHH90000025: H2Dialect does not need to be specified explicitly using 'hibernate.dialect' (remove the property setting and it will be selected by default)","exception":""}
{"timestamp":"2026-06-10 19:13:24.048","level":"INFO","thread":"main","correlationId":"","logger":"o.s.o.j.LocalContainerEntityManagerFactoryBean","message":"Initialized JPA EntityManagerFactory for persistence unit 'default'","exception":""}
{"timestamp":"2026-06-10 19:13:24.070","level":"INFO","thread":"main","correlationId":"","logger":"o.s.s.c.a.a.c.InitializeAuthenticationProviderBeanManagerConfigurer$InitializeAuthenticationProviderManagerConfigurer","message":"Global AuthenticationManager configured with AuthenticationProvider bean with name authenticationProvider","exception":""}
{"timestamp":"2026-06-10 19:13:24.070","level":"WARN","thread":"main","correlationId":"","logger":"o.s.s.c.a.a.c.InitializeUserDetailsBeanManagerConfigurer$InitializeUserDetailsManagerConfigurer","message":"Global AuthenticationManager configured with an AuthenticationProvider bean. UserDetailsService beans will not be used by Spring Security for automatically configuring username/password login. Consider removing the AuthenticationProvider bean. Alternatively, consider using the UserDetailsService in a manually instantiated DaoAuthenticationProvider. If the current configuration is intentional, to turn off this warning, increase the logging level of 'org.springframework.security.config.annotation.authentication.configuration.InitializeUserDetailsBeanManagerConfigurer' to ERROR","exception":""}
{"timestamp":"2026-06-10 19:13:24.174","level":"DEBUG","thread":"main","correlationId":"","logger":"o.s.w.s.m.m.a.RequestMappingHandlerMapping","message":"42 mappings in 'requestMappingHandlerMapping'","exception":""}
{"timestamp":"2026-06-10 19:13:24.196","level":"DEBUG","thread":"main","correlationId":"","logger":"o.s.w.s.h.SimpleUrlHandlerMapping","message":"Patterns [/webjars/**, /**, /swagger-ui*/*swagger-initializer.js, /swagger-ui*/**] in 'resourceHandlerMapping'","exception":""}
{"timestamp":"2026-06-10 19:13:24.232","level":"INFO","thread":"main","correlationId":"","logger":"o.s.b.a.e.web.EndpointLinksResolver","message":"Exposing 13 endpoints beneath base path '/actuator'","exception":""}
{"timestamp":"2026-06-10 19:13:24.261","level":"DEBUG","thread":"main","correlationId":"","logger":"o.s.s.web.DefaultSecurityFilterChain","message":"Will secure any request with filters: DisableEncodeUrlFilter, WebAsyncManagerIntegrationFilter, SecurityContextHolderFilter, HeaderWriterFilter, CorsFilter, LogoutFilter, JwtAuthenticationFilter, RequestCacheAwareFilter, SecurityContextHolderAwareRequestFilter, AnonymousAuthenticationFilter, SessionManagementFilter, ExceptionTranslationFilter, AuthorizationFilter","exception":""}
{"timestamp":"2026-06-10 19:13:24.284","level":"DEBUG","thread":"main","correlationId":"","logger":"o.s.w.s.m.m.a.RequestMappingHandlerAdapter","message":"ControllerAdvice beans: 0 @ModelAttribute, 0 @InitBinder, 1 RequestBodyAdvice, 1 ResponseBodyAdvice","exception":""}
{"timestamp":"2026-06-10 19:13:24.289","level":"DEBUG","thread":"main","correlationId":"","logger":"o.s.w.s.m.m.a.ExceptionHandlerExceptionResolver","message":"ControllerAdvice beans: 2 @ExceptionHandler, 1 ResponseBodyAdvice","exception":""}
{"timestamp":"2026-06-10 19:13:24.342","level":"INFO","thread":"main","correlationId":"","logger":"o.s.b.a.h.H2ConsoleAutoConfiguration","message":"H2 console available at '/h2-console'. Database available at 'jdbc:h2:mem:deliverydb'","exception":""}
{"timestamp":"2026-06-10 19:13:24.361","level":"DEBUG","thread":"main","correlationId":"","logger":"o.s.w.f.ServerHttpObservationFilter","message":"Filter 'webMvcObservationFilter' configured for use","exception":""}
{"timestamp":"2026-06-10 19:13:24.361","level":"INFO","thread":"main","correlationId":"","logger":"o.s.b.t.m.w.SpringBootMockServletContext","message":"Initializing Spring TestDispatcherServlet ''","exception":""}
{"timestamp":"2026-06-10 19:13:24.361","level":"INFO","thread":"main","correlationId":"","logger":"o.s.t.w.s.TestDispatcherServlet","message":"Initializing Servlet ''","exception":""}
{"timestamp":"2026-06-10 19:13:24.361","level":"INFO","thread":"main","correlationId":"","logger":"o.s.t.w.s.TestDispatcherServlet","message":"Completed initialization in 0 ms","exception":""}
{"timestamp":"2026-06-10 19:13:24.372","level":"INFO","thread":"main","correlationId":"","logger":"c.d.d.c.ClienteControllerTest","message":"Started ClienteControllerTest in 0.684 seconds (process running for 26.103)","exception":""}
{"timestamp":"2026-06-10 19:13:38.221","level":"DEBUG","thread":"main","correlationId":"","logger":"o.s.security.web.FilterChainProxy","message":"Securing GET /api/clientes/email/naoexiste@email.com","exception":""}
{"timestamp":"2026-06-10 19:13:38.221","level":"WARN","thread":"main","correlationId":"","logger":"c.d.d.s.JwtAuthenticationFilter","message":"JWT Token não começa com Bearer String","exception":""}
{"timestamp":"2026-06-10 19:13:38.222","level":"DEBUG","thread":"main","correlationId":"","logger":"o.s.security.web.FilterChainProxy","message":"Secured GET /api/clientes/email/naoexiste@email.com","exception":""}
{"timestamp":"2026-06-10 19:13:38.224","level":"DEBUG","thread":"main","correlationId":"da4a0422044e4091","logger":"o.s.w.s.m.m.a.RequestMappingHandlerMapping","message":"Mapped to com.deliverytech.delivery_api.controller.ClienteController#buscarPorEmail(String)","exception":""}
{"timestamp":"2026-06-10 19:13:41.764","level":"DEBUG","thread":"main","correlationId":"da4a0422044e4091","logger":"o.s.w.s.m.m.a.ExceptionHandlerExceptionResolver","message":"Using @ExceptionHandler com.deliverytech.delivery_api.exception.GlobalExceptionHandler#handleEntityNotFound(EntityNotFoundException, HttpServletRequest)","exception":""}
{"timestamp":"2026-06-10 19:13:41.770","level":"DEBUG","thread":"main","correlationId":"da4a0422044e4091","logger":"o.s.w.s.m.m.a.HttpEntityMethodProcessor","message":"Using 'application/json', given [*/*] and supported [application/json, application/*+json, application/yaml]","exception":""}
{"timestamp":"2026-06-10 19:13:41.771","level":"DEBUG","thread":"main","correlationId":"da4a0422044e4091","logger":"o.s.w.s.m.m.a.HttpEntityMethodProcessor","message":"Writing [com.deliverytech.delivery_api.dto.ErrorResponse@175a3b98]","exception":""}
{"timestamp":"2026-06-10 19:13:42.668","level":"DEBUG","thread":"main","correlationId":"da4a0422044e4091","logger":"o.s.w.s.m.m.a.ExceptionHandlerExceptionResolver","message":"Resolved [com.deliverytech.delivery_api.exception.EntityNotFoundException: Cliente não encontrado com email: naoexiste@email.com]","exception":""}
{"timestamp":"2026-06-10 19:13:42.674","level":"DEBUG","thread":"main","correlationId":"","logger":"o.s.w.c.s.GenericWebApplicationContext","message":"Closing org.springframework.web.context.support.GenericWebApplicationContext@7cf560ae, started on Wed Jun 10 19:13:23 BRT 2026","exception":""}
{"timestamp":"2026-06-10 19:13:42.676","level":"INFO","thread":"main","correlationId":"","logger":"o.s.o.j.LocalContainerEntityManagerFactoryBean","message":"Closing JPA EntityManagerFactory for persistence unit 'default'","exception":""}
{"timestamp":"2026-06-10 19:13:42.678","level":"INFO","thread":"main","correlationId":"","logger":"com.zaxxer.hikari.HikariDataSource","message":"HikariPool-4 - Shutdown initiated...","exception":""}
{"timestamp":"2026-06-10 19:13:42.679","level":"INFO","thread":"main","correlationId":"","logger":"com.zaxxer.hikari.HikariDataSource","message":"HikariPool-4 - Shutdown completed.","exception":""}
{"timestamp":"2026-06-10 19:13:42.680","level":"INFO","thread":"main","correlationId":"","logger":"o.s.b.d.r.RestartApplicationListener","message":"Restart disabled due to context in which it is running","exception":""}
{"timestamp":"2026-06-10 19:13:42.753","level":"INFO","thread":"main","correlationId":"","logger":"c.d.d.c.ClienteControllerTest","message":"Starting ClienteControllerTest using Java 21.0.11 with PID 25592 (started by Santana in C:\Pasta Códiguinhos\arquitetura de sistemas fat\delivery-api\delivery-api)","exception":""}
{"timestamp":"2026-06-10 19:13:42.753","level":"INFO","thread":"main","correlationId":"","logger":"c.d.d.c.ClienteControllerTest","message":"The following 1 profile is active: "test"","exception":""}
{"timestamp":"2026-06-10 19:13:42.754","level":"DEBUG","thread":"main","correlationId":"","logger":"o.s.w.c.s.GenericWebApplicationContext","message":"Refreshing org.springframework.web.context.support.GenericWebApplicationContext@794ce954","exception":""}
{"timestamp":"2026-06-10 19:13:42.946","level":"INFO","thread":"main","correlationId":"","logger":"o.s.d.r.c.RepositoryConfigurationDelegate","message":"Bootstrapping Spring Data JPA repositories in DEFAULT mode.","exception":""}
{"timestamp":"2026-06-10 19:13:42.970","level":"INFO","thread":"main","correlationId":"","logger":"o.s.d.r.c.RepositoryConfigurationDelegate","message":"Finished Spring Data repository scanning in 23 ms. Found 5 JPA repository interfaces.","exception":""}
{"timestamp":"2026-06-10 19:13:43.053","level":"INFO","thread":"main","correlationId":"","logger":"o.s.o.j.p.SpringPersistenceUnitInfo","message":"No LoadTimeWeaver setup: ignoring JPA class transformer","exception":""}
{"timestamp":"2026-06-10 19:13:43.055","level":"INFO","thread":"main","correlationId":"","logger":"com.zaxxer.hikari.HikariDataSource","message":"HikariPool-5 - Starting...","exception":""}
{"timestamp":"2026-06-10 19:13:43.056","level":"INFO","thread":"main","correlationId":"","logger":"com.zaxxer.hikari.pool.HikariPool","message":"HikariPool-5 - Added connection conn40: url=jdbc:h2:mem:deliverydb user=SA","exception":""}
{"timestamp":"2026-06-10 19:13:43.057","level":"INFO","thread":"main","correlationId":"","logger":"com.zaxxer.hikari.HikariDataSource","message":"HikariPool-5 - Start completed.","exception":""}
{"timestamp":"2026-06-10 19:13:43.057","level":"WARN","thread":"main","correlationId":"","logger":"org.hibernate.orm.deprecation","message":"HHH90000025: H2Dialect does not need to be specified explicitly using 'hibernate.dialect' (remove the property setting and it will be selected by default)","exception":""}
{"timestamp":"2026-06-10 19:13:43.111","level":"INFO","thread":"main","correlationId":"","logger":"o.s.o.j.LocalContainerEntityManagerFactoryBean","message":"Initialized JPA EntityManagerFactory for persistence unit 'default'","exception":""}
{"timestamp":"2026-06-10 19:13:43.144","level":"INFO","thread":"main","correlationId":"","logger":"o.s.s.c.a.a.c.InitializeAuthenticationProviderBeanManagerConfigurer$InitializeAuthenticationProviderManagerConfigurer","message":"Global AuthenticationManager configured with AuthenticationProvider bean with name authenticationProvider","exception":""}
{"timestamp":"2026-06-10 19:13:43.144","level":"WARN","thread":"main","correlationId":"","logger":"o.s.s.c.a.a.c.InitializeUserDetailsBeanManagerConfigurer$InitializeUserDetailsManagerConfigurer","message":"Global AuthenticationManager configured with an AuthenticationProvider bean. UserDetailsService beans will not be used by Spring Security for automatically configuring username/password login. Consider removing the AuthenticationProvider bean. Alternatively, consider using the UserDetailsService in a manually instantiated DaoAuthenticationProvider. If the current configuration is intentional, to turn off this warning, increase the logging level of 'org.springframework.security.config.annotation.authentication.configuration.InitializeUserDetailsBeanManagerConfigurer' to ERROR","exception":""}
{"timestamp":"2026-06-10 19:13:43.250","level":"DEBUG","thread":"main","correlationId":"","logger":"o.s.w.s.m.m.a.RequestMappingHandlerMapping","message":"42 mappings in 'requestMappingHandlerMapping'","exception":""}
{"timestamp":"2026-06-10 19:13:43.271","level":"DEBUG","thread":"main","correlationId":"","logger":"o.s.w.s.h.SimpleUrlHandlerMapping","message":"Patterns [/webjars/**, /**, /swagger-ui*/*swagger-initializer.js, /swagger-ui*/**] in 'resourceHandlerMapping'","exception":""}
{"timestamp":"2026-06-10 19:13:43.307","level":"INFO","thread":"main","correlationId":"","logger":"o.s.b.a.e.web.EndpointLinksResolver","message":"Exposing 13 endpoints beneath base path '/actuator'","exception":""}
{"timestamp":"2026-06-10 19:13:43.338","level":"DEBUG","thread":"main","correlationId":"","logger":"o.s.s.web.DefaultSecurityFilterChain","message":"Will secure any request with filters: DisableEncodeUrlFilter, WebAsyncManagerIntegrationFilter, SecurityContextHolderFilter, HeaderWriterFilter, CorsFilter, LogoutFilter, JwtAuthenticationFilter, RequestCacheAwareFilter, SecurityContextHolderAwareRequestFilter, AnonymousAuthenticationFilter, SessionManagementFilter, ExceptionTranslationFilter, AuthorizationFilter","exception":""}
{"timestamp":"2026-06-10 19:13:43.364","level":"DEBUG","thread":"main","correlationId":"","logger":"o.s.w.s.m.m.a.RequestMappingHandlerAdapter","message":"ControllerAdvice beans: 0 @ModelAttribute, 0 @InitBinder, 1 RequestBodyAdvice, 1 ResponseBodyAdvice","exception":""}
{"timestamp":"2026-06-10 19:13:43.369","level":"DEBUG","thread":"main","correlationId":"","logger":"o.s.w.s.m.m.a.ExceptionHandlerExceptionResolver","message":"ControllerAdvice beans: 2 @ExceptionHandler, 1 ResponseBodyAdvice","exception":""}
{"timestamp":"2026-06-10 19:13:43.401","level":"INFO","thread":"main","correlationId":"","logger":"o.s.b.a.h.H2ConsoleAutoConfiguration","message":"H2 console available at '/h2-console'. Database available at 'jdbc:h2:mem:deliverydb'","exception":""}
{"timestamp":"2026-06-10 19:13:43.413","level":"DEBUG","thread":"main","correlationId":"","logger":"o.s.w.f.ServerHttpObservationFilter","message":"Filter 'webMvcObservationFilter' configured for use","exception":""}
{"timestamp":"2026-06-10 19:13:43.421","level":"INFO","thread":"main","correlationId":"","logger":"o.s.b.t.m.w.SpringBootMockServletContext","message":"Initializing Spring TestDispatcherServlet ''","exception":""}
{"timestamp":"2026-06-10 19:13:43.421","level":"INFO","thread":"main","correlationId":"","logger":"o.s.t.w.s.TestDispatcherServlet","message":"Initializing Servlet ''","exception":""}
{"timestamp":"2026-06-10 19:13:43.422","level":"INFO","thread":"main","correlationId":"","logger":"o.s.t.w.s.TestDispatcherServlet","message":"Completed initialization in 1 ms","exception":""}
{"timestamp":"2026-06-10 19:13:43.431","level":"INFO","thread":"main","correlationId":"","logger":"c.d.d.c.ClienteControllerTest","message":"Started ClienteControllerTest in 0.751 seconds (process running for 45.161)","exception":""}
{"timestamp":"2026-06-10 19:13:43.439","level":"DEBUG","thread":"main","correlationId":"","logger":"o.s.security.web.FilterChainProxy","message":"Securing GET /api/clientes/4","exception":""}
{"timestamp":"2026-06-10 19:13:43.440","level":"WARN","thread":"main","correlationId":"","logger":"c.d.d.s.JwtAuthenticationFilter","message":"JWT Token não começa com Bearer String","exception":""}
{"timestamp":"2026-06-10 19:13:43.441","level":"DEBUG","thread":"main","correlationId":"","logger":"o.s.security.web.FilterChainProxy","message":"Secured GET /api/clientes/4","exception":""}
{"timestamp":"2026-06-10 19:13:43.441","level":"DEBUG","thread":"main","correlationId":"9fc64a8ce0ca4723","logger":"o.s.w.s.m.m.a.RequestMappingHandlerMapping","message":"Mapped to com.deliverytech.delivery_api.controller.ClienteController#buscarPorId(Long)","exception":""}
{"timestamp":"2026-06-10 19:13:43.446","level":"DEBUG","thread":"main","correlationId":"9fc64a8ce0ca4723","logger":"o.s.w.s.m.m.a.HttpEntityMethodProcessor","message":"Using 'application/json', given [*/*] and supported [application/json, application/*+json, application/yaml]","exception":""}
{"timestamp":"2026-06-10 19:13:43.446","level":"DEBUG","thread":"main","correlationId":"9fc64a8ce0ca4723","logger":"o.s.w.s.m.m.a.HttpEntityMethodProcessor","message":"Writing [com.deliverytech.delivery_api.dto.res.ClienteResDTO@6ed52345]","exception":""}
{"timestamp":"2026-06-10 19:13:43.451","level":"DEBUG","thread":"main","correlationId":"","logger":"o.s.w.c.s.GenericWebApplicationContext","message":"Closing org.springframework.web.context.support.GenericWebApplicationContext@794ce954, started on Wed Jun 10 19:13:42 BRT 2026","exception":""}
{"timestamp":"2026-06-10 19:13:43.453","level":"INFO","thread":"main","correlationId":"","logger":"o.s.o.j.LocalContainerEntityManagerFactoryBean","message":"Closing JPA EntityManagerFactory for persistence unit 'default'","exception":""}
{"timestamp":"2026-06-10 19:13:43.455","level":"INFO","thread":"main","correlationId":"","logger":"com.zaxxer.hikari.HikariDataSource","message":"HikariPool-5 - Shutdown initiated...","exception":""}
{"timestamp":"2026-06-10 19:13:43.455","level":"INFO","thread":"main","correlationId":"","logger":"com.zaxxer.hikari.HikariDataSource","message":"HikariPool-5 - Shutdown completed.","exception":""}
{"timestamp":"2026-06-10 19:13:43.457","level":"INFO","thread":"main","correlationId":"","logger":"o.s.b.d.r.RestartApplicationListener","message":"Restart disabled due to context in which it is running","exception":""}
{"timestamp":"2026-06-10 19:13:43.477","level":"INFO","thread":"main","correlationId":"","logger":"c.d.d.c.ClienteControllerTest","message":"Starting ClienteControllerTest using Java 21.0.11 with PID 25592 (started by Santana in C:\Pasta Códiguinhos\arquitetura de sistemas fat\delivery-api\delivery-api)","exception":""}
{"timestamp":"2026-06-10 19:13:43.477","level":"INFO","thread":"main","correlationId":"","logger":"c.d.d.c.ClienteControllerTest","message":"The following 1 profile is active: "test"","exception":""}
{"timestamp":"2026-06-10 19:13:43.478","level":"DEBUG","thread":"main","correlationId":"","logger":"o.s.w.c.s.GenericWebApplicationContext","message":"Refreshing org.springframework.web.context.support.GenericWebApplicationContext@27f616b1","exception":""}
{"timestamp":"2026-06-10 19:13:43.698","level":"INFO","thread":"main","correlationId":"","logger":"o.s.d.r.c.RepositoryConfigurationDelegate","message":"Bootstrapping Spring Data JPA repositories in DEFAULT mode.","exception":""}
{"timestamp":"2026-06-10 19:13:43.716","level":"INFO","thread":"main","correlationId":"","logger":"o.s.d.r.c.RepositoryConfigurationDelegate","message":"Finished Spring Data repository scanning in 16 ms. Found 5 JPA repository interfaces.","exception":""}
{"timestamp":"2026-06-10 19:13:43.780","level":"INFO","thread":"main","correlationId":"","logger":"o.s.o.j.p.SpringPersistenceUnitInfo","message":"No LoadTimeWeaver setup: ignoring JPA class transformer","exception":""}
{"timestamp":"2026-06-10 19:13:43.781","level":"INFO","thread":"main","correlationId":"","logger":"com.zaxxer.hikari.HikariDataSource","message":"HikariPool-6 - Starting...","exception":""}
{"timestamp":"2026-06-10 19:13:43.782","level":"INFO","thread":"main","correlationId":"","logger":"com.zaxxer.hikari.pool.HikariPool","message":"HikariPool-6 - Added connection conn50: url=jdbc:h2:mem:deliverydb user=SA","exception":""}
{"timestamp":"2026-06-10 19:13:43.783","level":"INFO","thread":"main","correlationId":"","logger":"com.zaxxer.hikari.HikariDataSource","message":"HikariPool-6 - Start completed.","exception":""}
{"timestamp":"2026-06-10 19:13:43.784","level":"WARN","thread":"main","correlationId":"","logger":"org.hibernate.orm.deprecation","message":"HHH90000025: H2Dialect does not need to be specified explicitly using 'hibernate.dialect' (remove the property setting and it will be selected by default)","exception":""}
{"timestamp":"2026-06-10 19:13:43.862","level":"INFO","thread":"main","correlationId":"","logger":"o.s.o.j.LocalContainerEntityManagerFactoryBean","message":"Initialized JPA EntityManagerFactory for persistence unit 'default'","exception":""}
{"timestamp":"2026-06-10 19:13:43.905","level":"INFO","thread":"main","correlationId":"","logger":"o.s.s.c.a.a.c.InitializeAuthenticationProviderBeanManagerConfigurer$InitializeAuthenticationProviderManagerConfigurer","message":"Global AuthenticationManager configured with AuthenticationProvider bean with name authenticationProvider","exception":""}
{"timestamp":"2026-06-10 19:13:43.905","level":"WARN","thread":"main","correlationId":"","logger":"o.s.s.c.a.a.c.InitializeUserDetailsBeanManagerConfigurer$InitializeUserDetailsManagerConfigurer","message":"Global AuthenticationManager configured with an AuthenticationProvider bean. UserDetailsService beans will not be used by Spring Security for automatically configuring username/password login. Consider removing the AuthenticationProvider bean. Alternatively, consider using the UserDetailsService in a manually instantiated DaoAuthenticationProvider. If the current configuration is intentional, to turn off this warning, increase the logging level of 'org.springframework.security.config.annotation.authentication.configuration.InitializeUserDetailsBeanManagerConfigurer' to ERROR","exception":""}
{"timestamp":"2026-06-10 19:13:44.015","level":"DEBUG","thread":"main","correlationId":"","logger":"o.s.w.s.m.m.a.RequestMappingHandlerMapping","message":"42 mappings in 'requestMappingHandlerMapping'","exception":""}
{"timestamp":"2026-06-10 19:13:44.038","level":"DEBUG","thread":"main","correlationId":"","logger":"o.s.w.s.h.SimpleUrlHandlerMapping","message":"Patterns [/webjars/**, /**, /swagger-ui*/*swagger-initializer.js, /swagger-ui*/**] in 'resourceHandlerMapping'","exception":""}
{"timestamp":"2026-06-10 19:13:44.104","level":"INFO","thread":"main","correlationId":"","logger":"o.s.b.a.e.web.EndpointLinksResolver","message":"Exposing 13 endpoints beneath base path '/actuator'","exception":""}
{"timestamp":"2026-06-10 19:13:44.131","level":"DEBUG","thread":"main","correlationId":"","logger":"o.s.s.web.DefaultSecurityFilterChain","message":"Will secure any request with filters: DisableEncodeUrlFilter, WebAsyncManagerIntegrationFilter, SecurityContextHolderFilter, HeaderWriterFilter, CorsFilter, LogoutFilter, JwtAuthenticationFilter, RequestCacheAwareFilter, SecurityContextHolderAwareRequestFilter, AnonymousAuthenticationFilter, SessionManagementFilter, ExceptionTranslationFilter, AuthorizationFilter","exception":""}
{"timestamp":"2026-06-10 19:13:44.155","level":"DEBUG","thread":"main","correlationId":"","logger":"o.s.w.s.m.m.a.RequestMappingHandlerAdapter","message":"ControllerAdvice beans: 0 @ModelAttribute, 0 @InitBinder, 1 RequestBodyAdvice, 1 ResponseBodyAdvice","exception":""}
{"timestamp":"2026-06-10 19:13:44.159","level":"DEBUG","thread":"main","correlationId":"","logger":"o.s.w.s.m.m.a.ExceptionHandlerExceptionResolver","message":"ControllerAdvice beans: 2 @ExceptionHandler, 1 ResponseBodyAdvice","exception":""}
{"timestamp":"2026-06-10 19:13:44.191","level":"INFO","thread":"main","correlationId":"","logger":"o.s.b.a.h.H2ConsoleAutoConfiguration","message":"H2 console available at '/h2-console'. Database available at 'jdbc:h2:mem:deliverydb'","exception":""}
{"timestamp":"2026-06-10 19:13:44.206","level":"DEBUG","thread":"main","correlationId":"","logger":"o.s.w.f.ServerHttpObservationFilter","message":"Filter 'webMvcObservationFilter' configured for use","exception":""}
{"timestamp":"2026-06-10 19:13:44.206","level":"INFO","thread":"main","correlationId":"","logger":"o.s.b.t.m.w.SpringBootMockServletContext","message":"Initializing Spring TestDispatcherServlet ''","exception":""}
{"timestamp":"2026-06-10 19:13:44.207","level":"INFO","thread":"main","correlationId":"","logger":"o.s.t.w.s.TestDispatcherServlet","message":"Initializing Servlet ''","exception":""}
{"timestamp":"2026-06-10 19:13:44.207","level":"INFO","thread":"main","correlationId":"","logger":"o.s.t.w.s.TestDispatcherServlet","message":"Completed initialization in 0 ms","exception":""}
{"timestamp":"2026-06-10 19:13:44.217","level":"INFO","thread":"main","correlationId":"","logger":"c.d.d.c.ClienteControllerTest","message":"Started ClienteControllerTest in 0.76 seconds (process running for 45.946)","exception":""}
{"timestamp":"2026-06-10 19:13:44.226","level":"DEBUG","thread":"main","correlationId":"","logger":"o.s.security.web.FilterChainProxy","message":"Securing PUT /api/clientes/4","exception":""}
{"timestamp":"2026-06-10 19:13:44.227","level":"WARN","thread":"main","correlationId":"","logger":"c.d.d.s.JwtAuthenticationFilter","message":"JWT Token não começa com Bearer String","exception":""}
{"timestamp":"2026-06-10 19:13:44.228","level":"DEBUG","thread":"main","correlationId":"","logger":"o.s.security.web.FilterChainProxy","message":"Secured PUT /api/clientes/4","exception":""}
{"timestamp":"2026-06-10 19:13:44.228","level":"DEBUG","thread":"main","correlationId":"24217664b0114742","logger":"o.s.w.s.m.m.a.RequestMappingHandlerMapping","message":"Mapped to com.deliverytech.delivery_api.controller.ClienteController#atualizarCliente(Long, ClienteReqDTO)","exception":""}
{"timestamp":"2026-06-10 19:13:44.230","level":"DEBUG","thread":"main","correlationId":"24217664b0114742","logger":"o.s.w.s.m.m.a.RequestResponseBodyMethodProcessor","message":"Read "application/json;charset=UTF-8" to [com.deliverytech.delivery_api.dto.req.ClienteReqDTO@55c32dcb]","exception":""}
{"timestamp":"2026-06-10 19:13:44.237","level":"DEBUG","thread":"main","correlationId":"24217664b0114742","logger":"o.s.w.s.m.m.a.HttpEntityMethodProcessor","message":"Using 'application/json', given [*/*] and supported [application/json, application/*+json, application/yaml]","exception":""}
{"timestamp":"2026-06-10 19:13:44.237","level":"DEBUG","thread":"main","correlationId":"24217664b0114742","logger":"o.s.w.s.m.m.a.HttpEntityMethodProcessor","message":"Writing [com.deliverytech.delivery_api.dto.res.ClienteResDTO@30fe9817]","exception":""}
{"timestamp":"2026-06-10 19:13:44.243","level":"DEBUG","thread":"main","correlationId":"","logger":"o.s.w.c.s.GenericWebApplicationContext","message":"Closing org.springframework.web.context.support.GenericWebApplicationContext@27f616b1, started on Wed Jun 10 19:13:43 BRT 2026","exception":""}
{"timestamp":"2026-06-10 19:13:44.245","level":"INFO","thread":"main","correlationId":"","logger":"o.s.o.j.LocalContainerEntityManagerFactoryBean","message":"Closing JPA EntityManagerFactory for persistence unit 'default'","exception":""}
{"timestamp":"2026-06-10 19:13:44.246","level":"INFO","thread":"main","correlationId":"","logger":"com.zaxxer.hikari.HikariDataSource","message":"HikariPool-6 - Shutdown initiated...","exception":""}
{"timestamp":"2026-06-10 19:13:44.247","level":"INFO","thread":"main","correlationId":"","logger":"com.zaxxer.hikari.HikariDataSource","message":"HikariPool-6 - Shutdown completed.","exception":""}
{"timestamp":"2026-06-10 19:13:44.249","level":"INFO","thread":"main","correlationId":"","logger":"o.s.b.d.r.RestartApplicationListener","message":"Restart disabled due to context in which it is running","exception":""}
{"timestamp":"2026-06-10 19:13:44.270","level":"INFO","thread":"main","correlationId":"","logger":"c.d.d.c.ClienteControllerTest","message":"Starting ClienteControllerTest using Java 21.0.11 with PID 25592 (started by Santana in C:\Pasta Códiguinhos\arquitetura de sistemas fat\delivery-api\delivery-api)","exception":""}
{"timestamp":"2026-06-10 19:13:44.270","level":"INFO","thread":"main","correlationId":"","logger":"c.d.d.c.ClienteControllerTest","message":"The following 1 profile is active: "test"","exception":""}
{"timestamp":"2026-06-10 19:13:44.271","level":"DEBUG","thread":"main","correlationId":"","logger":"o.s.w.c.s.GenericWebApplicationContext","message":"Refreshing org.springframework.web.context.support.GenericWebApplicationContext@1746638d","exception":""}
{"timestamp":"2026-06-10 19:13:44.457","level":"INFO","thread":"main","correlationId":"","logger":"o.s.d.r.c.RepositoryConfigurationDelegate","message":"Bootstrapping Spring Data JPA repositories in DEFAULT mode.","exception":""}
{"timestamp":"2026-06-10 19:13:44.478","level":"INFO","thread":"main","correlationId":"","logger":"o.s.d.r.c.RepositoryConfigurationDelegate","message":"Finished Spring Data repository scanning in 20 ms. Found 5 JPA repository interfaces.","exception":""}
{"timestamp":"2026-06-10 19:13:44.525","level":"INFO","thread":"main","correlationId":"","logger":"o.s.o.j.p.SpringPersistenceUnitInfo","message":"No LoadTimeWeaver setup: ignoring JPA class transformer","exception":""}
{"timestamp":"2026-06-10 19:13:44.525","level":"INFO","thread":"main","correlationId":"","logger":"com.zaxxer.hikari.HikariDataSource","message":"HikariPool-7 - Starting...","exception":""}
{"timestamp":"2026-06-10 19:13:44.527","level":"INFO","thread":"main","correlationId":"","logger":"com.zaxxer.hikari.pool.HikariPool","message":"HikariPool-7 - Added connection conn60: url=jdbc:h2:mem:deliverydb user=SA","exception":""}
{"timestamp":"2026-06-10 19:13:44.527","level":"INFO","thread":"main","correlationId":"","logger":"com.zaxxer.hikari.HikariDataSource","message":"HikariPool-7 - Start completed.","exception":""}
{"timestamp":"2026-06-10 19:13:44.527","level":"WARN","thread":"main","correlationId":"","logger":"org.hibernate.orm.deprecation","message":"HHH90000025: H2Dialect does not need to be specified explicitly using 'hibernate.dialect' (remove the property setting and it will be selected by default)","exception":""}
{"timestamp":"2026-06-10 19:13:44.571","level":"INFO","thread":"main","correlationId":"","logger":"o.s.o.j.LocalContainerEntityManagerFactoryBean","message":"Initialized JPA EntityManagerFactory for persistence unit 'default'","exception":""}
{"timestamp":"2026-06-10 19:13:44.594","level":"INFO","thread":"main","correlationId":"","logger":"o.s.s.c.a.a.c.InitializeAuthenticationProviderBeanManagerConfigurer$InitializeAuthenticationProviderManagerConfigurer","message":"Global AuthenticationManager configured with AuthenticationProvider bean with name authenticationProvider","exception":""}
{"timestamp":"2026-06-10 19:13:44.594","level":"WARN","thread":"main","correlationId":"","logger":"o.s.s.c.a.a.c.InitializeUserDetailsBeanManagerConfigurer$InitializeUserDetailsManagerConfigurer","message":"Global AuthenticationManager configured with an AuthenticationProvider bean. UserDetailsService beans will not be used by Spring Security for automatically configuring username/password login. Consider removing the AuthenticationProvider bean. Alternatively, consider using the UserDetailsService in a manually instantiated DaoAuthenticationProvider. If the current configuration is intentional, to turn off this warning, increase the logging level of 'org.springframework.security.config.annotation.authentication.configuration.InitializeUserDetailsBeanManagerConfigurer' to ERROR","exception":""}
{"timestamp":"2026-06-10 19:13:44.693","level":"DEBUG","thread":"main","correlationId":"","logger":"o.s.w.s.m.m.a.RequestMappingHandlerMapping","message":"42 mappings in 'requestMappingHandlerMapping'","exception":""}
{"timestamp":"2026-06-10 19:13:44.714","level":"DEBUG","thread":"main","correlationId":"","logger":"o.s.w.s.h.SimpleUrlHandlerMapping","message":"Patterns [/webjars/**, /**, /swagger-ui*/*swagger-initializer.js, /swagger-ui*/**] in 'resourceHandlerMapping'","exception":""}
{"timestamp":"2026-06-10 19:13:44.753","level":"INFO","thread":"main","correlationId":"","logger":"o.s.b.a.e.web.EndpointLinksResolver","message":"Exposing 13 endpoints beneath base path '/actuator'","exception":""}
{"timestamp":"2026-06-10 19:13:44.782","level":"DEBUG","thread":"main","correlationId":"","logger":"o.s.s.web.DefaultSecurityFilterChain","message":"Will secure any request with filters: DisableEncodeUrlFilter, WebAsyncManagerIntegrationFilter, SecurityContextHolderFilter, HeaderWriterFilter, CorsFilter, LogoutFilter, JwtAuthenticationFilter, RequestCacheAwareFilter, SecurityContextHolderAwareRequestFilter, AnonymousAuthenticationFilter, SessionManagementFilter, ExceptionTranslationFilter, AuthorizationFilter","exception":""}
{"timestamp":"2026-06-10 19:13:44.805","level":"DEBUG","thread":"main","correlationId":"","logger":"o.s.w.s.m.m.a.RequestMappingHandlerAdapter","message":"ControllerAdvice beans: 0 @ModelAttribute, 0 @InitBinder, 1 RequestBodyAdvice, 1 ResponseBodyAdvice","exception":""}
{"timestamp":"2026-06-10 19:13:44.810","level":"DEBUG","thread":"main","correlationId":"","logger":"o.s.w.s.m.m.a.ExceptionHandlerExceptionResolver","message":"ControllerAdvice beans: 2 @ExceptionHandler, 1 ResponseBodyAdvice","exception":""}
{"timestamp":"2026-06-10 19:13:44.847","level":"INFO","thread":"main","correlationId":"","logger":"o.s.b.a.h.H2ConsoleAutoConfiguration","message":"H2 console available at '/h2-console'. Database available at 'jdbc:h2:mem:deliverydb'","exception":""}
{"timestamp":"2026-06-10 19:13:44.860","level":"DEBUG","thread":"main","correlationId":"","logger":"o.s.w.f.ServerHttpObservationFilter","message":"Filter 'webMvcObservationFilter' configured for use","exception":""}
{"timestamp":"2026-06-10 19:13:44.860","level":"INFO","thread":"main","correlationId":"","logger":"o.s.b.t.m.w.SpringBootMockServletContext","message":"Initializing Spring TestDispatcherServlet ''","exception":""}
{"timestamp":"2026-06-10 19:13:44.860","level":"INFO","thread":"main","correlationId":"","logger":"o.s.t.w.s.TestDispatcherServlet","message":"Initializing Servlet ''","exception":""}
{"timestamp":"2026-06-10 19:13:44.861","level":"INFO","thread":"main","correlationId":"","logger":"o.s.t.w.s.TestDispatcherServlet","message":"Completed initialization in 1 ms","exception":""}
{"timestamp":"2026-06-10 19:13:44.868","level":"INFO","thread":"main","correlationId":"","logger":"c.d.d.c.ClienteControllerTest","message":"Started ClienteControllerTest in 0.62 seconds (process running for 46.598)","exception":""}
{"timestamp":"2026-06-10 19:13:44.876","level":"DEBUG","thread":"main","correlationId":"","logger":"o.s.security.web.FilterChainProxy","message":"Securing PUT /api/clientes/999999","exception":""}
{"timestamp":"2026-06-10 19:13:44.877","level":"WARN","thread":"main","correlationId":"","logger":"c.d.d.s.JwtAuthenticationFilter","message":"JWT Token não começa com Bearer String","exception":""}
{"timestamp":"2026-06-10 19:13:44.878","level":"DEBUG","thread":"main","correlationId":"","logger":"o.s.security.web.FilterChainProxy","message":"Secured PUT /api/clientes/999999","exception":""}
{"timestamp":"2026-06-10 19:13:44.878","level":"DEBUG","thread":"main","correlationId":"2db35ebf69024572","logger":"o.s.w.s.m.m.a.RequestMappingHandlerMapping","message":"Mapped to com.deliverytech.delivery_api.controller.ClienteController#atualizarCliente(Long, ClienteReqDTO)","exception":""}
{"timestamp":"2026-06-10 19:13:44.880","level":"DEBUG","thread":"main","correlationId":"2db35ebf69024572","logger":"o.s.w.s.m.m.a.RequestResponseBodyMethodProcessor","message":"Read "application/json;charset=UTF-8" to [com.deliverytech.delivery_api.dto.req.ClienteReqDTO@498fe575]","exception":""}
{"timestamp":"2026-06-10 19:13:45.484","level":"DEBUG","thread":"main","correlationId":"2db35ebf69024572","logger":"o.s.w.s.m.m.a.ExceptionHandlerExceptionResolver","message":"Using @ExceptionHandler com.deliverytech.delivery_api.exception.GlobalExceptionHandler#handleEntityNotFound(EntityNotFoundException, HttpServletRequest)","exception":""}
{"timestamp":"2026-06-10 19:13:45.488","level":"DEBUG","thread":"main","correlationId":"2db35ebf69024572","logger":"o.s.w.s.m.m.a.HttpEntityMethodProcessor","message":"Using 'application/json', given [*/*] and supported [application/json, application/*+json, application/yaml]","exception":""}
{"timestamp":"2026-06-10 19:13:45.488","level":"DEBUG","thread":"main","correlationId":"2db35ebf69024572","logger":"o.s.w.s.m.m.a.HttpEntityMethodProcessor","message":"Writing [com.deliverytech.delivery_api.dto.ErrorResponse@30c4393b]","exception":""}
{"timestamp":"2026-06-10 19:13:45.488","level":"DEBUG","thread":"main","correlationId":"2db35ebf69024572","logger":"o.s.w.s.m.m.a.ExceptionHandlerExceptionResolver","message":"Resolved [com.deliverytech.delivery_api.exception.EntityNotFoundException: Cliente não encontrado com ID: 999999]","exception":""}
{"timestamp":"2026-06-10 19:13:45.493","level":"DEBUG","thread":"main","correlationId":"","logger":"o.s.w.c.s.GenericWebApplicationContext","message":"Closing org.springframework.web.context.support.GenericWebApplicationContext@1746638d, started on Wed Jun 10 19:13:44 BRT 2026","exception":""}
{"timestamp":"2026-06-10 19:13:45.495","level":"INFO","thread":"main","correlationId":"","logger":"o.s.o.j.LocalContainerEntityManagerFactoryBean","message":"Closing JPA EntityManagerFactory for persistence unit 'default'","exception":""}
{"timestamp":"2026-06-10 19:13:45.496","level":"INFO","thread":"main","correlationId":"","logger":"com.zaxxer.hikari.HikariDataSource","message":"HikariPool-7 - Shutdown initiated...","exception":""}
{"timestamp":"2026-06-10 19:13:45.496","level":"INFO","thread":"main","correlationId":"","logger":"com.zaxxer.hikari.HikariDataSource","message":"HikariPool-7 - Shutdown completed.","exception":""}
{"timestamp":"2026-06-10 19:13:45.498","level":"INFO","thread":"main","correlationId":"","logger":"o.s.b.d.r.RestartApplicationListener","message":"Restart disabled due to context in which it is running","exception":""}
{"timestamp":"2026-06-10 19:13:45.517","level":"INFO","thread":"main","correlationId":"","logger":"c.d.d.c.ClienteControllerTest","message":"Starting ClienteControllerTest using Java 21.0.11 with PID 25592 (started by Santana in C:\Pasta Códiguinhos\arquitetura de sistemas fat\delivery-api\delivery-api)","exception":""}
{"timestamp":"2026-06-10 19:13:45.517","level":"INFO","thread":"main","correlationId":"","logger":"c.d.d.c.ClienteControllerTest","message":"The following 1 profile is active: "test"","exception":""}
{"timestamp":"2026-06-10 19:13:45.518","level":"DEBUG","thread":"main","correlationId":"","logger":"o.s.w.c.s.GenericWebApplicationContext","message":"Refreshing org.springframework.web.context.support.GenericWebApplicationContext@459383d5","exception":""}
{"timestamp":"2026-06-10 19:13:45.694","level":"INFO","thread":"main","correlationId":"","logger":"o.s.d.r.c.RepositoryConfigurationDelegate","message":"Bootstrapping Spring Data JPA repositories in DEFAULT mode.","exception":""}
{"timestamp":"2026-06-10 19:13:45.710","level":"INFO","thread":"main","correlationId":"","logger":"o.s.d.r.c.RepositoryConfigurationDelegate","message":"Finished Spring Data repository scanning in 14 ms. Found 5 JPA repository interfaces.","exception":""}
{"timestamp":"2026-06-10 19:13:45.759","level":"INFO","thread":"main","correlationId":"","logger":"o.s.o.j.p.SpringPersistenceUnitInfo","message":"No LoadTimeWeaver setup: ignoring JPA class transformer","exception":""}
{"timestamp":"2026-06-10 19:13:45.759","level":"INFO","thread":"main","correlationId":"","logger":"com.zaxxer.hikari.HikariDataSource","message":"HikariPool-8 - Starting...","exception":""}
{"timestamp":"2026-06-10 19:13:45.761","level":"INFO","thread":"main","correlationId":"","logger":"com.zaxxer.hikari.pool.HikariPool","message":"HikariPool-8 - Added connection conn70: url=jdbc:h2:mem:deliverydb user=SA","exception":""}
{"timestamp":"2026-06-10 19:13:45.761","level":"INFO","thread":"main","correlationId":"","logger":"com.zaxxer.hikari.HikariDataSource","message":"HikariPool-8 - Start completed.","exception":""}
{"timestamp":"2026-06-10 19:13:45.761","level":"WARN","thread":"main","correlationId":"","logger":"org.hibernate.orm.deprecation","message":"HHH90000025: H2Dialect does not need to be specified explicitly using 'hibernate.dialect' (remove the property setting and it will be selected by default)","exception":""}
{"timestamp":"2026-06-10 19:13:45.801","level":"INFO","thread":"main","correlationId":"","logger":"o.s.o.j.LocalContainerEntityManagerFactoryBean","message":"Initialized JPA EntityManagerFactory for persistence unit 'default'","exception":""}
{"timestamp":"2026-06-10 19:13:45.821","level":"INFO","thread":"main","correlationId":"","logger":"o.s.s.c.a.a.c.InitializeAuthenticationProviderBeanManagerConfigurer$InitializeAuthenticationProviderManagerConfigurer","message":"Global AuthenticationManager configured with AuthenticationProvider bean with name authenticationProvider","exception":""}
{"timestamp":"2026-06-10 19:13:45.821","level":"WARN","thread":"main","correlationId":"","logger":"o.s.s.c.a.a.c.InitializeUserDetailsBeanManagerConfigurer$InitializeUserDetailsManagerConfigurer","message":"Global AuthenticationManager configured with an AuthenticationProvider bean. UserDetailsService beans will not be used by Spring Security for automatically configuring username/password login. Consider removing the AuthenticationProvider bean. Alternatively, consider using the UserDetailsService in a manually instantiated DaoAuthenticationProvider. If the current configuration is intentional, to turn off this warning, increase the logging level of 'org.springframework.security.config.annotation.authentication.configuration.InitializeUserDetailsBeanManagerConfigurer' to ERROR","exception":""}
{"timestamp":"2026-06-10 19:13:45.910","level":"DEBUG","thread":"main","correlationId":"","logger":"o.s.w.s.m.m.a.RequestMappingHandlerMapping","message":"42 mappings in 'requestMappingHandlerMapping'","exception":""}
{"timestamp":"2026-06-10 19:13:45.930","level":"DEBUG","thread":"main","correlationId":"","logger":"o.s.w.s.h.SimpleUrlHandlerMapping","message":"Patterns [/webjars/**, /**, /swagger-ui*/*swagger-initializer.js, /swagger-ui*/**] in 'resourceHandlerMapping'","exception":""}
{"timestamp":"2026-06-10 19:13:45.970","level":"INFO","thread":"main","correlationId":"","logger":"o.s.b.a.e.web.EndpointLinksResolver","message":"Exposing 13 endpoints beneath base path '/actuator'","exception":""}
{"timestamp":"2026-06-10 19:13:45.996","level":"DEBUG","thread":"main","correlationId":"","logger":"o.s.s.web.DefaultSecurityFilterChain","message":"Will secure any request with filters: DisableEncodeUrlFilter, WebAsyncManagerIntegrationFilter, SecurityContextHolderFilter, HeaderWriterFilter, CorsFilter, LogoutFilter, JwtAuthenticationFilter, RequestCacheAwareFilter, SecurityContextHolderAwareRequestFilter, AnonymousAuthenticationFilter, SessionManagementFilter, ExceptionTranslationFilter, AuthorizationFilter","exception":""}
{"timestamp":"2026-06-10 19:13:46.017","level":"DEBUG","thread":"main","correlationId":"","logger":"o.s.w.s.m.m.a.RequestMappingHandlerAdapter","message":"ControllerAdvice beans: 0 @ModelAttribute, 0 @InitBinder, 1 RequestBodyAdvice, 1 ResponseBodyAdvice","exception":""}
{"timestamp":"2026-06-10 19:13:46.020","level":"DEBUG","thread":"main","correlationId":"","logger":"o.s.w.s.m.m.a.ExceptionHandlerExceptionResolver","message":"ControllerAdvice beans: 2 @ExceptionHandler, 1 ResponseBodyAdvice","exception":""}
{"timestamp":"2026-06-10 19:13:46.049","level":"INFO","thread":"main","correlationId":"","logger":"o.s.b.a.h.H2ConsoleAutoConfiguration","message":"H2 console available at '/h2-console'. Database available at 'jdbc:h2:mem:deliverydb'","exception":""}
{"timestamp":"2026-06-10 19:13:46.061","level":"DEBUG","thread":"main","correlationId":"","logger":"o.s.w.f.ServerHttpObservationFilter","message":"Filter 'webMvcObservationFilter' configured for use","exception":""}
{"timestamp":"2026-06-10 19:13:46.062","level":"INFO","thread":"main","correlationId":"","logger":"o.s.b.t.m.w.SpringBootMockServletContext","message":"Initializing Spring TestDispatcherServlet ''","exception":""}
{"timestamp":"2026-06-10 19:13:46.062","level":"INFO","thread":"main","correlationId":"","logger":"o.s.t.w.s.TestDispatcherServlet","message":"Initializing Servlet ''","exception":""}
{"timestamp":"2026-06-10 19:13:46.062","level":"INFO","thread":"main","correlationId":"","logger":"o.s.t.w.s.TestDispatcherServlet","message":"Completed initialization in 0 ms","exception":""}
{"timestamp":"2026-06-10 19:13:46.071","level":"INFO","thread":"main","correlationId":"","logger":"c.d.d.c.ClienteControllerTest","message":"Started ClienteControllerTest in 0.573 seconds (process running for 47.801)","exception":""}
{"timestamp":"2026-06-10 19:13:46.079","level":"DEBUG","thread":"main","correlationId":"","logger":"o.s.security.web.FilterChainProxy","message":"Securing GET /api/clientes/email/joao.teste@email.com","exception":""}
{"timestamp":"2026-06-10 19:13:46.079","level":"WARN","thread":"main","correlationId":"","logger":"c.d.d.s.JwtAuthenticationFilter","message":"JWT Token não começa com Bearer String","exception":""}
{"timestamp":"2026-06-10 19:13:46.080","level":"DEBUG","thread":"main","correlationId":"","logger":"o.s.security.web.FilterChainProxy","message":"Secured GET /api/clientes/email/joao.teste@email.com","exception":""}
{"timestamp":"2026-06-10 19:13:46.081","level":"DEBUG","thread":"main","correlationId":"98097ff362ef484d","logger":"o.s.w.s.m.m.a.RequestMappingHandlerMapping","message":"Mapped to com.deliverytech.delivery_api.controller.ClienteController#buscarPorEmail(String)","exception":""}
{"timestamp":"2026-06-10 19:13:46.086","level":"DEBUG","thread":"main","correlationId":"98097ff362ef484d","logger":"o.s.w.s.m.m.a.HttpEntityMethodProcessor","message":"Using 'application/json', given [*/*] and supported [application/json, application/*+json, application/yaml]","exception":""}
{"timestamp":"2026-06-10 19:13:46.086","level":"DEBUG","thread":"main","correlationId":"98097ff362ef484d","logger":"o.s.w.s.m.m.a.HttpEntityMethodProcessor","message":"Writing [com.deliverytech.delivery_api.dto.res.ClienteResDTO@44b67069]","exception":""}
{"timestamp":"2026-06-10 19:13:46.091","level":"DEBUG","thread":"main","correlationId":"","logger":"o.s.w.c.s.GenericWebApplicationContext","message":"Closing org.springframework.web.context.support.GenericWebApplicationContext@459383d5, started on Wed Jun 10 19:13:45 BRT 2026","exception":""}
{"timestamp":"2026-06-10 19:13:46.092","level":"INFO","thread":"main","correlationId":"","logger":"o.s.o.j.LocalContainerEntityManagerFactoryBean","message":"Closing JPA EntityManagerFactory for persistence unit 'default'","exception":""}
{"timestamp":"2026-06-10 19:13:46.094","level":"INFO","thread":"main","correlationId":"","logger":"com.zaxxer.hikari.HikariDataSource","message":"HikariPool-8 - Shutdown initiated...","exception":""}
{"timestamp":"2026-06-10 19:13:46.118","level":"INFO","thread":"main","correlationId":"","logger":"com.zaxxer.hikari.HikariDataSource","message":"HikariPool-8 - Shutdown completed.","exception":""}
{"timestamp":"2026-06-10 19:13:46.120","level":"INFO","thread":"main","correlationId":"","logger":"o.s.b.d.r.RestartApplicationListener","message":"Restart disabled due to context in which it is running","exception":""}
{"timestamp":"2026-06-10 19:13:46.138","level":"INFO","thread":"main","correlationId":"","logger":"c.d.d.c.ClienteControllerTest","message":"Starting ClienteControllerTest using Java 21.0.11 with PID 25592 (started by Santana in C:\Pasta Códiguinhos\arquitetura de sistemas fat\delivery-api\delivery-api)","exception":""}
{"timestamp":"2026-06-10 19:13:46.139","level":"INFO","thread":"main","correlationId":"","logger":"c.d.d.c.ClienteControllerTest","message":"The following 1 profile is active: "test"","exception":""}
{"timestamp":"2026-06-10 19:13:46.139","level":"DEBUG","thread":"main","correlationId":"","logger":"o.s.w.c.s.GenericWebApplicationContext","message":"Refreshing org.springframework.web.context.support.GenericWebApplicationContext@6fc504c2","exception":""}
{"timestamp":"2026-06-10 19:13:46.325","level":"INFO","thread":"main","correlationId":"","logger":"o.s.d.r.c.RepositoryConfigurationDelegate","message":"Bootstrapping Spring Data JPA repositories in DEFAULT mode.","exception":""}
{"timestamp":"2026-06-10 19:13:46.341","level":"INFO","thread":"main","correlationId":"","logger":"o.s.d.r.c.RepositoryConfigurationDelegate","message":"Finished Spring Data repository scanning in 15 ms. Found 5 JPA repository interfaces.","exception":""}
{"timestamp":"2026-06-10 19:13:46.390","level":"INFO","thread":"main","correlationId":"","logger":"o.s.o.j.p.SpringPersistenceUnitInfo","message":"No LoadTimeWeaver setup: ignoring JPA class transformer","exception":""}
{"timestamp":"2026-06-10 19:13:46.390","level":"INFO","thread":"main","correlationId":"","logger":"com.zaxxer.hikari.HikariDataSource","message":"HikariPool-9 - Starting...","exception":""}
{"timestamp":"2026-06-10 19:13:46.391","level":"INFO","thread":"main","correlationId":"","logger":"com.zaxxer.hikari.pool.HikariPool","message":"HikariPool-9 - Added connection conn79: url=jdbc:h2:mem:deliverydb user=SA","exception":""}
{"timestamp":"2026-06-10 19:13:46.391","level":"INFO","thread":"main","correlationId":"","logger":"com.zaxxer.hikari.HikariDataSource","message":"HikariPool-9 - Start completed.","exception":""}
{"timestamp":"2026-06-10 19:13:46.391","level":"WARN","thread":"main","correlationId":"","logger":"org.hibernate.orm.deprecation","message":"HHH90000025: H2Dialect does not need to be specified explicitly using 'hibernate.dialect' (remove the property setting and it will be selected by default)","exception":""}
{"timestamp":"2026-06-10 19:13:46.431","level":"INFO","thread":"main","correlationId":"","logger":"o.s.o.j.LocalContainerEntityManagerFactoryBean","message":"Initialized JPA EntityManagerFactory for persistence unit 'default'","exception":""}
{"timestamp":"2026-06-10 19:13:46.451","level":"INFO","thread":"main","correlationId":"","logger":"o.s.s.c.a.a.c.InitializeAuthenticationProviderBeanManagerConfigurer$InitializeAuthenticationProviderManagerConfigurer","message":"Global AuthenticationManager configured with AuthenticationProvider bean with name authenticationProvider","exception":""}
{"timestamp":"2026-06-10 19:13:46.451","level":"WARN","thread":"main","correlationId":"","logger":"o.s.s.c.a.a.c.InitializeUserDetailsBeanManagerConfigurer$InitializeUserDetailsManagerConfigurer","message":"Global AuthenticationManager configured with an AuthenticationProvider bean. UserDetailsService beans will not be used by Spring Security for automatically configuring username/password login. Consider removing the AuthenticationProvider bean. Alternatively, consider using the UserDetailsService in a manually instantiated DaoAuthenticationProvider. If the current configuration is intentional, to turn off this warning, increase the logging level of 'org.springframework.security.config.annotation.authentication.configuration.InitializeUserDetailsBeanManagerConfigurer' to ERROR","exception":""}
{"timestamp":"2026-06-10 19:13:46.549","level":"DEBUG","thread":"main","correlationId":"","logger":"o.s.w.s.m.m.a.RequestMappingHandlerMapping","message":"42 mappings in 'requestMappingHandlerMapping'","exception":""}
{"timestamp":"2026-06-10 19:13:46.571","level":"DEBUG","thread":"main","correlationId":"","logger":"o.s.w.s.h.SimpleUrlHandlerMapping","message":"Patterns [/webjars/**, /**, /swagger-ui*/*swagger-initializer.js, /swagger-ui*/**] in 'resourceHandlerMapping'","exception":""}
{"timestamp":"2026-06-10 19:13:46.606","level":"INFO","thread":"main","correlationId":"","logger":"o.s.b.a.e.web.EndpointLinksResolver","message":"Exposing 13 endpoints beneath base path '/actuator'","exception":""}
{"timestamp":"2026-06-10 19:13:46.633","level":"DEBUG","thread":"main","correlationId":"","logger":"o.s.s.web.DefaultSecurityFilterChain","message":"Will secure any request with filters: DisableEncodeUrlFilter, WebAsyncManagerIntegrationFilter, SecurityContextHolderFilter, HeaderWriterFilter, CorsFilter, LogoutFilter, JwtAuthenticationFilter, RequestCacheAwareFilter, SecurityContextHolderAwareRequestFilter, AnonymousAuthenticationFilter, SessionManagementFilter, ExceptionTranslationFilter, AuthorizationFilter","exception":""}
{"timestamp":"2026-06-10 19:13:46.655","level":"DEBUG","thread":"main","correlationId":"","logger":"o.s.w.s.m.m.a.RequestMappingHandlerAdapter","message":"ControllerAdvice beans: 0 @ModelAttribute, 0 @InitBinder, 1 RequestBodyAdvice, 1 ResponseBodyAdvice","exception":""}
{"timestamp":"2026-06-10 19:13:46.660","level":"DEBUG","thread":"main","correlationId":"","logger":"o.s.w.s.m.m.a.ExceptionHandlerExceptionResolver","message":"ControllerAdvice beans: 2 @ExceptionHandler, 1 ResponseBodyAdvice","exception":""}
{"timestamp":"2026-06-10 19:13:46.691","level":"INFO","thread":"main","correlationId":"","logger":"o.s.b.a.h.H2ConsoleAutoConfiguration","message":"H2 console available at '/h2-console'. Database available at 'jdbc:h2:mem:deliverydb'","exception":""}
{"timestamp":"2026-06-10 19:13:46.702","level":"DEBUG","thread":"main","correlationId":"","logger":"o.s.w.f.ServerHttpObservationFilter","message":"Filter 'webMvcObservationFilter' configured for use","exception":""}
{"timestamp":"2026-06-10 19:13:46.702","level":"INFO","thread":"main","correlationId":"","logger":"o.s.b.t.m.w.SpringBootMockServletContext","message":"Initializing Spring TestDispatcherServlet ''","exception":""}
{"timestamp":"2026-06-10 19:13:46.702","level":"INFO","thread":"main","correlationId":"","logger":"o.s.t.w.s.TestDispatcherServlet","message":"Initializing Servlet ''","exception":""}
{"timestamp":"2026-06-10 19:13:46.702","level":"INFO","thread":"main","correlationId":"","logger":"o.s.t.w.s.TestDispatcherServlet","message":"Completed initialization in 0 ms","exception":""}
{"timestamp":"2026-06-10 19:13:46.711","level":"INFO","thread":"main","correlationId":"","logger":"c.d.d.c.ClienteControllerTest","message":"Started ClienteControllerTest in 0.592 seconds (process running for 48.441)","exception":""}
{"timestamp":"2026-06-10 19:13:46.719","level":"DEBUG","thread":"main","correlationId":"","logger":"o.s.security.web.FilterChainProxy","message":"Securing GET /api/clientes","exception":""}
{"timestamp":"2026-06-10 19:13:46.720","level":"WARN","thread":"main","correlationId":"","logger":"c.d.d.s.JwtAuthenticationFilter","message":"JWT Token não começa com Bearer String","exception":""}
{"timestamp":"2026-06-10 19:13:46.720","level":"DEBUG","thread":"main","correlationId":"","logger":"o.s.security.web.FilterChainProxy","message":"Secured GET /api/clientes","exception":""}
{"timestamp":"2026-06-10 19:13:46.721","level":"DEBUG","thread":"main","correlationId":"0254135bd40e48f1","logger":"o.s.w.s.m.m.a.RequestMappingHandlerMapping","message":"Mapped to com.deliverytech.delivery_api.controller.ClienteController#listarClientesAtivos()","exception":""}
{"timestamp":"2026-06-10 19:13:46.737","level":"DEBUG","thread":"main","correlationId":"0254135bd40e48f1","logger":"o.s.w.s.m.m.a.HttpEntityMethodProcessor","message":"Using 'application/json', given [*/*] and supported [application/json, application/*+json, application/yaml]","exception":""}
{"timestamp":"2026-06-10 19:13:46.737","level":"DEBUG","thread":"main","correlationId":"0254135bd40e48f1","logger":"o.s.w.s.m.m.a.HttpEntityMethodProcessor","message":"Writing [[com.deliverytech.delivery_api.dto.res.ClienteResDTO@4802c110, com.deliverytech.delivery_api.dto.res (truncated)...]","exception":""}
{"timestamp":"2026-06-10 19:13:48.170","level":"DEBUG","thread":"main","correlationId":"","logger":"o.s.w.c.s.GenericWebApplicationContext","message":"Closing org.springframework.web.context.support.GenericWebApplicationContext@6fc504c2, started on Wed Jun 10 19:13:46 BRT 2026","exception":""}
{"timestamp":"2026-06-10 19:13:48.171","level":"INFO","thread":"main","correlationId":"","logger":"o.s.o.j.LocalContainerEntityManagerFactoryBean","message":"Closing JPA EntityManagerFactory for persistence unit 'default'","exception":""}
{"timestamp":"2026-06-10 19:13:48.172","level":"INFO","thread":"main","correlationId":"","logger":"com.zaxxer.hikari.HikariDataSource","message":"HikariPool-9 - Shutdown initiated...","exception":""}
{"timestamp":"2026-06-10 19:13:48.173","level":"INFO","thread":"main","correlationId":"","logger":"com.zaxxer.hikari.HikariDataSource","message":"HikariPool-9 - Shutdown completed.","exception":""}
{"timestamp":"2026-06-10 19:13:48.176","level":"INFO","thread":"main","correlationId":"","logger":"o.s.b.d.r.RestartApplicationListener","message":"Restart disabled due to context in which it is running","exception":""}
{"timestamp":"2026-06-10 19:13:48.195","level":"INFO","thread":"main","correlationId":"","logger":"c.d.d.c.ClienteControllerTest","message":"Starting ClienteControllerTest using Java 21.0.11 with PID 25592 (started by Santana in C:\Pasta Códiguinhos\arquitetura de sistemas fat\delivery-api\delivery-api)","exception":""}
{"timestamp":"2026-06-10 19:13:48.195","level":"INFO","thread":"main","correlationId":"","logger":"c.d.d.c.ClienteControllerTest","message":"The following 1 profile is active: "test"","exception":""}
{"timestamp":"2026-06-10 19:13:48.196","level":"DEBUG","thread":"main","correlationId":"","logger":"o.s.w.c.s.GenericWebApplicationContext","message":"Refreshing org.springframework.web.context.support.GenericWebApplicationContext@78cd9c13","exception":""}
{"timestamp":"2026-06-10 19:13:49.181","level":"INFO","thread":"main","correlationId":"","logger":"o.s.d.r.c.RepositoryConfigurationDelegate","message":"Bootstrapping Spring Data JPA repositories in DEFAULT mode.","exception":""}
{"timestamp":"2026-06-10 19:13:49.212","level":"INFO","thread":"main","correlationId":"","logger":"o.s.d.r.c.RepositoryConfigurationDelegate","message":"Finished Spring Data repository scanning in 30 ms. Found 5 JPA repository interfaces.","exception":""}
{"timestamp":"2026-06-10 19:13:49.263","level":"INFO","thread":"main","correlationId":"","logger":"o.s.o.j.p.SpringPersistenceUnitInfo","message":"No LoadTimeWeaver setup: ignoring JPA class transformer","exception":""}
{"timestamp":"2026-06-10 19:13:49.263","level":"INFO","thread":"main","correlationId":"","logger":"com.zaxxer.hikari.HikariDataSource","message":"HikariPool-10 - Starting...","exception":""}
{"timestamp":"2026-06-10 19:13:49.266","level":"INFO","thread":"main","correlationId":"","logger":"com.zaxxer.hikari.pool.HikariPool","message":"HikariPool-10 - Added connection conn89: url=jdbc:h2:mem:deliverydb user=SA","exception":""}
{"timestamp":"2026-06-10 19:13:49.266","level":"INFO","thread":"main","correlationId":"","logger":"com.zaxxer.hikari.HikariDataSource","message":"HikariPool-10 - Start completed.","exception":""}
{"timestamp":"2026-06-10 19:13:49.267","level":"WARN","thread":"main","correlationId":"","logger":"org.hibernate.orm.deprecation","message":"HHH90000025: H2Dialect does not need to be specified explicitly using 'hibernate.dialect' (remove the property setting and it will be selected by default)","exception":""}
{"timestamp":"2026-06-10 19:13:49.478","level":"INFO","thread":"main","correlationId":"","logger":"o.s.o.j.LocalContainerEntityManagerFactoryBean","message":"Initialized JPA EntityManagerFactory for persistence unit 'default'","exception":""}
{"timestamp":"2026-06-10 19:13:49.498","level":"INFO","thread":"main","correlationId":"","logger":"o.s.s.c.a.a.c.InitializeAuthenticationProviderBeanManagerConfigurer$InitializeAuthenticationProviderManagerConfigurer","message":"Global AuthenticationManager configured with AuthenticationProvider bean with name authenticationProvider","exception":""}
{"timestamp":"2026-06-10 19:13:49.498","level":"WARN","thread":"main","correlationId":"","logger":"o.s.s.c.a.a.c.InitializeUserDetailsBeanManagerConfigurer$InitializeUserDetailsManagerConfigurer","message":"Global AuthenticationManager configured with an AuthenticationProvider bean. UserDetailsService beans will not be used by Spring Security for automatically configuring username/password login. Consider removing the AuthenticationProvider bean. Alternatively, consider using the UserDetailsService in a manually instantiated DaoAuthenticationProvider. If the current configuration is intentional, to turn off this warning, increase the logging level of 'org.springframework.security.config.annotation.authentication.configuration.InitializeUserDetailsBeanManagerConfigurer' to ERROR","exception":""}
{"timestamp":"2026-06-10 19:13:49.584","level":"DEBUG","thread":"main","correlationId":"","logger":"o.s.w.s.m.m.a.RequestMappingHandlerMapping","message":"42 mappings in 'requestMappingHandlerMapping'","exception":""}
{"timestamp":"2026-06-10 19:13:49.603","level":"DEBUG","thread":"main","correlationId":"","logger":"o.s.w.s.h.SimpleUrlHandlerMapping","message":"Patterns [/webjars/**, /**, /swagger-ui*/*swagger-initializer.js, /swagger-ui*/**] in 'resourceHandlerMapping'","exception":""}
{"timestamp":"2026-06-10 19:13:49.634","level":"INFO","thread":"main","correlationId":"","logger":"o.s.b.a.e.web.EndpointLinksResolver","message":"Exposing 13 endpoints beneath base path '/actuator'","exception":""}
{"timestamp":"2026-06-10 19:13:49.660","level":"DEBUG","thread":"main","correlationId":"","logger":"o.s.s.web.DefaultSecurityFilterChain","message":"Will secure any request with filters: DisableEncodeUrlFilter, WebAsyncManagerIntegrationFilter, SecurityContextHolderFilter, HeaderWriterFilter, CorsFilter, LogoutFilter, JwtAuthenticationFilter, RequestCacheAwareFilter, SecurityContextHolderAwareRequestFilter, AnonymousAuthenticationFilter, SessionManagementFilter, ExceptionTranslationFilter, AuthorizationFilter","exception":""}
{"timestamp":"2026-06-10 19:13:49.682","level":"DEBUG","thread":"main","correlationId":"","logger":"o.s.w.s.m.m.a.RequestMappingHandlerAdapter","message":"ControllerAdvice beans: 0 @ModelAttribute, 0 @InitBinder, 1 RequestBodyAdvice, 1 ResponseBodyAdvice","exception":""}
{"timestamp":"2026-06-10 19:13:49.686","level":"DEBUG","thread":"main","correlationId":"","logger":"o.s.w.s.m.m.a.ExceptionHandlerExceptionResolver","message":"ControllerAdvice beans: 2 @ExceptionHandler, 1 ResponseBodyAdvice","exception":""}
{"timestamp":"2026-06-10 19:13:49.713","level":"INFO","thread":"main","correlationId":"","logger":"o.s.b.a.h.H2ConsoleAutoConfiguration","message":"H2 console available at '/h2-console'. Database available at 'jdbc:h2:mem:deliverydb'","exception":""}
{"timestamp":"2026-06-10 19:13:49.724","level":"DEBUG","thread":"main","correlationId":"","logger":"o.s.w.f.ServerHttpObservationFilter","message":"Filter 'webMvcObservationFilter' configured for use","exception":""}
{"timestamp":"2026-06-10 19:13:49.724","level":"INFO","thread":"main","correlationId":"","logger":"o.s.b.t.m.w.SpringBootMockServletContext","message":"Initializing Spring TestDispatcherServlet ''","exception":""}
{"timestamp":"2026-06-10 19:13:49.724","level":"INFO","thread":"main","correlationId":"","logger":"o.s.t.w.s.TestDispatcherServlet","message":"Initializing Servlet ''","exception":""}
{"timestamp":"2026-06-10 19:13:49.725","level":"INFO","thread":"main","correlationId":"","logger":"o.s.t.w.s.TestDispatcherServlet","message":"Completed initialization in 1 ms","exception":""}
{"timestamp":"2026-06-10 19:13:49.734","level":"INFO","thread":"main","correlationId":"","logger":"c.d.d.c.ClienteControllerTest","message":"Started ClienteControllerTest in 1.559 seconds (process running for 51.463)","exception":""}
{"timestamp":"2026-06-10 19:13:49.740","level":"DEBUG","thread":"main","correlationId":"","logger":"o.s.security.web.FilterChainProxy","message":"Securing GET /api/clientes/999999","exception":""}
{"timestamp":"2026-06-10 19:13:49.740","level":"WARN","thread":"main","correlationId":"","logger":"c.d.d.s.JwtAuthenticationFilter","message":"JWT Token não começa com Bearer String","exception":""}
{"timestamp":"2026-06-10 19:13:49.741","level":"DEBUG","thread":"main","correlationId":"","logger":"o.s.security.web.FilterChainProxy","message":"Secured GET /api/clientes/999999","exception":""}
{"timestamp":"2026-06-10 19:13:49.742","level":"DEBUG","thread":"main","correlationId":"57ebef209a924999","logger":"o.s.w.s.m.m.a.RequestMappingHandlerMapping","message":"Mapped to com.deliverytech.delivery_api.controller.ClienteController#buscarPorId(Long)","exception":""}
{"timestamp":"2026-06-10 19:13:49.744","level":"DEBUG","thread":"main","correlationId":"57ebef209a924999","logger":"o.s.w.s.m.m.a.ExceptionHandlerExceptionResolver","message":"Using @ExceptionHandler com.deliverytech.delivery_api.exception.GlobalExceptionHandler#handleEntityNotFound(EntityNotFoundException, HttpServletRequest)","exception":""}
{"timestamp":"2026-06-10 19:13:49.747","level":"DEBUG","thread":"main","correlationId":"57ebef209a924999","logger":"o.s.w.s.m.m.a.HttpEntityMethodProcessor","message":"Using 'application/json', given [*/*] and supported [application/json, application/*+json, application/yaml]","exception":""}
{"timestamp":"2026-06-10 19:13:49.747","level":"DEBUG","thread":"main","correlationId":"57ebef209a924999","logger":"o.s.w.s.m.m.a.HttpEntityMethodProcessor","message":"Writing [com.deliverytech.delivery_api.dto.ErrorResponse@5acea471]","exception":""}
{"timestamp":"2026-06-10 19:13:49.748","level":"DEBUG","thread":"main","correlationId":"57ebef209a924999","logger":"o.s.w.s.m.m.a.ExceptionHandlerExceptionResolver","message":"Resolved [com.deliverytech.delivery_api.exception.EntityNotFoundException: Cliente não encontrado com ID: 999999]","exception":""}
{"timestamp":"2026-06-10 19:13:49.751","level":"DEBUG","thread":"main","correlationId":"","logger":"o.s.w.c.s.GenericWebApplicationContext","message":"Closing org.springframework.web.context.support.GenericWebApplicationContext@78cd9c13, started on Wed Jun 10 19:13:48 BRT 2026","exception":""}
{"timestamp":"2026-06-10 19:13:49.752","level":"INFO","thread":"main","correlationId":"","logger":"o.s.o.j.LocalContainerEntityManagerFactoryBean","message":"Closing JPA EntityManagerFactory for persistence unit 'default'","exception":""}
{"timestamp":"2026-06-10 19:13:49.754","level":"INFO","thread":"main","correlationId":"","logger":"com.zaxxer.hikari.HikariDataSource","message":"HikariPool-10 - Shutdown initiated...","exception":""}
{"timestamp":"2026-06-10 19:13:49.755","level":"INFO","thread":"main","correlationId":"","logger":"com.zaxxer.hikari.HikariDataSource","message":"HikariPool-10 - Shutdown completed.","exception":""}
{"timestamp":"2026-06-10 19:13:49.756","level":"INFO","thread":"main","correlationId":"","logger":"o.s.b.d.r.RestartApplicationListener","message":"Restart disabled due to context in which it is running","exception":""}
{"timestamp":"2026-06-10 19:13:49.774","level":"INFO","thread":"main","correlationId":"","logger":"c.d.d.c.ClienteControllerTest","message":"Starting ClienteControllerTest using Java 21.0.11 with PID 25592 (started by Santana in C:\Pasta Códiguinhos\arquitetura de sistemas fat\delivery-api\delivery-api)","exception":""}
{"timestamp":"2026-06-10 19:13:49.774","level":"INFO","thread":"main","correlationId":"","logger":"c.d.d.c.ClienteControllerTest","message":"The following 1 profile is active: "test"","exception":""}
{"timestamp":"2026-06-10 19:13:49.775","level":"DEBUG","thread":"main","correlationId":"","logger":"o.s.w.c.s.GenericWebApplicationContext","message":"Refreshing org.springframework.web.context.support.GenericWebApplicationContext@2e7533e0","exception":""}
{"timestamp":"2026-06-10 19:13:49.938","level":"INFO","thread":"main","correlationId":"","logger":"o.s.d.r.c.RepositoryConfigurationDelegate","message":"Bootstrapping Spring Data JPA repositories in DEFAULT mode.","exception":""}
{"timestamp":"2026-06-10 19:13:49.954","level":"INFO","thread":"main","correlationId":"","logger":"o.s.d.r.c.RepositoryConfigurationDelegate","message":"Finished Spring Data repository scanning in 14 ms. Found 5 JPA repository interfaces.","exception":""}
{"timestamp":"2026-06-10 19:13:50.000","level":"INFO","thread":"main","correlationId":"","logger":"o.s.o.j.p.SpringPersistenceUnitInfo","message":"No LoadTimeWeaver setup: ignoring JPA class transformer","exception":""}
{"timestamp":"2026-06-10 19:13:50.000","level":"INFO","thread":"main","correlationId":"","logger":"com.zaxxer.hikari.HikariDataSource","message":"HikariPool-11 - Starting...","exception":""}
{"timestamp":"2026-06-10 19:13:50.001","level":"INFO","thread":"main","correlationId":"","logger":"com.zaxxer.hikari.pool.HikariPool","message":"HikariPool-11 - Added connection conn99: url=jdbc:h2:mem:deliverydb user=SA","exception":""}
{"timestamp":"2026-06-10 19:13:50.002","level":"INFO","thread":"main","correlationId":"","logger":"com.zaxxer.hikari.HikariDataSource","message":"HikariPool-11 - Start completed.","exception":""}
{"timestamp":"2026-06-10 19:13:50.002","level":"WARN","thread":"main","correlationId":"","logger":"org.hibernate.orm.deprecation","message":"HHH90000025: H2Dialect does not need to be specified explicitly using 'hibernate.dialect' (remove the property setting and it will be selected by default)","exception":""}
{"timestamp":"2026-06-10 19:13:50.039","level":"INFO","thread":"main","correlationId":"","logger":"o.s.o.j.LocalContainerEntityManagerFactoryBean","message":"Initialized JPA EntityManagerFactory for persistence unit 'default'","exception":""}
{"timestamp":"2026-06-10 19:13:50.057","level":"INFO","thread":"main","correlationId":"","logger":"o.s.s.c.a.a.c.InitializeAuthenticationProviderBeanManagerConfigurer$InitializeAuthenticationProviderManagerConfigurer","message":"Global AuthenticationManager configured with AuthenticationProvider bean with name authenticationProvider","exception":""}
{"timestamp":"2026-06-10 19:13:50.057","level":"WARN","thread":"main","correlationId":"","logger":"o.s.s.c.a.a.c.InitializeUserDetailsBeanManagerConfigurer$InitializeUserDetailsManagerConfigurer","message":"Global AuthenticationManager configured with an AuthenticationProvider bean. UserDetailsService beans will not be used by Spring Security for automatically configuring username/password login. Consider removing the AuthenticationProvider bean. Alternatively, consider using the UserDetailsService in a manually instantiated DaoAuthenticationProvider. If the current configuration is intentional, to turn off this warning, increase the logging level of 'org.springframework.security.config.annotation.authentication.configuration.InitializeUserDetailsBeanManagerConfigurer' to ERROR","exception":""}
{"timestamp":"2026-06-10 19:13:50.138","level":"DEBUG","thread":"main","correlationId":"","logger":"o.s.w.s.m.m.a.RequestMappingHandlerMapping","message":"42 mappings in 'requestMappingHandlerMapping'","exception":""}
{"timestamp":"2026-06-10 19:13:50.159","level":"DEBUG","thread":"main","correlationId":"","logger":"o.s.w.s.h.SimpleUrlHandlerMapping","message":"Patterns [/webjars/**, /**, /swagger-ui*/*swagger-initializer.js, /swagger-ui*/**] in 'resourceHandlerMapping'","exception":""}
{"timestamp":"2026-06-10 19:13:50.193","level":"INFO","thread":"main","correlationId":"","logger":"o.s.b.a.e.web.EndpointLinksResolver","message":"Exposing 13 endpoints beneath base path '/actuator'","exception":""}
{"timestamp":"2026-06-10 19:13:50.228","level":"DEBUG","thread":"main","correlationId":"","logger":"o.s.s.web.DefaultSecurityFilterChain","message":"Will secure any request with filters: DisableEncodeUrlFilter, WebAsyncManagerIntegrationFilter, SecurityContextHolderFilter, HeaderWriterFilter, CorsFilter, LogoutFilter, JwtAuthenticationFilter, RequestCacheAwareFilter, SecurityContextHolderAwareRequestFilter, AnonymousAuthenticationFilter, SessionManagementFilter, ExceptionTranslationFilter, AuthorizationFilter","exception":""}
{"timestamp":"2026-06-10 19:13:50.249","level":"DEBUG","thread":"main","correlationId":"","logger":"o.s.w.s.m.m.a.RequestMappingHandlerAdapter","message":"ControllerAdvice beans: 0 @ModelAttribute, 0 @InitBinder, 1 RequestBodyAdvice, 1 ResponseBodyAdvice","exception":""}
{"timestamp":"2026-06-10 19:13:50.253","level":"DEBUG","thread":"main","correlationId":"","logger":"o.s.w.s.m.m.a.ExceptionHandlerExceptionResolver","message":"ControllerAdvice beans: 2 @ExceptionHandler, 1 ResponseBodyAdvice","exception":""}
{"timestamp":"2026-06-10 19:13:50.279","level":"INFO","thread":"main","correlationId":"","logger":"o.s.b.a.h.H2ConsoleAutoConfiguration","message":"H2 console available at '/h2-console'. Database available at 'jdbc:h2:mem:deliverydb'","exception":""}
{"timestamp":"2026-06-10 19:13:50.291","level":"DEBUG","thread":"main","correlationId":"","logger":"o.s.w.f.ServerHttpObservationFilter","message":"Filter 'webMvcObservationFilter' configured for use","exception":""}
{"timestamp":"2026-06-10 19:13:50.291","level":"INFO","thread":"main","correlationId":"","logger":"o.s.b.t.m.w.SpringBootMockServletContext","message":"Initializing Spring TestDispatcherServlet ''","exception":""}
{"timestamp":"2026-06-10 19:13:50.291","level":"INFO","thread":"main","correlationId":"","logger":"o.s.t.w.s.TestDispatcherServlet","message":"Initializing Servlet ''","exception":""}
{"timestamp":"2026-06-10 19:13:50.292","level":"INFO","thread":"main","correlationId":"","logger":"o.s.t.w.s.TestDispatcherServlet","message":"Completed initialization in 1 ms","exception":""}
{"timestamp":"2026-06-10 19:13:50.301","level":"INFO","thread":"main","correlationId":"","logger":"c.d.d.c.ClienteControllerTest","message":"Started ClienteControllerTest in 0.545 seconds (process running for 52.03)","exception":""}
{"timestamp":"2026-06-10 19:13:50.307","level":"DEBUG","thread":"main","correlationId":"","logger":"o.s.security.web.FilterChainProxy","message":"Securing POST /api/clientes","exception":""}
{"timestamp":"2026-06-10 19:13:50.308","level":"WARN","thread":"main","correlationId":"","logger":"c.d.d.s.JwtAuthenticationFilter","message":"JWT Token não começa com Bearer String","exception":""}
{"timestamp":"2026-06-10 19:13:50.309","level":"DEBUG","thread":"main","correlationId":"","logger":"o.s.security.web.FilterChainProxy","message":"Secured POST /api/clientes","exception":""}
{"timestamp":"2026-06-10 19:13:50.309","level":"DEBUG","thread":"main","correlationId":"4117e29dd9db42da","logger":"o.s.w.s.m.m.a.RequestMappingHandlerMapping","message":"Mapped to com.deliverytech.delivery_api.controller.ClienteController#cadastrarCliente(ClienteReqDTO)","exception":""}
{"timestamp":"2026-06-10 19:13:50.310","level":"DEBUG","thread":"main","correlationId":"4117e29dd9db42da","logger":"o.s.w.s.m.m.a.RequestResponseBodyMethodProcessor","message":"Read "application/json;charset=UTF-8" to [com.deliverytech.delivery_api.dto.req.ClienteReqDTO@64750fcb]","exception":""}
{"timestamp":"2026-06-10 19:13:50.316","level":"DEBUG","thread":"main","correlationId":"4117e29dd9db42da","logger":"o.s.w.s.m.m.a.ExceptionHandlerExceptionResolver","message":"Using @ExceptionHandler com.deliverytech.delivery_api.exception.GlobalExceptionHandler#handleBusinessException(BusinessException, HttpServletRequest)","exception":""}
{"timestamp":"2026-06-10 19:13:50.319","level":"DEBUG","thread":"main","correlationId":"4117e29dd9db42da","logger":"o.s.w.s.m.m.a.HttpEntityMethodProcessor","message":"Using 'application/json', given [*/*] and supported [application/json, application/*+json, application/yaml]","exception":""}
{"timestamp":"2026-06-10 19:13:50.319","level":"DEBUG","thread":"main","correlationId":"4117e29dd9db42da","logger":"o.s.w.s.m.m.a.HttpEntityMethodProcessor","message":"Writing [com.deliverytech.delivery_api.dto.ErrorResponse@196bbf97]","exception":""}
{"timestamp":"2026-06-10 19:13:50.320","level":"DEBUG","thread":"main","correlationId":"4117e29dd9db42da","logger":"o.s.w.s.m.m.a.ExceptionHandlerExceptionResolver","message":"Resolved [com.deliverytech.delivery_api.exception.BusinessException: Email já cadastrado: joao.teste@email.com]","exception":""}
{"timestamp":"2026-06-10 19:13:50.324","level":"DEBUG","thread":"main","correlationId":"","logger":"o.s.w.c.s.GenericWebApplicationContext","message":"Closing org.springframework.web.context.support.GenericWebApplicationContext@2e7533e0, started on Wed Jun 10 19:13:49 BRT 2026","exception":""}
{"timestamp":"2026-06-10 19:13:50.326","level":"INFO","thread":"main","correlationId":"","logger":"o.s.o.j.LocalContainerEntityManagerFactoryBean","message":"Closing JPA EntityManagerFactory for persistence unit 'default'","exception":""}
{"timestamp":"2026-06-10 19:13:50.327","level":"INFO","thread":"main","correlationId":"","logger":"com.zaxxer.hikari.HikariDataSource","message":"HikariPool-11 - Shutdown initiated...","exception":""}
{"timestamp":"2026-06-10 19:13:50.359","level":"INFO","thread":"main","correlationId":"","logger":"com.zaxxer.hikari.HikariDataSource","message":"HikariPool-11 - Shutdown completed.","exception":""}
{"timestamp":"2026-06-10 19:13:50.360","level":"INFO","thread":"main","correlationId":"","logger":"o.s.b.d.r.RestartApplicationListener","message":"Restart disabled due to context in which it is running","exception":""}
{"timestamp":"2026-06-10 19:13:50.377","level":"INFO","thread":"main","correlationId":"","logger":"c.d.d.c.ClienteControllerTest","message":"Starting ClienteControllerTest using Java 21.0.11 with PID 25592 (started by Santana in C:\Pasta Códiguinhos\arquitetura de sistemas fat\delivery-api\delivery-api)","exception":""}
{"timestamp":"2026-06-10 19:13:50.377","level":"INFO","thread":"main","correlationId":"","logger":"c.d.d.c.ClienteControllerTest","message":"The following 1 profile is active: "test"","exception":""}
{"timestamp":"2026-06-10 19:13:50.378","level":"DEBUG","thread":"main","correlationId":"","logger":"o.s.w.c.s.GenericWebApplicationContext","message":"Refreshing org.springframework.web.context.support.GenericWebApplicationContext@6368f752","exception":""}
{"timestamp":"2026-06-10 19:13:50.532","level":"INFO","thread":"main","correlationId":"","logger":"o.s.d.r.c.RepositoryConfigurationDelegate","message":"Bootstrapping Spring Data JPA repositories in DEFAULT mode.","exception":""}
{"timestamp":"2026-06-10 19:13:50.547","level":"INFO","thread":"main","correlationId":"","logger":"o.s.d.r.c.RepositoryConfigurationDelegate","message":"Finished Spring Data repository scanning in 13 ms. Found 5 JPA repository interfaces.","exception":""}
{"timestamp":"2026-06-10 19:13:50.594","level":"INFO","thread":"main","correlationId":"","logger":"o.s.o.j.p.SpringPersistenceUnitInfo","message":"No LoadTimeWeaver setup: ignoring JPA class transformer","exception":""}
{"timestamp":"2026-06-10 19:13:50.595","level":"INFO","thread":"main","correlationId":"","logger":"com.zaxxer.hikari.HikariDataSource","message":"HikariPool-12 - Starting...","exception":""}
{"timestamp":"2026-06-10 19:13:50.596","level":"INFO","thread":"main","correlationId":"","logger":"com.zaxxer.hikari.pool.HikariPool","message":"HikariPool-12 - Added connection conn108: url=jdbc:h2:mem:deliverydb user=SA","exception":""}
{"timestamp":"2026-06-10 19:13:50.596","level":"INFO","thread":"main","correlationId":"","logger":"com.zaxxer.hikari.HikariDataSource","message":"HikariPool-12 - Start completed.","exception":""}
{"timestamp":"2026-06-10 19:13:50.596","level":"WARN","thread":"main","correlationId":"","logger":"org.hibernate.orm.deprecation","message":"HHH90000025: H2Dialect does not need to be specified explicitly using 'hibernate.dialect' (remove the property setting and it will be selected by default)","exception":""}
{"timestamp":"2026-06-10 19:13:50.633","level":"INFO","thread":"main","correlationId":"","logger":"o.s.o.j.LocalContainerEntityManagerFactoryBean","message":"Initialized JPA EntityManagerFactory for persistence unit 'default'","exception":""}
{"timestamp":"2026-06-10 19:13:50.665","level":"INFO","thread":"main","correlationId":"","logger":"o.s.s.c.a.a.c.InitializeAuthenticationProviderBeanManagerConfigurer$InitializeAuthenticationProviderManagerConfigurer","message":"Global AuthenticationManager configured with AuthenticationProvider bean with name authenticationProvider","exception":""}
{"timestamp":"2026-06-10 19:13:50.666","level":"WARN","thread":"main","correlationId":"","logger":"o.s.s.c.a.a.c.InitializeUserDetailsBeanManagerConfigurer$InitializeUserDetailsManagerConfigurer","message":"Global AuthenticationManager configured with an AuthenticationProvider bean. UserDetailsService beans will not be used by Spring Security for automatically configuring username/password login. Consider removing the AuthenticationProvider bean. Alternatively, consider using the UserDetailsService in a manually instantiated DaoAuthenticationProvider. If the current configuration is intentional, to turn off this warning, increase the logging level of 'org.springframework.security.config.annotation.authentication.configuration.InitializeUserDetailsBeanManagerConfigurer' to ERROR","exception":""}
{"timestamp":"2026-06-10 19:13:50.762","level":"DEBUG","thread":"main","correlationId":"","logger":"o.s.w.s.m.m.a.RequestMappingHandlerMapping","message":"42 mappings in 'requestMappingHandlerMapping'","exception":""}
{"timestamp":"2026-06-10 19:13:50.781","level":"DEBUG","thread":"main","correlationId":"","logger":"o.s.w.s.h.SimpleUrlHandlerMapping","message":"Patterns [/webjars/**, /**, /swagger-ui*/*swagger-initializer.js, /swagger-ui*/**] in 'resourceHandlerMapping'","exception":""}
{"timestamp":"2026-06-10 19:13:50.810","level":"INFO","thread":"main","correlationId":"","logger":"o.s.b.a.e.web.EndpointLinksResolver","message":"Exposing 13 endpoints beneath base path '/actuator'","exception":""}
{"timestamp":"2026-06-10 19:13:50.837","level":"DEBUG","thread":"main","correlationId":"","logger":"o.s.s.web.DefaultSecurityFilterChain","message":"Will secure any request with filters: DisableEncodeUrlFilter, WebAsyncManagerIntegrationFilter, SecurityContextHolderFilter, HeaderWriterFilter, CorsFilter, LogoutFilter, JwtAuthenticationFilter, RequestCacheAwareFilter, SecurityContextHolderAwareRequestFilter, AnonymousAuthenticationFilter, SessionManagementFilter, ExceptionTranslationFilter, AuthorizationFilter","exception":""}
{"timestamp":"2026-06-10 19:13:50.857","level":"DEBUG","thread":"main","correlationId":"","logger":"o.s.w.s.m.m.a.RequestMappingHandlerAdapter","message":"ControllerAdvice beans: 0 @ModelAttribute, 0 @InitBinder, 1 RequestBodyAdvice, 1 ResponseBodyAdvice","exception":""}
{"timestamp":"2026-06-10 19:13:50.861","level":"DEBUG","thread":"main","correlationId":"","logger":"o.s.w.s.m.m.a.ExceptionHandlerExceptionResolver","message":"ControllerAdvice beans: 2 @ExceptionHandler, 1 ResponseBodyAdvice","exception":""}
{"timestamp":"2026-06-10 19:13:50.887","level":"INFO","thread":"main","correlationId":"","logger":"o.s.b.a.h.H2ConsoleAutoConfiguration","message":"H2 console available at '/h2-console'. Database available at 'jdbc:h2:mem:deliverydb'","exception":""}
{"timestamp":"2026-06-10 19:13:50.897","level":"DEBUG","thread":"main","correlationId":"","logger":"o.s.w.f.ServerHttpObservationFilter","message":"Filter 'webMvcObservationFilter' configured for use","exception":""}
{"timestamp":"2026-06-10 19:13:50.897","level":"INFO","thread":"main","correlationId":"","logger":"o.s.b.t.m.w.SpringBootMockServletContext","message":"Initializing Spring TestDispatcherServlet ''","exception":""}
{"timestamp":"2026-06-10 19:13:50.898","level":"INFO","thread":"main","correlationId":"","logger":"o.s.t.w.s.TestDispatcherServlet","message":"Initializing Servlet ''","exception":""}
{"timestamp":"2026-06-10 19:13:50.898","level":"INFO","thread":"main","correlationId":"","logger":"o.s.t.w.s.TestDispatcherServlet","message":"Completed initialization in 0 ms","exception":""}
{"timestamp":"2026-06-10 19:13:50.906","level":"INFO","thread":"main","correlationId":"","logger":"c.d.d.c.ClienteControllerTest","message":"Started ClienteControllerTest in 0.545 seconds (process running for 52.635)","exception":""}
{"timestamp":"2026-06-10 19:13:50.912","level":"DEBUG","thread":"main","correlationId":"","logger":"o.s.security.web.FilterChainProxy","message":"Securing POST /api/clientes","exception":""}
{"timestamp":"2026-06-10 19:13:50.914","level":"WARN","thread":"main","correlationId":"","logger":"c.d.d.s.JwtAuthenticationFilter","message":"JWT Token não começa com Bearer String","exception":""}
{"timestamp":"2026-06-10 19:13:50.914","level":"DEBUG","thread":"main","correlationId":"","logger":"o.s.security.web.FilterChainProxy","message":"Secured POST /api/clientes","exception":""}
{"timestamp":"2026-06-10 19:13:50.915","level":"DEBUG","thread":"main","correlationId":"878fab0fa1b047a3","logger":"o.s.w.s.m.m.a.RequestMappingHandlerMapping","message":"Mapped to com.deliverytech.delivery_api.controller.ClienteController#cadastrarCliente(ClienteReqDTO)","exception":""}
{"timestamp":"2026-06-10 19:13:50.916","level":"DEBUG","thread":"main","correlationId":"878fab0fa1b047a3","logger":"o.s.w.s.m.m.a.RequestResponseBodyMethodProcessor","message":"Read "application/json;charset=UTF-8" to [com.deliverytech.delivery_api.dto.req.ClienteReqDTO@48a65c87]","exception":""}
{"timestamp":"2026-06-10 19:13:50.924","level":"DEBUG","thread":"main","correlationId":"878fab0fa1b047a3","logger":"o.s.w.s.m.m.a.ExceptionHandlerExceptionResolver","message":"Using @ExceptionHandler com.deliverytech.delivery_api.exception.GlobalExceptionHandler#handleValidationException(MethodArgumentNotValidException, HttpServletRequest)","exception":""}
{"timestamp":"2026-06-10 19:13:50.926","level":"DEBUG","thread":"main","correlationId":"878fab0fa1b047a3","logger":"o.s.w.s.m.m.a.HttpEntityMethodProcessor","message":"Using 'application/json', given [*/*] and supported [application/json, application/*+json, application/yaml]","exception":""}
{"timestamp":"2026-06-10 19:13:50.927","level":"DEBUG","thread":"main","correlationId":"878fab0fa1b047a3","logger":"o.s.w.s.m.m.a.HttpEntityMethodProcessor","message":"Writing [com.deliverytech.delivery_api.dto.ErrorResponse@7e11682d]","exception":""}
{"timestamp":"2026-06-10 19:13:50.930","level":"DEBUG","thread":"main","correlationId":"878fab0fa1b047a3","logger":"o.s.w.s.m.m.a.ExceptionHandlerExceptionResolver","message":"Resolved [org.springframework.web.bind.MethodArgumentNotValidException: Validation failed for argument [0] in public org.springframework.http.ResponseEntity<com.deliverytech.delivery_api.dto.res.ClienteResDTO> com.deliverytech.delivery_api.controller.ClienteController.cadastrarCliente(com.deliverytech.delivery_api.dto.req.ClienteReqDTO) with 5 errors: [Field error in object 'clienteReqDTO' on field 'nome': rejected value []; codes [NotBlank.clienteReqDTO.nome,NotBlank.nome,NotBlank.java.lang.String,NotBlank]; arguments [org.springframework.context.support.DefaultMessageSourceResolvable: codes [clienteReqDTO.nome,nome]; arguments []; default message [nome]]; default message [Nome é obrigatório]] [Field error in object 'clienteReqDTO' on field 'email': rejected value [email-invalido]; codes [Email.clienteReqDTO.email,Email.email,Email.java.lang.String,Email]; arguments [org.springframework.context.support.DefaultMessageSourceResolvable: codes [clienteReqDTO.email,email]; arguments []; default message [email],[Ljakarta.validation.constraints.Pattern$Flag;@9293029,.*]; default message [Email deve ter formato válido]] [Field error in object 'clienteReqDTO' on field 'endereco': rejected value [null]; codes [NotBlank.clienteReqDTO.endereco,NotBlank.endereco,NotBlank.java.lang.String,NotBlank]; arguments [org.springframework.context.support.DefaultMessageSourceResolvable: codes [clienteReqDTO.endereco,endereco]; arguments []; default message [endereco]]; default message [Endereço é obrigatório]] [Field error in object 'clienteReqDTO' on field 'nome': rejected value []; codes [Size.clienteReqDTO.nome,Size.nome,Size.java.lang.String,Size]; arguments [org.springframework.context.support.DefaultMessageSourceResolvable: codes [clienteReqDTO.nome,nome]; arguments []; default message [nome],100,2]; default message [Nome deve ter entre 2 e 100 caracteres]] [Field error in object 'clienteReqDTO' on field 'telefone': rejected value [null]; codes [NotBlank.clienteReqDTO.telefone,NotBlank.telefone,NotBlank.java.lang.String,NotBlank]; arguments [org.springframework.context.support.DefaultMessageSourceResolvable: codes [clienteReqDTO.telefone,telefone]; arguments []; default message [telefone]]; default message [Telefone é obrigatório]] ]","exception":""}
{"timestamp":"2026-06-10 19:13:50.937","level":"INFO","thread":"main","correlationId":"","logger":"o.s.t.c.s.AnnotationConfigContextLoaderUtils","message":"Could not detect default configuration classes for test class [com.deliverytech.delivery_api.controller.PedidoControllerTest]: PedidoControllerTest does not declare any static, non-private, non-final, nested classes annotated with @Configuration.","exception":""}
{"timestamp":"2026-06-10 19:13:50.939","level":"INFO","thread":"main","correlationId":"","logger":"o.s.b.t.c.SpringBootTestContextBootstrapper","message":"Found @SpringBootConfiguration com.deliverytech.delivery_api.DeliveryApiApplication for test class com.deliverytech.delivery_api.controller.PedidoControllerTest","exception":""}
{"timestamp":"2026-06-10 19:13:50.942","level":"DEBUG","thread":"main","correlationId":"","logger":"o.s.w.c.s.GenericWebApplicationContext","message":"Closing org.springframework.web.context.support.GenericWebApplicationContext@6368f752, started on Wed Jun 10 19:13:50 BRT 2026","exception":""}
{"timestamp":"2026-06-10 19:13:50.944","level":"INFO","thread":"main","correlationId":"","logger":"o.s.o.j.LocalContainerEntityManagerFactoryBean","message":"Closing JPA EntityManagerFactory for persistence unit 'default'","exception":""}
{"timestamp":"2026-06-10 19:13:50.945","level":"INFO","thread":"main","correlationId":"","logger":"com.zaxxer.hikari.HikariDataSource","message":"HikariPool-12 - Shutdown initiated...","exception":""}
{"timestamp":"2026-06-10 19:13:50.972","level":"INFO","thread":"main","correlationId":"","logger":"com.zaxxer.hikari.HikariDataSource","message":"HikariPool-12 - Shutdown completed.","exception":""}
{"timestamp":"2026-06-10 19:13:50.974","level":"INFO","thread":"main","correlationId":"","logger":"o.s.b.d.r.RestartApplicationListener","message":"Restart disabled due to context in which it is running","exception":""}
{"timestamp":"2026-06-10 19:13:50.991","level":"INFO","thread":"main","correlationId":"","logger":"c.d.d.c.PedidoControllerTest","message":"Starting PedidoControllerTest using Java 21.0.11 with PID 25592 (started by Santana in C:\Pasta Códiguinhos\arquitetura de sistemas fat\delivery-api\delivery-api)","exception":""}
{"timestamp":"2026-06-10 19:13:50.991","level":"INFO","thread":"main","correlationId":"","logger":"c.d.d.c.PedidoControllerTest","message":"The following 1 profile is active: "test"","exception":""}
{"timestamp":"2026-06-10 19:13:50.992","level":"DEBUG","thread":"main","correlationId":"","logger":"o.s.w.c.s.GenericWebApplicationContext","message":"Refreshing org.springframework.web.context.support.GenericWebApplicationContext@34ad45e1","exception":""}
{"timestamp":"2026-06-10 19:13:51.169","level":"INFO","thread":"main","correlationId":"","logger":"o.s.d.r.c.RepositoryConfigurationDelegate","message":"Bootstrapping Spring Data JPA repositories in DEFAULT mode.","exception":""}
{"timestamp":"2026-06-10 19:13:51.185","level":"INFO","thread":"main","correlationId":"","logger":"o.s.d.r.c.RepositoryConfigurationDelegate","message":"Finished Spring Data repository scanning in 15 ms. Found 5 JPA repository interfaces.","exception":""}
{"timestamp":"2026-06-10 19:13:51.235","level":"INFO","thread":"main","correlationId":"","logger":"o.s.o.j.p.SpringPersistenceUnitInfo","message":"No LoadTimeWeaver setup: ignoring JPA class transformer","exception":""}
{"timestamp":"2026-06-10 19:13:51.236","level":"INFO","thread":"main","correlationId":"","logger":"com.zaxxer.hikari.HikariDataSource","message":"HikariPool-13 - Starting...","exception":""}
{"timestamp":"2026-06-10 19:13:51.237","level":"INFO","thread":"main","correlationId":"","logger":"com.zaxxer.hikari.pool.HikariPool","message":"HikariPool-13 - Added connection conn117: url=jdbc:h2:mem:deliverydb user=SA","exception":""}
{"timestamp":"2026-06-10 19:13:51.237","level":"INFO","thread":"main","correlationId":"","logger":"com.zaxxer.hikari.HikariDataSource","message":"HikariPool-13 - Start completed.","exception":""}
{"timestamp":"2026-06-10 19:13:51.237","level":"WARN","thread":"main","correlationId":"","logger":"org.hibernate.orm.deprecation","message":"HHH90000025: H2Dialect does not need to be specified explicitly using 'hibernate.dialect' (remove the property setting and it will be selected by default)","exception":""}
{"timestamp":"2026-06-10 19:13:51.276","level":"INFO","thread":"main","correlationId":"","logger":"o.s.o.j.LocalContainerEntityManagerFactoryBean","message":"Initialized JPA EntityManagerFactory for persistence unit 'default'","exception":""}
{"timestamp":"2026-06-10 19:13:51.295","level":"INFO","thread":"main","correlationId":"","logger":"o.s.s.c.a.a.c.InitializeAuthenticationProviderBeanManagerConfigurer$InitializeAuthenticationProviderManagerConfigurer","message":"Global AuthenticationManager configured with AuthenticationProvider bean with name authenticationProvider","exception":""}
{"timestamp":"2026-06-10 19:13:51.295","level":"WARN","thread":"main","correlationId":"","logger":"o.s.s.c.a.a.c.InitializeUserDetailsBeanManagerConfigurer$InitializeUserDetailsManagerConfigurer","message":"Global AuthenticationManager configured with an AuthenticationProvider bean. UserDetailsService beans will not be used by Spring Security for automatically configuring username/password login. Consider removing the AuthenticationProvider bean. Alternatively, consider using the UserDetailsService in a manually instantiated DaoAuthenticationProvider. If the current configuration is intentional, to turn off this warning, increase the logging level of 'org.springframework.security.config.annotation.authentication.configuration.InitializeUserDetailsBeanManagerConfigurer' to ERROR","exception":""}
{"timestamp":"2026-06-10 19:13:51.378","level":"DEBUG","thread":"main","correlationId":"","logger":"o.s.w.s.m.m.a.RequestMappingHandlerMapping","message":"42 mappings in 'requestMappingHandlerMapping'","exception":""}
{"timestamp":"2026-06-10 19:13:51.396","level":"DEBUG","thread":"main","correlationId":"","logger":"o.s.w.s.h.SimpleUrlHandlerMapping","message":"Patterns [/webjars/**, /**, /swagger-ui*/*swagger-initializer.js, /swagger-ui*/**] in 'resourceHandlerMapping'","exception":""}
{"timestamp":"2026-06-10 19:13:51.426","level":"INFO","thread":"main","correlationId":"","logger":"o.s.b.a.e.web.EndpointLinksResolver","message":"Exposing 13 endpoints beneath base path '/actuator'","exception":""}
{"timestamp":"2026-06-10 19:13:51.460","level":"DEBUG","thread":"main","correlationId":"","logger":"o.s.s.web.DefaultSecurityFilterChain","message":"Will secure any request with filters: DisableEncodeUrlFilter, WebAsyncManagerIntegrationFilter, SecurityContextHolderFilter, HeaderWriterFilter, CorsFilter, LogoutFilter, JwtAuthenticationFilter, RequestCacheAwareFilter, SecurityContextHolderAwareRequestFilter, AnonymousAuthenticationFilter, SessionManagementFilter, ExceptionTranslationFilter, AuthorizationFilter","exception":""}
{"timestamp":"2026-06-10 19:13:51.480","level":"DEBUG","thread":"main","correlationId":"","logger":"o.s.w.s.m.m.a.RequestMappingHandlerAdapter","message":"ControllerAdvice beans: 0 @ModelAttribute, 0 @InitBinder, 1 RequestBodyAdvice, 1 ResponseBodyAdvice","exception":""}
{"timestamp":"2026-06-10 19:13:51.484","level":"DEBUG","thread":"main","correlationId":"","logger":"o.s.w.s.m.m.a.ExceptionHandlerExceptionResolver","message":"ControllerAdvice beans: 2 @ExceptionHandler, 1 ResponseBodyAdvice","exception":""}
{"timestamp":"2026-06-10 19:13:51.509","level":"INFO","thread":"main","correlationId":"","logger":"o.s.b.a.h.H2ConsoleAutoConfiguration","message":"H2 console available at '/h2-console'. Database available at 'jdbc:h2:mem:deliverydb'","exception":""}
{"timestamp":"2026-06-10 19:13:51.519","level":"DEBUG","thread":"main","correlationId":"","logger":"o.s.w.f.ServerHttpObservationFilter","message":"Filter 'webMvcObservationFilter' configured for use","exception":""}
{"timestamp":"2026-06-10 19:13:51.519","level":"INFO","thread":"main","correlationId":"","logger":"o.s.b.t.m.w.SpringBootMockServletContext","message":"Initializing Spring TestDispatcherServlet ''","exception":""}
{"timestamp":"2026-06-10 19:13:51.519","level":"INFO","thread":"main","correlationId":"","logger":"o.s.t.w.s.TestDispatcherServlet","message":"Initializing Servlet ''","exception":""}
{"timestamp":"2026-06-10 19:13:51.519","level":"INFO","thread":"main","correlationId":"","logger":"o.s.t.w.s.TestDispatcherServlet","message":"Completed initialization in 0 ms","exception":""}
{"timestamp":"2026-06-10 19:13:51.527","level":"INFO","thread":"main","correlationId":"","logger":"c.d.d.c.PedidoControllerTest","message":"Started PedidoControllerTest in 0.553 seconds (process running for 53.256)","exception":""}
{"timestamp":"2026-06-10 19:13:51.604","level":"DEBUG","thread":"main","correlationId":"","logger":"o.s.security.web.FilterChainProxy","message":"Securing POST /api/pedidos","exception":""}
{"timestamp":"2026-06-10 19:13:51.605","level":"WARN","thread":"main","correlationId":"","logger":"c.d.d.s.JwtAuthenticationFilter","message":"JWT Token não começa com Bearer String","exception":""}
{"timestamp":"2026-06-10 19:13:51.606","level":"DEBUG","thread":"main","correlationId":"","logger":"o.s.security.web.FilterChainProxy","message":"Secured POST /api/pedidos","exception":""}
{"timestamp":"2026-06-10 19:13:51.606","level":"DEBUG","thread":"main","correlationId":"3f6973d72b7244fd","logger":"o.s.w.s.m.m.a.RequestMappingHandlerMapping","message":"Mapped to com.deliverytech.delivery_api.controller.PedidoController#criarPedido(PedidoReqDTO)","exception":""}
{"timestamp":"2026-06-10 19:13:51.609","level":"DEBUG","thread":"main","correlationId":"3f6973d72b7244fd","logger":"o.s.w.s.m.m.a.RequestResponseBodyMethodProcessor","message":"Read "application/json;charset=UTF-8" to [com.deliverytech.delivery_api.dto.req.PedidoReqDTO@6839269d]","exception":""}
{"timestamp":"2026-06-10 19:13:51.641","level":"DEBUG","thread":"main","correlationId":"3f6973d72b7244fd","logger":"o.s.w.s.m.m.a.HttpEntityMethodProcessor","message":"Using 'application/json', given [*/*] and supported [application/json, application/*+json, application/yaml]","exception":""}
{"timestamp":"2026-06-10 19:13:51.641","level":"DEBUG","thread":"main","correlationId":"3f6973d72b7244fd","logger":"o.s.w.s.m.m.a.HttpEntityMethodProcessor","message":"Writing [com.deliverytech.delivery_api.dto.res.PedidoResDTO@3a5e173a]","exception":""}
{"timestamp":"2026-06-10 19:13:51.647","level":"DEBUG","thread":"main","correlationId":"","logger":"o.s.w.c.s.GenericWebApplicationContext","message":"Closing org.springframework.web.context.support.GenericWebApplicationContext@34ad45e1, started on Wed Jun 10 19:13:50 BRT 2026","exception":""}
{"timestamp":"2026-06-10 19:13:51.648","level":"INFO","thread":"main","correlationId":"","logger":"o.s.o.j.LocalContainerEntityManagerFactoryBean","message":"Closing JPA EntityManagerFactory for persistence unit 'default'","exception":""}
{"timestamp":"2026-06-10 19:13:51.649","level":"INFO","thread":"main","correlationId":"","logger":"com.zaxxer.hikari.HikariDataSource","message":"HikariPool-13 - Shutdown initiated...","exception":""}
{"timestamp":"2026-06-10 19:13:51.650","level":"INFO","thread":"main","correlationId":"","logger":"com.zaxxer.hikari.HikariDataSource","message":"HikariPool-13 - Shutdown completed.","exception":""}
{"timestamp":"2026-06-10 19:13:51.651","level":"INFO","thread":"main","correlationId":"","logger":"o.s.b.d.r.RestartApplicationListener","message":"Restart disabled due to context in which it is running","exception":""}
{"timestamp":"2026-06-10 19:13:51.667","level":"INFO","thread":"main","correlationId":"","logger":"c.d.d.c.PedidoControllerTest","message":"Starting PedidoControllerTest using Java 21.0.11 with PID 25592 (started by Santana in C:\Pasta Códiguinhos\arquitetura de sistemas fat\delivery-api\delivery-api)","exception":""}
{"timestamp":"2026-06-10 19:13:51.668","level":"INFO","thread":"main","correlationId":"","logger":"c.d.d.c.PedidoControllerTest","message":"The following 1 profile is active: "test"","exception":""}
{"timestamp":"2026-06-10 19:13:51.669","level":"DEBUG","thread":"main","correlationId":"","logger":"o.s.w.c.s.GenericWebApplicationContext","message":"Refreshing org.springframework.web.context.support.GenericWebApplicationContext@128bec8d","exception":""}
{"timestamp":"2026-06-10 19:13:51.823","level":"INFO","thread":"main","correlationId":"","logger":"o.s.d.r.c.RepositoryConfigurationDelegate","message":"Bootstrapping Spring Data JPA repositories in DEFAULT mode.","exception":""}
{"timestamp":"2026-06-10 19:13:51.837","level":"INFO","thread":"main","correlationId":"","logger":"o.s.d.r.c.RepositoryConfigurationDelegate","message":"Finished Spring Data repository scanning in 13 ms. Found 5 JPA repository interfaces.","exception":""}
{"timestamp":"2026-06-10 19:13:51.892","level":"INFO","thread":"main","correlationId":"","logger":"o.s.o.j.p.SpringPersistenceUnitInfo","message":"No LoadTimeWeaver setup: ignoring JPA class transformer","exception":""}
{"timestamp":"2026-06-10 19:13:51.894","level":"INFO","thread":"main","correlationId":"","logger":"com.zaxxer.hikari.HikariDataSource","message":"HikariPool-14 - Starting...","exception":""}
{"timestamp":"2026-06-10 19:13:51.896","level":"INFO","thread":"main","correlationId":"","logger":"com.zaxxer.hikari.pool.HikariPool","message":"HikariPool-14 - Added connection conn127: url=jdbc:h2:mem:deliverydb user=SA","exception":""}
{"timestamp":"2026-06-10 19:13:51.896","level":"INFO","thread":"main","correlationId":"","logger":"com.zaxxer.hikari.HikariDataSource","message":"HikariPool-14 - Start completed.","exception":""}
{"timestamp":"2026-06-10 19:13:51.896","level":"WARN","thread":"main","correlationId":"","logger":"org.hibernate.orm.deprecation","message":"HHH90000025: H2Dialect does not need to be specified explicitly using 'hibernate.dialect' (remove the property setting and it will be selected by default)","exception":""}
{"timestamp":"2026-06-10 19:13:51.954","level":"INFO","thread":"main","correlationId":"","logger":"o.s.o.j.LocalContainerEntityManagerFactoryBean","message":"Initialized JPA EntityManagerFactory for persistence unit 'default'","exception":""}
{"timestamp":"2026-06-10 19:13:51.976","level":"INFO","thread":"main","correlationId":"","logger":"o.s.s.c.a.a.c.InitializeAuthenticationProviderBeanManagerConfigurer$InitializeAuthenticationProviderManagerConfigurer","message":"Global AuthenticationManager configured with AuthenticationProvider bean with name authenticationProvider","exception":""}
{"timestamp":"2026-06-10 19:13:51.977","level":"WARN","thread":"main","correlationId":"","logger":"o.s.s.c.a.a.c.InitializeUserDetailsBeanManagerConfigurer$InitializeUserDetailsManagerConfigurer","message":"Global AuthenticationManager configured with an AuthenticationProvider bean. UserDetailsService beans will not be used by Spring Security for automatically configuring username/password login. Consider removing the AuthenticationProvider bean. Alternatively, consider using the UserDetailsService in a manually instantiated DaoAuthenticationProvider. If the current configuration is intentional, to turn off this warning, increase the logging level of 'org.springframework.security.config.annotation.authentication.configuration.InitializeUserDetailsBeanManagerConfigurer' to ERROR","exception":""}
{"timestamp":"2026-06-10 19:13:52.063","level":"DEBUG","thread":"main","correlationId":"","logger":"o.s.w.s.m.m.a.RequestMappingHandlerMapping","message":"42 mappings in 'requestMappingHandlerMapping'","exception":""}
{"timestamp":"2026-06-10 19:13:52.083","level":"DEBUG","thread":"main","correlationId":"","logger":"o.s.w.s.h.SimpleUrlHandlerMapping","message":"Patterns [/webjars/**, /**, /swagger-ui*/*swagger-initializer.js, /swagger-ui*/**] in 'resourceHandlerMapping'","exception":""}
{"timestamp":"2026-06-10 19:13:52.113","level":"INFO","thread":"main","correlationId":"","logger":"o.s.b.a.e.web.EndpointLinksResolver","message":"Exposing 13 endpoints beneath base path '/actuator'","exception":""}
{"timestamp":"2026-06-10 19:13:52.140","level":"DEBUG","thread":"main","correlationId":"","logger":"o.s.s.web.DefaultSecurityFilterChain","message":"Will secure any request with filters: DisableEncodeUrlFilter, WebAsyncManagerIntegrationFilter, SecurityContextHolderFilter, HeaderWriterFilter, CorsFilter, LogoutFilter, JwtAuthenticationFilter, RequestCacheAwareFilter, SecurityContextHolderAwareRequestFilter, AnonymousAuthenticationFilter, SessionManagementFilter, ExceptionTranslationFilter, AuthorizationFilter","exception":""}
{"timestamp":"2026-06-10 19:13:52.160","level":"DEBUG","thread":"main","correlationId":"","logger":"o.s.w.s.m.m.a.RequestMappingHandlerAdapter","message":"ControllerAdvice beans: 0 @ModelAttribute, 0 @InitBinder, 1 RequestBodyAdvice, 1 ResponseBodyAdvice","exception":""}
{"timestamp":"2026-06-10 19:13:52.162","level":"DEBUG","thread":"main","correlationId":"","logger":"o.s.w.s.m.m.a.ExceptionHandlerExceptionResolver","message":"ControllerAdvice beans: 2 @ExceptionHandler, 1 ResponseBodyAdvice","exception":""}
{"timestamp":"2026-06-10 19:13:52.189","level":"INFO","thread":"main","correlationId":"","logger":"o.s.b.a.h.H2ConsoleAutoConfiguration","message":"H2 console available at '/h2-console'. Database available at 'jdbc:h2:mem:deliverydb'","exception":""}
{"timestamp":"2026-06-10 19:13:52.200","level":"DEBUG","thread":"main","correlationId":"","logger":"o.s.w.f.ServerHttpObservationFilter","message":"Filter 'webMvcObservationFilter' configured for use","exception":""}
{"timestamp":"2026-06-10 19:13:52.200","level":"INFO","thread":"main","correlationId":"","logger":"o.s.b.t.m.w.SpringBootMockServletContext","message":"Initializing Spring TestDispatcherServlet ''","exception":""}
{"timestamp":"2026-06-10 19:13:52.200","level":"INFO","thread":"main","correlationId":"","logger":"o.s.t.w.s.TestDispatcherServlet","message":"Initializing Servlet ''","exception":""}
{"timestamp":"2026-06-10 19:13:52.201","level":"INFO","thread":"main","correlationId":"","logger":"o.s.t.w.s.TestDispatcherServlet","message":"Completed initialization in 1 ms","exception":""}
{"timestamp":"2026-06-10 19:13:52.209","level":"INFO","thread":"main","correlationId":"","logger":"c.d.d.c.PedidoControllerTest","message":"Started PedidoControllerTest in 0.558 seconds (process running for 53.939)","exception":""}
{"timestamp":"2026-06-10 19:13:52.235","level":"DEBUG","thread":"main","correlationId":"","logger":"o.s.security.web.FilterChainProxy","message":"Securing POST /api/pedidos","exception":""}
{"timestamp":"2026-06-10 19:13:52.236","level":"WARN","thread":"main","correlationId":"","logger":"c.d.d.s.JwtAuthenticationFilter","message":"JWT Token não começa com Bearer String","exception":""}
{"timestamp":"2026-06-10 19:13:52.236","level":"DEBUG","thread":"main","correlationId":"","logger":"o.s.security.web.FilterChainProxy","message":"Secured POST /api/pedidos","exception":""}
{"timestamp":"2026-06-10 19:13:52.237","level":"DEBUG","thread":"main","correlationId":"02c9fec461cf4a46","logger":"o.s.w.s.m.m.a.RequestMappingHandlerMapping","message":"Mapped to com.deliverytech.delivery_api.controller.PedidoController#criarPedido(PedidoReqDTO)","exception":""}
{"timestamp":"2026-06-10 19:13:52.238","level":"DEBUG","thread":"main","correlationId":"02c9fec461cf4a46","logger":"o.s.w.s.m.m.a.RequestResponseBodyMethodProcessor","message":"Read "application/json;charset=UTF-8" to [com.deliverytech.delivery_api.dto.req.PedidoReqDTO@53cafb7c]","exception":""}
{"timestamp":"2026-06-10 19:13:52.254","level":"DEBUG","thread":"main","correlationId":"02c9fec461cf4a46","logger":"o.s.w.s.m.m.a.HttpEntityMethodProcessor","message":"Using 'application/json', given [*/*] and supported [application/json, application/*+json, application/yaml]","exception":""}
{"timestamp":"2026-06-10 19:13:52.254","level":"DEBUG","thread":"main","correlationId":"02c9fec461cf4a46","logger":"o.s.w.s.m.m.a.HttpEntityMethodProcessor","message":"Writing [com.deliverytech.delivery_api.dto.res.PedidoResDTO@267affe2]","exception":""}
{"timestamp":"2026-06-10 19:13:52.261","level":"DEBUG","thread":"main","correlationId":"","logger":"o.s.security.web.FilterChainProxy","message":"Securing GET /api/pedidos/cliente/4","exception":""}
{"timestamp":"2026-06-10 19:13:52.262","level":"WARN","thread":"main","correlationId":"","logger":"c.d.d.s.JwtAuthenticationFilter","message":"JWT Token não começa com Bearer String","exception":""}
{"timestamp":"2026-06-10 19:13:52.262","level":"DEBUG","thread":"main","correlationId":"","logger":"o.s.security.web.FilterChainProxy","message":"Secured GET /api/pedidos/cliente/4","exception":""}
{"timestamp":"2026-06-10 19:13:52.263","level":"DEBUG","thread":"main","correlationId":"21708aca3d34489f","logger":"o.s.w.s.m.m.a.RequestMappingHandlerMapping","message":"Mapped to com.deliverytech.delivery_api.controller.PedidoController#buscarPorCliente(Long)","exception":""}
{"timestamp":"2026-06-10 19:13:52.287","level":"DEBUG","thread":"main","correlationId":"21708aca3d34489f","logger":"o.s.w.s.m.m.a.HttpEntityMethodProcessor","message":"Using 'application/json', given [*/*] and supported [application/json, application/*+json, application/yaml]","exception":""}
{"timestamp":"2026-06-10 19:13:52.288","level":"DEBUG","thread":"main","correlationId":"21708aca3d34489f","logger":"o.s.w.s.m.m.a.HttpEntityMethodProcessor","message":"Writing [[com.deliverytech.delivery_api.dto.res.PedidoResDTO@5755f0a6]]","exception":""}
{"timestamp":"2026-06-10 19:13:52.296","level":"DEBUG","thread":"main","correlationId":"","logger":"o.s.w.c.s.GenericWebApplicationContext","message":"Closing org.springframework.web.context.support.GenericWebApplicationContext@128bec8d, started on Wed Jun 10 19:13:51 BRT 2026","exception":""}
{"timestamp":"2026-06-10 19:13:52.298","level":"INFO","thread":"main","correlationId":"","logger":"o.s.o.j.LocalContainerEntityManagerFactoryBean","message":"Closing JPA EntityManagerFactory for persistence unit 'default'","exception":""}
{"timestamp":"2026-06-10 19:13:52.300","level":"INFO","thread":"main","correlationId":"","logger":"com.zaxxer.hikari.HikariDataSource","message":"HikariPool-14 - Shutdown initiated...","exception":""}
{"timestamp":"2026-06-10 19:13:52.300","level":"INFO","thread":"main","correlationId":"","logger":"com.zaxxer.hikari.HikariDataSource","message":"HikariPool-14 - Shutdown completed.","exception":""}
{"timestamp":"2026-06-10 19:13:52.302","level":"INFO","thread":"main","correlationId":"","logger":"o.s.b.d.r.RestartApplicationListener","message":"Restart disabled due to context in which it is running","exception":""}
{"timestamp":"2026-06-10 19:13:52.318","level":"INFO","thread":"main","correlationId":"","logger":"c.d.d.c.PedidoControllerTest","message":"Starting PedidoControllerTest using Java 21.0.11 with PID 25592 (started by Santana in C:\Pasta Códiguinhos\arquitetura de sistemas fat\delivery-api\delivery-api)","exception":""}
{"timestamp":"2026-06-10 19:13:52.319","level":"INFO","thread":"main","correlationId":"","logger":"c.d.d.c.PedidoControllerTest","message":"The following 1 profile is active: "test"","exception":""}
{"timestamp":"2026-06-10 19:13:52.320","level":"DEBUG","thread":"main","correlationId":"","logger":"o.s.w.c.s.GenericWebApplicationContext","message":"Refreshing org.springframework.web.context.support.GenericWebApplicationContext@3936145e","exception":""}
{"timestamp":"2026-06-10 19:13:52.485","level":"INFO","thread":"main","correlationId":"","logger":"o.s.d.r.c.RepositoryConfigurationDelegate","message":"Bootstrapping Spring Data JPA repositories in DEFAULT mode.","exception":""}
{"timestamp":"2026-06-10 19:13:52.499","level":"INFO","thread":"main","correlationId":"","logger":"o.s.d.r.c.RepositoryConfigurationDelegate","message":"Finished Spring Data repository scanning in 14 ms. Found 5 JPA repository interfaces.","exception":""}
{"timestamp":"2026-06-10 19:13:52.544","level":"INFO","thread":"main","correlationId":"","logger":"o.s.o.j.p.SpringPersistenceUnitInfo","message":"No LoadTimeWeaver setup: ignoring JPA class transformer","exception":""}
{"timestamp":"2026-06-10 19:13:52.746","level":"INFO","thread":"main","correlationId":"","logger":"com.zaxxer.hikari.HikariDataSource","message":"HikariPool-15 - Starting...","exception":""}
{"timestamp":"2026-06-10 19:13:56.107","level":"INFO","thread":"main","correlationId":"","logger":"com.zaxxer.hikari.pool.HikariPool","message":"HikariPool-15 - Added connection conn137: url=jdbc:h2:mem:deliverydb user=SA","exception":""}
{"timestamp":"2026-06-10 19:13:56.107","level":"INFO","thread":"main","correlationId":"","logger":"com.zaxxer.hikari.HikariDataSource","message":"HikariPool-15 - Start completed.","exception":""}
{"timestamp":"2026-06-10 19:13:56.107","level":"WARN","thread":"main","correlationId":"","logger":"org.hibernate.orm.deprecation","message":"HHH90000025: H2Dialect does not need to be specified explicitly using 'hibernate.dialect' (remove the property setting and it will be selected by default)","exception":""}
{"timestamp":"2026-06-10 19:13:56.146","level":"INFO","thread":"main","correlationId":"","logger":"o.s.o.j.LocalContainerEntityManagerFactoryBean","message":"Initialized JPA EntityManagerFactory for persistence unit 'default'","exception":""}
{"timestamp":"2026-06-10 19:13:56.167","level":"INFO","thread":"main","correlationId":"","logger":"o.s.s.c.a.a.c.InitializeAuthenticationProviderBeanManagerConfigurer$InitializeAuthenticationProviderManagerConfigurer","message":"Global AuthenticationManager configured with AuthenticationProvider bean with name authenticationProvider","exception":""}
{"timestamp":"2026-06-10 19:13:56.167","level":"WARN","thread":"main","correlationId":"","logger":"o.s.s.c.a.a.c.InitializeUserDetailsBeanManagerConfigurer$InitializeUserDetailsManagerConfigurer","message":"Global AuthenticationManager configured with an AuthenticationProvider bean. UserDetailsService beans will not be used by Spring Security for automatically configuring username/password login. Consider removing the AuthenticationProvider bean. Alternatively, consider using the UserDetailsService in a manually instantiated DaoAuthenticationProvider. If the current configuration is intentional, to turn off this warning, increase the logging level of 'org.springframework.security.config.annotation.authentication.configuration.InitializeUserDetailsBeanManagerConfigurer' to ERROR","exception":""}
{"timestamp":"2026-06-10 19:13:56.245","level":"DEBUG","thread":"main","correlationId":"","logger":"o.s.w.s.m.m.a.RequestMappingHandlerMapping","message":"42 mappings in 'requestMappingHandlerMapping'","exception":""}
{"timestamp":"2026-06-10 19:13:56.263","level":"DEBUG","thread":"main","correlationId":"","logger":"o.s.w.s.h.SimpleUrlHandlerMapping","message":"Patterns [/webjars/**, /**, /swagger-ui*/*swagger-initializer.js, /swagger-ui*/**] in 'resourceHandlerMapping'","exception":""}
{"timestamp":"2026-06-10 19:13:56.296","level":"INFO","thread":"main","correlationId":"","logger":"o.s.b.a.e.web.EndpointLinksResolver","message":"Exposing 13 endpoints beneath base path '/actuator'","exception":""}
{"timestamp":"2026-06-10 19:13:56.321","level":"DEBUG","thread":"main","correlationId":"","logger":"o.s.s.web.DefaultSecurityFilterChain","message":"Will secure any request with filters: DisableEncodeUrlFilter, WebAsyncManagerIntegrationFilter, SecurityContextHolderFilter, HeaderWriterFilter, CorsFilter, LogoutFilter, JwtAuthenticationFilter, RequestCacheAwareFilter, SecurityContextHolderAwareRequestFilter, AnonymousAuthenticationFilter, SessionManagementFilter, ExceptionTranslationFilter, AuthorizationFilter","exception":""}
{"timestamp":"2026-06-10 19:13:56.343","level":"DEBUG","thread":"main","correlationId":"","logger":"o.s.w.s.m.m.a.RequestMappingHandlerAdapter","message":"ControllerAdvice beans: 0 @ModelAttribute, 0 @InitBinder, 1 RequestBodyAdvice, 1 ResponseBodyAdvice","exception":""}
{"timestamp":"2026-06-10 19:13:56.347","level":"DEBUG","thread":"main","correlationId":"","logger":"o.s.w.s.m.m.a.ExceptionHandlerExceptionResolver","message":"ControllerAdvice beans: 2 @ExceptionHandler, 1 ResponseBodyAdvice","exception":""}
{"timestamp":"2026-06-10 19:13:56.375","level":"INFO","thread":"main","correlationId":"","logger":"o.s.b.a.h.H2ConsoleAutoConfiguration","message":"H2 console available at '/h2-console'. Database available at 'jdbc:h2:mem:deliverydb'","exception":""}
{"timestamp":"2026-06-10 19:13:56.386","level":"DEBUG","thread":"main","correlationId":"","logger":"o.s.w.f.ServerHttpObservationFilter","message":"Filter 'webMvcObservationFilter' configured for use","exception":""}
{"timestamp":"2026-06-10 19:13:56.386","level":"INFO","thread":"main","correlationId":"","logger":"o.s.b.t.m.w.SpringBootMockServletContext","message":"Initializing Spring TestDispatcherServlet ''","exception":""}
{"timestamp":"2026-06-10 19:13:56.386","level":"INFO","thread":"main","correlationId":"","logger":"o.s.t.w.s.TestDispatcherServlet","message":"Initializing Servlet ''","exception":""}
{"timestamp":"2026-06-10 19:13:56.387","level":"INFO","thread":"main","correlationId":"","logger":"o.s.t.w.s.TestDispatcherServlet","message":"Completed initialization in 1 ms","exception":""}
{"timestamp":"2026-06-10 19:13:56.394","level":"INFO","thread":"main","correlationId":"","logger":"c.d.d.c.PedidoControllerTest","message":"Started PedidoControllerTest in 4.093 seconds (process running for 58.124)","exception":""}
{"timestamp":"2026-06-10 19:13:56.417","level":"DEBUG","thread":"main","correlationId":"","logger":"o.s.security.web.FilterChainProxy","message":"Securing POST /api/pedidos","exception":""}
{"timestamp":"2026-06-10 19:13:56.418","level":"WARN","thread":"main","correlationId":"","logger":"c.d.d.s.JwtAuthenticationFilter","message":"JWT Token não começa com Bearer String","exception":""}
{"timestamp":"2026-06-10 19:13:56.418","level":"DEBUG","thread":"main","correlationId":"","logger":"o.s.security.web.FilterChainProxy","message":"Secured POST /api/pedidos","exception":""}
{"timestamp":"2026-06-10 19:13:56.419","level":"DEBUG","thread":"main","correlationId":"4832454cc9034363","logger":"o.s.w.s.m.m.a.RequestMappingHandlerMapping","message":"Mapped to com.deliverytech.delivery_api.controller.PedidoController#criarPedido(PedidoReqDTO)","exception":""}
{"timestamp":"2026-06-10 19:13:56.420","level":"DEBUG","thread":"main","correlationId":"4832454cc9034363","logger":"o.s.w.s.m.m.a.RequestResponseBodyMethodProcessor","message":"Read "application/json;charset=UTF-8" to [com.deliverytech.delivery_api.dto.req.PedidoReqDTO@94e5883]","exception":""}
{"timestamp":"2026-06-10 19:13:56.430","level":"DEBUG","thread":"main","correlationId":"4832454cc9034363","logger":"o.s.w.s.m.m.a.ExceptionHandlerExceptionResolver","message":"Using @ExceptionHandler com.deliverytech.delivery_api.exception.GlobalExceptionHandler#handleBusinessException(BusinessException, HttpServletRequest)","exception":""}
{"timestamp":"2026-06-10 19:13:56.432","level":"DEBUG","thread":"main","correlationId":"4832454cc9034363","logger":"o.s.w.s.m.m.a.HttpEntityMethodProcessor","message":"Using 'application/json', given [*/*] and supported [application/json, application/*+json, application/yaml]","exception":""}
{"timestamp":"2026-06-10 19:13:56.432","level":"DEBUG","thread":"main","correlationId":"4832454cc9034363","logger":"o.s.w.s.m.m.a.HttpEntityMethodProcessor","message":"Writing [com.deliverytech.delivery_api.dto.ErrorResponse@2976dd52]","exception":""}
{"timestamp":"2026-06-10 19:13:56.432","level":"DEBUG","thread":"main","correlationId":"4832454cc9034363","logger":"o.s.w.s.m.m.a.ExceptionHandlerExceptionResolver","message":"Resolved [com.deliverytech.delivery_api.exception.BusinessException: Cliente inativo não pode fazer pedidos]","exception":""}
{"timestamp":"2026-06-10 19:13:56.439","level":"DEBUG","thread":"main","correlationId":"","logger":"o.s.w.c.s.GenericWebApplicationContext","message":"Closing org.springframework.web.context.support.GenericWebApplicationContext@3936145e, started on Wed Jun 10 19:13:52 BRT 2026","exception":""}
{"timestamp":"2026-06-10 19:13:56.441","level":"INFO","thread":"main","correlationId":"","logger":"o.s.o.j.LocalContainerEntityManagerFactoryBean","message":"Closing JPA EntityManagerFactory for persistence unit 'default'","exception":""}
{"timestamp":"2026-06-10 19:13:56.441","level":"INFO","thread":"main","correlationId":"","logger":"com.zaxxer.hikari.HikariDataSource","message":"HikariPool-15 - Shutdown initiated...","exception":""}
{"timestamp":"2026-06-10 19:13:56.462","level":"INFO","thread":"main","correlationId":"","logger":"com.zaxxer.hikari.HikariDataSource","message":"HikariPool-15 - Shutdown completed.","exception":""}
{"timestamp":"2026-06-10 19:13:56.464","level":"INFO","thread":"main","correlationId":"","logger":"o.s.b.d.r.RestartApplicationListener","message":"Restart disabled due to context in which it is running","exception":""}
{"timestamp":"2026-06-10 19:13:56.479","level":"INFO","thread":"main","correlationId":"","logger":"c.d.d.c.PedidoControllerTest","message":"Starting PedidoControllerTest using Java 21.0.11 with PID 25592 (started by Santana in C:\Pasta Códiguinhos\arquitetura de sistemas fat\delivery-api\delivery-api)","exception":""}
{"timestamp":"2026-06-10 19:13:56.479","level":"INFO","thread":"main","correlationId":"","logger":"c.d.d.c.PedidoControllerTest","message":"The following 1 profile is active: "test"","exception":""}
{"timestamp":"2026-06-10 19:13:56.480","level":"DEBUG","thread":"main","correlationId":"","logger":"o.s.w.c.s.GenericWebApplicationContext","message":"Refreshing org.springframework.web.context.support.GenericWebApplicationContext@5c1bcb48","exception":""}
{"timestamp":"2026-06-10 19:13:56.636","level":"INFO","thread":"main","correlationId":"","logger":"o.s.d.r.c.RepositoryConfigurationDelegate","message":"Bootstrapping Spring Data JPA repositories in DEFAULT mode.","exception":""}
{"timestamp":"2026-06-10 19:13:56.650","level":"INFO","thread":"main","correlationId":"","logger":"o.s.d.r.c.RepositoryConfigurationDelegate","message":"Finished Spring Data repository scanning in 13 ms. Found 5 JPA repository interfaces.","exception":""}
{"timestamp":"2026-06-10 19:13:56.695","level":"INFO","thread":"main","correlationId":"","logger":"o.s.o.j.p.SpringPersistenceUnitInfo","message":"No LoadTimeWeaver setup: ignoring JPA class transformer","exception":""}
{"timestamp":"2026-06-10 19:13:56.695","level":"INFO","thread":"main","correlationId":"","logger":"com.zaxxer.hikari.HikariDataSource","message":"HikariPool-16 - Starting...","exception":""}
{"timestamp":"2026-06-10 19:13:56.696","level":"INFO","thread":"main","correlationId":"","logger":"com.zaxxer.hikari.pool.HikariPool","message":"HikariPool-16 - Added connection conn146: url=jdbc:h2:mem:deliverydb user=SA","exception":""}
{"timestamp":"2026-06-10 19:13:56.696","level":"INFO","thread":"main","correlationId":"","logger":"com.zaxxer.hikari.HikariDataSource","message":"HikariPool-16 - Start completed.","exception":""}
{"timestamp":"2026-06-10 19:13:56.697","level":"WARN","thread":"main","correlationId":"","logger":"org.hibernate.orm.deprecation","message":"HHH90000025: H2Dialect does not need to be specified explicitly using 'hibernate.dialect' (remove the property setting and it will be selected by default)","exception":""}
{"timestamp":"2026-06-10 19:13:56.730","level":"INFO","thread":"main","correlationId":"","logger":"o.s.o.j.LocalContainerEntityManagerFactoryBean","message":"Initialized JPA EntityManagerFactory for persistence unit 'default'","exception":""}
{"timestamp":"2026-06-10 19:13:56.749","level":"INFO","thread":"main","correlationId":"","logger":"o.s.s.c.a.a.c.InitializeAuthenticationProviderBeanManagerConfigurer$InitializeAuthenticationProviderManagerConfigurer","message":"Global AuthenticationManager configured with AuthenticationProvider bean with name authenticationProvider","exception":""}
{"timestamp":"2026-06-10 19:13:56.749","level":"WARN","thread":"main","correlationId":"","logger":"o.s.s.c.a.a.c.InitializeUserDetailsBeanManagerConfigurer$InitializeUserDetailsManagerConfigurer","message":"Global AuthenticationManager configured with an AuthenticationProvider bean. UserDetailsService beans will not be used by Spring Security for automatically configuring username/password login. Consider removing the AuthenticationProvider bean. Alternatively, consider using the UserDetailsService in a manually instantiated DaoAuthenticationProvider. If the current configuration is intentional, to turn off this warning, increase the logging level of 'org.springframework.security.config.annotation.authentication.configuration.InitializeUserDetailsBeanManagerConfigurer' to ERROR","exception":""}
{"timestamp":"2026-06-10 19:13:56.828","level":"DEBUG","thread":"main","correlationId":"","logger":"o.s.w.s.m.m.a.RequestMappingHandlerMapping","message":"42 mappings in 'requestMappingHandlerMapping'","exception":""}
{"timestamp":"2026-06-10 19:13:56.847","level":"DEBUG","thread":"main","correlationId":"","logger":"o.s.w.s.h.SimpleUrlHandlerMapping","message":"Patterns [/webjars/**, /**, /swagger-ui*/*swagger-initializer.js, /swagger-ui*/**] in 'resourceHandlerMapping'","exception":""}
{"timestamp":"2026-06-10 19:13:56.877","level":"INFO","thread":"main","correlationId":"","logger":"o.s.b.a.e.web.EndpointLinksResolver","message":"Exposing 13 endpoints beneath base path '/actuator'","exception":""}
{"timestamp":"2026-06-10 19:13:56.904","level":"DEBUG","thread":"main","correlationId":"","logger":"o.s.s.web.DefaultSecurityFilterChain","message":"Will secure any request with filters: DisableEncodeUrlFilter, WebAsyncManagerIntegrationFilter, SecurityContextHolderFilter, HeaderWriterFilter, CorsFilter, LogoutFilter, JwtAuthenticationFilter, RequestCacheAwareFilter, SecurityContextHolderAwareRequestFilter, AnonymousAuthenticationFilter, SessionManagementFilter, ExceptionTranslationFilter, AuthorizationFilter","exception":""}
{"timestamp":"2026-06-10 19:13:56.925","level":"DEBUG","thread":"main","correlationId":"","logger":"o.s.w.s.m.m.a.RequestMappingHandlerAdapter","message":"ControllerAdvice beans: 0 @ModelAttribute, 0 @InitBinder, 1 RequestBodyAdvice, 1 ResponseBodyAdvice","exception":""}
{"timestamp":"2026-06-10 19:13:57.285","level":"DEBUG","thread":"main","correlationId":"","logger":"o.s.w.s.m.m.a.ExceptionHandlerExceptionResolver","message":"ControllerAdvice beans: 2 @ExceptionHandler, 1 ResponseBodyAdvice","exception":""}
{"timestamp":"2026-06-10 19:13:57.312","level":"INFO","thread":"main","correlationId":"","logger":"o.s.b.a.h.H2ConsoleAutoConfiguration","message":"H2 console available at '/h2-console'. Database available at 'jdbc:h2:mem:deliverydb'","exception":""}
{"timestamp":"2026-06-10 19:13:57.324","level":"DEBUG","thread":"main","correlationId":"","logger":"o.s.w.f.ServerHttpObservationFilter","message":"Filter 'webMvcObservationFilter' configured for use","exception":""}
{"timestamp":"2026-06-10 19:13:57.324","level":"INFO","thread":"main","correlationId":"","logger":"o.s.b.t.m.w.SpringBootMockServletContext","message":"Initializing Spring TestDispatcherServlet ''","exception":""}
{"timestamp":"2026-06-10 19:13:57.324","level":"INFO","thread":"main","correlationId":"","logger":"o.s.t.w.s.TestDispatcherServlet","message":"Initializing Servlet ''","exception":""}
{"timestamp":"2026-06-10 19:13:57.324","level":"INFO","thread":"main","correlationId":"","logger":"o.s.t.w.s.TestDispatcherServlet","message":"Completed initialization in 0 ms","exception":""}
{"timestamp":"2026-06-10 19:13:57.332","level":"INFO","thread":"main","correlationId":"","logger":"c.d.d.c.PedidoControllerTest","message":"Started PedidoControllerTest in 0.868 seconds (process running for 59.062)","exception":""}
{"timestamp":"2026-06-10 19:13:57.369","level":"DEBUG","thread":"main","correlationId":"","logger":"o.s.security.web.FilterChainProxy","message":"Securing POST /api/pedidos","exception":""}
{"timestamp":"2026-06-10 19:13:57.370","level":"WARN","thread":"main","correlationId":"","logger":"c.d.d.s.JwtAuthenticationFilter","message":"JWT Token não começa com Bearer String","exception":""}
{"timestamp":"2026-06-10 19:13:57.370","level":"DEBUG","thread":"main","correlationId":"","logger":"o.s.security.web.FilterChainProxy","message":"Secured POST /api/pedidos","exception":""}
{"timestamp":"2026-06-10 19:13:57.371","level":"DEBUG","thread":"main","correlationId":"977583e10fc44a5a","logger":"o.s.w.s.m.m.a.RequestMappingHandlerMapping","message":"Mapped to com.deliverytech.delivery_api.controller.PedidoController#criarPedido(PedidoReqDTO)","exception":""}
{"timestamp":"2026-06-10 19:13:57.372","level":"DEBUG","thread":"main","correlationId":"977583e10fc44a5a","logger":"o.s.w.s.m.m.a.RequestResponseBodyMethodProcessor","message":"Read "application/json;charset=UTF-8" to [com.deliverytech.delivery_api.dto.req.PedidoReqDTO@61221f18]","exception":""}
{"timestamp":"2026-06-10 19:13:57.388","level":"DEBUG","thread":"main","correlationId":"977583e10fc44a5a","logger":"o.s.w.s.m.m.a.HttpEntityMethodProcessor","message":"Using 'application/json', given [*/*] and supported [application/json, application/*+json, application/yaml]","exception":""}
{"timestamp":"2026-06-10 19:13:57.389","level":"DEBUG","thread":"main","correlationId":"977583e10fc44a5a","logger":"o.s.w.s.m.m.a.HttpEntityMethodProcessor","message":"Writing [com.deliverytech.delivery_api.dto.res.PedidoResDTO@2227fd3a]","exception":""}
{"timestamp":"2026-06-10 19:13:57.403","level":"DEBUG","thread":"main","correlationId":"","logger":"o.s.security.web.FilterChainProxy","message":"Securing DELETE /api/pedidos/4","exception":""}
{"timestamp":"2026-06-10 19:13:57.404","level":"WARN","thread":"main","correlationId":"","logger":"c.d.d.s.JwtAuthenticationFilter","message":"JWT Token não começa com Bearer String","exception":""}
{"timestamp":"2026-06-10 19:13:57.405","level":"DEBUG","thread":"main","correlationId":"","logger":"o.s.security.web.FilterChainProxy","message":"Secured DELETE /api/pedidos/4","exception":""}
{"timestamp":"2026-06-10 19:13:57.405","level":"DEBUG","thread":"main","correlationId":"aa5a4e9726f5493a","logger":"o.s.w.s.m.m.a.RequestMappingHandlerMapping","message":"Mapped to com.deliverytech.delivery_api.controller.PedidoController#cancelarPedido(Long)","exception":""}
{"timestamp":"2026-06-10 19:13:57.413","level":"DEBUG","thread":"main","correlationId":"aa5a4e9726f5493a","logger":"o.s.w.s.m.m.a.HttpEntityMethodProcessor","message":"Using 'application/json', given [*/*] and supported [application/json, application/*+json, application/yaml]","exception":""}
{"timestamp":"2026-06-10 19:13:57.415","level":"DEBUG","thread":"main","correlationId":"aa5a4e9726f5493a","logger":"o.s.w.s.m.m.a.HttpEntityMethodProcessor","message":"Nothing to write: null body","exception":""}
{"timestamp":"2026-06-10 19:13:57.417","level":"DEBUG","thread":"main","correlationId":"","logger":"o.s.security.web.FilterChainProxy","message":"Securing GET /api/pedidos/4","exception":""}
{"timestamp":"2026-06-10 19:13:57.417","level":"WARN","thread":"main","correlationId":"","logger":"c.d.d.s.JwtAuthenticationFilter","message":"JWT Token não começa com Bearer String","exception":""}
{"timestamp":"2026-06-10 19:13:57.418","level":"DEBUG","thread":"main","correlationId":"","logger":"o.s.security.web.FilterChainProxy","message":"Secured GET /api/pedidos/4","exception":""}
{"timestamp":"2026-06-10 19:13:57.418","level":"DEBUG","thread":"main","correlationId":"6d82cac9f699485e","logger":"o.s.w.s.m.m.a.RequestMappingHandlerMapping","message":"Mapped to com.deliverytech.delivery_api.controller.PedidoController#buscarPorId(Long)","exception":""}
{"timestamp":"2026-06-10 19:13:57.419","level":"DEBUG","thread":"main","correlationId":"6d82cac9f699485e","logger":"o.s.w.s.m.m.a.HttpEntityMethodProcessor","message":"Using 'application/json', given [*/*] and supported [application/json, application/*+json, application/yaml]","exception":""}
{"timestamp":"2026-06-10 19:13:57.419","level":"DEBUG","thread":"main","correlationId":"6d82cac9f699485e","logger":"o.s.w.s.m.m.a.HttpEntityMethodProcessor","message":"Writing [com.deliverytech.delivery_api.dto.res.PedidoResDTO@16c111c3]","exception":""}
{"timestamp":"2026-06-10 19:13:57.424","level":"DEBUG","thread":"main","correlationId":"","logger":"o.s.w.c.s.GenericWebApplicationContext","message":"Closing org.springframework.web.context.support.GenericWebApplicationContext@5c1bcb48, started on Wed Jun 10 19:13:56 BRT 2026","exception":""}
{"timestamp":"2026-06-10 19:13:57.426","level":"INFO","thread":"main","correlationId":"","logger":"o.s.o.j.LocalContainerEntityManagerFactoryBean","message":"Closing JPA EntityManagerFactory for persistence unit 'default'","exception":""}
{"timestamp":"2026-06-10 19:13:57.427","level":"INFO","thread":"main","correlationId":"","logger":"com.zaxxer.hikari.HikariDataSource","message":"HikariPool-16 - Shutdown initiated...","exception":""}
{"timestamp":"2026-06-10 19:13:57.427","level":"INFO","thread":"main","correlationId":"","logger":"com.zaxxer.hikari.HikariDataSource","message":"HikariPool-16 - Shutdown completed.","exception":""}
{"timestamp":"2026-06-10 19:13:57.429","level":"INFO","thread":"main","correlationId":"","logger":"o.s.b.d.r.RestartApplicationListener","message":"Restart disabled due to context in which it is running","exception":""}
{"timestamp":"2026-06-10 19:13:57.447","level":"INFO","thread":"main","correlationId":"","logger":"c.d.d.c.PedidoControllerTest","message":"Starting PedidoControllerTest using Java 21.0.11 with PID 25592 (started by Santana in C:\Pasta Códiguinhos\arquitetura de sistemas fat\delivery-api\delivery-api)","exception":""}
{"timestamp":"2026-06-10 19:13:57.447","level":"INFO","thread":"main","correlationId":"","logger":"c.d.d.c.PedidoControllerTest","message":"The following 1 profile is active: "test"","exception":""}
{"timestamp":"2026-06-10 19:13:57.448","level":"DEBUG","thread":"main","correlationId":"","logger":"o.s.w.c.s.GenericWebApplicationContext","message":"Refreshing org.springframework.web.context.support.GenericWebApplicationContext@5ee073bc","exception":""}
{"timestamp":"2026-06-10 19:13:57.607","level":"INFO","thread":"main","correlationId":"","logger":"o.s.d.r.c.RepositoryConfigurationDelegate","message":"Bootstrapping Spring Data JPA repositories in DEFAULT mode.","exception":""}
{"timestamp":"2026-06-10 19:13:57.624","level":"INFO","thread":"main","correlationId":"","logger":"o.s.d.r.c.RepositoryConfigurationDelegate","message":"Finished Spring Data repository scanning in 15 ms. Found 5 JPA repository interfaces.","exception":""}
{"timestamp":"2026-06-10 19:13:57.672","level":"INFO","thread":"main","correlationId":"","logger":"o.s.o.j.p.SpringPersistenceUnitInfo","message":"No LoadTimeWeaver setup: ignoring JPA class transformer","exception":""}
{"timestamp":"2026-06-10 19:13:57.672","level":"INFO","thread":"main","correlationId":"","logger":"com.zaxxer.hikari.HikariDataSource","message":"HikariPool-17 - Starting...","exception":""}
{"timestamp":"2026-06-10 19:13:57.674","level":"INFO","thread":"main","correlationId":"","logger":"com.zaxxer.hikari.pool.HikariPool","message":"HikariPool-17 - Added connection conn156: url=jdbc:h2:mem:deliverydb user=SA","exception":""}
{"timestamp":"2026-06-10 19:13:57.674","level":"INFO","thread":"main","correlationId":"","logger":"com.zaxxer.hikari.HikariDataSource","message":"HikariPool-17 - Start completed.","exception":""}
{"timestamp":"2026-06-10 19:13:57.674","level":"WARN","thread":"main","correlationId":"","logger":"org.hibernate.orm.deprecation","message":"HHH90000025: H2Dialect does not need to be specified explicitly using 'hibernate.dialect' (remove the property setting and it will be selected by default)","exception":""}
{"timestamp":"2026-06-10 19:13:57.711","level":"INFO","thread":"main","correlationId":"","logger":"o.s.o.j.LocalContainerEntityManagerFactoryBean","message":"Initialized JPA EntityManagerFactory for persistence unit 'default'","exception":""}
{"timestamp":"2026-06-10 19:13:59.750","level":"INFO","thread":"main","correlationId":"","logger":"o.s.s.c.a.a.c.InitializeAuthenticationProviderBeanManagerConfigurer$InitializeAuthenticationProviderManagerConfigurer","message":"Global AuthenticationManager configured with AuthenticationProvider bean with name authenticationProvider","exception":""}
{"timestamp":"2026-06-10 19:13:59.750","level":"WARN","thread":"main","correlationId":"","logger":"o.s.s.c.a.a.c.InitializeUserDetailsBeanManagerConfigurer$InitializeUserDetailsManagerConfigurer","message":"Global AuthenticationManager configured with an AuthenticationProvider bean. UserDetailsService beans will not be used by Spring Security for automatically configuring username/password login. Consider removing the AuthenticationProvider bean. Alternatively, consider using the UserDetailsService in a manually instantiated DaoAuthenticationProvider. If the current configuration is intentional, to turn off this warning, increase the logging level of 'org.springframework.security.config.annotation.authentication.configuration.InitializeUserDetailsBeanManagerConfigurer' to ERROR","exception":""}
{"timestamp":"2026-06-10 19:13:59.828","level":"DEBUG","thread":"main","correlationId":"","logger":"o.s.w.s.m.m.a.RequestMappingHandlerMapping","message":"42 mappings in 'requestMappingHandlerMapping'","exception":""}
{"timestamp":"2026-06-10 19:13:59.847","level":"DEBUG","thread":"main","correlationId":"","logger":"o.s.w.s.h.SimpleUrlHandlerMapping","message":"Patterns [/webjars/**, /**, /swagger-ui*/*swagger-initializer.js, /swagger-ui*/**] in 'resourceHandlerMapping'","exception":""}
{"timestamp":"2026-06-10 19:13:59.877","level":"INFO","thread":"main","correlationId":"","logger":"o.s.b.a.e.web.EndpointLinksResolver","message":"Exposing 13 endpoints beneath base path '/actuator'","exception":""}
{"timestamp":"2026-06-10 19:13:59.910","level":"DEBUG","thread":"main","correlationId":"","logger":"o.s.s.web.DefaultSecurityFilterChain","message":"Will secure any request with filters: DisableEncodeUrlFilter, WebAsyncManagerIntegrationFilter, SecurityContextHolderFilter, HeaderWriterFilter, CorsFilter, LogoutFilter, JwtAuthenticationFilter, RequestCacheAwareFilter, SecurityContextHolderAwareRequestFilter, AnonymousAuthenticationFilter, SessionManagementFilter, ExceptionTranslationFilter, AuthorizationFilter","exception":""}
{"timestamp":"2026-06-10 19:13:59.930","level":"DEBUG","thread":"main","correlationId":"","logger":"o.s.w.s.m.m.a.RequestMappingHandlerAdapter","message":"ControllerAdvice beans: 0 @ModelAttribute, 0 @InitBinder, 1 RequestBodyAdvice, 1 ResponseBodyAdvice","exception":""}
{"timestamp":"2026-06-10 19:13:59.932","level":"DEBUG","thread":"main","correlationId":"","logger":"o.s.w.s.m.m.a.ExceptionHandlerExceptionResolver","message":"ControllerAdvice beans: 2 @ExceptionHandler, 1 ResponseBodyAdvice","exception":""}
{"timestamp":"2026-06-10 19:13:59.959","level":"INFO","thread":"main","correlationId":"","logger":"o.s.b.a.h.H2ConsoleAutoConfiguration","message":"H2 console available at '/h2-console'. Database available at 'jdbc:h2:mem:deliverydb'","exception":""}
{"timestamp":"2026-06-10 19:13:59.968","level":"DEBUG","thread":"main","correlationId":"","logger":"o.s.w.f.ServerHttpObservationFilter","message":"Filter 'webMvcObservationFilter' configured for use","exception":""}
{"timestamp":"2026-06-10 19:13:59.968","level":"INFO","thread":"main","correlationId":"","logger":"o.s.b.t.m.w.SpringBootMockServletContext","message":"Initializing Spring TestDispatcherServlet ''","exception":""}
{"timestamp":"2026-06-10 19:13:59.968","level":"INFO","thread":"main","correlationId":"","logger":"o.s.t.w.s.TestDispatcherServlet","message":"Initializing Servlet ''","exception":""}
{"timestamp":"2026-06-10 19:13:59.969","level":"INFO","thread":"main","correlationId":"","logger":"o.s.t.w.s.TestDispatcherServlet","message":"Completed initialization in 1 ms","exception":""}
{"timestamp":"2026-06-10 19:13:59.977","level":"INFO","thread":"main","correlationId":"","logger":"c.d.d.c.PedidoControllerTest","message":"Started PedidoControllerTest in 2.548 seconds (process running for 61.706)","exception":""}
{"timestamp":"2026-06-10 19:13:59.998","level":"DEBUG","thread":"main","correlationId":"","logger":"o.s.security.web.FilterChainProxy","message":"Securing POST /api/pedidos","exception":""}
{"timestamp":"2026-06-10 19:13:59.999","level":"WARN","thread":"main","correlationId":"","logger":"c.d.d.s.JwtAuthenticationFilter","message":"JWT Token não começa com Bearer String","exception":""}
{"timestamp":"2026-06-10 19:13:59.999","level":"DEBUG","thread":"main","correlationId":"","logger":"o.s.security.web.FilterChainProxy","message":"Secured POST /api/pedidos","exception":""}
{"timestamp":"2026-06-10 19:14:00.000","level":"DEBUG","thread":"main","correlationId":"4297817e792e44f8","logger":"o.s.w.s.m.m.a.RequestMappingHandlerMapping","message":"Mapped to com.deliverytech.delivery_api.controller.PedidoController#criarPedido(PedidoReqDTO)","exception":""}
{"timestamp":"2026-06-10 19:14:00.001","level":"DEBUG","thread":"main","correlationId":"4297817e792e44f8","logger":"o.s.w.s.m.m.a.RequestResponseBodyMethodProcessor","message":"Read "application/json;charset=UTF-8" to [com.deliverytech.delivery_api.dto.req.PedidoReqDTO@6a0c4bb4]","exception":""}
{"timestamp":"2026-06-10 19:14:00.006","level":"DEBUG","thread":"main","correlationId":"4297817e792e44f8","logger":"o.s.w.s.m.m.a.ExceptionHandlerExceptionResolver","message":"Using @ExceptionHandler com.deliverytech.delivery_api.exception.GlobalExceptionHandler#handleValidationException(MethodArgumentNotValidException, HttpServletRequest)","exception":""}
{"timestamp":"2026-06-10 19:14:00.008","level":"DEBUG","thread":"main","correlationId":"4297817e792e44f8","logger":"o.s.w.s.m.m.a.HttpEntityMethodProcessor","message":"Using 'application/json', given [*/*] and supported [application/json, application/*+json, application/yaml]","exception":""}
{"timestamp":"2026-06-10 19:14:00.008","level":"DEBUG","thread":"main","correlationId":"4297817e792e44f8","logger":"o.s.w.s.m.m.a.HttpEntityMethodProcessor","message":"Writing [com.deliverytech.delivery_api.dto.ErrorResponse@6d9dff60]","exception":""}
{"timestamp":"2026-06-10 19:14:00.009","level":"DEBUG","thread":"main","correlationId":"4297817e792e44f8","logger":"o.s.w.s.m.m.a.ExceptionHandlerExceptionResolver","message":"Resolved [org.springframework.web.bind.MethodArgumentNotValidException: Validation failed for argument [0] in public org.springframework.http.ResponseEntity<com.deliverytech.delivery_api.dto.res.PedidoResDTO> com.deliverytech.delivery_api.controller.PedidoController.criarPedido(com.deliverytech.delivery_api.dto.req.PedidoReqDTO): [Field error in object 'pedidoReqDTO' on field 'itens': rejected value [[]]; codes [NotEmpty.pedidoReqDTO.itens,NotEmpty.itens,NotEmpty.java.util.List,NotEmpty]; arguments [org.springframework.context.support.DefaultMessageSourceResolvable: codes [pedidoReqDTO.itens,itens]; arguments []; default message [itens]]; default message [Pedido deve ter pelo menos um item]] ]","exception":""}
{"timestamp":"2026-06-10 19:14:00.013","level":"DEBUG","thread":"main","correlationId":"","logger":"o.s.w.c.s.GenericWebApplicationContext","message":"Closing org.springframework.web.context.support.GenericWebApplicationContext@5ee073bc, started on Wed Jun 10 19:13:57 BRT 2026","exception":""}
{"timestamp":"2026-06-10 19:14:00.015","level":"INFO","thread":"main","correlationId":"","logger":"o.s.o.j.LocalContainerEntityManagerFactoryBean","message":"Closing JPA EntityManagerFactory for persistence unit 'default'","exception":""}
{"timestamp":"2026-06-10 19:14:00.017","level":"INFO","thread":"main","correlationId":"","logger":"com.zaxxer.hikari.HikariDataSource","message":"HikariPool-17 - Shutdown initiated...","exception":""}
{"timestamp":"2026-06-10 19:14:00.018","level":"INFO","thread":"main","correlationId":"","logger":"com.zaxxer.hikari.HikariDataSource","message":"HikariPool-17 - Shutdown completed.","exception":""}
{"timestamp":"2026-06-10 19:14:00.019","level":"INFO","thread":"main","correlationId":"","logger":"o.s.b.d.r.RestartApplicationListener","message":"Restart disabled due to context in which it is running","exception":""}
{"timestamp":"2026-06-10 19:14:00.038","level":"INFO","thread":"main","correlationId":"","logger":"c.d.d.c.PedidoControllerTest","message":"Starting PedidoControllerTest using Java 21.0.11 with PID 25592 (started by Santana in C:\Pasta Códiguinhos\arquitetura de sistemas fat\delivery-api\delivery-api)","exception":""}
{"timestamp":"2026-06-10 19:14:00.038","level":"INFO","thread":"main","correlationId":"","logger":"c.d.d.c.PedidoControllerTest","message":"The following 1 profile is active: "test"","exception":""}
{"timestamp":"2026-06-10 19:14:00.039","level":"DEBUG","thread":"main","correlationId":"","logger":"o.s.w.c.s.GenericWebApplicationContext","message":"Refreshing org.springframework.web.context.support.GenericWebApplicationContext@7e22ec83","exception":""}
{"timestamp":"2026-06-10 19:14:00.202","level":"INFO","thread":"main","correlationId":"","logger":"o.s.d.r.c.RepositoryConfigurationDelegate","message":"Bootstrapping Spring Data JPA repositories in DEFAULT mode.","exception":""}
{"timestamp":"2026-06-10 19:14:00.218","level":"INFO","thread":"main","correlationId":"","logger":"o.s.d.r.c.RepositoryConfigurationDelegate","message":"Finished Spring Data repository scanning in 14 ms. Found 5 JPA repository interfaces.","exception":""}
{"timestamp":"2026-06-10 19:14:00.262","level":"INFO","thread":"main","correlationId":"","logger":"o.s.o.j.p.SpringPersistenceUnitInfo","message":"No LoadTimeWeaver setup: ignoring JPA class transformer","exception":""}
{"timestamp":"2026-06-10 19:14:00.262","level":"INFO","thread":"main","correlationId":"","logger":"com.zaxxer.hikari.HikariDataSource","message":"HikariPool-18 - Starting...","exception":""}
{"timestamp":"2026-06-10 19:14:00.264","level":"INFO","thread":"main","correlationId":"","logger":"com.zaxxer.hikari.pool.HikariPool","message":"HikariPool-18 - Added connection conn166: url=jdbc:h2:mem:deliverydb user=SA","exception":""}
{"timestamp":"2026-06-10 19:14:00.264","level":"INFO","thread":"main","correlationId":"","logger":"com.zaxxer.hikari.HikariDataSource","message":"HikariPool-18 - Start completed.","exception":""}
{"timestamp":"2026-06-10 19:14:00.264","level":"WARN","thread":"main","correlationId":"","logger":"org.hibernate.orm.deprecation","message":"HHH90000025: H2Dialect does not need to be specified explicitly using 'hibernate.dialect' (remove the property setting and it will be selected by default)","exception":""}
{"timestamp":"2026-06-10 19:14:00.295","level":"INFO","thread":"main","correlationId":"","logger":"o.s.o.j.LocalContainerEntityManagerFactoryBean","message":"Initialized JPA EntityManagerFactory for persistence unit 'default'","exception":""}
{"timestamp":"2026-06-10 19:14:00.315","level":"INFO","thread":"main","correlationId":"","logger":"o.s.s.c.a.a.c.InitializeAuthenticationProviderBeanManagerConfigurer$InitializeAuthenticationProviderManagerConfigurer","message":"Global AuthenticationManager configured with AuthenticationProvider bean with name authenticationProvider","exception":""}
{"timestamp":"2026-06-10 19:14:00.315","level":"WARN","thread":"main","correlationId":"","logger":"o.s.s.c.a.a.c.InitializeUserDetailsBeanManagerConfigurer$InitializeUserDetailsManagerConfigurer","message":"Global AuthenticationManager configured with an AuthenticationProvider bean. UserDetailsService beans will not be used by Spring Security for automatically configuring username/password login. Consider removing the AuthenticationProvider bean. Alternatively, consider using the UserDetailsService in a manually instantiated DaoAuthenticationProvider. If the current configuration is intentional, to turn off this warning, increase the logging level of 'org.springframework.security.config.annotation.authentication.configuration.InitializeUserDetailsBeanManagerConfigurer' to ERROR","exception":""}
{"timestamp":"2026-06-10 19:14:00.399","level":"DEBUG","thread":"main","correlationId":"","logger":"o.s.w.s.m.m.a.RequestMappingHandlerMapping","message":"42 mappings in 'requestMappingHandlerMapping'","exception":""}
{"timestamp":"2026-06-10 19:14:00.418","level":"DEBUG","thread":"main","correlationId":"","logger":"o.s.w.s.h.SimpleUrlHandlerMapping","message":"Patterns [/webjars/**, /**, /swagger-ui*/*swagger-initializer.js, /swagger-ui*/**] in 'resourceHandlerMapping'","exception":""}
{"timestamp":"2026-06-10 19:14:00.449","level":"INFO","thread":"main","correlationId":"","logger":"o.s.b.a.e.web.EndpointLinksResolver","message":"Exposing 13 endpoints beneath base path '/actuator'","exception":""}
{"timestamp":"2026-06-10 19:14:00.474","level":"DEBUG","thread":"main","correlationId":"","logger":"o.s.s.web.DefaultSecurityFilterChain","message":"Will secure any request with filters: DisableEncodeUrlFilter, WebAsyncManagerIntegrationFilter, SecurityContextHolderFilter, HeaderWriterFilter, CorsFilter, LogoutFilter, JwtAuthenticationFilter, RequestCacheAwareFilter, SecurityContextHolderAwareRequestFilter, AnonymousAuthenticationFilter, SessionManagementFilter, ExceptionTranslationFilter, AuthorizationFilter","exception":""}
{"timestamp":"2026-06-10 19:14:00.496","level":"DEBUG","thread":"main","correlationId":"","logger":"o.s.w.s.m.m.a.RequestMappingHandlerAdapter","message":"ControllerAdvice beans: 0 @ModelAttribute, 0 @InitBinder, 1 RequestBodyAdvice, 1 ResponseBodyAdvice","exception":""}
{"timestamp":"2026-06-10 19:14:00.500","level":"DEBUG","thread":"main","correlationId":"","logger":"o.s.w.s.m.m.a.ExceptionHandlerExceptionResolver","message":"ControllerAdvice beans: 2 @ExceptionHandler, 1 ResponseBodyAdvice","exception":""}
{"timestamp":"2026-06-10 19:14:00.527","level":"INFO","thread":"main","correlationId":"","logger":"o.s.b.a.h.H2ConsoleAutoConfiguration","message":"H2 console available at '/h2-console'. Database available at 'jdbc:h2:mem:deliverydb'","exception":""}
{"timestamp":"2026-06-10 19:14:00.537","level":"DEBUG","thread":"main","correlationId":"","logger":"o.s.w.f.ServerHttpObservationFilter","message":"Filter 'webMvcObservationFilter' configured for use","exception":""}
{"timestamp":"2026-06-10 19:14:00.537","level":"INFO","thread":"main","correlationId":"","logger":"o.s.b.t.m.w.SpringBootMockServletContext","message":"Initializing Spring TestDispatcherServlet ''","exception":""}
{"timestamp":"2026-06-10 19:14:00.538","level":"INFO","thread":"main","correlationId":"","logger":"o.s.t.w.s.TestDispatcherServlet","message":"Initializing Servlet ''","exception":""}
{"timestamp":"2026-06-10 19:14:00.538","level":"INFO","thread":"main","correlationId":"","logger":"o.s.t.w.s.TestDispatcherServlet","message":"Completed initialization in 0 ms","exception":""}
{"timestamp":"2026-06-10 19:14:00.546","level":"INFO","thread":"main","correlationId":"","logger":"c.d.d.c.PedidoControllerTest","message":"Started PedidoControllerTest in 0.527 seconds (process running for 62.275)","exception":""}
{"timestamp":"2026-06-10 19:14:00.566","level":"DEBUG","thread":"main","correlationId":"","logger":"o.s.security.web.FilterChainProxy","message":"Securing POST /api/pedidos","exception":""}
{"timestamp":"2026-06-10 19:14:00.567","level":"WARN","thread":"main","correlationId":"","logger":"c.d.d.s.JwtAuthenticationFilter","message":"JWT Token não começa com Bearer String","exception":""}
{"timestamp":"2026-06-10 19:14:00.568","level":"DEBUG","thread":"main","correlationId":"","logger":"o.s.security.web.FilterChainProxy","message":"Secured POST /api/pedidos","exception":""}
{"timestamp":"2026-06-10 19:14:00.568","level":"DEBUG","thread":"main","correlationId":"2ca5b11bf33740a3","logger":"o.s.w.s.m.m.a.RequestMappingHandlerMapping","message":"Mapped to com.deliverytech.delivery_api.controller.PedidoController#criarPedido(PedidoReqDTO)","exception":""}
{"timestamp":"2026-06-10 19:14:00.569","level":"DEBUG","thread":"main","correlationId":"2ca5b11bf33740a3","logger":"o.s.w.s.m.m.a.RequestResponseBodyMethodProcessor","message":"Read "application/json;charset=UTF-8" to [com.deliverytech.delivery_api.dto.req.PedidoReqDTO@19f76837]","exception":""}
{"timestamp":"2026-06-10 19:14:00.577","level":"DEBUG","thread":"main","correlationId":"2ca5b11bf33740a3","logger":"o.s.w.s.m.m.a.ExceptionHandlerExceptionResolver","message":"Using @ExceptionHandler com.deliverytech.delivery_api.exception.GlobalExceptionHandler#handleEntityNotFound(EntityNotFoundException, HttpServletRequest)","exception":""}
{"timestamp":"2026-06-10 19:14:00.579","level":"DEBUG","thread":"main","correlationId":"2ca5b11bf33740a3","logger":"o.s.w.s.m.m.a.HttpEntityMethodProcessor","message":"Using 'application/json', given [*/*] and supported [application/json, application/*+json, application/yaml]","exception":""}
{"timestamp":"2026-06-10 19:14:00.579","level":"DEBUG","thread":"main","correlationId":"2ca5b11bf33740a3","logger":"o.s.w.s.m.m.a.HttpEntityMethodProcessor","message":"Writing [com.deliverytech.delivery_api.dto.ErrorResponse@7d2ac311]","exception":""}
{"timestamp":"2026-06-10 19:14:00.579","level":"DEBUG","thread":"main","correlationId":"2ca5b11bf33740a3","logger":"o.s.w.s.m.m.a.ExceptionHandlerExceptionResolver","message":"Resolved [com.deliverytech.delivery_api.exception.EntityNotFoundException: Produto não encontrado: 999999]","exception":""}
{"timestamp":"2026-06-10 19:14:00.585","level":"DEBUG","thread":"main","correlationId":"","logger":"o.s.w.c.s.GenericWebApplicationContext","message":"Closing org.springframework.web.context.support.GenericWebApplicationContext@7e22ec83, started on Wed Jun 10 19:14:00 BRT 2026","exception":""}
{"timestamp":"2026-06-10 19:14:00.586","level":"INFO","thread":"main","correlationId":"","logger":"o.s.o.j.LocalContainerEntityManagerFactoryBean","message":"Closing JPA EntityManagerFactory for persistence unit 'default'","exception":""}
{"timestamp":"2026-06-10 19:14:00.587","level":"INFO","thread":"main","correlationId":"","logger":"com.zaxxer.hikari.HikariDataSource","message":"HikariPool-18 - Shutdown initiated...","exception":""}
{"timestamp":"2026-06-10 19:14:00.608","level":"INFO","thread":"main","correlationId":"","logger":"com.zaxxer.hikari.HikariDataSource","message":"HikariPool-18 - Shutdown completed.","exception":""}
{"timestamp":"2026-06-10 19:14:00.609","level":"INFO","thread":"main","correlationId":"","logger":"o.s.b.d.r.RestartApplicationListener","message":"Restart disabled due to context in which it is running","exception":""}
{"timestamp":"2026-06-10 19:14:00.624","level":"INFO","thread":"main","correlationId":"","logger":"c.d.d.c.PedidoControllerTest","message":"Starting PedidoControllerTest using Java 21.0.11 with PID 25592 (started by Santana in C:\Pasta Códiguinhos\arquitetura de sistemas fat\delivery-api\delivery-api)","exception":""}
{"timestamp":"2026-06-10 19:14:00.624","level":"INFO","thread":"main","correlationId":"","logger":"c.d.d.c.PedidoControllerTest","message":"The following 1 profile is active: "test"","exception":""}
{"timestamp":"2026-06-10 19:14:00.625","level":"DEBUG","thread":"main","correlationId":"","logger":"o.s.w.c.s.GenericWebApplicationContext","message":"Refreshing org.springframework.web.context.support.GenericWebApplicationContext@33d67e2","exception":""}
{"timestamp":"2026-06-10 19:14:00.774","level":"INFO","thread":"main","correlationId":"","logger":"o.s.d.r.c.RepositoryConfigurationDelegate","message":"Bootstrapping Spring Data JPA repositories in DEFAULT mode.","exception":""}
{"timestamp":"2026-06-10 19:14:00.788","level":"INFO","thread":"main","correlationId":"","logger":"o.s.d.r.c.RepositoryConfigurationDelegate","message":"Finished Spring Data repository scanning in 14 ms. Found 5 JPA repository interfaces.","exception":""}
{"timestamp":"2026-06-10 19:14:00.841","level":"INFO","thread":"main","correlationId":"","logger":"o.s.o.j.p.SpringPersistenceUnitInfo","message":"No LoadTimeWeaver setup: ignoring JPA class transformer","exception":""}
{"timestamp":"2026-06-10 19:14:00.842","level":"INFO","thread":"main","correlationId":"","logger":"com.zaxxer.hikari.HikariDataSource","message":"HikariPool-19 - Starting...","exception":""}
{"timestamp":"2026-06-10 19:14:00.844","level":"INFO","thread":"main","correlationId":"","logger":"com.zaxxer.hikari.pool.HikariPool","message":"HikariPool-19 - Added connection conn174: url=jdbc:h2:mem:deliverydb user=SA","exception":""}
{"timestamp":"2026-06-10 19:14:00.844","level":"INFO","thread":"main","correlationId":"","logger":"com.zaxxer.hikari.HikariDataSource","message":"HikariPool-19 - Start completed.","exception":""}
{"timestamp":"2026-06-10 19:14:00.844","level":"WARN","thread":"main","correlationId":"","logger":"org.hibernate.orm.deprecation","message":"HHH90000025: H2Dialect does not need to be specified explicitly using 'hibernate.dialect' (remove the property setting and it will be selected by default)","exception":""}
{"timestamp":"2026-06-10 19:14:00.900","level":"INFO","thread":"main","correlationId":"","logger":"o.s.o.j.LocalContainerEntityManagerFactoryBean","message":"Initialized JPA EntityManagerFactory for persistence unit 'default'","exception":""}
{"timestamp":"2026-06-10 19:14:00.920","level":"INFO","thread":"main","correlationId":"","logger":"o.s.s.c.a.a.c.InitializeAuthenticationProviderBeanManagerConfigurer$InitializeAuthenticationProviderManagerConfigurer","message":"Global AuthenticationManager configured with AuthenticationProvider bean with name authenticationProvider","exception":""}
{"timestamp":"2026-06-10 19:14:00.921","level":"WARN","thread":"main","correlationId":"","logger":"o.s.s.c.a.a.c.InitializeUserDetailsBeanManagerConfigurer$InitializeUserDetailsManagerConfigurer","message":"Global AuthenticationManager configured with an AuthenticationProvider bean. UserDetailsService beans will not be used by Spring Security for automatically configuring username/password login. Consider removing the AuthenticationProvider bean. Alternatively, consider using the UserDetailsService in a manually instantiated DaoAuthenticationProvider. If the current configuration is intentional, to turn off this warning, increase the logging level of 'org.springframework.security.config.annotation.authentication.configuration.InitializeUserDetailsBeanManagerConfigurer' to ERROR","exception":""}
{"timestamp":"2026-06-10 19:14:01.000","level":"DEBUG","thread":"main","correlationId":"","logger":"o.s.w.s.m.m.a.RequestMappingHandlerMapping","message":"42 mappings in 'requestMappingHandlerMapping'","exception":""}
{"timestamp":"2026-06-10 19:14:01.020","level":"DEBUG","thread":"main","correlationId":"","logger":"o.s.w.s.h.SimpleUrlHandlerMapping","message":"Patterns [/webjars/**, /**, /swagger-ui*/*swagger-initializer.js, /swagger-ui*/**] in 'resourceHandlerMapping'","exception":""}
{"timestamp":"2026-06-10 19:14:01.048","level":"INFO","thread":"main","correlationId":"","logger":"o.s.b.a.e.web.EndpointLinksResolver","message":"Exposing 13 endpoints beneath base path '/actuator'","exception":""}
{"timestamp":"2026-06-10 19:14:01.073","level":"DEBUG","thread":"main","correlationId":"","logger":"o.s.s.web.DefaultSecurityFilterChain","message":"Will secure any request with filters: DisableEncodeUrlFilter, WebAsyncManagerIntegrationFilter, SecurityContextHolderFilter, HeaderWriterFilter, CorsFilter, LogoutFilter, JwtAuthenticationFilter, RequestCacheAwareFilter, SecurityContextHolderAwareRequestFilter, AnonymousAuthenticationFilter, SessionManagementFilter, ExceptionTranslationFilter, AuthorizationFilter","exception":""}
{"timestamp":"2026-06-10 19:14:01.093","level":"DEBUG","thread":"main","correlationId":"","logger":"o.s.w.s.m.m.a.RequestMappingHandlerAdapter","message":"ControllerAdvice beans: 0 @ModelAttribute, 0 @InitBinder, 1 RequestBodyAdvice, 1 ResponseBodyAdvice","exception":""}
{"timestamp":"2026-06-10 19:14:01.097","level":"DEBUG","thread":"main","correlationId":"","logger":"o.s.w.s.m.m.a.ExceptionHandlerExceptionResolver","message":"ControllerAdvice beans: 2 @ExceptionHandler, 1 ResponseBodyAdvice","exception":""}
{"timestamp":"2026-06-10 19:14:01.124","level":"INFO","thread":"main","correlationId":"","logger":"o.s.b.a.h.H2ConsoleAutoConfiguration","message":"H2 console available at '/h2-console'. Database available at 'jdbc:h2:mem:deliverydb'","exception":""}
{"timestamp":"2026-06-10 19:14:01.137","level":"DEBUG","thread":"main","correlationId":"","logger":"o.s.w.f.ServerHttpObservationFilter","message":"Filter 'webMvcObservationFilter' configured for use","exception":""}
{"timestamp":"2026-06-10 19:14:01.137","level":"INFO","thread":"main","correlationId":"","logger":"o.s.b.t.m.w.SpringBootMockServletContext","message":"Initializing Spring TestDispatcherServlet ''","exception":""}
{"timestamp":"2026-06-10 19:14:01.137","level":"INFO","thread":"main","correlationId":"","logger":"o.s.t.w.s.TestDispatcherServlet","message":"Initializing Servlet ''","exception":""}
{"timestamp":"2026-06-10 19:14:01.138","level":"INFO","thread":"main","correlationId":"","logger":"o.s.t.w.s.TestDispatcherServlet","message":"Completed initialization in 1 ms","exception":""}
{"timestamp":"2026-06-10 19:14:01.147","level":"INFO","thread":"main","correlationId":"","logger":"c.d.d.c.PedidoControllerTest","message":"Started PedidoControllerTest in 0.538 seconds (process running for 62.876)","exception":""}
{"timestamp":"2026-06-10 19:14:01.175","level":"DEBUG","thread":"main","correlationId":"","logger":"o.s.security.web.FilterChainProxy","message":"Securing DELETE /api/pedidos/999999","exception":""}
{"timestamp":"2026-06-10 19:14:01.176","level":"WARN","thread":"main","correlationId":"","logger":"c.d.d.s.JwtAuthenticationFilter","message":"JWT Token não começa com Bearer String","exception":""}
{"timestamp":"2026-06-10 19:14:01.177","level":"DEBUG","thread":"main","correlationId":"","logger":"o.s.security.web.FilterChainProxy","message":"Secured DELETE /api/pedidos/999999","exception":""}
{"timestamp":"2026-06-10 19:14:01.177","level":"DEBUG","thread":"main","correlationId":"c5987cb8b7324557","logger":"o.s.w.s.m.m.a.RequestMappingHandlerMapping","message":"Mapped to com.deliverytech.delivery_api.controller.PedidoController#cancelarPedido(Long)","exception":""}
{"timestamp":"2026-06-10 19:14:01.180","level":"DEBUG","thread":"main","correlationId":"c5987cb8b7324557","logger":"o.s.w.s.m.m.a.ExceptionHandlerExceptionResolver","message":"Using @ExceptionHandler com.deliverytech.delivery_api.exception.GlobalExceptionHandler#handleEntityNotFound(EntityNotFoundException, HttpServletRequest)","exception":""}
{"timestamp":"2026-06-10 19:14:01.182","level":"DEBUG","thread":"main","correlationId":"c5987cb8b7324557","logger":"o.s.w.s.m.m.a.HttpEntityMethodProcessor","message":"Using 'application/json', given [*/*] and supported [application/json, application/*+json, application/yaml]","exception":""}
{"timestamp":"2026-06-10 19:14:01.182","level":"DEBUG","thread":"main","correlationId":"c5987cb8b7324557","logger":"o.s.w.s.m.m.a.HttpEntityMethodProcessor","message":"Writing [com.deliverytech.delivery_api.dto.ErrorResponse@497e299d]","exception":""}
{"timestamp":"2026-06-10 19:14:01.184","level":"DEBUG","thread":"main","correlationId":"c5987cb8b7324557","logger":"o.s.w.s.m.m.a.ExceptionHandlerExceptionResolver","message":"Resolved [com.deliverytech.delivery_api.exception.EntityNotFoundException: Pedido não encontrado]","exception":""}
{"timestamp":"2026-06-10 19:14:01.191","level":"DEBUG","thread":"main","correlationId":"","logger":"o.s.w.c.s.GenericWebApplicationContext","message":"Closing org.springframework.web.context.support.GenericWebApplicationContext@33d67e2, started on Wed Jun 10 19:14:00 BRT 2026","exception":""}
{"timestamp":"2026-06-10 19:14:01.192","level":"INFO","thread":"main","correlationId":"","logger":"o.s.o.j.LocalContainerEntityManagerFactoryBean","message":"Closing JPA EntityManagerFactory for persistence unit 'default'","exception":""}
{"timestamp":"2026-06-10 19:14:01.192","level":"INFO","thread":"main","correlationId":"","logger":"com.zaxxer.hikari.HikariDataSource","message":"HikariPool-19 - Shutdown initiated...","exception":""}
{"timestamp":"2026-06-10 19:14:01.204","level":"INFO","thread":"main","correlationId":"","logger":"com.zaxxer.hikari.HikariDataSource","message":"HikariPool-19 - Shutdown completed.","exception":""}
{"timestamp":"2026-06-10 19:14:01.206","level":"INFO","thread":"main","correlationId":"","logger":"o.s.b.d.r.RestartApplicationListener","message":"Restart disabled due to context in which it is running","exception":""}
{"timestamp":"2026-06-10 19:14:01.222","level":"INFO","thread":"main","correlationId":"","logger":"c.d.d.c.PedidoControllerTest","message":"Starting PedidoControllerTest using Java 21.0.11 with PID 25592 (started by Santana in C:\Pasta Códiguinhos\arquitetura de sistemas fat\delivery-api\delivery-api)","exception":""}
{"timestamp":"2026-06-10 19:14:01.224","level":"INFO","thread":"main","correlationId":"","logger":"c.d.d.c.PedidoControllerTest","message":"The following 1 profile is active: "test"","exception":""}
{"timestamp":"2026-06-10 19:14:01.224","level":"DEBUG","thread":"main","correlationId":"","logger":"o.s.w.c.s.GenericWebApplicationContext","message":"Refreshing org.springframework.web.context.support.GenericWebApplicationContext@66d49261","exception":""}
{"timestamp":"2026-06-10 19:14:01.386","level":"INFO","thread":"main","correlationId":"","logger":"o.s.d.r.c.RepositoryConfigurationDelegate","message":"Bootstrapping Spring Data JPA repositories in DEFAULT mode.","exception":""}
{"timestamp":"2026-06-10 19:14:01.400","level":"INFO","thread":"main","correlationId":"","logger":"o.s.d.r.c.RepositoryConfigurationDelegate","message":"Finished Spring Data repository scanning in 14 ms. Found 5 JPA repository interfaces.","exception":""}
{"timestamp":"2026-06-10 19:14:01.539","level":"INFO","thread":"main","correlationId":"","logger":"o.s.o.j.p.SpringPersistenceUnitInfo","message":"No LoadTimeWeaver setup: ignoring JPA class transformer","exception":""}
{"timestamp":"2026-06-10 19:14:01.540","level":"INFO","thread":"main","correlationId":"","logger":"com.zaxxer.hikari.HikariDataSource","message":"HikariPool-20 - Starting...","exception":""}
{"timestamp":"2026-06-10 19:14:01.541","level":"INFO","thread":"main","correlationId":"","logger":"com.zaxxer.hikari.pool.HikariPool","message":"HikariPool-20 - Added connection conn183: url=jdbc:h2:mem:deliverydb user=SA","exception":""}
{"timestamp":"2026-06-10 19:14:01.541","level":"INFO","thread":"main","correlationId":"","logger":"com.zaxxer.hikari.HikariDataSource","message":"HikariPool-20 - Start completed.","exception":""}
{"timestamp":"2026-06-10 19:14:01.541","level":"WARN","thread":"main","correlationId":"","logger":"org.hibernate.orm.deprecation","message":"HHH90000025: H2Dialect does not need to be specified explicitly using 'hibernate.dialect' (remove the property setting and it will be selected by default)","exception":""}
{"timestamp":"2026-06-10 19:14:01.576","level":"INFO","thread":"main","correlationId":"","logger":"o.s.o.j.LocalContainerEntityManagerFactoryBean","message":"Initialized JPA EntityManagerFactory for persistence unit 'default'","exception":""}
{"timestamp":"2026-06-10 19:14:01.596","level":"INFO","thread":"main","correlationId":"","logger":"o.s.s.c.a.a.c.InitializeAuthenticationProviderBeanManagerConfigurer$InitializeAuthenticationProviderManagerConfigurer","message":"Global AuthenticationManager configured with AuthenticationProvider bean with name authenticationProvider","exception":""}
{"timestamp":"2026-06-10 19:14:01.596","level":"WARN","thread":"main","correlationId":"","logger":"o.s.s.c.a.a.c.InitializeUserDetailsBeanManagerConfigurer$InitializeUserDetailsManagerConfigurer","message":"Global AuthenticationManager configured with an AuthenticationProvider bean. UserDetailsService beans will not be used by Spring Security for automatically configuring username/password login. Consider removing the AuthenticationProvider bean. Alternatively, consider using the UserDetailsService in a manually instantiated DaoAuthenticationProvider. If the current configuration is intentional, to turn off this warning, increase the logging level of 'org.springframework.security.config.annotation.authentication.configuration.InitializeUserDetailsBeanManagerConfigurer' to ERROR","exception":""}
{"timestamp":"2026-06-10 19:14:01.676","level":"DEBUG","thread":"main","correlationId":"","logger":"o.s.w.s.m.m.a.RequestMappingHandlerMapping","message":"42 mappings in 'requestMappingHandlerMapping'","exception":""}
{"timestamp":"2026-06-10 19:14:01.698","level":"DEBUG","thread":"main","correlationId":"","logger":"o.s.w.s.h.SimpleUrlHandlerMapping","message":"Patterns [/webjars/**, /**, /swagger-ui*/*swagger-initializer.js, /swagger-ui*/**] in 'resourceHandlerMapping'","exception":""}
{"timestamp":"2026-06-10 19:14:01.736","level":"INFO","thread":"main","correlationId":"","logger":"o.s.b.a.e.web.EndpointLinksResolver","message":"Exposing 13 endpoints beneath base path '/actuator'","exception":""}
{"timestamp":"2026-06-10 19:14:01.766","level":"DEBUG","thread":"main","correlationId":"","logger":"o.s.s.web.DefaultSecurityFilterChain","message":"Will secure any request with filters: DisableEncodeUrlFilter, WebAsyncManagerIntegrationFilter, SecurityContextHolderFilter, HeaderWriterFilter, CorsFilter, LogoutFilter, JwtAuthenticationFilter, RequestCacheAwareFilter, SecurityContextHolderAwareRequestFilter, AnonymousAuthenticationFilter, SessionManagementFilter, ExceptionTranslationFilter, AuthorizationFilter","exception":""}
{"timestamp":"2026-06-10 19:14:01.786","level":"DEBUG","thread":"main","correlationId":"","logger":"o.s.w.s.m.m.a.RequestMappingHandlerAdapter","message":"ControllerAdvice beans: 0 @ModelAttribute, 0 @InitBinder, 1 RequestBodyAdvice, 1 ResponseBodyAdvice","exception":""}
{"timestamp":"2026-06-10 19:14:01.791","level":"DEBUG","thread":"main","correlationId":"","logger":"o.s.w.s.m.m.a.ExceptionHandlerExceptionResolver","message":"ControllerAdvice beans: 2 @ExceptionHandler, 1 ResponseBodyAdvice","exception":""}
{"timestamp":"2026-06-10 19:14:01.822","level":"INFO","thread":"main","correlationId":"","logger":"o.s.b.a.h.H2ConsoleAutoConfiguration","message":"H2 console available at '/h2-console'. Database available at 'jdbc:h2:mem:deliverydb'","exception":""}
{"timestamp":"2026-06-10 19:14:01.831","level":"DEBUG","thread":"main","correlationId":"","logger":"o.s.w.f.ServerHttpObservationFilter","message":"Filter 'webMvcObservationFilter' configured for use","exception":""}
{"timestamp":"2026-06-10 19:14:01.832","level":"INFO","thread":"main","correlationId":"","logger":"o.s.b.t.m.w.SpringBootMockServletContext","message":"Initializing Spring TestDispatcherServlet ''","exception":""}
{"timestamp":"2026-06-10 19:14:01.832","level":"INFO","thread":"main","correlationId":"","logger":"o.s.t.w.s.TestDispatcherServlet","message":"Initializing Servlet ''","exception":""}
{"timestamp":"2026-06-10 19:14:01.832","level":"INFO","thread":"main","correlationId":"","logger":"o.s.t.w.s.TestDispatcherServlet","message":"Completed initialization in 0 ms","exception":""}
{"timestamp":"2026-06-10 19:14:01.840","level":"INFO","thread":"main","correlationId":"","logger":"c.d.d.c.PedidoControllerTest","message":"Started PedidoControllerTest in 0.634 seconds (process running for 63.569)","exception":""}
{"timestamp":"2026-06-10 19:14:01.860","level":"DEBUG","thread":"main","correlationId":"","logger":"o.s.security.web.FilterChainProxy","message":"Securing POST /api/pedidos","exception":""}
{"timestamp":"2026-06-10 19:14:01.861","level":"WARN","thread":"main","correlationId":"","logger":"c.d.d.s.JwtAuthenticationFilter","message":"JWT Token não começa com Bearer String","exception":""}
{"timestamp":"2026-06-10 19:14:01.861","level":"DEBUG","thread":"main","correlationId":"","logger":"o.s.security.web.FilterChainProxy","message":"Secured POST /api/pedidos","exception":""}
{"timestamp":"2026-06-10 19:14:01.861","level":"DEBUG","thread":"main","correlationId":"f1ffb887c8484c31","logger":"o.s.w.s.m.m.a.RequestMappingHandlerMapping","message":"Mapped to com.deliverytech.delivery_api.controller.PedidoController#criarPedido(PedidoReqDTO)","exception":""}
{"timestamp":"2026-06-10 19:14:01.863","level":"DEBUG","thread":"main","correlationId":"f1ffb887c8484c31","logger":"o.s.w.s.m.m.a.RequestResponseBodyMethodProcessor","message":"Read "application/json;charset=UTF-8" to [com.deliverytech.delivery_api.dto.req.PedidoReqDTO@5a4ffe0d]","exception":""}
{"timestamp":"2026-06-10 19:14:01.874","level":"DEBUG","thread":"main","correlationId":"f1ffb887c8484c31","logger":"o.s.w.s.m.m.a.HttpEntityMethodProcessor","message":"Using 'application/json', given [*/*] and supported [application/json, application/*+json, application/yaml]","exception":""}
{"timestamp":"2026-06-10 19:14:01.874","level":"DEBUG","thread":"main","correlationId":"f1ffb887c8484c31","logger":"o.s.w.s.m.m.a.HttpEntityMethodProcessor","message":"Writing [com.deliverytech.delivery_api.dto.res.PedidoResDTO@5b9070af]","exception":""}
{"timestamp":"2026-06-10 19:14:01.877","level":"DEBUG","thread":"main","correlationId":"","logger":"o.s.security.web.FilterChainProxy","message":"Securing GET /api/pedidos/4","exception":""}
{"timestamp":"2026-06-10 19:14:01.877","level":"WARN","thread":"main","correlationId":"","logger":"c.d.d.s.JwtAuthenticationFilter","message":"JWT Token não começa com Bearer String","exception":""}
{"timestamp":"2026-06-10 19:14:01.877","level":"DEBUG","thread":"main","correlationId":"","logger":"o.s.security.web.FilterChainProxy","message":"Secured GET /api/pedidos/4","exception":""}
{"timestamp":"2026-06-10 19:14:01.878","level":"DEBUG","thread":"main","correlationId":"446dd3930ac7488c","logger":"o.s.w.s.m.m.a.RequestMappingHandlerMapping","message":"Mapped to com.deliverytech.delivery_api.controller.PedidoController#buscarPorId(Long)","exception":""}
{"timestamp":"2026-06-10 19:14:01.879","level":"DEBUG","thread":"main","correlationId":"446dd3930ac7488c","logger":"o.s.w.s.m.m.a.HttpEntityMethodProcessor","message":"Using 'application/json', given [*/*] and supported [application/json, application/*+json, application/yaml]","exception":""}
{"timestamp":"2026-06-10 19:14:01.879","level":"DEBUG","thread":"main","correlationId":"446dd3930ac7488c","logger":"o.s.w.s.m.m.a.HttpEntityMethodProcessor","message":"Writing [com.deliverytech.delivery_api.dto.res.PedidoResDTO@1224cfdb]","exception":""}
{"timestamp":"2026-06-10 19:14:01.883","level":"DEBUG","thread":"main","correlationId":"","logger":"o.s.w.c.s.GenericWebApplicationContext","message":"Closing org.springframework.web.context.support.GenericWebApplicationContext@66d49261, started on Wed Jun 10 19:14:01 BRT 2026","exception":""}
{"timestamp":"2026-06-10 19:14:01.884","level":"INFO","thread":"main","correlationId":"","logger":"o.s.o.j.LocalContainerEntityManagerFactoryBean","message":"Closing JPA EntityManagerFactory for persistence unit 'default'","exception":""}
{"timestamp":"2026-06-10 19:14:01.885","level":"INFO","thread":"main","correlationId":"","logger":"com.zaxxer.hikari.HikariDataSource","message":"HikariPool-20 - Shutdown initiated...","exception":""}
{"timestamp":"2026-06-10 19:14:01.895","level":"INFO","thread":"main","correlationId":"","logger":"com.zaxxer.hikari.HikariDataSource","message":"HikariPool-20 - Shutdown completed.","exception":""}
{"timestamp":"2026-06-10 19:14:01.897","level":"INFO","thread":"main","correlationId":"","logger":"o.s.b.d.r.RestartApplicationListener","message":"Restart disabled due to context in which it is running","exception":""}
{"timestamp":"2026-06-10 19:14:01.912","level":"INFO","thread":"main","correlationId":"","logger":"c.d.d.c.PedidoControllerTest","message":"Starting PedidoControllerTest using Java 21.0.11 with PID 25592 (started by Santana in C:\Pasta Códiguinhos\arquitetura de sistemas fat\delivery-api\delivery-api)","exception":""}
{"timestamp":"2026-06-10 19:14:01.912","level":"INFO","thread":"main","correlationId":"","logger":"c.d.d.c.PedidoControllerTest","message":"The following 1 profile is active: "test"","exception":""}
{"timestamp":"2026-06-10 19:14:01.913","level":"DEBUG","thread":"main","correlationId":"","logger":"o.s.w.c.s.GenericWebApplicationContext","message":"Refreshing org.springframework.web.context.support.GenericWebApplicationContext@39e8b7b7","exception":""}
{"timestamp":"2026-06-10 19:14:02.077","level":"INFO","thread":"main","correlationId":"","logger":"o.s.d.r.c.RepositoryConfigurationDelegate","message":"Bootstrapping Spring Data JPA repositories in DEFAULT mode.","exception":""}
{"timestamp":"2026-06-10 19:14:02.092","level":"INFO","thread":"main","correlationId":"","logger":"o.s.d.r.c.RepositoryConfigurationDelegate","message":"Finished Spring Data repository scanning in 13 ms. Found 5 JPA repository interfaces.","exception":""}
{"timestamp":"2026-06-10 19:14:02.134","level":"INFO","thread":"main","correlationId":"","logger":"o.s.o.j.p.SpringPersistenceUnitInfo","message":"No LoadTimeWeaver setup: ignoring JPA class transformer","exception":""}
{"timestamp":"2026-06-10 19:14:02.135","level":"INFO","thread":"main","correlationId":"","logger":"com.zaxxer.hikari.HikariDataSource","message":"HikariPool-21 - Starting...","exception":""}
{"timestamp":"2026-06-10 19:14:02.136","level":"INFO","thread":"main","correlationId":"","logger":"com.zaxxer.hikari.pool.HikariPool","message":"HikariPool-21 - Added connection conn192: url=jdbc:h2:mem:deliverydb user=SA","exception":""}
{"timestamp":"2026-06-10 19:14:02.136","level":"INFO","thread":"main","correlationId":"","logger":"com.zaxxer.hikari.HikariDataSource","message":"HikariPool-21 - Start completed.","exception":""}
{"timestamp":"2026-06-10 19:14:02.136","level":"WARN","thread":"main","correlationId":"","logger":"org.hibernate.orm.deprecation","message":"HHH90000025: H2Dialect does not need to be specified explicitly using 'hibernate.dialect' (remove the property setting and it will be selected by default)","exception":""}
{"timestamp":"2026-06-10 19:14:02.166","level":"INFO","thread":"main","correlationId":"","logger":"o.s.o.j.LocalContainerEntityManagerFactoryBean","message":"Initialized JPA EntityManagerFactory for persistence unit 'default'","exception":""}
{"timestamp":"2026-06-10 19:14:02.185","level":"INFO","thread":"main","correlationId":"","logger":"o.s.s.c.a.a.c.InitializeAuthenticationProviderBeanManagerConfigurer$InitializeAuthenticationProviderManagerConfigurer","message":"Global AuthenticationManager configured with AuthenticationProvider bean with name authenticationProvider","exception":""}
{"timestamp":"2026-06-10 19:14:02.185","level":"WARN","thread":"main","correlationId":"","logger":"o.s.s.c.a.a.c.InitializeUserDetailsBeanManagerConfigurer$InitializeUserDetailsManagerConfigurer","message":"Global AuthenticationManager configured with an AuthenticationProvider bean. UserDetailsService beans will not be used by Spring Security for automatically configuring username/password login. Consider removing the AuthenticationProvider bean. Alternatively, consider using the UserDetailsService in a manually instantiated DaoAuthenticationProvider. If the current configuration is intentional, to turn off this warning, increase the logging level of 'org.springframework.security.config.annotation.authentication.configuration.InitializeUserDetailsBeanManagerConfigurer' to ERROR","exception":""}
{"timestamp":"2026-06-10 19:14:02.289","level":"DEBUG","thread":"main","correlationId":"","logger":"o.s.w.s.m.m.a.RequestMappingHandlerMapping","message":"42 mappings in 'requestMappingHandlerMapping'","exception":""}
{"timestamp":"2026-06-10 19:14:02.309","level":"DEBUG","thread":"main","correlationId":"","logger":"o.s.w.s.h.SimpleUrlHandlerMapping","message":"Patterns [/webjars/**, /**, /swagger-ui*/*swagger-initializer.js, /swagger-ui*/**] in 'resourceHandlerMapping'","exception":""}
{"timestamp":"2026-06-10 19:14:02.342","level":"INFO","thread":"main","correlationId":"","logger":"o.s.b.a.e.web.EndpointLinksResolver","message":"Exposing 13 endpoints beneath base path '/actuator'","exception":""}
{"timestamp":"2026-06-10 19:14:02.371","level":"DEBUG","thread":"main","correlationId":"","logger":"o.s.s.web.DefaultSecurityFilterChain","message":"Will secure any request with filters: DisableEncodeUrlFilter, WebAsyncManagerIntegrationFilter, SecurityContextHolderFilter, HeaderWriterFilter, CorsFilter, LogoutFilter, JwtAuthenticationFilter, RequestCacheAwareFilter, SecurityContextHolderAwareRequestFilter, AnonymousAuthenticationFilter, SessionManagementFilter, ExceptionTranslationFilter, AuthorizationFilter","exception":""}
{"timestamp":"2026-06-10 19:14:02.392","level":"DEBUG","thread":"main","correlationId":"","logger":"o.s.w.s.m.m.a.RequestMappingHandlerAdapter","message":"ControllerAdvice beans: 0 @ModelAttribute, 0 @InitBinder, 1 RequestBodyAdvice, 1 ResponseBodyAdvice","exception":""}
{"timestamp":"2026-06-10 19:14:02.396","level":"DEBUG","thread":"main","correlationId":"","logger":"o.s.w.s.m.m.a.ExceptionHandlerExceptionResolver","message":"ControllerAdvice beans: 2 @ExceptionHandler, 1 ResponseBodyAdvice","exception":""}
{"timestamp":"2026-06-10 19:14:02.422","level":"INFO","thread":"main","correlationId":"","logger":"o.s.b.a.h.H2ConsoleAutoConfiguration","message":"H2 console available at '/h2-console'. Database available at 'jdbc:h2:mem:deliverydb'","exception":""}
{"timestamp":"2026-06-10 19:14:02.432","level":"DEBUG","thread":"main","correlationId":"","logger":"o.s.w.f.ServerHttpObservationFilter","message":"Filter 'webMvcObservationFilter' configured for use","exception":""}
{"timestamp":"2026-06-10 19:14:02.432","level":"INFO","thread":"main","correlationId":"","logger":"o.s.b.t.m.w.SpringBootMockServletContext","message":"Initializing Spring TestDispatcherServlet ''","exception":""}
{"timestamp":"2026-06-10 19:14:02.432","level":"INFO","thread":"main","correlationId":"","logger":"o.s.t.w.s.TestDispatcherServlet","message":"Initializing Servlet ''","exception":""}
{"timestamp":"2026-06-10 19:14:02.433","level":"INFO","thread":"main","correlationId":"","logger":"o.s.t.w.s.TestDispatcherServlet","message":"Completed initialization in 0 ms","exception":""}
{"timestamp":"2026-06-10 19:14:02.440","level":"INFO","thread":"main","correlationId":"","logger":"c.d.d.c.PedidoControllerTest","message":"Started PedidoControllerTest in 0.543 seconds (process running for 64.17)","exception":""}
{"timestamp":"2026-06-10 19:14:02.460","level":"DEBUG","thread":"main","correlationId":"","logger":"o.s.security.web.FilterChainProxy","message":"Securing GET /api/pedidos/cliente/4","exception":""}
{"timestamp":"2026-06-10 19:14:02.460","level":"WARN","thread":"main","correlationId":"","logger":"c.d.d.s.JwtAuthenticationFilter","message":"JWT Token não começa com Bearer String","exception":""}
{"timestamp":"2026-06-10 19:14:02.461","level":"DEBUG","thread":"main","correlationId":"","logger":"o.s.security.web.FilterChainProxy","message":"Secured GET /api/pedidos/cliente/4","exception":""}
{"timestamp":"2026-06-10 19:14:02.461","level":"DEBUG","thread":"main","correlationId":"5747dfd059ca429d","logger":"o.s.w.s.m.m.a.RequestMappingHandlerMapping","message":"Mapped to com.deliverytech.delivery_api.controller.PedidoController#buscarPorCliente(Long)","exception":""}
{"timestamp":"2026-06-10 19:14:02.468","level":"DEBUG","thread":"main","correlationId":"5747dfd059ca429d","logger":"o.s.w.s.m.m.a.HttpEntityMethodProcessor","message":"Using 'application/json', given [*/*] and supported [application/json, application/*+json, application/yaml]","exception":""}
{"timestamp":"2026-06-10 19:14:02.469","level":"DEBUG","thread":"main","correlationId":"5747dfd059ca429d","logger":"o.s.w.s.m.m.a.HttpEntityMethodProcessor","message":"Writing [[]]","exception":""}
{"timestamp":"2026-06-10 19:14:02.473","level":"DEBUG","thread":"main","correlationId":"","logger":"o.s.w.c.s.GenericWebApplicationContext","message":"Closing org.springframework.web.context.support.GenericWebApplicationContext@39e8b7b7, started on Wed Jun 10 19:14:01 BRT 2026","exception":""}
{"timestamp":"2026-06-10 19:14:02.475","level":"INFO","thread":"main","correlationId":"","logger":"o.s.o.j.LocalContainerEntityManagerFactoryBean","message":"Closing JPA EntityManagerFactory for persistence unit 'default'","exception":""}
{"timestamp":"2026-06-10 19:14:02.476","level":"INFO","thread":"main","correlationId":"","logger":"com.zaxxer.hikari.HikariDataSource","message":"HikariPool-21 - Shutdown initiated...","exception":""}
{"timestamp":"2026-06-10 19:14:02.503","level":"INFO","thread":"main","correlationId":"","logger":"com.zaxxer.hikari.HikariDataSource","message":"HikariPool-21 - Shutdown completed.","exception":""}
{"timestamp":"2026-06-10 19:14:02.505","level":"INFO","thread":"main","correlationId":"","logger":"o.s.b.d.r.RestartApplicationListener","message":"Restart disabled due to context in which it is running","exception":""}
{"timestamp":"2026-06-10 19:14:02.520","level":"INFO","thread":"main","correlationId":"","logger":"c.d.d.c.PedidoControllerTest","message":"Starting PedidoControllerTest using Java 21.0.11 with PID 25592 (started by Santana in C:\Pasta Códiguinhos\arquitetura de sistemas fat\delivery-api\delivery-api)","exception":""}
{"timestamp":"2026-06-10 19:14:02.520","level":"INFO","thread":"main","correlationId":"","logger":"c.d.d.c.PedidoControllerTest","message":"The following 1 profile is active: "test"","exception":""}
{"timestamp":"2026-06-10 19:14:02.522","level":"DEBUG","thread":"main","correlationId":"","logger":"o.s.w.c.s.GenericWebApplicationContext","message":"Refreshing org.springframework.web.context.support.GenericWebApplicationContext@49d06245","exception":""}
{"timestamp":"2026-06-10 19:14:02.688","level":"INFO","thread":"main","correlationId":"","logger":"o.s.d.r.c.RepositoryConfigurationDelegate","message":"Bootstrapping Spring Data JPA repositories in DEFAULT mode.","exception":""}
{"timestamp":"2026-06-10 19:14:02.702","level":"INFO","thread":"main","correlationId":"","logger":"o.s.d.r.c.RepositoryConfigurationDelegate","message":"Finished Spring Data repository scanning in 13 ms. Found 5 JPA repository interfaces.","exception":""}
{"timestamp":"2026-06-10 19:14:02.749","level":"INFO","thread":"main","correlationId":"","logger":"o.s.o.j.p.SpringPersistenceUnitInfo","message":"No LoadTimeWeaver setup: ignoring JPA class transformer","exception":""}
{"timestamp":"2026-06-10 19:14:02.749","level":"INFO","thread":"main","correlationId":"","logger":"com.zaxxer.hikari.HikariDataSource","message":"HikariPool-22 - Starting...","exception":""}
{"timestamp":"2026-06-10 19:14:02.750","level":"INFO","thread":"main","correlationId":"","logger":"com.zaxxer.hikari.pool.HikariPool","message":"HikariPool-22 - Added connection conn201: url=jdbc:h2:mem:deliverydb user=SA","exception":""}
{"timestamp":"2026-06-10 19:14:02.750","level":"INFO","thread":"main","correlationId":"","logger":"com.zaxxer.hikari.HikariDataSource","message":"HikariPool-22 - Start completed.","exception":""}
{"timestamp":"2026-06-10 19:14:02.750","level":"WARN","thread":"main","correlationId":"","logger":"org.hibernate.orm.deprecation","message":"HHH90000025: H2Dialect does not need to be specified explicitly using 'hibernate.dialect' (remove the property setting and it will be selected by default)","exception":""}
{"timestamp":"2026-06-10 19:14:02.785","level":"INFO","thread":"main","correlationId":"","logger":"o.s.o.j.LocalContainerEntityManagerFactoryBean","message":"Initialized JPA EntityManagerFactory for persistence unit 'default'","exception":""}
{"timestamp":"2026-06-10 19:14:02.804","level":"INFO","thread":"main","correlationId":"","logger":"o.s.s.c.a.a.c.InitializeAuthenticationProviderBeanManagerConfigurer$InitializeAuthenticationProviderManagerConfigurer","message":"Global AuthenticationManager configured with AuthenticationProvider bean with name authenticationProvider","exception":""}
{"timestamp":"2026-06-10 19:14:02.805","level":"WARN","thread":"main","correlationId":"","logger":"o.s.s.c.a.a.c.InitializeUserDetailsBeanManagerConfigurer$InitializeUserDetailsManagerConfigurer","message":"Global AuthenticationManager configured with an AuthenticationProvider bean. UserDetailsService beans will not be used by Spring Security for automatically configuring username/password login. Consider removing the AuthenticationProvider bean. Alternatively, consider using the UserDetailsService in a manually instantiated DaoAuthenticationProvider. If the current configuration is intentional, to turn off this warning, increase the logging level of 'org.springframework.security.config.annotation.authentication.configuration.InitializeUserDetailsBeanManagerConfigurer' to ERROR","exception":""}
{"timestamp":"2026-06-10 19:14:02.881","level":"DEBUG","thread":"main","correlationId":"","logger":"o.s.w.s.m.m.a.RequestMappingHandlerMapping","message":"42 mappings in 'requestMappingHandlerMapping'","exception":""}
{"timestamp":"2026-06-10 19:14:02.899","level":"DEBUG","thread":"main","correlationId":"","logger":"o.s.w.s.h.SimpleUrlHandlerMapping","message":"Patterns [/webjars/**, /**, /swagger-ui*/*swagger-initializer.js, /swagger-ui*/**] in 'resourceHandlerMapping'","exception":""}
{"timestamp":"2026-06-10 19:14:02.929","level":"INFO","thread":"main","correlationId":"","logger":"o.s.b.a.e.web.EndpointLinksResolver","message":"Exposing 13 endpoints beneath base path '/actuator'","exception":""}
{"timestamp":"2026-06-10 19:14:02.957","level":"DEBUG","thread":"main","correlationId":"","logger":"o.s.s.web.DefaultSecurityFilterChain","message":"Will secure any request with filters: DisableEncodeUrlFilter, WebAsyncManagerIntegrationFilter, SecurityContextHolderFilter, HeaderWriterFilter, CorsFilter, LogoutFilter, JwtAuthenticationFilter, RequestCacheAwareFilter, SecurityContextHolderAwareRequestFilter, AnonymousAuthenticationFilter, SessionManagementFilter, ExceptionTranslationFilter, AuthorizationFilter","exception":""}
{"timestamp":"2026-06-10 19:14:02.978","level":"DEBUG","thread":"main","correlationId":"","logger":"o.s.w.s.m.m.a.RequestMappingHandlerAdapter","message":"ControllerAdvice beans: 0 @ModelAttribute, 0 @InitBinder, 1 RequestBodyAdvice, 1 ResponseBodyAdvice","exception":""}
{"timestamp":"2026-06-10 19:14:02.982","level":"DEBUG","thread":"main","correlationId":"","logger":"o.s.w.s.m.m.a.ExceptionHandlerExceptionResolver","message":"ControllerAdvice beans: 2 @ExceptionHandler, 1 ResponseBodyAdvice","exception":""}
{"timestamp":"2026-06-10 19:14:03.010","level":"INFO","thread":"main","correlationId":"","logger":"o.s.b.a.h.H2ConsoleAutoConfiguration","message":"H2 console available at '/h2-console'. Database available at 'jdbc:h2:mem:deliverydb'","exception":""}
{"timestamp":"2026-06-10 19:14:03.025","level":"DEBUG","thread":"main","correlationId":"","logger":"o.s.w.f.ServerHttpObservationFilter","message":"Filter 'webMvcObservationFilter' configured for use","exception":""}
{"timestamp":"2026-06-10 19:14:03.026","level":"INFO","thread":"main","correlationId":"","logger":"o.s.b.t.m.w.SpringBootMockServletContext","message":"Initializing Spring TestDispatcherServlet ''","exception":""}
{"timestamp":"2026-06-10 19:14:03.026","level":"INFO","thread":"main","correlationId":"","logger":"o.s.t.w.s.TestDispatcherServlet","message":"Initializing Servlet ''","exception":""}
{"timestamp":"2026-06-10 19:14:03.026","level":"INFO","thread":"main","correlationId":"","logger":"o.s.t.w.s.TestDispatcherServlet","message":"Completed initialization in 0 ms","exception":""}
{"timestamp":"2026-06-10 19:14:03.032","level":"INFO","thread":"main","correlationId":"","logger":"c.d.d.c.PedidoControllerTest","message":"Started PedidoControllerTest in 0.527 seconds (process running for 64.763)","exception":""}
{"timestamp":"2026-06-10 19:14:03.055","level":"DEBUG","thread":"main","correlationId":"","logger":"o.s.security.web.FilterChainProxy","message":"Securing POST /api/pedidos","exception":""}
{"timestamp":"2026-06-10 19:14:03.055","level":"WARN","thread":"main","correlationId":"","logger":"c.d.d.s.JwtAuthenticationFilter","message":"JWT Token não começa com Bearer String","exception":""}
{"timestamp":"2026-06-10 19:14:03.057","level":"DEBUG","thread":"main","correlationId":"","logger":"o.s.security.web.FilterChainProxy","message":"Secured POST /api/pedidos","exception":""}
{"timestamp":"2026-06-10 19:14:03.057","level":"DEBUG","thread":"main","correlationId":"cb0b895a07b24b60","logger":"o.s.w.s.m.m.a.RequestMappingHandlerMapping","message":"Mapped to com.deliverytech.delivery_api.controller.PedidoController#criarPedido(PedidoReqDTO)","exception":""}
{"timestamp":"2026-06-10 19:14:03.059","level":"DEBUG","thread":"main","correlationId":"cb0b895a07b24b60","logger":"o.s.w.s.m.m.a.RequestResponseBodyMethodProcessor","message":"Read "application/json;charset=UTF-8" to [com.deliverytech.delivery_api.dto.req.PedidoReqDTO@7f5bf9c8]","exception":""}
{"timestamp":"2026-06-10 19:14:03.066","level":"DEBUG","thread":"main","correlationId":"cb0b895a07b24b60","logger":"o.s.w.s.m.m.a.ExceptionHandlerExceptionResolver","message":"Using @ExceptionHandler com.deliverytech.delivery_api.exception.GlobalExceptionHandler#handleBusinessException(BusinessException, HttpServletRequest)","exception":""}
{"timestamp":"2026-06-10 19:14:03.067","level":"DEBUG","thread":"main","correlationId":"cb0b895a07b24b60","logger":"o.s.w.s.m.m.a.HttpEntityMethodProcessor","message":"Using 'application/json', given [*/*] and supported [application/json, application/*+json, application/yaml]","exception":""}
{"timestamp":"2026-06-10 19:14:03.068","level":"DEBUG","thread":"main","correlationId":"cb0b895a07b24b60","logger":"o.s.w.s.m.m.a.HttpEntityMethodProcessor","message":"Writing [com.deliverytech.delivery_api.dto.ErrorResponse@814a5d6]","exception":""}
{"timestamp":"2026-06-10 19:14:03.068","level":"DEBUG","thread":"main","correlationId":"cb0b895a07b24b60","logger":"o.s.w.s.m.m.a.ExceptionHandlerExceptionResolver","message":"Resolved [com.deliverytech.delivery_api.exception.BusinessException: Produto não pertence ao restaurante selecionado]","exception":""}
{"timestamp":"2026-06-10 19:14:03.072","level":"DEBUG","thread":"main","correlationId":"","logger":"o.s.w.c.s.GenericWebApplicationContext","message":"Closing org.springframework.web.context.support.GenericWebApplicationContext@49d06245, started on Wed Jun 10 19:14:02 BRT 2026","exception":""}
{"timestamp":"2026-06-10 19:14:03.074","level":"INFO","thread":"main","correlationId":"","logger":"o.s.o.j.LocalContainerEntityManagerFactoryBean","message":"Closing JPA EntityManagerFactory for persistence unit 'default'","exception":""}
{"timestamp":"2026-06-10 19:14:03.075","level":"INFO","thread":"main","correlationId":"","logger":"com.zaxxer.hikari.HikariDataSource","message":"HikariPool-22 - Shutdown initiated...","exception":""}
{"timestamp":"2026-06-10 19:14:03.103","level":"INFO","thread":"main","correlationId":"","logger":"com.zaxxer.hikari.HikariDataSource","message":"HikariPool-22 - Shutdown completed.","exception":""}
{"timestamp":"2026-06-10 19:14:03.105","level":"INFO","thread":"main","correlationId":"","logger":"o.s.b.d.r.RestartApplicationListener","message":"Restart disabled due to context in which it is running","exception":""}
{"timestamp":"2026-06-10 19:14:03.120","level":"INFO","thread":"main","correlationId":"","logger":"c.d.d.c.PedidoControllerTest","message":"Starting PedidoControllerTest using Java 21.0.11 with PID 25592 (started by Santana in C:\Pasta Códiguinhos\arquitetura de sistemas fat\delivery-api\delivery-api)","exception":""}
{"timestamp":"2026-06-10 19:14:03.120","level":"INFO","thread":"main","correlationId":"","logger":"c.d.d.c.PedidoControllerTest","message":"The following 1 profile is active: "test"","exception":""}
{"timestamp":"2026-06-10 19:14:03.121","level":"DEBUG","thread":"main","correlationId":"","logger":"o.s.w.c.s.GenericWebApplicationContext","message":"Refreshing org.springframework.web.context.support.GenericWebApplicationContext@20542ed6","exception":""}
{"timestamp":"2026-06-10 19:14:03.283","level":"INFO","thread":"main","correlationId":"","logger":"o.s.d.r.c.RepositoryConfigurationDelegate","message":"Bootstrapping Spring Data JPA repositories in DEFAULT mode.","exception":""}
{"timestamp":"2026-06-10 19:14:03.299","level":"INFO","thread":"main","correlationId":"","logger":"o.s.d.r.c.RepositoryConfigurationDelegate","message":"Finished Spring Data repository scanning in 14 ms. Found 5 JPA repository interfaces.","exception":""}
{"timestamp":"2026-06-10 19:14:03.342","level":"INFO","thread":"main","correlationId":"","logger":"o.s.o.j.p.SpringPersistenceUnitInfo","message":"No LoadTimeWeaver setup: ignoring JPA class transformer","exception":""}
{"timestamp":"2026-06-10 19:14:03.343","level":"INFO","thread":"main","correlationId":"","logger":"com.zaxxer.hikari.HikariDataSource","message":"HikariPool-23 - Starting...","exception":""}
{"timestamp":"2026-06-10 19:14:03.344","level":"INFO","thread":"main","correlationId":"","logger":"com.zaxxer.hikari.pool.HikariPool","message":"HikariPool-23 - Added connection conn210: url=jdbc:h2:mem:deliverydb user=SA","exception":""}
{"timestamp":"2026-06-10 19:14:03.344","level":"INFO","thread":"main","correlationId":"","logger":"com.zaxxer.hikari.HikariDataSource","message":"HikariPool-23 - Start completed.","exception":""}
{"timestamp":"2026-06-10 19:14:03.344","level":"WARN","thread":"main","correlationId":"","logger":"org.hibernate.orm.deprecation","message":"HHH90000025: H2Dialect does not need to be specified explicitly using 'hibernate.dialect' (remove the property setting and it will be selected by default)","exception":""}
{"timestamp":"2026-06-10 19:14:03.374","level":"INFO","thread":"main","correlationId":"","logger":"o.s.o.j.LocalContainerEntityManagerFactoryBean","message":"Initialized JPA EntityManagerFactory for persistence unit 'default'","exception":""}
{"timestamp":"2026-06-10 19:14:03.393","level":"INFO","thread":"main","correlationId":"","logger":"o.s.s.c.a.a.c.InitializeAuthenticationProviderBeanManagerConfigurer$InitializeAuthenticationProviderManagerConfigurer","message":"Global AuthenticationManager configured with AuthenticationProvider bean with name authenticationProvider","exception":""}
{"timestamp":"2026-06-10 19:14:03.394","level":"WARN","thread":"main","correlationId":"","logger":"o.s.s.c.a.a.c.InitializeUserDetailsBeanManagerConfigurer$InitializeUserDetailsManagerConfigurer","message":"Global AuthenticationManager configured with an AuthenticationProvider bean. UserDetailsService beans will not be used by Spring Security for automatically configuring username/password login. Consider removing the AuthenticationProvider bean. Alternatively, consider using the UserDetailsService in a manually instantiated DaoAuthenticationProvider. If the current configuration is intentional, to turn off this warning, increase the logging level of 'org.springframework.security.config.annotation.authentication.configuration.InitializeUserDetailsBeanManagerConfigurer' to ERROR","exception":""}
{"timestamp":"2026-06-10 19:14:03.489","level":"DEBUG","thread":"main","correlationId":"","logger":"o.s.w.s.m.m.a.RequestMappingHandlerMapping","message":"42 mappings in 'requestMappingHandlerMapping'","exception":""}
{"timestamp":"2026-06-10 19:14:03.526","level":"DEBUG","thread":"main","correlationId":"","logger":"o.s.w.s.h.SimpleUrlHandlerMapping","message":"Patterns [/webjars/**, /**, /swagger-ui*/*swagger-initializer.js, /swagger-ui*/**] in 'resourceHandlerMapping'","exception":""}
{"timestamp":"2026-06-10 19:14:03.564","level":"INFO","thread":"main","correlationId":"","logger":"o.s.b.a.e.web.EndpointLinksResolver","message":"Exposing 13 endpoints beneath base path '/actuator'","exception":""}
{"timestamp":"2026-06-10 19:14:03.592","level":"DEBUG","thread":"main","correlationId":"","logger":"o.s.s.web.DefaultSecurityFilterChain","message":"Will secure any request with filters: DisableEncodeUrlFilter, WebAsyncManagerIntegrationFilter, SecurityContextHolderFilter, HeaderWriterFilter, CorsFilter, LogoutFilter, JwtAuthenticationFilter, RequestCacheAwareFilter, SecurityContextHolderAwareRequestFilter, AnonymousAuthenticationFilter, SessionManagementFilter, ExceptionTranslationFilter, AuthorizationFilter","exception":""}
{"timestamp":"2026-06-10 19:14:03.614","level":"DEBUG","thread":"main","correlationId":"","logger":"o.s.w.s.m.m.a.RequestMappingHandlerAdapter","message":"ControllerAdvice beans: 0 @ModelAttribute, 0 @InitBinder, 1 RequestBodyAdvice, 1 ResponseBodyAdvice","exception":""}
{"timestamp":"2026-06-10 19:14:03.618","level":"DEBUG","thread":"main","correlationId":"","logger":"o.s.w.s.m.m.a.ExceptionHandlerExceptionResolver","message":"ControllerAdvice beans: 2 @ExceptionHandler, 1 ResponseBodyAdvice","exception":""}
{"timestamp":"2026-06-10 19:14:03.646","level":"INFO","thread":"main","correlationId":"","logger":"o.s.b.a.h.H2ConsoleAutoConfiguration","message":"H2 console available at '/h2-console'. Database available at 'jdbc:h2:mem:deliverydb'","exception":""}
{"timestamp":"2026-06-10 19:14:03.657","level":"DEBUG","thread":"main","correlationId":"","logger":"o.s.w.f.ServerHttpObservationFilter","message":"Filter 'webMvcObservationFilter' configured for use","exception":""}
{"timestamp":"2026-06-10 19:14:03.657","level":"INFO","thread":"main","correlationId":"","logger":"o.s.b.t.m.w.SpringBootMockServletContext","message":"Initializing Spring TestDispatcherServlet ''","exception":""}
{"timestamp":"2026-06-10 19:14:03.657","level":"INFO","thread":"main","correlationId":"","logger":"o.s.t.w.s.TestDispatcherServlet","message":"Initializing Servlet ''","exception":""}
{"timestamp":"2026-06-10 19:14:03.657","level":"INFO","thread":"main","correlationId":"","logger":"o.s.t.w.s.TestDispatcherServlet","message":"Completed initialization in 0 ms","exception":""}
{"timestamp":"2026-06-10 19:14:03.665","level":"INFO","thread":"main","correlationId":"","logger":"c.d.d.c.PedidoControllerTest","message":"Started PedidoControllerTest in 0.561 seconds (process running for 65.395)","exception":""}
{"timestamp":"2026-06-10 19:14:03.778","level":"DEBUG","thread":"main","correlationId":"","logger":"o.s.security.web.FilterChainProxy","message":"Securing POST /api/pedidos","exception":""}
{"timestamp":"2026-06-10 19:14:03.778","level":"WARN","thread":"main","correlationId":"","logger":"c.d.d.s.JwtAuthenticationFilter","message":"JWT Token não começa com Bearer String","exception":""}
{"timestamp":"2026-06-10 19:14:03.779","level":"DEBUG","thread":"main","correlationId":"","logger":"o.s.security.web.FilterChainProxy","message":"Secured POST /api/pedidos","exception":""}
{"timestamp":"2026-06-10 19:14:03.779","level":"DEBUG","thread":"main","correlationId":"7e6623c65686433b","logger":"o.s.w.s.m.m.a.RequestMappingHandlerMapping","message":"Mapped to com.deliverytech.delivery_api.controller.PedidoController#criarPedido(PedidoReqDTO)","exception":""}
{"timestamp":"2026-06-10 19:14:03.781","level":"DEBUG","thread":"main","correlationId":"7e6623c65686433b","logger":"o.s.w.s.m.m.a.RequestResponseBodyMethodProcessor","message":"Read "application/json;charset=UTF-8" to [com.deliverytech.delivery_api.dto.req.PedidoReqDTO@353bb1c0]","exception":""}
{"timestamp":"2026-06-10 19:14:03.792","level":"DEBUG","thread":"main","correlationId":"7e6623c65686433b","logger":"o.s.w.s.m.m.a.HttpEntityMethodProcessor","message":"Using 'application/json', given [*/*] and supported [application/json, application/*+json, application/yaml]","exception":""}
{"timestamp":"2026-06-10 19:14:03.792","level":"DEBUG","thread":"main","correlationId":"7e6623c65686433b","logger":"o.s.w.s.m.m.a.HttpEntityMethodProcessor","message":"Writing [com.deliverytech.delivery_api.dto.res.PedidoResDTO@2553b53f]","exception":""}
{"timestamp":"2026-06-10 19:14:03.798","level":"DEBUG","thread":"main","correlationId":"","logger":"o.s.security.web.FilterChainProxy","message":"Securing PATCH /api/pedidos/4/status","exception":""}
{"timestamp":"2026-06-10 19:14:03.798","level":"WARN","thread":"main","correlationId":"","logger":"c.d.d.s.JwtAuthenticationFilter","message":"JWT Token não começa com Bearer String","exception":""}
{"timestamp":"2026-06-10 19:14:03.798","level":"DEBUG","thread":"main","correlationId":"","logger":"o.s.security.web.FilterChainProxy","message":"Secured PATCH /api/pedidos/4/status","exception":""}
{"timestamp":"2026-06-10 19:14:03.799","level":"DEBUG","thread":"main","correlationId":"b256d85e0a8344a0","logger":"o.s.w.s.m.m.a.RequestMappingHandlerMapping","message":"Mapped to com.deliverytech.delivery_api.controller.PedidoController#atualizarStatus(Long, StatusPedidoDTO)","exception":""}
{"timestamp":"2026-06-10 19:14:03.802","level":"DEBUG","thread":"main","correlationId":"b256d85e0a8344a0","logger":"o.s.w.s.m.m.a.RequestResponseBodyMethodProcessor","message":"Read "application/json;charset=UTF-8" to [com.deliverytech.delivery_api.dto.StatusPedidoDTO@39aae383]","exception":""}
{"timestamp":"2026-06-10 19:14:03.806","level":"DEBUG","thread":"main","correlationId":"b256d85e0a8344a0","logger":"o.s.w.s.m.m.a.HttpEntityMethodProcessor","message":"Using 'application/json', given [*/*] and supported [application/json, application/*+json, application/yaml]","exception":""}
{"timestamp":"2026-06-10 19:14:03.806","level":"DEBUG","thread":"main","correlationId":"b256d85e0a8344a0","logger":"o.s.w.s.m.m.a.HttpEntityMethodProcessor","message":"Writing [com.deliverytech.delivery_api.dto.res.PedidoResDTO@20de6ac6]","exception":""}
{"timestamp":"2026-06-10 19:14:03.810","level":"DEBUG","thread":"main","correlationId":"","logger":"o.s.w.c.s.GenericWebApplicationContext","message":"Closing org.springframework.web.context.support.GenericWebApplicationContext@20542ed6, started on Wed Jun 10 19:14:03 BRT 2026","exception":""}
{"timestamp":"2026-06-10 19:14:03.811","level":"INFO","thread":"main","correlationId":"","logger":"o.s.o.j.LocalContainerEntityManagerFactoryBean","message":"Closing JPA EntityManagerFactory for persistence unit 'default'","exception":""}
{"timestamp":"2026-06-10 19:14:03.812","level":"INFO","thread":"main","correlationId":"","logger":"com.zaxxer.hikari.HikariDataSource","message":"HikariPool-23 - Shutdown initiated...","exception":""}
{"timestamp":"2026-06-10 19:14:03.813","level":"INFO","thread":"main","correlationId":"","logger":"com.zaxxer.hikari.HikariDataSource","message":"HikariPool-23 - Shutdown completed.","exception":""}
{"timestamp":"2026-06-10 19:14:03.814","level":"INFO","thread":"main","correlationId":"","logger":"o.s.b.d.r.RestartApplicationListener","message":"Restart disabled due to context in which it is running","exception":""}
{"timestamp":"2026-06-10 19:14:03.832","level":"INFO","thread":"main","correlationId":"","logger":"c.d.d.c.PedidoControllerTest","message":"Starting PedidoControllerTest using Java 21.0.11 with PID 25592 (started by Santana in C:\Pasta Códiguinhos\arquitetura de sistemas fat\delivery-api\delivery-api)","exception":""}
{"timestamp":"2026-06-10 19:14:03.833","level":"INFO","thread":"main","correlationId":"","logger":"c.d.d.c.PedidoControllerTest","message":"The following 1 profile is active: "test"","exception":""}
{"timestamp":"2026-06-10 19:14:03.834","level":"DEBUG","thread":"main","correlationId":"","logger":"o.s.w.c.s.GenericWebApplicationContext","message":"Refreshing org.springframework.web.context.support.GenericWebApplicationContext@19fe6df","exception":""}
{"timestamp":"2026-06-10 19:14:03.995","level":"INFO","thread":"main","correlationId":"","logger":"o.s.d.r.c.RepositoryConfigurationDelegate","message":"Bootstrapping Spring Data JPA repositories in DEFAULT mode.","exception":""}
{"timestamp":"2026-06-10 19:14:04.011","level":"INFO","thread":"main","correlationId":"","logger":"o.s.d.r.c.RepositoryConfigurationDelegate","message":"Finished Spring Data repository scanning in 14 ms. Found 5 JPA repository interfaces.","exception":""}
{"timestamp":"2026-06-10 19:14:04.058","level":"INFO","thread":"main","correlationId":"","logger":"o.s.o.j.p.SpringPersistenceUnitInfo","message":"No LoadTimeWeaver setup: ignoring JPA class transformer","exception":""}
{"timestamp":"2026-06-10 19:14:04.058","level":"INFO","thread":"main","correlationId":"","logger":"com.zaxxer.hikari.HikariDataSource","message":"HikariPool-24 - Starting...","exception":""}
{"timestamp":"2026-06-10 19:14:04.060","level":"INFO","thread":"main","correlationId":"","logger":"com.zaxxer.hikari.pool.HikariPool","message":"HikariPool-24 - Added connection conn220: url=jdbc:h2:mem:deliverydb user=SA","exception":""}
{"timestamp":"2026-06-10 19:14:04.060","level":"INFO","thread":"main","correlationId":"","logger":"com.zaxxer.hikari.HikariDataSource","message":"HikariPool-24 - Start completed.","exception":""}
{"timestamp":"2026-06-10 19:14:04.060","level":"WARN","thread":"main","correlationId":"","logger":"org.hibernate.orm.deprecation","message":"HHH90000025: H2Dialect does not need to be specified explicitly using 'hibernate.dialect' (remove the property setting and it will be selected by default)","exception":""}
{"timestamp":"2026-06-10 19:14:04.092","level":"INFO","thread":"main","correlationId":"","logger":"o.s.o.j.LocalContainerEntityManagerFactoryBean","message":"Initialized JPA EntityManagerFactory for persistence unit 'default'","exception":""}
{"timestamp":"2026-06-10 19:14:04.111","level":"INFO","thread":"main","correlationId":"","logger":"o.s.s.c.a.a.c.InitializeAuthenticationProviderBeanManagerConfigurer$InitializeAuthenticationProviderManagerConfigurer","message":"Global AuthenticationManager configured with AuthenticationProvider bean with name authenticationProvider","exception":""}
{"timestamp":"2026-06-10 19:14:04.111","level":"WARN","thread":"main","correlationId":"","logger":"o.s.s.c.a.a.c.InitializeUserDetailsBeanManagerConfigurer$InitializeUserDetailsManagerConfigurer","message":"Global AuthenticationManager configured with an AuthenticationProvider bean. UserDetailsService beans will not be used by Spring Security for automatically configuring username/password login. Consider removing the AuthenticationProvider bean. Alternatively, consider using the UserDetailsService in a manually instantiated DaoAuthenticationProvider. If the current configuration is intentional, to turn off this warning, increase the logging level of 'org.springframework.security.config.annotation.authentication.configuration.InitializeUserDetailsBeanManagerConfigurer' to ERROR","exception":""}
{"timestamp":"2026-06-10 19:14:04.195","level":"DEBUG","thread":"main","correlationId":"","logger":"o.s.w.s.m.m.a.RequestMappingHandlerMapping","message":"42 mappings in 'requestMappingHandlerMapping'","exception":""}
{"timestamp":"2026-06-10 19:14:04.211","level":"DEBUG","thread":"main","correlationId":"","logger":"o.s.w.s.h.SimpleUrlHandlerMapping","message":"Patterns [/webjars/**, /**, /swagger-ui*/*swagger-initializer.js, /swagger-ui*/**] in 'resourceHandlerMapping'","exception":""}
{"timestamp":"2026-06-10 19:14:04.237","level":"INFO","thread":"main","correlationId":"","logger":"o.s.b.a.e.web.EndpointLinksResolver","message":"Exposing 13 endpoints beneath base path '/actuator'","exception":""}
{"timestamp":"2026-06-10 19:14:04.262","level":"DEBUG","thread":"main","correlationId":"","logger":"o.s.s.web.DefaultSecurityFilterChain","message":"Will secure any request with filters: DisableEncodeUrlFilter, WebAsyncManagerIntegrationFilter, SecurityContextHolderFilter, HeaderWriterFilter, CorsFilter, LogoutFilter, JwtAuthenticationFilter, RequestCacheAwareFilter, SecurityContextHolderAwareRequestFilter, AnonymousAuthenticationFilter, SessionManagementFilter, ExceptionTranslationFilter, AuthorizationFilter","exception":""}
{"timestamp":"2026-06-10 19:14:04.280","level":"DEBUG","thread":"main","correlationId":"","logger":"o.s.w.s.m.m.a.RequestMappingHandlerAdapter","message":"ControllerAdvice beans: 0 @ModelAttribute, 0 @InitBinder, 1 RequestBodyAdvice, 1 ResponseBodyAdvice","exception":""}
{"timestamp":"2026-06-10 19:14:04.284","level":"DEBUG","thread":"main","correlationId":"","logger":"o.s.w.s.m.m.a.ExceptionHandlerExceptionResolver","message":"ControllerAdvice beans: 2 @ExceptionHandler, 1 ResponseBodyAdvice","exception":""}
{"timestamp":"2026-06-10 19:14:04.308","level":"INFO","thread":"main","correlationId":"","logger":"o.s.b.a.h.H2ConsoleAutoConfiguration","message":"H2 console available at '/h2-console'. Database available at 'jdbc:h2:mem:deliverydb'","exception":""}
{"timestamp":"2026-06-10 19:14:04.318","level":"DEBUG","thread":"main","correlationId":"","logger":"o.s.w.f.ServerHttpObservationFilter","message":"Filter 'webMvcObservationFilter' configured for use","exception":""}
{"timestamp":"2026-06-10 19:14:04.318","level":"INFO","thread":"main","correlationId":"","logger":"o.s.b.t.m.w.SpringBootMockServletContext","message":"Initializing Spring TestDispatcherServlet ''","exception":""}
{"timestamp":"2026-06-10 19:14:04.318","level":"INFO","thread":"main","correlationId":"","logger":"o.s.t.w.s.TestDispatcherServlet","message":"Initializing Servlet ''","exception":""}
{"timestamp":"2026-06-10 19:14:04.319","level":"INFO","thread":"main","correlationId":"","logger":"o.s.t.w.s.TestDispatcherServlet","message":"Completed initialization in 1 ms","exception":""}
{"timestamp":"2026-06-10 19:14:04.326","level":"INFO","thread":"main","correlationId":"","logger":"c.d.d.c.PedidoControllerTest","message":"Started PedidoControllerTest in 0.512 seconds (process running for 66.055)","exception":""}
{"timestamp":"2026-06-10 19:14:04.344","level":"DEBUG","thread":"main","correlationId":"","logger":"o.s.security.web.FilterChainProxy","message":"Securing POST /api/pedidos","exception":""}
{"timestamp":"2026-06-10 19:14:04.344","level":"WARN","thread":"main","correlationId":"","logger":"c.d.d.s.JwtAuthenticationFilter","message":"JWT Token não começa com Bearer String","exception":""}
{"timestamp":"2026-06-10 19:14:04.345","level":"DEBUG","thread":"main","correlationId":"","logger":"o.s.security.web.FilterChainProxy","message":"Secured POST /api/pedidos","exception":""}
{"timestamp":"2026-06-10 19:14:04.345","level":"DEBUG","thread":"main","correlationId":"2bca76fd2d064645","logger":"o.s.w.s.m.m.a.RequestMappingHandlerMapping","message":"Mapped to com.deliverytech.delivery_api.controller.PedidoController#criarPedido(PedidoReqDTO)","exception":""}
{"timestamp":"2026-06-10 19:14:04.347","level":"DEBUG","thread":"main","correlationId":"2bca76fd2d064645","logger":"o.s.w.s.m.m.a.RequestResponseBodyMethodProcessor","message":"Read "application/json;charset=UTF-8" to [com.deliverytech.delivery_api.dto.req.PedidoReqDTO@43902601]","exception":""}
{"timestamp":"2026-06-10 19:14:04.356","level":"DEBUG","thread":"main","correlationId":"2bca76fd2d064645","logger":"o.s.w.s.m.m.a.HttpEntityMethodProcessor","message":"Using 'application/json', given [*/*] and supported [application/json, application/*+json, application/yaml]","exception":""}
{"timestamp":"2026-06-10 19:14:04.357","level":"DEBUG","thread":"main","correlationId":"2bca76fd2d064645","logger":"o.s.w.s.m.m.a.HttpEntityMethodProcessor","message":"Writing [com.deliverytech.delivery_api.dto.res.PedidoResDTO@6dc94fa0]","exception":""}
{"timestamp":"2026-06-10 19:14:04.359","level":"DEBUG","thread":"main","correlationId":"","logger":"o.s.security.web.FilterChainProxy","message":"Securing PATCH /api/pedidos/4/status","exception":""}
{"timestamp":"2026-06-10 19:14:04.360","level":"WARN","thread":"main","correlationId":"","logger":"c.d.d.s.JwtAuthenticationFilter","message":"JWT Token não começa com Bearer String","exception":""}
{"timestamp":"2026-06-10 19:14:04.360","level":"DEBUG","thread":"main","correlationId":"","logger":"o.s.security.web.FilterChainProxy","message":"Secured PATCH /api/pedidos/4/status","exception":""}
{"timestamp":"2026-06-10 19:14:04.361","level":"DEBUG","thread":"main","correlationId":"a0c76dd9727a4e13","logger":"o.s.w.s.m.m.a.RequestMappingHandlerMapping","message":"Mapped to com.deliverytech.delivery_api.controller.PedidoController#atualizarStatus(Long, StatusPedidoDTO)","exception":""}
{"timestamp":"2026-06-10 19:14:04.361","level":"DEBUG","thread":"main","correlationId":"a0c76dd9727a4e13","logger":"o.s.w.s.m.m.a.RequestResponseBodyMethodProcessor","message":"Read "application/json;charset=UTF-8" to [com.deliverytech.delivery_api.dto.StatusPedidoDTO@46748980]","exception":""}
{"timestamp":"2026-06-10 19:14:04.362","level":"DEBUG","thread":"main","correlationId":"a0c76dd9727a4e13","logger":"o.s.w.s.m.m.a.ExceptionHandlerExceptionResolver","message":"Using @ExceptionHandler com.deliverytech.delivery_api.exception.GlobalExceptionHandler#handleBusinessException(BusinessException, HttpServletRequest)","exception":""}
{"timestamp":"2026-06-10 19:14:04.365","level":"DEBUG","thread":"main","correlationId":"a0c76dd9727a4e13","logger":"o.s.w.s.m.m.a.HttpEntityMethodProcessor","message":"Using 'application/json', given [*/*] and supported [application/json, application/*+json, application/yaml]","exception":""}
{"timestamp":"2026-06-10 19:14:04.365","level":"DEBUG","thread":"main","correlationId":"a0c76dd9727a4e13","logger":"o.s.w.s.m.m.a.HttpEntityMethodProcessor","message":"Writing [com.deliverytech.delivery_api.dto.ErrorResponse@5e657974]","exception":""}
{"timestamp":"2026-06-10 19:14:04.365","level":"DEBUG","thread":"main","correlationId":"a0c76dd9727a4e13","logger":"o.s.w.s.m.m.a.ExceptionHandlerExceptionResolver","message":"Resolved [com.deliverytech.delivery_api.exception.BusinessException: Transição de status inválida: PENDENTE -> ENTREGUE]","exception":""}
{"timestamp":"2026-06-10 19:14:04.369","level":"DEBUG","thread":"main","correlationId":"","logger":"o.s.w.c.s.GenericWebApplicationContext","message":"Closing org.springframework.web.context.support.GenericWebApplicationContext@19fe6df, started on Wed Jun 10 19:14:03 BRT 2026","exception":""}
{"timestamp":"2026-06-10 19:14:04.371","level":"INFO","thread":"main","correlationId":"","logger":"o.s.o.j.LocalContainerEntityManagerFactoryBean","message":"Closing JPA EntityManagerFactory for persistence unit 'default'","exception":""}
{"timestamp":"2026-06-10 19:14:04.371","level":"INFO","thread":"main","correlationId":"","logger":"com.zaxxer.hikari.HikariDataSource","message":"HikariPool-24 - Shutdown initiated...","exception":""}
{"timestamp":"2026-06-10 19:14:04.385","level":"INFO","thread":"main","correlationId":"","logger":"com.zaxxer.hikari.HikariDataSource","message":"HikariPool-24 - Shutdown completed.","exception":""}
{"timestamp":"2026-06-10 19:14:04.386","level":"INFO","thread":"main","correlationId":"","logger":"o.s.b.d.r.RestartApplicationListener","message":"Restart disabled due to context in which it is running","exception":""}
{"timestamp":"2026-06-10 19:14:04.400","level":"INFO","thread":"main","correlationId":"","logger":"c.d.d.c.PedidoControllerTest","message":"Starting PedidoControllerTest using Java 21.0.11 with PID 25592 (started by Santana in C:\Pasta Códiguinhos\arquitetura de sistemas fat\delivery-api\delivery-api)","exception":""}
{"timestamp":"2026-06-10 19:14:04.401","level":"INFO","thread":"main","correlationId":"","logger":"c.d.d.c.PedidoControllerTest","message":"The following 1 profile is active: "test"","exception":""}
{"timestamp":"2026-06-10 19:14:04.401","level":"DEBUG","thread":"main","correlationId":"","logger":"o.s.w.c.s.GenericWebApplicationContext","message":"Refreshing org.springframework.web.context.support.GenericWebApplicationContext@37d773fa","exception":""}
{"timestamp":"2026-06-10 19:14:04.547","level":"INFO","thread":"main","correlationId":"","logger":"o.s.d.r.c.RepositoryConfigurationDelegate","message":"Bootstrapping Spring Data JPA repositories in DEFAULT mode.","exception":""}
{"timestamp":"2026-06-10 19:14:04.562","level":"INFO","thread":"main","correlationId":"","logger":"o.s.d.r.c.RepositoryConfigurationDelegate","message":"Finished Spring Data repository scanning in 14 ms. Found 5 JPA repository interfaces.","exception":""}
{"timestamp":"2026-06-10 19:14:04.604","level":"INFO","thread":"main","correlationId":"","logger":"o.s.o.j.p.SpringPersistenceUnitInfo","message":"No LoadTimeWeaver setup: ignoring JPA class transformer","exception":""}
{"timestamp":"2026-06-10 19:14:04.605","level":"INFO","thread":"main","correlationId":"","logger":"com.zaxxer.hikari.HikariDataSource","message":"HikariPool-25 - Starting...","exception":""}
{"timestamp":"2026-06-10 19:14:04.606","level":"INFO","thread":"main","correlationId":"","logger":"com.zaxxer.hikari.pool.HikariPool","message":"HikariPool-25 - Added connection conn228: url=jdbc:h2:mem:deliverydb user=SA","exception":""}
{"timestamp":"2026-06-10 19:14:04.606","level":"INFO","thread":"main","correlationId":"","logger":"com.zaxxer.hikari.HikariDataSource","message":"HikariPool-25 - Start completed.","exception":""}
{"timestamp":"2026-06-10 19:14:04.606","level":"WARN","thread":"main","correlationId":"","logger":"org.hibernate.orm.deprecation","message":"HHH90000025: H2Dialect does not need to be specified explicitly using 'hibernate.dialect' (remove the property setting and it will be selected by default)","exception":""}
{"timestamp":"2026-06-10 19:14:04.636","level":"INFO","thread":"main","correlationId":"","logger":"o.s.o.j.LocalContainerEntityManagerFactoryBean","message":"Initialized JPA EntityManagerFactory for persistence unit 'default'","exception":""}
{"timestamp":"2026-06-10 19:14:04.659","level":"INFO","thread":"main","correlationId":"","logger":"o.s.s.c.a.a.c.InitializeAuthenticationProviderBeanManagerConfigurer$InitializeAuthenticationProviderManagerConfigurer","message":"Global AuthenticationManager configured with AuthenticationProvider bean with name authenticationProvider","exception":""}
{"timestamp":"2026-06-10 19:14:04.659","level":"WARN","thread":"main","correlationId":"","logger":"o.s.s.c.a.a.c.InitializeUserDetailsBeanManagerConfigurer$InitializeUserDetailsManagerConfigurer","message":"Global AuthenticationManager configured with an AuthenticationProvider bean. UserDetailsService beans will not be used by Spring Security for automatically configuring username/password login. Consider removing the AuthenticationProvider bean. Alternatively, consider using the UserDetailsService in a manually instantiated DaoAuthenticationProvider. If the current configuration is intentional, to turn off this warning, increase the logging level of 'org.springframework.security.config.annotation.authentication.configuration.InitializeUserDetailsBeanManagerConfigurer' to ERROR","exception":""}
{"timestamp":"2026-06-10 19:14:04.730","level":"DEBUG","thread":"main","correlationId":"","logger":"o.s.w.s.m.m.a.RequestMappingHandlerMapping","message":"42 mappings in 'requestMappingHandlerMapping'","exception":""}
{"timestamp":"2026-06-10 19:14:04.748","level":"DEBUG","thread":"main","correlationId":"","logger":"o.s.w.s.h.SimpleUrlHandlerMapping","message":"Patterns [/webjars/**, /**, /swagger-ui*/*swagger-initializer.js, /swagger-ui*/**] in 'resourceHandlerMapping'","exception":""}
{"timestamp":"2026-06-10 19:14:04.775","level":"INFO","thread":"main","correlationId":"","logger":"o.s.b.a.e.web.EndpointLinksResolver","message":"Exposing 13 endpoints beneath base path '/actuator'","exception":""}
{"timestamp":"2026-06-10 19:14:04.800","level":"DEBUG","thread":"main","correlationId":"","logger":"o.s.s.web.DefaultSecurityFilterChain","message":"Will secure any request with filters: DisableEncodeUrlFilter, WebAsyncManagerIntegrationFilter, SecurityContextHolderFilter, HeaderWriterFilter, CorsFilter, LogoutFilter, JwtAuthenticationFilter, RequestCacheAwareFilter, SecurityContextHolderAwareRequestFilter, AnonymousAuthenticationFilter, SessionManagementFilter, ExceptionTranslationFilter, AuthorizationFilter","exception":""}
{"timestamp":"2026-06-10 19:14:04.819","level":"DEBUG","thread":"main","correlationId":"","logger":"o.s.w.s.m.m.a.RequestMappingHandlerAdapter","message":"ControllerAdvice beans: 0 @ModelAttribute, 0 @InitBinder, 1 RequestBodyAdvice, 1 ResponseBodyAdvice","exception":""}
{"timestamp":"2026-06-10 19:14:04.822","level":"DEBUG","thread":"main","correlationId":"","logger":"o.s.w.s.m.m.a.ExceptionHandlerExceptionResolver","message":"ControllerAdvice beans: 2 @ExceptionHandler, 1 ResponseBodyAdvice","exception":""}
{"timestamp":"2026-06-10 19:14:04.846","level":"INFO","thread":"main","correlationId":"","logger":"o.s.b.a.h.H2ConsoleAutoConfiguration","message":"H2 console available at '/h2-console'. Database available at 'jdbc:h2:mem:deliverydb'","exception":""}
{"timestamp":"2026-06-10 19:14:05.296","level":"DEBUG","thread":"main","correlationId":"","logger":"o.s.w.f.ServerHttpObservationFilter","message":"Filter 'webMvcObservationFilter' configured for use","exception":""}
{"timestamp":"2026-06-10 19:14:05.296","level":"INFO","thread":"main","correlationId":"","logger":"o.s.b.t.m.w.SpringBootMockServletContext","message":"Initializing Spring TestDispatcherServlet ''","exception":""}
{"timestamp":"2026-06-10 19:14:05.296","level":"INFO","thread":"main","correlationId":"","logger":"o.s.t.w.s.TestDispatcherServlet","message":"Initializing Servlet ''","exception":""}
{"timestamp":"2026-06-10 19:14:05.297","level":"INFO","thread":"main","correlationId":"","logger":"o.s.t.w.s.TestDispatcherServlet","message":"Completed initialization in 1 ms","exception":""}
{"timestamp":"2026-06-10 19:14:05.306","level":"INFO","thread":"main","correlationId":"","logger":"c.d.d.c.PedidoControllerTest","message":"Started PedidoControllerTest in 0.92 seconds (process running for 67.035)","exception":""}
{"timestamp":"2026-06-10 19:14:05.325","level":"DEBUG","thread":"main","correlationId":"","logger":"o.s.security.web.FilterChainProxy","message":"Securing POST /api/pedidos/calcular","exception":""}
{"timestamp":"2026-06-10 19:14:05.325","level":"WARN","thread":"main","correlationId":"","logger":"c.d.d.s.JwtAuthenticationFilter","message":"JWT Token não começa com Bearer String","exception":""}
{"timestamp":"2026-06-10 19:14:05.326","level":"DEBUG","thread":"main","correlationId":"","logger":"o.s.security.web.FilterChainProxy","message":"Secured POST /api/pedidos/calcular","exception":""}
{"timestamp":"2026-06-10 19:14:05.326","level":"DEBUG","thread":"main","correlationId":"a33b904f38ce4fa8","logger":"o.s.w.s.m.m.a.RequestMappingHandlerMapping","message":"Mapped to com.deliverytech.delivery_api.controller.PedidoController#calcularTotal(List)","exception":""}
{"timestamp":"2026-06-10 19:14:05.328","level":"DEBUG","thread":"main","correlationId":"a33b904f38ce4fa8","logger":"o.s.w.s.m.m.a.RequestResponseBodyMethodProcessor","message":"Read "application/json;charset=UTF-8" to [[com.deliverytech.delivery_api.dto.ItemPedidoDTO@3dc3e908]]","exception":""}
{"timestamp":"2026-06-10 19:14:05.339","level":"DEBUG","thread":"main","correlationId":"a33b904f38ce4fa8","logger":"o.s.w.s.m.m.a.HttpEntityMethodProcessor","message":"Using 'application/json', given [*/*] and supported [application/json, application/*+json, application/yaml]","exception":""}
{"timestamp":"2026-06-10 19:14:06.170","level":"DEBUG","thread":"main","correlationId":"a33b904f38ce4fa8","logger":"o.s.w.s.m.m.a.HttpEntityMethodProcessor","message":"Writing [89.7]","exception":""}
{"timestamp":"2026-06-10 19:14:06.175","level":"DEBUG","thread":"main","correlationId":"","logger":"o.s.w.c.s.GenericWebApplicationContext","message":"Closing org.springframework.web.context.support.GenericWebApplicationContext@37d773fa, started on Wed Jun 10 19:14:04 BRT 2026","exception":""}
{"timestamp":"2026-06-10 19:14:06.176","level":"INFO","thread":"main","correlationId":"","logger":"o.s.o.j.LocalContainerEntityManagerFactoryBean","message":"Closing JPA EntityManagerFactory for persistence unit 'default'","exception":""}
{"timestamp":"2026-06-10 19:14:06.177","level":"INFO","thread":"main","correlationId":"","logger":"com.zaxxer.hikari.HikariDataSource","message":"HikariPool-25 - Shutdown initiated...","exception":""}
{"timestamp":"2026-06-10 19:14:06.177","level":"INFO","thread":"main","correlationId":"","logger":"com.zaxxer.hikari.HikariDataSource","message":"HikariPool-25 - Shutdown completed.","exception":""}
{"timestamp":"2026-06-10 19:14:06.178","level":"INFO","thread":"main","correlationId":"","logger":"o.s.b.d.r.RestartApplicationListener","message":"Restart disabled due to context in which it is running","exception":""}
{"timestamp":"2026-06-10 19:14:06.406","level":"INFO","thread":"main","correlationId":"","logger":"c.d.d.c.PedidoControllerTest","message":"Starting PedidoControllerTest using Java 21.0.11 with PID 25592 (started by Santana in C:\Pasta Códiguinhos\arquitetura de sistemas fat\delivery-api\delivery-api)","exception":""}
{"timestamp":"2026-06-10 19:14:06.407","level":"INFO","thread":"main","correlationId":"","logger":"c.d.d.c.PedidoControllerTest","message":"The following 1 profile is active: "test"","exception":""}
{"timestamp":"2026-06-10 19:14:07.427","level":"DEBUG","thread":"main","correlationId":"","logger":"o.s.w.c.s.GenericWebApplicationContext","message":"Refreshing org.springframework.web.context.support.GenericWebApplicationContext@961aa9e","exception":""}
{"timestamp":"2026-06-10 19:14:07.578","level":"INFO","thread":"main","correlationId":"","logger":"o.s.d.r.c.RepositoryConfigurationDelegate","message":"Bootstrapping Spring Data JPA repositories in DEFAULT mode.","exception":""}
{"timestamp":"2026-06-10 19:14:07.592","level":"INFO","thread":"main","correlationId":"","logger":"o.s.d.r.c.RepositoryConfigurationDelegate","message":"Finished Spring Data repository scanning in 13 ms. Found 5 JPA repository interfaces.","exception":""}
{"timestamp":"2026-06-10 19:14:07.637","level":"INFO","thread":"main","correlationId":"","logger":"o.s.o.j.p.SpringPersistenceUnitInfo","message":"No LoadTimeWeaver setup: ignoring JPA class transformer","exception":""}
{"timestamp":"2026-06-10 19:14:07.637","level":"INFO","thread":"main","correlationId":"","logger":"com.zaxxer.hikari.HikariDataSource","message":"HikariPool-26 - Starting...","exception":""}
{"timestamp":"2026-06-10 19:14:07.638","level":"INFO","thread":"main","correlationId":"","logger":"com.zaxxer.hikari.pool.HikariPool","message":"HikariPool-26 - Added connection conn238: url=jdbc:h2:mem:deliverydb user=SA","exception":""}
{"timestamp":"2026-06-10 19:14:07.638","level":"INFO","thread":"main","correlationId":"","logger":"com.zaxxer.hikari.HikariDataSource","message":"HikariPool-26 - Start completed.","exception":""}
{"timestamp":"2026-06-10 19:14:07.638","level":"WARN","thread":"main","correlationId":"","logger":"org.hibernate.orm.deprecation","message":"HHH90000025: H2Dialect does not need to be specified explicitly using 'hibernate.dialect' (remove the property setting and it will be selected by default)","exception":""}
{"timestamp":"2026-06-10 19:14:07.679","level":"INFO","thread":"main","correlationId":"","logger":"o.s.o.j.LocalContainerEntityManagerFactoryBean","message":"Initialized JPA EntityManagerFactory for persistence unit 'default'","exception":""}
{"timestamp":"2026-06-10 19:14:07.701","level":"INFO","thread":"main","correlationId":"","logger":"o.s.s.c.a.a.c.InitializeAuthenticationProviderBeanManagerConfigurer$InitializeAuthenticationProviderManagerConfigurer","message":"Global AuthenticationManager configured with AuthenticationProvider bean with name authenticationProvider","exception":""}
{"timestamp":"2026-06-10 19:14:07.702","level":"WARN","thread":"main","correlationId":"","logger":"o.s.s.c.a.a.c.InitializeUserDetailsBeanManagerConfigurer$InitializeUserDetailsManagerConfigurer","message":"Global AuthenticationManager configured with an AuthenticationProvider bean. UserDetailsService beans will not be used by Spring Security for automatically configuring username/password login. Consider removing the AuthenticationProvider bean. Alternatively, consider using the UserDetailsService in a manually instantiated DaoAuthenticationProvider. If the current configuration is intentional, to turn off this warning, increase the logging level of 'org.springframework.security.config.annotation.authentication.configuration.InitializeUserDetailsBeanManagerConfigurer' to ERROR","exception":""}
{"timestamp":"2026-06-10 19:14:07.794","level":"DEBUG","thread":"main","correlationId":"","logger":"o.s.w.s.m.m.a.RequestMappingHandlerMapping","message":"42 mappings in 'requestMappingHandlerMapping'","exception":""}
{"timestamp":"2026-06-10 19:14:07.812","level":"DEBUG","thread":"main","correlationId":"","logger":"o.s.w.s.h.SimpleUrlHandlerMapping","message":"Patterns [/webjars/**, /**, /swagger-ui*/*swagger-initializer.js, /swagger-ui*/**] in 'resourceHandlerMapping'","exception":""}
{"timestamp":"2026-06-10 19:14:07.842","level":"INFO","thread":"main","correlationId":"","logger":"o.s.b.a.e.web.EndpointLinksResolver","message":"Exposing 13 endpoints beneath base path '/actuator'","exception":""}
{"timestamp":"2026-06-10 19:14:07.868","level":"DEBUG","thread":"main","correlationId":"","logger":"o.s.s.web.DefaultSecurityFilterChain","message":"Will secure any request with filters: DisableEncodeUrlFilter, WebAsyncManagerIntegrationFilter, SecurityContextHolderFilter, HeaderWriterFilter, CorsFilter, LogoutFilter, JwtAuthenticationFilter, RequestCacheAwareFilter, SecurityContextHolderAwareRequestFilter, AnonymousAuthenticationFilter, SessionManagementFilter, ExceptionTranslationFilter, AuthorizationFilter","exception":""}
{"timestamp":"2026-06-10 19:14:07.887","level":"DEBUG","thread":"main","correlationId":"","logger":"o.s.w.s.m.m.a.RequestMappingHandlerAdapter","message":"ControllerAdvice beans: 0 @ModelAttribute, 0 @InitBinder, 1 RequestBodyAdvice, 1 ResponseBodyAdvice","exception":""}
{"timestamp":"2026-06-10 19:14:07.891","level":"DEBUG","thread":"main","correlationId":"","logger":"o.s.w.s.m.m.a.ExceptionHandlerExceptionResolver","message":"ControllerAdvice beans: 2 @ExceptionHandler, 1 ResponseBodyAdvice","exception":""}
{"timestamp":"2026-06-10 19:14:07.916","level":"INFO","thread":"main","correlationId":"","logger":"o.s.b.a.h.H2ConsoleAutoConfiguration","message":"H2 console available at '/h2-console'. Database available at 'jdbc:h2:mem:deliverydb'","exception":""}
{"timestamp":"2026-06-10 19:14:07.926","level":"DEBUG","thread":"main","correlationId":"","logger":"o.s.w.f.ServerHttpObservationFilter","message":"Filter 'webMvcObservationFilter' configured for use","exception":""}
{"timestamp":"2026-06-10 19:14:07.926","level":"INFO","thread":"main","correlationId":"","logger":"o.s.b.t.m.w.SpringBootMockServletContext","message":"Initializing Spring TestDispatcherServlet ''","exception":""}
{"timestamp":"2026-06-10 19:14:07.926","level":"INFO","thread":"main","correlationId":"","logger":"o.s.t.w.s.TestDispatcherServlet","message":"Initializing Servlet ''","exception":""}
{"timestamp":"2026-06-10 19:14:07.926","level":"INFO","thread":"main","correlationId":"","logger":"o.s.t.w.s.TestDispatcherServlet","message":"Completed initialization in 0 ms","exception":""}
{"timestamp":"2026-06-10 19:14:07.934","level":"INFO","thread":"main","correlationId":"","logger":"c.d.d.c.PedidoControllerTest","message":"Started PedidoControllerTest in 1.756 seconds (process running for 69.663)","exception":""}
{"timestamp":"2026-06-10 19:14:07.952","level":"DEBUG","thread":"main","correlationId":"","logger":"o.s.security.web.FilterChainProxy","message":"Securing GET /api/pedidos/999999","exception":""}
{"timestamp":"2026-06-10 19:14:07.952","level":"WARN","thread":"main","correlationId":"","logger":"c.d.d.s.JwtAuthenticationFilter","message":"JWT Token não começa com Bearer String","exception":""}
{"timestamp":"2026-06-10 19:14:07.952","level":"DEBUG","thread":"main","correlationId":"","logger":"o.s.security.web.FilterChainProxy","message":"Secured GET /api/pedidos/999999","exception":""}
{"timestamp":"2026-06-10 19:14:07.952","level":"DEBUG","thread":"main","correlationId":"b6b92368a2af4047","logger":"o.s.w.s.m.m.a.RequestMappingHandlerMapping","message":"Mapped to com.deliverytech.delivery_api.controller.PedidoController#buscarPorId(Long)","exception":""}
{"timestamp":"2026-06-10 19:14:07.955","level":"DEBUG","thread":"main","correlationId":"b6b92368a2af4047","logger":"o.s.w.s.m.m.a.ExceptionHandlerExceptionResolver","message":"Using @ExceptionHandler com.deliverytech.delivery_api.exception.GlobalExceptionHandler#handleEntityNotFound(EntityNotFoundException, HttpServletRequest)","exception":""}
{"timestamp":"2026-06-10 19:14:07.957","level":"DEBUG","thread":"main","correlationId":"b6b92368a2af4047","logger":"o.s.w.s.m.m.a.HttpEntityMethodProcessor","message":"Using 'application/json', given [*/*] and supported [application/json, application/*+json, application/yaml]","exception":""}
{"timestamp":"2026-06-10 19:14:07.958","level":"DEBUG","thread":"main","correlationId":"b6b92368a2af4047","logger":"o.s.w.s.m.m.a.HttpEntityMethodProcessor","message":"Writing [com.deliverytech.delivery_api.dto.ErrorResponse@7fcc957e]","exception":""}
{"timestamp":"2026-06-10 19:14:07.958","level":"DEBUG","thread":"main","correlationId":"b6b92368a2af4047","logger":"o.s.w.s.m.m.a.ExceptionHandlerExceptionResolver","message":"Resolved [com.deliverytech.delivery_api.exception.EntityNotFoundException: Pedido não encontrado com ID: 999999]","exception":""}
{"timestamp":"2026-06-10 19:14:07.964","level":"INFO","thread":"main","correlationId":"","logger":"o.s.t.c.s.AnnotationConfigContextLoaderUtils","message":"Could not detect default configuration classes for test class [com.deliverytech.delivery_api.controller.RestauranteControllerTest]: RestauranteControllerTest does not declare any static, non-private, non-final, nested classes annotated with @Configuration.","exception":""}
{"timestamp":"2026-06-10 19:14:07.971","level":"INFO","thread":"main","correlationId":"","logger":"o.s.b.t.c.SpringBootTestContextBootstrapper","message":"Found @SpringBootConfiguration com.deliverytech.delivery_api.DeliveryApiApplication for test class com.deliverytech.delivery_api.controller.RestauranteControllerTest","exception":""}
{"timestamp":"2026-06-10 19:14:07.974","level":"INFO","thread":"main","correlationId":"","logger":"o.s.b.d.r.RestartApplicationListener","message":"Restart disabled due to context in which it is running","exception":""}
{"timestamp":"2026-06-10 19:14:07.983","level":"INFO","thread":"main","correlationId":"","logger":"c.d.d.c.RestauranteControllerTest","message":"Starting RestauranteControllerTest using Java 21.0.11 with PID 25592 (started by Santana in C:\Pasta Códiguinhos\arquitetura de sistemas fat\delivery-api\delivery-api)","exception":""}
{"timestamp":"2026-06-10 19:14:07.983","level":"INFO","thread":"main","correlationId":"","logger":"c.d.d.c.RestauranteControllerTest","message":"No active profile set, falling back to 1 default profile: "default"","exception":""}
{"timestamp":"2026-06-10 19:14:07.984","level":"DEBUG","thread":"main","correlationId":"","logger":"o.s.w.c.s.GenericWebApplicationContext","message":"Refreshing org.springframework.web.context.support.GenericWebApplicationContext@5436da31","exception":""}
{"timestamp":"2026-06-10 19:14:08.617","level":"DEBUG","thread":"main","correlationId":"","logger":"o.s.w.s.m.m.a.RequestMappingHandlerMapping","message":"11 mappings in 'requestMappingHandlerMapping'","exception":""}
{"timestamp":"2026-06-10 19:14:08.632","level":"DEBUG","thread":"main","correlationId":"","logger":"o.s.w.s.h.SimpleUrlHandlerMapping","message":"Patterns [/webjars/**, /**] in 'resourceHandlerMapping'","exception":""}
{"timestamp":"2026-06-10 19:14:08.634","level":"DEBUG","thread":"main","correlationId":"","logger":"o.s.w.s.m.m.a.RequestMappingHandlerAdapter","message":"ControllerAdvice beans: 0 @ModelAttribute, 0 @InitBinder, 1 RequestBodyAdvice, 1 ResponseBodyAdvice","exception":""}
{"timestamp":"2026-06-10 19:14:08.637","level":"DEBUG","thread":"main","correlationId":"","logger":"o.s.w.s.m.m.a.ExceptionHandlerExceptionResolver","message":"ControllerAdvice beans: 1 @ExceptionHandler, 1 ResponseBodyAdvice","exception":""}
{"timestamp":"2026-06-10 19:14:08.642","level":"WARN","thread":"main","correlationId":"","logger":"o.s.s.c.a.a.c.InitializeUserDetailsBeanManagerConfigurer$InitializeUserDetailsManagerConfigurer","message":"Found 2 UserDetailsService beans, with names [inMemoryUserDetailsManager, com.deliverytech.delivery_api.service.AuthService#0]. Global Authentication Manager will not use a UserDetailsService for username/password login. Consider publishing a single UserDetailsService bean.","exception":""}
{"timestamp":"2026-06-10 19:14:08.642","level":"DEBUG","thread":"main","correlationId":"","logger":"o.s.s.c.a.a.c.AuthenticationConfiguration$DefaultPasswordEncoderAuthenticationManagerBuilder","message":"No authenticationProviders and no parentAuthenticationManager defined. Returning null.","exception":""}
{"timestamp":"2026-06-10 19:14:08.661","level":"DEBUG","thread":"main","correlationId":"","logger":"o.s.s.web.DefaultSecurityFilterChain","message":"Will secure any request with filters: DisableEncodeUrlFilter, WebAsyncManagerIntegrationFilter, SecurityContextHolderFilter, HeaderWriterFilter, CsrfFilter, LogoutFilter, UsernamePasswordAuthenticationFilter, DefaultResourcesFilter, DefaultLoginPageGeneratingFilter, DefaultLogoutPageGeneratingFilter, BasicAuthenticationFilter, RequestCacheAwareFilter, SecurityContextHolderAwareRequestFilter, AnonymousAuthenticationFilter, ExceptionTranslationFilter, AuthorizationFilter","exception":""}
{"timestamp":"2026-06-10 19:14:08.668","level":"INFO","thread":"main","correlationId":"","logger":"o.s.b.t.m.w.SpringBootMockServletContext","message":"Initializing Spring TestDispatcherServlet ''","exception":""}
{"timestamp":"2026-06-10 19:14:08.668","level":"INFO","thread":"main","correlationId":"","logger":"o.s.t.w.s.TestDispatcherServlet","message":"Initializing Servlet ''","exception":""}
{"timestamp":"2026-06-10 19:14:08.668","level":"INFO","thread":"main","correlationId":"","logger":"o.s.t.w.s.TestDispatcherServlet","message":"Completed initialization in 0 ms","exception":""}
{"timestamp":"2026-06-10 19:14:08.671","level":"INFO","thread":"main","correlationId":"","logger":"c.d.d.c.RestauranteControllerTest","message":"Started RestauranteControllerTest in 0.697 seconds (process running for 70.4)","exception":""}
{"timestamp":"2026-06-10 19:14:08.678","level":"DEBUG","thread":"main","correlationId":"","logger":"o.s.w.s.m.m.a.RequestMappingHandlerMapping","message":"Mapped to com.deliverytech.delivery_api.controller.RestauranteController#buscarPorId(Long)","exception":""}
{"timestamp":"2026-06-10 19:14:08.686","level":"DEBUG","thread":"main","correlationId":"","logger":"o.s.w.s.m.m.a.HttpEntityMethodProcessor","message":"Using 'application/json', given [*/*] and supported [application/json, application/*+json, application/yaml]","exception":""}
{"timestamp":"2026-06-10 19:14:08.686","level":"DEBUG","thread":"main","correlationId":"","logger":"o.s.w.s.m.m.a.HttpEntityMethodProcessor","message":"Writing [com.deliverytech.delivery_api.dto.ApiResponseWrapper@26e676b1]","exception":""}
{"timestamp":"2026-06-10 19:14:08.692","level":"DEBUG","thread":"main","correlationId":"","logger":"o.s.w.s.m.m.a.RequestMappingHandlerMapping","message":"Mapped to com.deliverytech.delivery_api.controller.RestauranteController#calcularTaxaEntrega(Long, String)","exception":""}
{"timestamp":"2026-06-10 19:14:08.694","level":"DEBUG","thread":"main","correlationId":"","logger":"o.s.w.s.m.m.a.HttpEntityMethodProcessor","message":"Using 'application/json', given [*/*] and supported [application/json, application/*+json, application/yaml]","exception":""}
{"timestamp":"2026-06-10 19:14:08.694","level":"DEBUG","thread":"main","correlationId":"","logger":"o.s.w.s.m.m.a.HttpEntityMethodProcessor","message":"Writing [com.deliverytech.delivery_api.dto.ApiResponseWrapper@7cd74389]","exception":""}
{"timestamp":"2026-06-10 19:14:08.702","level":"DEBUG","thread":"main","correlationId":"","logger":"o.s.w.s.m.m.a.RequestMappingHandlerMapping","message":"Mapped to com.deliverytech.delivery_api.controller.RestauranteController#alterarStatus(Long)","exception":""}
{"timestamp":"2026-06-10 19:14:08.703","level":"DEBUG","thread":"main","correlationId":"","logger":"o.s.w.s.m.m.a.HttpEntityMethodProcessor","message":"Using 'application/json', given [*/*] and supported [application/json, application/*+json, application/yaml]","exception":""}
{"timestamp":"2026-06-10 19:14:08.704","level":"DEBUG","thread":"main","correlationId":"","logger":"o.s.w.s.m.m.a.HttpEntityMethodProcessor","message":"Writing [com.deliverytech.delivery_api.dto.ApiResponseWrapper@6875e7ba]","exception":""}
{"timestamp":"2026-06-10 19:14:08.709","level":"DEBUG","thread":"main","correlationId":"","logger":"o.s.w.s.m.m.a.RequestMappingHandlerMapping","message":"Mapped to com.deliverytech.delivery_api.controller.RestauranteController#buscarPorCategoria(String)","exception":""}
{"timestamp":"2026-06-10 19:14:08.711","level":"DEBUG","thread":"main","correlationId":"","logger":"o.s.w.s.m.m.a.HttpEntityMethodProcessor","message":"Using 'application/json', given [*/*] and supported [application/json, application/*+json, application/yaml]","exception":""}
{"timestamp":"2026-06-10 19:14:08.711","level":"DEBUG","thread":"main","correlationId":"","logger":"o.s.w.s.m.m.a.HttpEntityMethodProcessor","message":"Writing [com.deliverytech.delivery_api.dto.ApiResponseWrapper@671d6735]","exception":""}
{"timestamp":"2026-06-10 19:14:08.719","level":"INFO","thread":"main","correlationId":"","logger":"o.s.t.c.s.AnnotationConfigContextLoaderUtils","message":"Could not detect default configuration classes for test class [com.deliverytech.delivery_api.DeliveryApiApplicationTests]: DeliveryApiApplicationTests does not declare any static, non-private, non-final, nested classes annotated with @Configuration.","exception":""}
{"timestamp":"2026-06-10 19:14:08.731","level":"INFO","thread":"main","correlationId":"","logger":"o.s.b.t.c.SpringBootTestContextBootstrapper","message":"Found @SpringBootConfiguration com.deliverytech.delivery_api.DeliveryApiApplication for test class com.deliverytech.delivery_api.DeliveryApiApplicationTests","exception":""}
{"timestamp":"2026-06-10 19:14:08.735","level":"INFO","thread":"main","correlationId":"","logger":"o.s.b.d.r.RestartApplicationListener","message":"Restart disabled due to context in which it is running","exception":""}
{"timestamp":"2026-06-10 19:14:08.746","level":"INFO","thread":"main","correlationId":"","logger":"c.d.d.DeliveryApiApplicationTests","message":"Starting DeliveryApiApplicationTests using Java 21.0.11 with PID 25592 (started by Santana in C:\Pasta Códiguinhos\arquitetura de sistemas fat\delivery-api\delivery-api)","exception":""}
{"timestamp":"2026-06-10 19:14:08.746","level":"INFO","thread":"main","correlationId":"","logger":"c.d.d.DeliveryApiApplicationTests","message":"No active profile set, falling back to 1 default profile: "default"","exception":""}
{"timestamp":"2026-06-10 19:14:08.747","level":"DEBUG","thread":"main","correlationId":"","logger":"o.s.w.c.s.GenericWebApplicationContext","message":"Refreshing org.springframework.web.context.support.GenericWebApplicationContext@38e68afa","exception":""}
{"timestamp":"2026-06-10 19:14:08.908","level":"INFO","thread":"main","correlationId":"","logger":"o.s.d.r.c.RepositoryConfigurationDelegate","message":"Bootstrapping Spring Data JPA repositories in DEFAULT mode.","exception":""}
{"timestamp":"2026-06-10 19:14:08.923","level":"INFO","thread":"main","correlationId":"","logger":"o.s.d.r.c.RepositoryConfigurationDelegate","message":"Finished Spring Data repository scanning in 13 ms. Found 5 JPA repository interfaces.","exception":""}
{"timestamp":"2026-06-10 19:14:08.964","level":"INFO","thread":"main","correlationId":"","logger":"o.s.o.j.p.SpringPersistenceUnitInfo","message":"No LoadTimeWeaver setup: ignoring JPA class transformer","exception":""}
{"timestamp":"2026-06-10 19:14:08.965","level":"INFO","thread":"main","correlationId":"","logger":"com.zaxxer.hikari.HikariDataSource","message":"HikariPool-27 - Starting...","exception":""}
{"timestamp":"2026-06-10 19:14:08.965","level":"INFO","thread":"main","correlationId":"","logger":"com.zaxxer.hikari.pool.HikariPool","message":"HikariPool-27 - Added connection conn248: url=jdbc:h2:mem:deliverydb user=SA","exception":""}
{"timestamp":"2026-06-10 19:14:08.965","level":"INFO","thread":"main","correlationId":"","logger":"com.zaxxer.hikari.HikariDataSource","message":"HikariPool-27 - Start completed.","exception":""}
{"timestamp":"2026-06-10 19:14:08.965","level":"WARN","thread":"main","correlationId":"","logger":"org.hibernate.orm.deprecation","message":"HHH90000025: H2Dialect does not need to be specified explicitly using 'hibernate.dialect' (remove the property setting and it will be selected by default)","exception":""}
{"timestamp":"2026-06-10 19:14:08.996","level":"INFO","thread":"main","correlationId":"","logger":"o.s.o.j.LocalContainerEntityManagerFactoryBean","message":"Initialized JPA EntityManagerFactory for persistence unit 'default'","exception":""}
{"timestamp":"2026-06-10 19:14:09.013","level":"INFO","thread":"main","correlationId":"","logger":"o.s.s.c.a.a.c.InitializeAuthenticationProviderBeanManagerConfigurer$InitializeAuthenticationProviderManagerConfigurer","message":"Global AuthenticationManager configured with AuthenticationProvider bean with name authenticationProvider","exception":""}
{"timestamp":"2026-06-10 19:14:09.014","level":"WARN","thread":"main","correlationId":"","logger":"o.s.s.c.a.a.c.InitializeUserDetailsBeanManagerConfigurer$InitializeUserDetailsManagerConfigurer","message":"Global AuthenticationManager configured with an AuthenticationProvider bean. UserDetailsService beans will not be used by Spring Security for automatically configuring username/password login. Consider removing the AuthenticationProvider bean. Alternatively, consider using the UserDetailsService in a manually instantiated DaoAuthenticationProvider. If the current configuration is intentional, to turn off this warning, increase the logging level of 'org.springframework.security.config.annotation.authentication.configuration.InitializeUserDetailsBeanManagerConfigurer' to ERROR","exception":""}
{"timestamp":"2026-06-10 19:14:09.083","level":"DEBUG","thread":"main","correlationId":"","logger":"o.s.w.s.m.m.a.RequestMappingHandlerMapping","message":"42 mappings in 'requestMappingHandlerMapping'","exception":""}
{"timestamp":"2026-06-10 19:14:09.102","level":"DEBUG","thread":"main","correlationId":"","logger":"o.s.w.s.h.SimpleUrlHandlerMapping","message":"Patterns [/webjars/**, /**, /swagger-ui*/*swagger-initializer.js, /swagger-ui*/**] in 'resourceHandlerMapping'","exception":""}
{"timestamp":"2026-06-10 19:14:09.131","level":"INFO","thread":"main","correlationId":"","logger":"o.s.b.a.e.web.EndpointLinksResolver","message":"Exposing 13 endpoints beneath base path '/actuator'","exception":""}
{"timestamp":"2026-06-10 19:14:09.156","level":"DEBUG","thread":"main","correlationId":"","logger":"o.s.s.web.DefaultSecurityFilterChain","message":"Will secure any request with filters: DisableEncodeUrlFilter, WebAsyncManagerIntegrationFilter, SecurityContextHolderFilter, HeaderWriterFilter, CorsFilter, LogoutFilter, JwtAuthenticationFilter, RequestCacheAwareFilter, SecurityContextHolderAwareRequestFilter, AnonymousAuthenticationFilter, SessionManagementFilter, ExceptionTranslationFilter, AuthorizationFilter","exception":""}
{"timestamp":"2026-06-10 19:14:09.177","level":"DEBUG","thread":"main","correlationId":"","logger":"o.s.w.s.m.m.a.RequestMappingHandlerAdapter","message":"ControllerAdvice beans: 0 @ModelAttribute, 0 @InitBinder, 1 RequestBodyAdvice, 1 ResponseBodyAdvice","exception":""}
{"timestamp":"2026-06-10 19:14:09.181","level":"DEBUG","thread":"main","correlationId":"","logger":"o.s.w.s.m.m.a.ExceptionHandlerExceptionResolver","message":"ControllerAdvice beans: 2 @ExceptionHandler, 1 ResponseBodyAdvice","exception":""}
{"timestamp":"2026-06-10 19:14:09.207","level":"INFO","thread":"main","correlationId":"","logger":"o.s.b.a.h.H2ConsoleAutoConfiguration","message":"H2 console available at '/h2-console'. Database available at 'jdbc:h2:mem:deliverydb'","exception":""}
{"timestamp":"2026-06-10 19:14:09.221","level":"INFO","thread":"main","correlationId":"","logger":"c.d.d.DeliveryApiApplicationTests","message":"Started DeliveryApiApplicationTests in 0.487 seconds (process running for 70.951)","exception":""}
{"timestamp":"2026-06-10 19:14:10.030","level":"DEBUG","thread":"SpringApplicationShutdownHook","correlationId":"","logger":"o.s.w.c.s.GenericWebApplicationContext","message":"Closing org.springframework.web.context.support.GenericWebApplicationContext@961aa9e, started on Wed Jun 10 19:14:07 BRT 2026","exception":""}
{"timestamp":"2026-06-10 19:14:10.031","level":"INFO","thread":"SpringApplicationShutdownHook","correlationId":"","logger":"o.s.o.j.LocalContainerEntityManagerFactoryBean","message":"Closing JPA EntityManagerFactory for persistence unit 'default'","exception":""}
{"timestamp":"2026-06-10 19:14:10.032","level":"INFO","thread":"SpringApplicationShutdownHook","correlationId":"","logger":"com.zaxxer.hikari.HikariDataSource","message":"HikariPool-26 - Shutdown initiated...","exception":""}
{"timestamp":"2026-06-10 19:14:10.032","level":"INFO","thread":"SpringApplicationShutdownHook","correlationId":"","logger":"com.zaxxer.hikari.HikariDataSource","message":"HikariPool-26 - Shutdown completed.","exception":""}
{"timestamp":"2026-06-10 19:14:10.032","level":"DEBUG","thread":"SpringApplicationShutdownHook","correlationId":"","logger":"o.s.w.c.s.GenericWebApplicationContext","message":"Closing org.springframework.web.context.support.GenericWebApplicationContext@5436da31, started on Wed Jun 10 19:14:07 BRT 2026","exception":""}
{"timestamp":"2026-06-10 19:14:10.032","level":"DEBUG","thread":"SpringApplicationShutdownHook","correlationId":"","logger":"o.s.w.c.s.GenericWebApplicationContext","message":"Closing org.springframework.web.context.support.GenericWebApplicationContext@38e68afa, started on Wed Jun 10 19:14:08 BRT 2026","exception":""}
{"timestamp":"2026-06-10 19:14:10.034","level":"INFO","thread":"SpringApplicationShutdownHook","correlationId":"","logger":"o.s.o.j.LocalContainerEntityManagerFactoryBean","message":"Closing JPA EntityManagerFactory for persistence unit 'default'","exception":""}
{"timestamp":"2026-06-10 19:14:10.034","level":"INFO","thread":"SpringApplicationShutdownHook","correlationId":"","logger":"com.zaxxer.hikari.HikariDataSource","message":"HikariPool-27 - Shutdown initiated...","exception":""}
{"timestamp":"2026-06-10 19:14:10.035","level":"INFO","thread":"SpringApplicationShutdownHook","correlationId":"","logger":"com.zaxxer.hikari.HikariDataSource","message":"HikariPool-27 - Shutdown completed.","exception":""}
{"timestamp":"2026-06-10 19:31:03.081","level":"INFO","thread":"main","correlationId":"","logger":"c.d.d.c.ClienteControllerTest","message":"Starting ClienteControllerTest using Java 21.0.11 with PID 26828 (started by Santana in C:\Pasta Códiguinhos\arquitetura de sistemas fat\delivery-api\delivery-api)","exception":""}
{"timestamp":"2026-06-10 19:31:03.082","level":"INFO","thread":"main","correlationId":"","logger":"c.d.d.c.ClienteControllerTest","message":"The following 1 profile is active: "test"","exception":""}
{"timestamp":"2026-06-10 19:31:03.109","level":"DEBUG","thread":"main","correlationId":"","logger":"o.s.w.c.s.GenericWebApplicationContext","message":"Refreshing org.springframework.web.context.support.GenericWebApplicationContext@3f7b15bb","exception":""}
{"timestamp":"2026-06-10 19:31:04.518","level":"INFO","thread":"main","correlationId":"","logger":"o.s.d.r.c.RepositoryConfigurationDelegate","message":"Bootstrapping Spring Data JPA repositories in DEFAULT mode.","exception":""}
{"timestamp":"2026-06-10 19:31:04.601","level":"INFO","thread":"main","correlationId":"","logger":"o.s.d.r.c.RepositoryConfigurationDelegate","message":"Finished Spring Data repository scanning in 68 ms. Found 5 JPA repository interfaces.","exception":""}
{"timestamp":"2026-06-10 19:31:05.576","level":"INFO","thread":"main","correlationId":"","logger":"o.s.o.j.p.SpringPersistenceUnitInfo","message":"No LoadTimeWeaver setup: ignoring JPA class transformer","exception":""}
{"timestamp":"2026-06-10 19:31:05.615","level":"INFO","thread":"main","correlationId":"","logger":"com.zaxxer.hikari.HikariDataSource","message":"HikariPool-1 - Starting...","exception":""}
{"timestamp":"2026-06-10 19:31:05.979","level":"INFO","thread":"main","correlationId":"","logger":"com.zaxxer.hikari.pool.HikariPool","message":"HikariPool-1 - Added connection conn0: url=jdbc:h2:mem:deliverydb user=SA","exception":""}
{"timestamp":"2026-06-10 19:31:05.981","level":"INFO","thread":"main","correlationId":"","logger":"com.zaxxer.hikari.HikariDataSource","message":"HikariPool-1 - Start completed.","exception":""}
{"timestamp":"2026-06-10 19:31:06.023","level":"WARN","thread":"main","correlationId":"","logger":"org.hibernate.orm.deprecation","message":"HHH90000025: H2Dialect does not need to be specified explicitly using 'hibernate.dialect' (remove the property setting and it will be selected by default)","exception":""}
{"timestamp":"2026-06-10 19:31:07.239","level":"INFO","thread":"main","correlationId":"","logger":"o.s.o.j.LocalContainerEntityManagerFactoryBean","message":"Initialized JPA EntityManagerFactory for persistence unit 'default'","exception":""}
{"timestamp":"2026-06-10 19:31:07.621","level":"INFO","thread":"main","correlationId":"","logger":"o.s.s.c.a.a.c.InitializeAuthenticationProviderBeanManagerConfigurer$InitializeAuthenticationProviderManagerConfigurer","message":"Global AuthenticationManager configured with AuthenticationProvider bean with name authenticationProvider","exception":""}
{"timestamp":"2026-06-10 19:31:07.622","level":"WARN","thread":"main","correlationId":"","logger":"o.s.s.c.a.a.c.InitializeUserDetailsBeanManagerConfigurer$InitializeUserDetailsManagerConfigurer","message":"Global AuthenticationManager configured with an AuthenticationProvider bean. UserDetailsService beans will not be used by Spring Security for automatically configuring username/password login. Consider removing the AuthenticationProvider bean. Alternatively, consider using the UserDetailsService in a manually instantiated DaoAuthenticationProvider. If the current configuration is intentional, to turn off this warning, increase the logging level of 'org.springframework.security.config.annotation.authentication.configuration.InitializeUserDetailsBeanManagerConfigurer' to ERROR","exception":""}
{"timestamp":"2026-06-10 19:31:07.676","level":"INFO","thread":"main","correlationId":"","logger":"o.s.d.j.r.query.QueryEnhancerFactory","message":"Hibernate is in classpath; If applicable, HQL parser will be used.","exception":""}
{"timestamp":"2026-06-10 19:31:08.936","level":"DEBUG","thread":"main","correlationId":"","logger":"o.s.w.s.m.m.a.RequestMappingHandlerMapping","message":"42 mappings in 'requestMappingHandlerMapping'","exception":""}
{"timestamp":"2026-06-10 19:31:09.072","level":"DEBUG","thread":"main","correlationId":"","logger":"o.s.w.s.h.SimpleUrlHandlerMapping","message":"Patterns [/webjars/**, /**, /swagger-ui*/*swagger-initializer.js, /swagger-ui*/**] in 'resourceHandlerMapping'","exception":""}
{"timestamp":"2026-06-10 19:31:09.237","level":"INFO","thread":"main","correlationId":"","logger":"o.s.b.a.e.web.EndpointLinksResolver","message":"Exposing 13 endpoints beneath base path '/actuator'","exception":""}
{"timestamp":"2026-06-10 19:31:09.387","level":"DEBUG","thread":"main","correlationId":"","logger":"o.s.s.web.DefaultSecurityFilterChain","message":"Will secure any request with filters: DisableEncodeUrlFilter, WebAsyncManagerIntegrationFilter, SecurityContextHolderFilter, HeaderWriterFilter, CorsFilter, LogoutFilter, JwtAuthenticationFilter, RequestCacheAwareFilter, SecurityContextHolderAwareRequestFilter, AnonymousAuthenticationFilter, SessionManagementFilter, ExceptionTranslationFilter, AuthorizationFilter","exception":""}
{"timestamp":"2026-06-10 19:31:09.542","level":"DEBUG","thread":"main","correlationId":"","logger":"o.s.w.s.m.m.a.RequestMappingHandlerAdapter","message":"ControllerAdvice beans: 0 @ModelAttribute, 0 @InitBinder, 1 RequestBodyAdvice, 1 ResponseBodyAdvice","exception":""}
{"timestamp":"2026-06-10 19:31:09.606","level":"DEBUG","thread":"main","correlationId":"","logger":"o.s.w.s.m.m.a.ExceptionHandlerExceptionResolver","message":"ControllerAdvice beans: 2 @ExceptionHandler, 1 ResponseBodyAdvice","exception":""}
{"timestamp":"2026-06-10 19:31:09.766","level":"INFO","thread":"main","correlationId":"","logger":"o.s.b.a.h.H2ConsoleAutoConfiguration","message":"H2 console available at '/h2-console'. Database available at 'jdbc:h2:mem:deliverydb'","exception":""}
{"timestamp":"2026-06-10 19:31:09.850","level":"DEBUG","thread":"main","correlationId":"","logger":"o.s.w.f.ServerHttpObservationFilter","message":"Filter 'webMvcObservationFilter' configured for use","exception":""}
{"timestamp":"2026-06-10 19:31:09.852","level":"INFO","thread":"main","correlationId":"","logger":"o.s.b.t.m.w.SpringBootMockServletContext","message":"Initializing Spring TestDispatcherServlet ''","exception":""}
{"timestamp":"2026-06-10 19:31:09.852","level":"INFO","thread":"main","correlationId":"","logger":"o.s.t.w.s.TestDispatcherServlet","message":"Initializing Servlet ''","exception":""}
{"timestamp":"2026-06-10 19:31:09.853","level":"INFO","thread":"main","correlationId":"","logger":"o.s.t.w.s.TestDispatcherServlet","message":"Completed initialization in 1 ms","exception":""}
{"timestamp":"2026-06-10 19:31:09.908","level":"INFO","thread":"main","correlationId":"","logger":"c.d.d.c.ClienteControllerTest","message":"Started ClienteControllerTest in 7.527 seconds (process running for 11.378)","exception":""}
{"timestamp":"2026-06-10 19:31:10.008","level":"DEBUG","thread":"main","correlationId":"","logger":"o.s.w.c.s.GenericWebApplicationContext","message":"Closing org.springframework.web.context.support.GenericWebApplicationContext@3f7b15bb, started on Wed Jun 10 19:31:03 BRT 2026","exception":""}
{"timestamp":"2026-06-10 19:31:10.014","level":"INFO","thread":"main","correlationId":"","logger":"o.s.o.j.LocalContainerEntityManagerFactoryBean","message":"Closing JPA EntityManagerFactory for persistence unit 'default'","exception":""}
{"timestamp":"2026-06-10 19:31:10.021","level":"INFO","thread":"main","correlationId":"","logger":"com.zaxxer.hikari.HikariDataSource","message":"HikariPool-1 - Shutdown initiated...","exception":""}
{"timestamp":"2026-06-10 19:31:10.022","level":"INFO","thread":"main","correlationId":"","logger":"com.zaxxer.hikari.HikariDataSource","message":"HikariPool-1 - Shutdown completed.","exception":""}
{"timestamp":"2026-06-10 19:31:10.026","level":"INFO","thread":"main","correlationId":"","logger":"o.s.b.d.r.RestartApplicationListener","message":"Restart disabled due to context in which it is running","exception":""}
{"timestamp":"2026-06-10 19:31:10.059","level":"INFO","thread":"main","correlationId":"","logger":"c.d.d.c.ClienteControllerTest","message":"Starting ClienteControllerTest using Java 21.0.11 with PID 26828 (started by Santana in C:\Pasta Códiguinhos\arquitetura de sistemas fat\delivery-api\delivery-api)","exception":""}
{"timestamp":"2026-06-10 19:31:10.059","level":"INFO","thread":"main","correlationId":"","logger":"c.d.d.c.ClienteControllerTest","message":"The following 1 profile is active: "test"","exception":""}
{"timestamp":"2026-06-10 19:31:10.060","level":"DEBUG","thread":"main","correlationId":"","logger":"o.s.w.c.s.GenericWebApplicationContext","message":"Refreshing org.springframework.web.context.support.GenericWebApplicationContext@500c0dca","exception":""}
{"timestamp":"2026-06-10 19:31:10.340","level":"INFO","thread":"main","correlationId":"","logger":"o.s.d.r.c.RepositoryConfigurationDelegate","message":"Bootstrapping Spring Data JPA repositories in DEFAULT mode.","exception":""}
{"timestamp":"2026-06-10 19:31:10.360","level":"INFO","thread":"main","correlationId":"","logger":"o.s.d.r.c.RepositoryConfigurationDelegate","message":"Finished Spring Data repository scanning in 18 ms. Found 5 JPA repository interfaces.","exception":""}
{"timestamp":"2026-06-10 19:31:10.437","level":"INFO","thread":"main","correlationId":"","logger":"o.s.o.j.p.SpringPersistenceUnitInfo","message":"No LoadTimeWeaver setup: ignoring JPA class transformer","exception":""}
{"timestamp":"2026-06-10 19:31:10.439","level":"INFO","thread":"main","correlationId":"","logger":"com.zaxxer.hikari.HikariDataSource","message":"HikariPool-2 - Starting...","exception":""}
{"timestamp":"2026-06-10 19:31:10.441","level":"INFO","thread":"main","correlationId":"","logger":"com.zaxxer.hikari.pool.HikariPool","message":"HikariPool-2 - Added connection conn10: url=jdbc:h2:mem:deliverydb user=SA","exception":""}
{"timestamp":"2026-06-10 19:31:10.441","level":"INFO","thread":"main","correlationId":"","logger":"com.zaxxer.hikari.HikariDataSource","message":"HikariPool-2 - Start completed.","exception":""}
{"timestamp":"2026-06-10 19:31:10.441","level":"WARN","thread":"main","correlationId":"","logger":"org.hibernate.orm.deprecation","message":"HHH90000025: H2Dialect does not need to be specified explicitly using 'hibernate.dialect' (remove the property setting and it will be selected by default)","exception":""}
{"timestamp":"2026-06-10 19:31:10.515","level":"INFO","thread":"main","correlationId":"","logger":"o.s.o.j.LocalContainerEntityManagerFactoryBean","message":"Initialized JPA EntityManagerFactory for persistence unit 'default'","exception":""}
{"timestamp":"2026-06-10 19:31:10.554","level":"INFO","thread":"main","correlationId":"","logger":"o.s.s.c.a.a.c.InitializeAuthenticationProviderBeanManagerConfigurer$InitializeAuthenticationProviderManagerConfigurer","message":"Global AuthenticationManager configured with AuthenticationProvider bean with name authenticationProvider","exception":""}
{"timestamp":"2026-06-10 19:31:10.554","level":"WARN","thread":"main","correlationId":"","logger":"o.s.s.c.a.a.c.InitializeUserDetailsBeanManagerConfigurer$InitializeUserDetailsManagerConfigurer","message":"Global AuthenticationManager configured with an AuthenticationProvider bean. UserDetailsService beans will not be used by Spring Security for automatically configuring username/password login. Consider removing the AuthenticationProvider bean. Alternatively, consider using the UserDetailsService in a manually instantiated DaoAuthenticationProvider. If the current configuration is intentional, to turn off this warning, increase the logging level of 'org.springframework.security.config.annotation.authentication.configuration.InitializeUserDetailsBeanManagerConfigurer' to ERROR","exception":""}
{"timestamp":"2026-06-10 19:31:10.700","level":"DEBUG","thread":"main","correlationId":"","logger":"o.s.w.s.m.m.a.RequestMappingHandlerMapping","message":"42 mappings in 'requestMappingHandlerMapping'","exception":""}
{"timestamp":"2026-06-10 19:31:10.727","level":"DEBUG","thread":"main","correlationId":"","logger":"o.s.w.s.h.SimpleUrlHandlerMapping","message":"Patterns [/webjars/**, /**, /swagger-ui*/*swagger-initializer.js, /swagger-ui*/**] in 'resourceHandlerMapping'","exception":""}
{"timestamp":"2026-06-10 19:31:10.776","level":"INFO","thread":"main","correlationId":"","logger":"o.s.b.a.e.web.EndpointLinksResolver","message":"Exposing 13 endpoints beneath base path '/actuator'","exception":""}
{"timestamp":"2026-06-10 19:31:10.807","level":"DEBUG","thread":"main","correlationId":"","logger":"o.s.s.web.DefaultSecurityFilterChain","message":"Will secure any request with filters: DisableEncodeUrlFilter, WebAsyncManagerIntegrationFilter, SecurityContextHolderFilter, HeaderWriterFilter, CorsFilter, LogoutFilter, JwtAuthenticationFilter, RequestCacheAwareFilter, SecurityContextHolderAwareRequestFilter, AnonymousAuthenticationFilter, SessionManagementFilter, ExceptionTranslationFilter, AuthorizationFilter","exception":""}
{"timestamp":"2026-06-10 19:31:10.834","level":"DEBUG","thread":"main","correlationId":"","logger":"o.s.w.s.m.m.a.RequestMappingHandlerAdapter","message":"ControllerAdvice beans: 0 @ModelAttribute, 0 @InitBinder, 1 RequestBodyAdvice, 1 ResponseBodyAdvice","exception":""}
{"timestamp":"2026-06-10 19:31:10.840","level":"DEBUG","thread":"main","correlationId":"","logger":"o.s.w.s.m.m.a.ExceptionHandlerExceptionResolver","message":"ControllerAdvice beans: 2 @ExceptionHandler, 1 ResponseBodyAdvice","exception":""}
{"timestamp":"2026-06-10 19:31:10.883","level":"INFO","thread":"main","correlationId":"","logger":"o.s.b.a.h.H2ConsoleAutoConfiguration","message":"H2 console available at '/h2-console'. Database available at 'jdbc:h2:mem:deliverydb'","exception":""}
{"timestamp":"2026-06-10 19:31:10.903","level":"DEBUG","thread":"main","correlationId":"","logger":"o.s.w.f.ServerHttpObservationFilter","message":"Filter 'webMvcObservationFilter' configured for use","exception":""}
{"timestamp":"2026-06-10 19:31:10.904","level":"INFO","thread":"main","correlationId":"","logger":"o.s.b.t.m.w.SpringBootMockServletContext","message":"Initializing Spring TestDispatcherServlet ''","exception":""}
{"timestamp":"2026-06-10 19:31:10.904","level":"INFO","thread":"main","correlationId":"","logger":"o.s.t.w.s.TestDispatcherServlet","message":"Initializing Servlet ''","exception":""}
{"timestamp":"2026-06-10 19:31:10.904","level":"INFO","thread":"main","correlationId":"","logger":"o.s.t.w.s.TestDispatcherServlet","message":"Completed initialization in 0 ms","exception":""}
{"timestamp":"2026-06-10 19:31:10.917","level":"INFO","thread":"main","correlationId":"","logger":"c.d.d.c.ClienteControllerTest","message":"Started ClienteControllerTest in 0.892 seconds (process running for 12.386)","exception":""}
{"timestamp":"2026-06-10 19:31:11.112","level":"DEBUG","thread":"main","correlationId":"","logger":"o.s.security.web.FilterChainProxy","message":"Securing POST /api/clientes","exception":""}
{"timestamp":"2026-06-10 19:31:11.125","level":"WARN","thread":"main","correlationId":"","logger":"c.d.d.s.JwtAuthenticationFilter","message":"JWT Token não começa com Bearer String","exception":""}
{"timestamp":"2026-06-10 19:31:11.136","level":"DEBUG","thread":"main","correlationId":"","logger":"o.s.security.web.FilterChainProxy","message":"Secured POST /api/clientes","exception":""}
{"timestamp":"2026-06-10 19:31:11.140","level":"DEBUG","thread":"main","correlationId":"bc328de40192457a","logger":"o.s.w.s.m.m.a.RequestMappingHandlerMapping","message":"Mapped to com.deliverytech.delivery_api.controller.ClienteController#cadastrarCliente(ClienteReqDTO)","exception":""}
{"timestamp":"2026-06-10 19:31:11.195","level":"DEBUG","thread":"main","correlationId":"bc328de40192457a","logger":"o.s.w.s.m.m.a.RequestResponseBodyMethodProcessor","message":"Read "application/json;charset=UTF-8" to [com.deliverytech.delivery_api.dto.req.ClienteReqDTO@70dd8888]","exception":""}
{"timestamp":"2026-06-10 19:31:11.412","level":"DEBUG","thread":"main","correlationId":"bc328de40192457a","logger":"o.s.w.s.m.m.a.HttpEntityMethodProcessor","message":"Using 'application/json', given [*/*] and supported [application/json, application/*+json, application/yaml]","exception":""}
{"timestamp":"2026-06-10 19:31:11.412","level":"DEBUG","thread":"main","correlationId":"bc328de40192457a","logger":"o.s.w.s.m.m.a.HttpEntityMethodProcessor","message":"Writing [com.deliverytech.delivery_api.dto.res.ClienteResDTO@7713b8b1]","exception":""}
{"timestamp":"2026-06-10 19:31:11.487","level":"DEBUG","thread":"main","correlationId":"","logger":"o.s.w.c.s.GenericWebApplicationContext","message":"Closing org.springframework.web.context.support.GenericWebApplicationContext@500c0dca, started on Wed Jun 10 19:31:10 BRT 2026","exception":""}
{"timestamp":"2026-06-10 19:31:11.489","level":"INFO","thread":"main","correlationId":"","logger":"o.s.o.j.LocalContainerEntityManagerFactoryBean","message":"Closing JPA EntityManagerFactory for persistence unit 'default'","exception":""}
{"timestamp":"2026-06-10 19:31:11.493","level":"INFO","thread":"main","correlationId":"","logger":"com.zaxxer.hikari.HikariDataSource","message":"HikariPool-2 - Shutdown initiated...","exception":""}
{"timestamp":"2026-06-10 19:31:11.494","level":"INFO","thread":"main","correlationId":"","logger":"com.zaxxer.hikari.HikariDataSource","message":"HikariPool-2 - Shutdown completed.","exception":""}
{"timestamp":"2026-06-10 19:31:11.496","level":"INFO","thread":"main","correlationId":"","logger":"o.s.b.d.r.RestartApplicationListener","message":"Restart disabled due to context in which it is running","exception":""}
{"timestamp":"2026-06-10 19:31:11.532","level":"INFO","thread":"main","correlationId":"","logger":"c.d.d.c.ClienteControllerTest","message":"Starting ClienteControllerTest using Java 21.0.11 with PID 26828 (started by Santana in C:\Pasta Códiguinhos\arquitetura de sistemas fat\delivery-api\delivery-api)","exception":""}
{"timestamp":"2026-06-10 19:31:11.532","level":"INFO","thread":"main","correlationId":"","logger":"c.d.d.c.ClienteControllerTest","message":"The following 1 profile is active: "test"","exception":""}
{"timestamp":"2026-06-10 19:31:11.533","level":"DEBUG","thread":"main","correlationId":"","logger":"o.s.w.c.s.GenericWebApplicationContext","message":"Refreshing org.springframework.web.context.support.GenericWebApplicationContext@171803ec","exception":""}
{"timestamp":"2026-06-10 19:31:11.787","level":"INFO","thread":"main","correlationId":"","logger":"o.s.d.r.c.RepositoryConfigurationDelegate","message":"Bootstrapping Spring Data JPA repositories in DEFAULT mode.","exception":""}
{"timestamp":"2026-06-10 19:31:11.808","level":"INFO","thread":"main","correlationId":"","logger":"o.s.d.r.c.RepositoryConfigurationDelegate","message":"Finished Spring Data repository scanning in 20 ms. Found 5 JPA repository interfaces.","exception":""}
{"timestamp":"2026-06-10 19:31:11.885","level":"INFO","thread":"main","correlationId":"","logger":"o.s.o.j.p.SpringPersistenceUnitInfo","message":"No LoadTimeWeaver setup: ignoring JPA class transformer","exception":""}
{"timestamp":"2026-06-10 19:31:11.886","level":"INFO","thread":"main","correlationId":"","logger":"com.zaxxer.hikari.HikariDataSource","message":"HikariPool-3 - Starting...","exception":""}
{"timestamp":"2026-06-10 19:31:11.888","level":"INFO","thread":"main","correlationId":"","logger":"com.zaxxer.hikari.pool.HikariPool","message":"HikariPool-3 - Added connection conn20: url=jdbc:h2:mem:deliverydb user=SA","exception":""}
{"timestamp":"2026-06-10 19:31:11.888","level":"INFO","thread":"main","correlationId":"","logger":"com.zaxxer.hikari.HikariDataSource","message":"HikariPool-3 - Start completed.","exception":""}
{"timestamp":"2026-06-10 19:31:11.889","level":"WARN","thread":"main","correlationId":"","logger":"org.hibernate.orm.deprecation","message":"HHH90000025: H2Dialect does not need to be specified explicitly using 'hibernate.dialect' (remove the property setting and it will be selected by default)","exception":""}
{"timestamp":"2026-06-10 19:31:11.956","level":"INFO","thread":"main","correlationId":"","logger":"o.s.o.j.LocalContainerEntityManagerFactoryBean","message":"Initialized JPA EntityManagerFactory for persistence unit 'default'","exception":""}
{"timestamp":"2026-06-10 19:31:11.985","level":"INFO","thread":"main","correlationId":"","logger":"o.s.s.c.a.a.c.InitializeAuthenticationProviderBeanManagerConfigurer$InitializeAuthenticationProviderManagerConfigurer","message":"Global AuthenticationManager configured with AuthenticationProvider bean with name authenticationProvider","exception":""}
{"timestamp":"2026-06-10 19:31:11.985","level":"WARN","thread":"main","correlationId":"","logger":"o.s.s.c.a.a.c.InitializeUserDetailsBeanManagerConfigurer$InitializeUserDetailsManagerConfigurer","message":"Global AuthenticationManager configured with an AuthenticationProvider bean. UserDetailsService beans will not be used by Spring Security for automatically configuring username/password login. Consider removing the AuthenticationProvider bean. Alternatively, consider using the UserDetailsService in a manually instantiated DaoAuthenticationProvider. If the current configuration is intentional, to turn off this warning, increase the logging level of 'org.springframework.security.config.annotation.authentication.configuration.InitializeUserDetailsBeanManagerConfigurer' to ERROR","exception":""}
{"timestamp":"2026-06-10 19:31:12.102","level":"DEBUG","thread":"main","correlationId":"","logger":"o.s.w.s.m.m.a.RequestMappingHandlerMapping","message":"42 mappings in 'requestMappingHandlerMapping'","exception":""}
{"timestamp":"2026-06-10 19:31:12.124","level":"DEBUG","thread":"main","correlationId":"","logger":"o.s.w.s.h.SimpleUrlHandlerMapping","message":"Patterns [/webjars/**, /**, /swagger-ui*/*swagger-initializer.js, /swagger-ui*/**] in 'resourceHandlerMapping'","exception":""}
{"timestamp":"2026-06-10 19:31:12.167","level":"INFO","thread":"main","correlationId":"","logger":"o.s.b.a.e.web.EndpointLinksResolver","message":"Exposing 13 endpoints beneath base path '/actuator'","exception":""}
{"timestamp":"2026-06-10 19:31:12.196","level":"DEBUG","thread":"main","correlationId":"","logger":"o.s.s.web.DefaultSecurityFilterChain","message":"Will secure any request with filters: DisableEncodeUrlFilter, WebAsyncManagerIntegrationFilter, SecurityContextHolderFilter, HeaderWriterFilter, CorsFilter, LogoutFilter, JwtAuthenticationFilter, RequestCacheAwareFilter, SecurityContextHolderAwareRequestFilter, AnonymousAuthenticationFilter, SessionManagementFilter, ExceptionTranslationFilter, AuthorizationFilter","exception":""}
{"timestamp":"2026-06-10 19:31:12.222","level":"DEBUG","thread":"main","correlationId":"","logger":"o.s.w.s.m.m.a.RequestMappingHandlerAdapter","message":"ControllerAdvice beans: 0 @ModelAttribute, 0 @InitBinder, 1 RequestBodyAdvice, 1 ResponseBodyAdvice","exception":""}
{"timestamp":"2026-06-10 19:31:12.227","level":"DEBUG","thread":"main","correlationId":"","logger":"o.s.w.s.m.m.a.ExceptionHandlerExceptionResolver","message":"ControllerAdvice beans: 2 @ExceptionHandler, 1 ResponseBodyAdvice","exception":""}
{"timestamp":"2026-06-10 19:31:12.282","level":"INFO","thread":"main","correlationId":"","logger":"o.s.b.a.h.H2ConsoleAutoConfiguration","message":"H2 console available at '/h2-console'. Database available at 'jdbc:h2:mem:deliverydb'","exception":""}
{"timestamp":"2026-06-10 19:31:12.315","level":"DEBUG","thread":"main","correlationId":"","logger":"o.s.w.f.ServerHttpObservationFilter","message":"Filter 'webMvcObservationFilter' configured for use","exception":""}
{"timestamp":"2026-06-10 19:31:12.316","level":"INFO","thread":"main","correlationId":"","logger":"o.s.b.t.m.w.SpringBootMockServletContext","message":"Initializing Spring TestDispatcherServlet ''","exception":""}
{"timestamp":"2026-06-10 19:31:12.316","level":"INFO","thread":"main","correlationId":"","logger":"o.s.t.w.s.TestDispatcherServlet","message":"Initializing Servlet ''","exception":""}
{"timestamp":"2026-06-10 19:31:12.316","level":"INFO","thread":"main","correlationId":"","logger":"o.s.t.w.s.TestDispatcherServlet","message":"Completed initialization in 0 ms","exception":""}
{"timestamp":"2026-06-10 19:31:12.338","level":"INFO","thread":"main","correlationId":"","logger":"c.d.d.c.ClienteControllerTest","message":"Started ClienteControllerTest in 0.842 seconds (process running for 13.807)","exception":""}
{"timestamp":"2026-06-10 19:31:12.348","level":"DEBUG","thread":"main","correlationId":"","logger":"o.s.security.web.FilterChainProxy","message":"Securing PATCH /api/clientes/4/status","exception":""}
{"timestamp":"2026-06-10 19:31:12.349","level":"WARN","thread":"main","correlationId":"","logger":"c.d.d.s.JwtAuthenticationFilter","message":"JWT Token não começa com Bearer String","exception":""}
{"timestamp":"2026-06-10 19:31:12.352","level":"DEBUG","thread":"main","correlationId":"","logger":"o.s.security.web.FilterChainProxy","message":"Secured PATCH /api/clientes/4/status","exception":""}
{"timestamp":"2026-06-10 19:31:12.352","level":"DEBUG","thread":"main","correlationId":"2afc06087df24482","logger":"o.s.w.s.m.m.a.RequestMappingHandlerMapping","message":"Mapped to com.deliverytech.delivery_api.controller.ClienteController#ativarDesativarCliente(Long)","exception":""}
{"timestamp":"2026-06-10 19:31:12.370","level":"DEBUG","thread":"main","correlationId":"2afc06087df24482","logger":"o.s.w.s.m.m.a.HttpEntityMethodProcessor","message":"Using 'application/json', given [*/*] and supported [application/json, application/*+json, application/yaml]","exception":""}
{"timestamp":"2026-06-10 19:31:12.370","level":"DEBUG","thread":"main","correlationId":"2afc06087df24482","logger":"o.s.w.s.m.m.a.HttpEntityMethodProcessor","message":"Writing [com.deliverytech.delivery_api.dto.res.ClienteResDTO@60790e91]","exception":""}
{"timestamp":"2026-06-10 19:31:12.375","level":"DEBUG","thread":"main","correlationId":"","logger":"o.s.security.web.FilterChainProxy","message":"Securing PATCH /api/clientes/4/status","exception":""}
{"timestamp":"2026-06-10 19:31:12.376","level":"WARN","thread":"main","correlationId":"","logger":"c.d.d.s.JwtAuthenticationFilter","message":"JWT Token não começa com Bearer String","exception":""}
{"timestamp":"2026-06-10 19:31:12.377","level":"DEBUG","thread":"main","correlationId":"","logger":"o.s.security.web.FilterChainProxy","message":"Secured PATCH /api/clientes/4/status","exception":""}
{"timestamp":"2026-06-10 19:31:12.377","level":"DEBUG","thread":"main","correlationId":"688bb904a08040e5","logger":"o.s.w.s.m.m.a.RequestMappingHandlerMapping","message":"Mapped to com.deliverytech.delivery_api.controller.ClienteController#ativarDesativarCliente(Long)","exception":""}
{"timestamp":"2026-06-10 19:31:12.379","level":"DEBUG","thread":"main","correlationId":"688bb904a08040e5","logger":"o.s.w.s.m.m.a.HttpEntityMethodProcessor","message":"Using 'application/json', given [*/*] and supported [application/json, application/*+json, application/yaml]","exception":""}
{"timestamp":"2026-06-10 19:31:12.380","level":"DEBUG","thread":"main","correlationId":"688bb904a08040e5","logger":"o.s.w.s.m.m.a.HttpEntityMethodProcessor","message":"Writing [com.deliverytech.delivery_api.dto.res.ClienteResDTO@788178bd]","exception":""}
{"timestamp":"2026-06-10 19:31:12.388","level":"DEBUG","thread":"main","correlationId":"","logger":"o.s.w.c.s.GenericWebApplicationContext","message":"Closing org.springframework.web.context.support.GenericWebApplicationContext@171803ec, started on Wed Jun 10 19:31:11 BRT 2026","exception":""}
{"timestamp":"2026-06-10 19:31:12.391","level":"INFO","thread":"main","correlationId":"","logger":"o.s.o.j.LocalContainerEntityManagerFactoryBean","message":"Closing JPA EntityManagerFactory for persistence unit 'default'","exception":""}
{"timestamp":"2026-06-10 19:31:12.394","level":"INFO","thread":"main","correlationId":"","logger":"com.zaxxer.hikari.HikariDataSource","message":"HikariPool-3 - Shutdown initiated...","exception":""}
{"timestamp":"2026-06-10 19:31:12.395","level":"INFO","thread":"main","correlationId":"","logger":"com.zaxxer.hikari.HikariDataSource","message":"HikariPool-3 - Shutdown completed.","exception":""}
{"timestamp":"2026-06-10 19:31:12.397","level":"INFO","thread":"main","correlationId":"","logger":"o.s.b.d.r.RestartApplicationListener","message":"Restart disabled due to context in which it is running","exception":""}
{"timestamp":"2026-06-10 19:31:12.430","level":"INFO","thread":"main","correlationId":"","logger":"c.d.d.c.ClienteControllerTest","message":"Starting ClienteControllerTest using Java 21.0.11 with PID 26828 (started by Santana in C:\Pasta Códiguinhos\arquitetura de sistemas fat\delivery-api\delivery-api)","exception":""}
{"timestamp":"2026-06-10 19:31:12.430","level":"INFO","thread":"main","correlationId":"","logger":"c.d.d.c.ClienteControllerTest","message":"The following 1 profile is active: "test"","exception":""}
{"timestamp":"2026-06-10 19:31:12.431","level":"DEBUG","thread":"main","correlationId":"","logger":"o.s.w.c.s.GenericWebApplicationContext","message":"Refreshing org.springframework.web.context.support.GenericWebApplicationContext@446bec3f","exception":""}
{"timestamp":"2026-06-10 19:31:12.695","level":"INFO","thread":"main","correlationId":"","logger":"o.s.d.r.c.RepositoryConfigurationDelegate","message":"Bootstrapping Spring Data JPA repositories in DEFAULT mode.","exception":""}
{"timestamp":"2026-06-10 19:31:12.716","level":"INFO","thread":"main","correlationId":"","logger":"o.s.d.r.c.RepositoryConfigurationDelegate","message":"Finished Spring Data repository scanning in 20 ms. Found 5 JPA repository interfaces.","exception":""}
{"timestamp":"2026-06-10 19:31:12.802","level":"INFO","thread":"main","correlationId":"","logger":"o.s.o.j.p.SpringPersistenceUnitInfo","message":"No LoadTimeWeaver setup: ignoring JPA class transformer","exception":""}
{"timestamp":"2026-06-10 19:31:12.804","level":"INFO","thread":"main","correlationId":"","logger":"com.zaxxer.hikari.HikariDataSource","message":"HikariPool-4 - Starting...","exception":""}
{"timestamp":"2026-06-10 19:31:12.807","level":"INFO","thread":"main","correlationId":"","logger":"com.zaxxer.hikari.pool.HikariPool","message":"HikariPool-4 - Added connection conn30: url=jdbc:h2:mem:deliverydb user=SA","exception":""}
{"timestamp":"2026-06-10 19:31:12.807","level":"INFO","thread":"main","correlationId":"","logger":"com.zaxxer.hikari.HikariDataSource","message":"HikariPool-4 - Start completed.","exception":""}
{"timestamp":"2026-06-10 19:31:12.808","level":"WARN","thread":"main","correlationId":"","logger":"org.hibernate.orm.deprecation","message":"HHH90000025: H2Dialect does not need to be specified explicitly using 'hibernate.dialect' (remove the property setting and it will be selected by default)","exception":""}
{"timestamp":"2026-06-10 19:31:12.876","level":"INFO","thread":"main","correlationId":"","logger":"o.s.o.j.LocalContainerEntityManagerFactoryBean","message":"Initialized JPA EntityManagerFactory for persistence unit 'default'","exception":""}
{"timestamp":"2026-06-10 19:31:12.902","level":"INFO","thread":"main","correlationId":"","logger":"o.s.s.c.a.a.c.InitializeAuthenticationProviderBeanManagerConfigurer$InitializeAuthenticationProviderManagerConfigurer","message":"Global AuthenticationManager configured with AuthenticationProvider bean with name authenticationProvider","exception":""}
{"timestamp":"2026-06-10 19:31:12.902","level":"WARN","thread":"main","correlationId":"","logger":"o.s.s.c.a.a.c.InitializeUserDetailsBeanManagerConfigurer$InitializeUserDetailsManagerConfigurer","message":"Global AuthenticationManager configured with an AuthenticationProvider bean. UserDetailsService beans will not be used by Spring Security for automatically configuring username/password login. Consider removing the AuthenticationProvider bean. Alternatively, consider using the UserDetailsService in a manually instantiated DaoAuthenticationProvider. If the current configuration is intentional, to turn off this warning, increase the logging level of 'org.springframework.security.config.annotation.authentication.configuration.InitializeUserDetailsBeanManagerConfigurer' to ERROR","exception":""}
{"timestamp":"2026-06-10 19:31:13.032","level":"DEBUG","thread":"main","correlationId":"","logger":"o.s.w.s.m.m.a.RequestMappingHandlerMapping","message":"42 mappings in 'requestMappingHandlerMapping'","exception":""}
{"timestamp":"2026-06-10 19:31:13.060","level":"DEBUG","thread":"main","correlationId":"","logger":"o.s.w.s.h.SimpleUrlHandlerMapping","message":"Patterns [/webjars/**, /**, /swagger-ui*/*swagger-initializer.js, /swagger-ui*/**] in 'resourceHandlerMapping'","exception":""}
{"timestamp":"2026-06-10 19:31:13.124","level":"INFO","thread":"main","correlationId":"","logger":"o.s.b.a.e.web.EndpointLinksResolver","message":"Exposing 13 endpoints beneath base path '/actuator'","exception":""}
{"timestamp":"2026-06-10 19:31:13.158","level":"DEBUG","thread":"main","correlationId":"","logger":"o.s.s.web.DefaultSecurityFilterChain","message":"Will secure any request with filters: DisableEncodeUrlFilter, WebAsyncManagerIntegrationFilter, SecurityContextHolderFilter, HeaderWriterFilter, CorsFilter, LogoutFilter, JwtAuthenticationFilter, RequestCacheAwareFilter, SecurityContextHolderAwareRequestFilter, AnonymousAuthenticationFilter, SessionManagementFilter, ExceptionTranslationFilter, AuthorizationFilter","exception":""}
{"timestamp":"2026-06-10 19:31:13.189","level":"DEBUG","thread":"main","correlationId":"","logger":"o.s.w.s.m.m.a.RequestMappingHandlerAdapter","message":"ControllerAdvice beans: 0 @ModelAttribute, 0 @InitBinder, 1 RequestBodyAdvice, 1 ResponseBodyAdvice","exception":""}
{"timestamp":"2026-06-10 19:31:13.195","level":"DEBUG","thread":"main","correlationId":"","logger":"o.s.w.s.m.m.a.ExceptionHandlerExceptionResolver","message":"ControllerAdvice beans: 2 @ExceptionHandler, 1 ResponseBodyAdvice","exception":""}
{"timestamp":"2026-06-10 19:31:13.232","level":"INFO","thread":"main","correlationId":"","logger":"o.s.b.a.h.H2ConsoleAutoConfiguration","message":"H2 console available at '/h2-console'. Database available at 'jdbc:h2:mem:deliverydb'","exception":""}
{"timestamp":"2026-06-10 19:31:13.251","level":"DEBUG","thread":"main","correlationId":"","logger":"o.s.w.f.ServerHttpObservationFilter","message":"Filter 'webMvcObservationFilter' configured for use","exception":""}
{"timestamp":"2026-06-10 19:31:13.252","level":"INFO","thread":"main","correlationId":"","logger":"o.s.b.t.m.w.SpringBootMockServletContext","message":"Initializing Spring TestDispatcherServlet ''","exception":""}
{"timestamp":"2026-06-10 19:31:13.252","level":"INFO","thread":"main","correlationId":"","logger":"o.s.t.w.s.TestDispatcherServlet","message":"Initializing Servlet ''","exception":""}
{"timestamp":"2026-06-10 19:31:13.252","level":"INFO","thread":"main","correlationId":"","logger":"o.s.t.w.s.TestDispatcherServlet","message":"Completed initialization in 0 ms","exception":""}
{"timestamp":"2026-06-10 19:31:13.267","level":"INFO","thread":"main","correlationId":"","logger":"c.d.d.c.ClienteControllerTest","message":"Started ClienteControllerTest in 0.869 seconds (process running for 14.735)","exception":""}
{"timestamp":"2026-06-10 19:31:13.280","level":"DEBUG","thread":"main","correlationId":"","logger":"o.s.security.web.FilterChainProxy","message":"Securing GET /api/clientes/email/naoexiste@email.com","exception":""}
{"timestamp":"2026-06-10 19:31:13.281","level":"WARN","thread":"main","correlationId":"","logger":"c.d.d.s.JwtAuthenticationFilter","message":"JWT Token não começa com Bearer String","exception":""}
{"timestamp":"2026-06-10 19:31:13.282","level":"DEBUG","thread":"main","correlationId":"","logger":"o.s.security.web.FilterChainProxy","message":"Secured GET /api/clientes/email/naoexiste@email.com","exception":""}
{"timestamp":"2026-06-10 19:31:13.282","level":"DEBUG","thread":"main","correlationId":"73220dbb174044c9","logger":"o.s.w.s.m.m.a.RequestMappingHandlerMapping","message":"Mapped to com.deliverytech.delivery_api.controller.ClienteController#buscarPorEmail(String)","exception":""}
{"timestamp":"2026-06-10 19:31:13.318","level":"DEBUG","thread":"main","correlationId":"73220dbb174044c9","logger":"o.s.w.s.m.m.a.ExceptionHandlerExceptionResolver","message":"Using @ExceptionHandler com.deliverytech.delivery_api.exception.GlobalExceptionHandler#handleEntityNotFound(EntityNotFoundException, HttpServletRequest)","exception":""}
{"timestamp":"2026-06-10 19:31:13.328","level":"DEBUG","thread":"main","correlationId":"73220dbb174044c9","logger":"o.s.w.s.m.m.a.HttpEntityMethodProcessor","message":"Using 'application/json', given [*/*] and supported [application/json, application/*+json, application/yaml]","exception":""}
{"timestamp":"2026-06-10 19:31:13.329","level":"DEBUG","thread":"main","correlationId":"73220dbb174044c9","logger":"o.s.w.s.m.m.a.HttpEntityMethodProcessor","message":"Writing [com.deliverytech.delivery_api.dto.ErrorResponse@633c4a60]","exception":""}
{"timestamp":"2026-06-10 19:31:13.341","level":"DEBUG","thread":"main","correlationId":"73220dbb174044c9","logger":"o.s.w.s.m.m.a.ExceptionHandlerExceptionResolver","message":"Resolved [com.deliverytech.delivery_api.exception.EntityNotFoundException: Cliente não encontrado com email: naoexiste@email.com]","exception":""}
{"timestamp":"2026-06-10 19:31:13.350","level":"DEBUG","thread":"main","correlationId":"","logger":"o.s.w.c.s.GenericWebApplicationContext","message":"Closing org.springframework.web.context.support.GenericWebApplicationContext@446bec3f, started on Wed Jun 10 19:31:12 BRT 2026","exception":""}
{"timestamp":"2026-06-10 19:31:13.353","level":"INFO","thread":"main","correlationId":"","logger":"o.s.o.j.LocalContainerEntityManagerFactoryBean","message":"Closing JPA EntityManagerFactory for persistence unit 'default'","exception":""}
{"timestamp":"2026-06-10 19:31:13.358","level":"INFO","thread":"main","correlationId":"","logger":"com.zaxxer.hikari.HikariDataSource","message":"HikariPool-4 - Shutdown initiated...","exception":""}
{"timestamp":"2026-06-10 19:31:13.359","level":"INFO","thread":"main","correlationId":"","logger":"com.zaxxer.hikari.HikariDataSource","message":"HikariPool-4 - Shutdown completed.","exception":""}
{"timestamp":"2026-06-10 19:31:13.361","level":"INFO","thread":"main","correlationId":"","logger":"o.s.b.d.r.RestartApplicationListener","message":"Restart disabled due to context in which it is running","exception":""}
{"timestamp":"2026-06-10 19:31:13.400","level":"INFO","thread":"main","correlationId":"","logger":"c.d.d.c.ClienteControllerTest","message":"Starting ClienteControllerTest using Java 21.0.11 with PID 26828 (started by Santana in C:\Pasta Códiguinhos\arquitetura de sistemas fat\delivery-api\delivery-api)","exception":""}
{"timestamp":"2026-06-10 19:31:13.401","level":"INFO","thread":"main","correlationId":"","logger":"c.d.d.c.ClienteControllerTest","message":"The following 1 profile is active: "test"","exception":""}
{"timestamp":"2026-06-10 19:31:13.402","level":"DEBUG","thread":"main","correlationId":"","logger":"o.s.w.c.s.GenericWebApplicationContext","message":"Refreshing org.springframework.web.context.support.GenericWebApplicationContext@6eaa05cd","exception":""}
{"timestamp":"2026-06-10 19:31:13.643","level":"INFO","thread":"main","correlationId":"","logger":"o.s.d.r.c.RepositoryConfigurationDelegate","message":"Bootstrapping Spring Data JPA repositories in DEFAULT mode.","exception":""}
{"timestamp":"2026-06-10 19:31:13.665","level":"INFO","thread":"main","correlationId":"","logger":"o.s.d.r.c.RepositoryConfigurationDelegate","message":"Finished Spring Data repository scanning in 20 ms. Found 5 JPA repository interfaces.","exception":""}
{"timestamp":"2026-06-10 19:31:13.748","level":"INFO","thread":"main","correlationId":"","logger":"o.s.o.j.p.SpringPersistenceUnitInfo","message":"No LoadTimeWeaver setup: ignoring JPA class transformer","exception":""}
{"timestamp":"2026-06-10 19:31:13.749","level":"INFO","thread":"main","correlationId":"","logger":"com.zaxxer.hikari.HikariDataSource","message":"HikariPool-5 - Starting...","exception":""}
{"timestamp":"2026-06-10 19:31:13.750","level":"INFO","thread":"main","correlationId":"","logger":"com.zaxxer.hikari.pool.HikariPool","message":"HikariPool-5 - Added connection conn40: url=jdbc:h2:mem:deliverydb user=SA","exception":""}
{"timestamp":"2026-06-10 19:31:13.751","level":"INFO","thread":"main","correlationId":"","logger":"com.zaxxer.hikari.HikariDataSource","message":"HikariPool-5 - Start completed.","exception":""}
{"timestamp":"2026-06-10 19:31:13.751","level":"WARN","thread":"main","correlationId":"","logger":"org.hibernate.orm.deprecation","message":"HHH90000025: H2Dialect does not need to be specified explicitly using 'hibernate.dialect' (remove the property setting and it will be selected by default)","exception":""}
{"timestamp":"2026-06-10 19:31:13.809","level":"INFO","thread":"main","correlationId":"","logger":"o.s.o.j.LocalContainerEntityManagerFactoryBean","message":"Initialized JPA EntityManagerFactory for persistence unit 'default'","exception":""}
{"timestamp":"2026-06-10 19:31:13.837","level":"INFO","thread":"main","correlationId":"","logger":"o.s.s.c.a.a.c.InitializeAuthenticationProviderBeanManagerConfigurer$InitializeAuthenticationProviderManagerConfigurer","message":"Global AuthenticationManager configured with AuthenticationProvider bean with name authenticationProvider","exception":""}
{"timestamp":"2026-06-10 19:31:13.837","level":"WARN","thread":"main","correlationId":"","logger":"o.s.s.c.a.a.c.InitializeUserDetailsBeanManagerConfigurer$InitializeUserDetailsManagerConfigurer","message":"Global AuthenticationManager configured with an AuthenticationProvider bean. UserDetailsService beans will not be used by Spring Security for automatically configuring username/password login. Consider removing the AuthenticationProvider bean. Alternatively, consider using the UserDetailsService in a manually instantiated DaoAuthenticationProvider. If the current configuration is intentional, to turn off this warning, increase the logging level of 'org.springframework.security.config.annotation.authentication.configuration.InitializeUserDetailsBeanManagerConfigurer' to ERROR","exception":""}
{"timestamp":"2026-06-10 19:31:13.982","level":"DEBUG","thread":"main","correlationId":"","logger":"o.s.w.s.m.m.a.RequestMappingHandlerMapping","message":"42 mappings in 'requestMappingHandlerMapping'","exception":""}
{"timestamp":"2026-06-10 19:31:14.009","level":"DEBUG","thread":"main","correlationId":"","logger":"o.s.w.s.h.SimpleUrlHandlerMapping","message":"Patterns [/webjars/**, /**, /swagger-ui*/*swagger-initializer.js, /swagger-ui*/**] in 'resourceHandlerMapping'","exception":""}
{"timestamp":"2026-06-10 19:31:14.051","level":"INFO","thread":"main","correlationId":"","logger":"o.s.b.a.e.web.EndpointLinksResolver","message":"Exposing 13 endpoints beneath base path '/actuator'","exception":""}
{"timestamp":"2026-06-10 19:31:14.088","level":"DEBUG","thread":"main","correlationId":"","logger":"o.s.s.web.DefaultSecurityFilterChain","message":"Will secure any request with filters: DisableEncodeUrlFilter, WebAsyncManagerIntegrationFilter, SecurityContextHolderFilter, HeaderWriterFilter, CorsFilter, LogoutFilter, JwtAuthenticationFilter, RequestCacheAwareFilter, SecurityContextHolderAwareRequestFilter, AnonymousAuthenticationFilter, SessionManagementFilter, ExceptionTranslationFilter, AuthorizationFilter","exception":""}
{"timestamp":"2026-06-10 19:31:14.115","level":"DEBUG","thread":"main","correlationId":"","logger":"o.s.w.s.m.m.a.RequestMappingHandlerAdapter","message":"ControllerAdvice beans: 0 @ModelAttribute, 0 @InitBinder, 1 RequestBodyAdvice, 1 ResponseBodyAdvice","exception":""}
{"timestamp":"2026-06-10 19:31:14.119","level":"DEBUG","thread":"main","correlationId":"","logger":"o.s.w.s.m.m.a.ExceptionHandlerExceptionResolver","message":"ControllerAdvice beans: 2 @ExceptionHandler, 1 ResponseBodyAdvice","exception":""}
{"timestamp":"2026-06-10 19:31:14.149","level":"INFO","thread":"main","correlationId":"","logger":"o.s.b.a.h.H2ConsoleAutoConfiguration","message":"H2 console available at '/h2-console'. Database available at 'jdbc:h2:mem:deliverydb'","exception":""}
{"timestamp":"2026-06-10 19:31:14.163","level":"DEBUG","thread":"main","correlationId":"","logger":"o.s.w.f.ServerHttpObservationFilter","message":"Filter 'webMvcObservationFilter' configured for use","exception":""}
{"timestamp":"2026-06-10 19:31:14.163","level":"INFO","thread":"main","correlationId":"","logger":"o.s.b.t.m.w.SpringBootMockServletContext","message":"Initializing Spring TestDispatcherServlet ''","exception":""}
{"timestamp":"2026-06-10 19:31:14.163","level":"INFO","thread":"main","correlationId":"","logger":"o.s.t.w.s.TestDispatcherServlet","message":"Initializing Servlet ''","exception":""}
{"timestamp":"2026-06-10 19:31:14.164","level":"INFO","thread":"main","correlationId":"","logger":"o.s.t.w.s.TestDispatcherServlet","message":"Completed initialization in 1 ms","exception":""}
{"timestamp":"2026-06-10 19:31:14.176","level":"INFO","thread":"main","correlationId":"","logger":"c.d.d.c.ClienteControllerTest","message":"Started ClienteControllerTest in 0.815 seconds (process running for 15.645)","exception":""}
{"timestamp":"2026-06-10 19:31:14.184","level":"DEBUG","thread":"main","correlationId":"","logger":"o.s.security.web.FilterChainProxy","message":"Securing GET /api/clientes/4","exception":""}
{"timestamp":"2026-06-10 19:31:14.185","level":"WARN","thread":"main","correlationId":"","logger":"c.d.d.s.JwtAuthenticationFilter","message":"JWT Token não começa com Bearer String","exception":""}
{"timestamp":"2026-06-10 19:31:14.186","level":"DEBUG","thread":"main","correlationId":"","logger":"o.s.security.web.FilterChainProxy","message":"Secured GET /api/clientes/4","exception":""}
{"timestamp":"2026-06-10 19:31:14.187","level":"DEBUG","thread":"main","correlationId":"d043476556304791","logger":"o.s.w.s.m.m.a.RequestMappingHandlerMapping","message":"Mapped to com.deliverytech.delivery_api.controller.ClienteController#buscarPorId(Long)","exception":""}
{"timestamp":"2026-06-10 19:31:14.194","level":"DEBUG","thread":"main","correlationId":"d043476556304791","logger":"o.s.w.s.m.m.a.HttpEntityMethodProcessor","message":"Using 'application/json', given [*/*] and supported [application/json, application/*+json, application/yaml]","exception":""}
{"timestamp":"2026-06-10 19:31:14.194","level":"DEBUG","thread":"main","correlationId":"d043476556304791","logger":"o.s.w.s.m.m.a.HttpEntityMethodProcessor","message":"Writing [com.deliverytech.delivery_api.dto.res.ClienteResDTO@10dcef84]","exception":""}
{"timestamp":"2026-06-10 19:31:14.201","level":"DEBUG","thread":"main","correlationId":"","logger":"o.s.w.c.s.GenericWebApplicationContext","message":"Closing org.springframework.web.context.support.GenericWebApplicationContext@6eaa05cd, started on Wed Jun 10 19:31:13 BRT 2026","exception":""}
{"timestamp":"2026-06-10 19:31:14.202","level":"INFO","thread":"main","correlationId":"","logger":"o.s.o.j.LocalContainerEntityManagerFactoryBean","message":"Closing JPA EntityManagerFactory for persistence unit 'default'","exception":""}
{"timestamp":"2026-06-10 19:31:14.204","level":"INFO","thread":"main","correlationId":"","logger":"com.zaxxer.hikari.HikariDataSource","message":"HikariPool-5 - Shutdown initiated...","exception":""}
{"timestamp":"2026-06-10 19:31:14.205","level":"INFO","thread":"main","correlationId":"","logger":"com.zaxxer.hikari.HikariDataSource","message":"HikariPool-5 - Shutdown completed.","exception":""}
{"timestamp":"2026-06-10 19:31:14.206","level":"INFO","thread":"main","correlationId":"","logger":"o.s.b.d.r.RestartApplicationListener","message":"Restart disabled due to context in which it is running","exception":""}
{"timestamp":"2026-06-10 19:31:14.230","level":"INFO","thread":"main","correlationId":"","logger":"c.d.d.c.ClienteControllerTest","message":"Starting ClienteControllerTest using Java 21.0.11 with PID 26828 (started by Santana in C:\Pasta Códiguinhos\arquitetura de sistemas fat\delivery-api\delivery-api)","exception":""}
{"timestamp":"2026-06-10 19:31:14.230","level":"INFO","thread":"main","correlationId":"","logger":"c.d.d.c.ClienteControllerTest","message":"The following 1 profile is active: "test"","exception":""}
{"timestamp":"2026-06-10 19:31:14.231","level":"DEBUG","thread":"main","correlationId":"","logger":"o.s.w.c.s.GenericWebApplicationContext","message":"Refreshing org.springframework.web.context.support.GenericWebApplicationContext@1b17ef56","exception":""}
{"timestamp":"2026-06-10 19:31:14.459","level":"INFO","thread":"main","correlationId":"","logger":"o.s.d.r.c.RepositoryConfigurationDelegate","message":"Bootstrapping Spring Data JPA repositories in DEFAULT mode.","exception":""}
{"timestamp":"2026-06-10 19:31:14.475","level":"INFO","thread":"main","correlationId":"","logger":"o.s.d.r.c.RepositoryConfigurationDelegate","message":"Finished Spring Data repository scanning in 15 ms. Found 5 JPA repository interfaces.","exception":""}
{"timestamp":"2026-06-10 19:31:14.528","level":"INFO","thread":"main","correlationId":"","logger":"o.s.o.j.p.SpringPersistenceUnitInfo","message":"No LoadTimeWeaver setup: ignoring JPA class transformer","exception":""}
{"timestamp":"2026-06-10 19:31:14.528","level":"INFO","thread":"main","correlationId":"","logger":"com.zaxxer.hikari.HikariDataSource","message":"HikariPool-6 - Starting...","exception":""}
{"timestamp":"2026-06-10 19:31:14.530","level":"INFO","thread":"main","correlationId":"","logger":"com.zaxxer.hikari.pool.HikariPool","message":"HikariPool-6 - Added connection conn50: url=jdbc:h2:mem:deliverydb user=SA","exception":""}
{"timestamp":"2026-06-10 19:31:14.530","level":"INFO","thread":"main","correlationId":"","logger":"com.zaxxer.hikari.HikariDataSource","message":"HikariPool-6 - Start completed.","exception":""}
{"timestamp":"2026-06-10 19:31:14.530","level":"WARN","thread":"main","correlationId":"","logger":"org.hibernate.orm.deprecation","message":"HHH90000025: H2Dialect does not need to be specified explicitly using 'hibernate.dialect' (remove the property setting and it will be selected by default)","exception":""}
{"timestamp":"2026-06-10 19:31:14.592","level":"INFO","thread":"main","correlationId":"","logger":"o.s.o.j.LocalContainerEntityManagerFactoryBean","message":"Initialized JPA EntityManagerFactory for persistence unit 'default'","exception":""}
{"timestamp":"2026-06-10 19:31:14.621","level":"INFO","thread":"main","correlationId":"","logger":"o.s.s.c.a.a.c.InitializeAuthenticationProviderBeanManagerConfigurer$InitializeAuthenticationProviderManagerConfigurer","message":"Global AuthenticationManager configured with AuthenticationProvider bean with name authenticationProvider","exception":""}
{"timestamp":"2026-06-10 19:31:14.622","level":"WARN","thread":"main","correlationId":"","logger":"o.s.s.c.a.a.c.InitializeUserDetailsBeanManagerConfigurer$InitializeUserDetailsManagerConfigurer","message":"Global AuthenticationManager configured with an AuthenticationProvider bean. UserDetailsService beans will not be used by Spring Security for automatically configuring username/password login. Consider removing the AuthenticationProvider bean. Alternatively, consider using the UserDetailsService in a manually instantiated DaoAuthenticationProvider. If the current configuration is intentional, to turn off this warning, increase the logging level of 'org.springframework.security.config.annotation.authentication.configuration.InitializeUserDetailsBeanManagerConfigurer' to ERROR","exception":""}
{"timestamp":"2026-06-10 19:31:14.747","level":"DEBUG","thread":"main","correlationId":"","logger":"o.s.w.s.m.m.a.RequestMappingHandlerMapping","message":"42 mappings in 'requestMappingHandlerMapping'","exception":""}
{"timestamp":"2026-06-10 19:31:14.776","level":"DEBUG","thread":"main","correlationId":"","logger":"o.s.w.s.h.SimpleUrlHandlerMapping","message":"Patterns [/webjars/**, /**, /swagger-ui*/*swagger-initializer.js, /swagger-ui*/**] in 'resourceHandlerMapping'","exception":""}
{"timestamp":"2026-06-10 19:31:14.848","level":"INFO","thread":"main","correlationId":"","logger":"o.s.b.a.e.web.EndpointLinksResolver","message":"Exposing 13 endpoints beneath base path '/actuator'","exception":""}
{"timestamp":"2026-06-10 19:31:14.888","level":"DEBUG","thread":"main","correlationId":"","logger":"o.s.s.web.DefaultSecurityFilterChain","message":"Will secure any request with filters: DisableEncodeUrlFilter, WebAsyncManagerIntegrationFilter, SecurityContextHolderFilter, HeaderWriterFilter, CorsFilter, LogoutFilter, JwtAuthenticationFilter, RequestCacheAwareFilter, SecurityContextHolderAwareRequestFilter, AnonymousAuthenticationFilter, SessionManagementFilter, ExceptionTranslationFilter, AuthorizationFilter","exception":""}
{"timestamp":"2026-06-10 19:31:14.925","level":"DEBUG","thread":"main","correlationId":"","logger":"o.s.w.s.m.m.a.RequestMappingHandlerAdapter","message":"ControllerAdvice beans: 0 @ModelAttribute, 0 @InitBinder, 1 RequestBodyAdvice, 1 ResponseBodyAdvice","exception":""}
{"timestamp":"2026-06-10 19:31:14.929","level":"DEBUG","thread":"main","correlationId":"","logger":"o.s.w.s.m.m.a.ExceptionHandlerExceptionResolver","message":"ControllerAdvice beans: 2 @ExceptionHandler, 1 ResponseBodyAdvice","exception":""}
{"timestamp":"2026-06-10 19:31:14.967","level":"INFO","thread":"main","correlationId":"","logger":"o.s.b.a.h.H2ConsoleAutoConfiguration","message":"H2 console available at '/h2-console'. Database available at 'jdbc:h2:mem:deliverydb'","exception":""}
{"timestamp":"2026-06-10 19:31:14.983","level":"DEBUG","thread":"main","correlationId":"","logger":"o.s.w.f.ServerHttpObservationFilter","message":"Filter 'webMvcObservationFilter' configured for use","exception":""}
{"timestamp":"2026-06-10 19:31:14.984","level":"INFO","thread":"main","correlationId":"","logger":"o.s.b.t.m.w.SpringBootMockServletContext","message":"Initializing Spring TestDispatcherServlet ''","exception":""}
{"timestamp":"2026-06-10 19:31:14.984","level":"INFO","thread":"main","correlationId":"","logger":"o.s.t.w.s.TestDispatcherServlet","message":"Initializing Servlet ''","exception":""}
{"timestamp":"2026-06-10 19:31:14.984","level":"INFO","thread":"main","correlationId":"","logger":"o.s.t.w.s.TestDispatcherServlet","message":"Completed initialization in 0 ms","exception":""}
{"timestamp":"2026-06-10 19:31:14.994","level":"INFO","thread":"main","correlationId":"","logger":"c.d.d.c.ClienteControllerTest","message":"Started ClienteControllerTest in 0.788 seconds (process running for 16.463)","exception":""}
{"timestamp":"2026-06-10 19:31:15.003","level":"DEBUG","thread":"main","correlationId":"","logger":"o.s.security.web.FilterChainProxy","message":"Securing PUT /api/clientes/4","exception":""}
{"timestamp":"2026-06-10 19:31:15.004","level":"WARN","thread":"main","correlationId":"","logger":"c.d.d.s.JwtAuthenticationFilter","message":"JWT Token não começa com Bearer String","exception":""}
{"timestamp":"2026-06-10 19:31:15.005","level":"DEBUG","thread":"main","correlationId":"","logger":"o.s.security.web.FilterChainProxy","message":"Secured PUT /api/clientes/4","exception":""}
{"timestamp":"2026-06-10 19:31:15.006","level":"DEBUG","thread":"main","correlationId":"c41312dc35454c7f","logger":"o.s.w.s.m.m.a.RequestMappingHandlerMapping","message":"Mapped to com.deliverytech.delivery_api.controller.ClienteController#atualizarCliente(Long, ClienteReqDTO)","exception":""}
{"timestamp":"2026-06-10 19:31:15.007","level":"DEBUG","thread":"main","correlationId":"c41312dc35454c7f","logger":"o.s.w.s.m.m.a.RequestResponseBodyMethodProcessor","message":"Read "application/json;charset=UTF-8" to [com.deliverytech.delivery_api.dto.req.ClienteReqDTO@68fff5ff]","exception":""}
{"timestamp":"2026-06-10 19:31:15.014","level":"DEBUG","thread":"main","correlationId":"c41312dc35454c7f","logger":"o.s.w.s.m.m.a.HttpEntityMethodProcessor","message":"Using 'application/json', given [*/*] and supported [application/json, application/*+json, application/yaml]","exception":""}
{"timestamp":"2026-06-10 19:31:15.015","level":"DEBUG","thread":"main","correlationId":"c41312dc35454c7f","logger":"o.s.w.s.m.m.a.HttpEntityMethodProcessor","message":"Writing [com.deliverytech.delivery_api.dto.res.ClienteResDTO@3d017b70]","exception":""}
{"timestamp":"2026-06-10 19:31:15.022","level":"DEBUG","thread":"main","correlationId":"","logger":"o.s.w.c.s.GenericWebApplicationContext","message":"Closing org.springframework.web.context.support.GenericWebApplicationContext@1b17ef56, started on Wed Jun 10 19:31:14 BRT 2026","exception":""}
{"timestamp":"2026-06-10 19:31:15.024","level":"INFO","thread":"main","correlationId":"","logger":"o.s.o.j.LocalContainerEntityManagerFactoryBean","message":"Closing JPA EntityManagerFactory for persistence unit 'default'","exception":""}
{"timestamp":"2026-06-10 19:31:15.026","level":"INFO","thread":"main","correlationId":"","logger":"com.zaxxer.hikari.HikariDataSource","message":"HikariPool-6 - Shutdown initiated...","exception":""}
{"timestamp":"2026-06-10 19:31:15.027","level":"INFO","thread":"main","correlationId":"","logger":"com.zaxxer.hikari.HikariDataSource","message":"HikariPool-6 - Shutdown completed.","exception":""}
{"timestamp":"2026-06-10 19:31:15.028","level":"INFO","thread":"main","correlationId":"","logger":"o.s.b.d.r.RestartApplicationListener","message":"Restart disabled due to context in which it is running","exception":""}
{"timestamp":"2026-06-10 19:31:15.052","level":"INFO","thread":"main","correlationId":"","logger":"c.d.d.c.ClienteControllerTest","message":"Starting ClienteControllerTest using Java 21.0.11 with PID 26828 (started by Santana in C:\Pasta Códiguinhos\arquitetura de sistemas fat\delivery-api\delivery-api)","exception":""}
{"timestamp":"2026-06-10 19:31:15.052","level":"INFO","thread":"main","correlationId":"","logger":"c.d.d.c.ClienteControllerTest","message":"The following 1 profile is active: "test"","exception":""}
{"timestamp":"2026-06-10 19:31:15.053","level":"DEBUG","thread":"main","correlationId":"","logger":"o.s.w.c.s.GenericWebApplicationContext","message":"Refreshing org.springframework.web.context.support.GenericWebApplicationContext@7d197ba3","exception":""}
{"timestamp":"2026-06-10 19:31:15.260","level":"INFO","thread":"main","correlationId":"","logger":"o.s.d.r.c.RepositoryConfigurationDelegate","message":"Bootstrapping Spring Data JPA repositories in DEFAULT mode.","exception":""}
{"timestamp":"2026-06-10 19:31:15.288","level":"INFO","thread":"main","correlationId":"","logger":"o.s.d.r.c.RepositoryConfigurationDelegate","message":"Finished Spring Data repository scanning in 26 ms. Found 5 JPA repository interfaces.","exception":""}
{"timestamp":"2026-06-10 19:31:15.340","level":"INFO","thread":"main","correlationId":"","logger":"o.s.o.j.p.SpringPersistenceUnitInfo","message":"No LoadTimeWeaver setup: ignoring JPA class transformer","exception":""}
{"timestamp":"2026-06-10 19:31:15.340","level":"INFO","thread":"main","correlationId":"","logger":"com.zaxxer.hikari.HikariDataSource","message":"HikariPool-7 - Starting...","exception":""}
{"timestamp":"2026-06-10 19:31:15.342","level":"INFO","thread":"main","correlationId":"","logger":"com.zaxxer.hikari.pool.HikariPool","message":"HikariPool-7 - Added connection conn60: url=jdbc:h2:mem:deliverydb user=SA","exception":""}
{"timestamp":"2026-06-10 19:31:15.342","level":"INFO","thread":"main","correlationId":"","logger":"com.zaxxer.hikari.HikariDataSource","message":"HikariPool-7 - Start completed.","exception":""}
{"timestamp":"2026-06-10 19:31:15.342","level":"WARN","thread":"main","correlationId":"","logger":"org.hibernate.orm.deprecation","message":"HHH90000025: H2Dialect does not need to be specified explicitly using 'hibernate.dialect' (remove the property setting and it will be selected by default)","exception":""}
{"timestamp":"2026-06-10 19:31:15.392","level":"INFO","thread":"main","correlationId":"","logger":"o.s.o.j.LocalContainerEntityManagerFactoryBean","message":"Initialized JPA EntityManagerFactory for persistence unit 'default'","exception":""}
{"timestamp":"2026-06-10 19:31:15.416","level":"INFO","thread":"main","correlationId":"","logger":"o.s.s.c.a.a.c.InitializeAuthenticationProviderBeanManagerConfigurer$InitializeAuthenticationProviderManagerConfigurer","message":"Global AuthenticationManager configured with AuthenticationProvider bean with name authenticationProvider","exception":""}
{"timestamp":"2026-06-10 19:31:15.417","level":"WARN","thread":"main","correlationId":"","logger":"o.s.s.c.a.a.c.InitializeUserDetailsBeanManagerConfigurer$InitializeUserDetailsManagerConfigurer","message":"Global AuthenticationManager configured with an AuthenticationProvider bean. UserDetailsService beans will not be used by Spring Security for automatically configuring username/password login. Consider removing the AuthenticationProvider bean. Alternatively, consider using the UserDetailsService in a manually instantiated DaoAuthenticationProvider. If the current configuration is intentional, to turn off this warning, increase the logging level of 'org.springframework.security.config.annotation.authentication.configuration.InitializeUserDetailsBeanManagerConfigurer' to ERROR","exception":""}
{"timestamp":"2026-06-10 19:31:15.540","level":"DEBUG","thread":"main","correlationId":"","logger":"o.s.w.s.m.m.a.RequestMappingHandlerMapping","message":"42 mappings in 'requestMappingHandlerMapping'","exception":""}
{"timestamp":"2026-06-10 19:31:15.570","level":"DEBUG","thread":"main","correlationId":"","logger":"o.s.w.s.h.SimpleUrlHandlerMapping","message":"Patterns [/webjars/**, /**, /swagger-ui*/*swagger-initializer.js, /swagger-ui*/**] in 'resourceHandlerMapping'","exception":""}
{"timestamp":"2026-06-10 19:31:15.621","level":"INFO","thread":"main","correlationId":"","logger":"o.s.b.a.e.web.EndpointLinksResolver","message":"Exposing 13 endpoints beneath base path '/actuator'","exception":""}
{"timestamp":"2026-06-10 19:31:15.658","level":"DEBUG","thread":"main","correlationId":"","logger":"o.s.s.web.DefaultSecurityFilterChain","message":"Will secure any request with filters: DisableEncodeUrlFilter, WebAsyncManagerIntegrationFilter, SecurityContextHolderFilter, HeaderWriterFilter, CorsFilter, LogoutFilter, JwtAuthenticationFilter, RequestCacheAwareFilter, SecurityContextHolderAwareRequestFilter, AnonymousAuthenticationFilter, SessionManagementFilter, ExceptionTranslationFilter, AuthorizationFilter","exception":""}
{"timestamp":"2026-06-10 19:31:15.682","level":"DEBUG","thread":"main","correlationId":"","logger":"o.s.w.s.m.m.a.RequestMappingHandlerAdapter","message":"ControllerAdvice beans: 0 @ModelAttribute, 0 @InitBinder, 1 RequestBodyAdvice, 1 ResponseBodyAdvice","exception":""}
{"timestamp":"2026-06-10 19:31:15.687","level":"DEBUG","thread":"main","correlationId":"","logger":"o.s.w.s.m.m.a.ExceptionHandlerExceptionResolver","message":"ControllerAdvice beans: 2 @ExceptionHandler, 1 ResponseBodyAdvice","exception":""}
{"timestamp":"2026-06-10 19:31:15.720","level":"INFO","thread":"main","correlationId":"","logger":"o.s.b.a.h.H2ConsoleAutoConfiguration","message":"H2 console available at '/h2-console'. Database available at 'jdbc:h2:mem:deliverydb'","exception":""}
{"timestamp":"2026-06-10 19:31:15.734","level":"DEBUG","thread":"main","correlationId":"","logger":"o.s.w.f.ServerHttpObservationFilter","message":"Filter 'webMvcObservationFilter' configured for use","exception":""}
{"timestamp":"2026-06-10 19:31:15.734","level":"INFO","thread":"main","correlationId":"","logger":"o.s.b.t.m.w.SpringBootMockServletContext","message":"Initializing Spring TestDispatcherServlet ''","exception":""}
{"timestamp":"2026-06-10 19:31:15.734","level":"INFO","thread":"main","correlationId":"","logger":"o.s.t.w.s.TestDispatcherServlet","message":"Initializing Servlet ''","exception":""}
{"timestamp":"2026-06-10 19:31:15.735","level":"INFO","thread":"main","correlationId":"","logger":"o.s.t.w.s.TestDispatcherServlet","message":"Completed initialization in 1 ms","exception":""}
{"timestamp":"2026-06-10 19:31:15.744","level":"INFO","thread":"main","correlationId":"","logger":"c.d.d.c.ClienteControllerTest","message":"Started ClienteControllerTest in 0.716 seconds (process running for 17.214)","exception":""}
{"timestamp":"2026-06-10 19:31:15.752","level":"DEBUG","thread":"main","correlationId":"","logger":"o.s.security.web.FilterChainProxy","message":"Securing PUT /api/clientes/999999","exception":""}
{"timestamp":"2026-06-10 19:31:15.754","level":"WARN","thread":"main","correlationId":"","logger":"c.d.d.s.JwtAuthenticationFilter","message":"JWT Token não começa com Bearer String","exception":""}
{"timestamp":"2026-06-10 19:31:15.755","level":"DEBUG","thread":"main","correlationId":"","logger":"o.s.security.web.FilterChainProxy","message":"Secured PUT /api/clientes/999999","exception":""}
{"timestamp":"2026-06-10 19:31:15.755","level":"DEBUG","thread":"main","correlationId":"b2d29c5d91d84b5b","logger":"o.s.w.s.m.m.a.RequestMappingHandlerMapping","message":"Mapped to com.deliverytech.delivery_api.controller.ClienteController#atualizarCliente(Long, ClienteReqDTO)","exception":""}
{"timestamp":"2026-06-10 19:31:15.757","level":"DEBUG","thread":"main","correlationId":"b2d29c5d91d84b5b","logger":"o.s.w.s.m.m.a.RequestResponseBodyMethodProcessor","message":"Read "application/json;charset=UTF-8" to [com.deliverytech.delivery_api.dto.req.ClienteReqDTO@4d7f933c]","exception":""}
{"timestamp":"2026-06-10 19:31:15.762","level":"DEBUG","thread":"main","correlationId":"b2d29c5d91d84b5b","logger":"o.s.w.s.m.m.a.ExceptionHandlerExceptionResolver","message":"Using @ExceptionHandler com.deliverytech.delivery_api.exception.GlobalExceptionHandler#handleEntityNotFound(EntityNotFoundException, HttpServletRequest)","exception":""}
{"timestamp":"2026-06-10 19:31:15.771","level":"DEBUG","thread":"main","correlationId":"b2d29c5d91d84b5b","logger":"o.s.w.s.m.m.a.HttpEntityMethodProcessor","message":"Using 'application/json', given [*/*] and supported [application/json, application/*+json, application/yaml]","exception":""}
{"timestamp":"2026-06-10 19:31:15.771","level":"DEBUG","thread":"main","correlationId":"b2d29c5d91d84b5b","logger":"o.s.w.s.m.m.a.HttpEntityMethodProcessor","message":"Writing [com.deliverytech.delivery_api.dto.ErrorResponse@58ed8b64]","exception":""}
{"timestamp":"2026-06-10 19:31:15.772","level":"DEBUG","thread":"main","correlationId":"b2d29c5d91d84b5b","logger":"o.s.w.s.m.m.a.ExceptionHandlerExceptionResolver","message":"Resolved [com.deliverytech.delivery_api.exception.EntityNotFoundException: Cliente não encontrado com ID: 999999]","exception":""}
{"timestamp":"2026-06-10 19:31:15.778","level":"DEBUG","thread":"main","correlationId":"","logger":"o.s.w.c.s.GenericWebApplicationContext","message":"Closing org.springframework.web.context.support.GenericWebApplicationContext@7d197ba3, started on Wed Jun 10 19:31:15 BRT 2026","exception":""}
{"timestamp":"2026-06-10 19:31:15.779","level":"INFO","thread":"main","correlationId":"","logger":"o.s.o.j.LocalContainerEntityManagerFactoryBean","message":"Closing JPA EntityManagerFactory for persistence unit 'default'","exception":""}
{"timestamp":"2026-06-10 19:31:15.781","level":"INFO","thread":"main","correlationId":"","logger":"com.zaxxer.hikari.HikariDataSource","message":"HikariPool-7 - Shutdown initiated...","exception":""}
{"timestamp":"2026-06-10 19:31:15.781","level":"INFO","thread":"main","correlationId":"","logger":"com.zaxxer.hikari.HikariDataSource","message":"HikariPool-7 - Shutdown completed.","exception":""}
{"timestamp":"2026-06-10 19:31:15.782","level":"INFO","thread":"main","correlationId":"","logger":"o.s.b.d.r.RestartApplicationListener","message":"Restart disabled due to context in which it is running","exception":""}
{"timestamp":"2026-06-10 19:31:15.806","level":"INFO","thread":"main","correlationId":"","logger":"c.d.d.c.ClienteControllerTest","message":"Starting ClienteControllerTest using Java 21.0.11 with PID 26828 (started by Santana in C:\Pasta Códiguinhos\arquitetura de sistemas fat\delivery-api\delivery-api)","exception":""}
{"timestamp":"2026-06-10 19:31:15.806","level":"INFO","thread":"main","correlationId":"","logger":"c.d.d.c.ClienteControllerTest","message":"The following 1 profile is active: "test"","exception":""}
{"timestamp":"2026-06-10 19:31:15.807","level":"DEBUG","thread":"main","correlationId":"","logger":"o.s.w.c.s.GenericWebApplicationContext","message":"Refreshing org.springframework.web.context.support.GenericWebApplicationContext@7077f4e0","exception":""}
{"timestamp":"2026-06-10 19:31:16.042","level":"INFO","thread":"main","correlationId":"","logger":"o.s.d.r.c.RepositoryConfigurationDelegate","message":"Bootstrapping Spring Data JPA repositories in DEFAULT mode.","exception":""}
{"timestamp":"2026-06-10 19:31:16.062","level":"INFO","thread":"main","correlationId":"","logger":"o.s.d.r.c.RepositoryConfigurationDelegate","message":"Finished Spring Data repository scanning in 18 ms. Found 5 JPA repository interfaces.","exception":""}
{"timestamp":"2026-06-10 19:31:16.122","level":"INFO","thread":"main","correlationId":"","logger":"o.s.o.j.p.SpringPersistenceUnitInfo","message":"No LoadTimeWeaver setup: ignoring JPA class transformer","exception":""}
{"timestamp":"2026-06-10 19:31:16.122","level":"INFO","thread":"main","correlationId":"","logger":"com.zaxxer.hikari.HikariDataSource","message":"HikariPool-8 - Starting...","exception":""}
{"timestamp":"2026-06-10 19:31:16.126","level":"INFO","thread":"main","correlationId":"","logger":"com.zaxxer.hikari.pool.HikariPool","message":"HikariPool-8 - Added connection conn70: url=jdbc:h2:mem:deliverydb user=SA","exception":""}
{"timestamp":"2026-06-10 19:31:16.126","level":"INFO","thread":"main","correlationId":"","logger":"com.zaxxer.hikari.HikariDataSource","message":"HikariPool-8 - Start completed.","exception":""}
{"timestamp":"2026-06-10 19:31:16.127","level":"WARN","thread":"main","correlationId":"","logger":"org.hibernate.orm.deprecation","message":"HHH90000025: H2Dialect does not need to be specified explicitly using 'hibernate.dialect' (remove the property setting and it will be selected by default)","exception":""}
{"timestamp":"2026-06-10 19:31:16.187","level":"INFO","thread":"main","correlationId":"","logger":"o.s.o.j.LocalContainerEntityManagerFactoryBean","message":"Initialized JPA EntityManagerFactory for persistence unit 'default'","exception":""}
{"timestamp":"2026-06-10 19:31:16.220","level":"INFO","thread":"main","correlationId":"","logger":"o.s.s.c.a.a.c.InitializeAuthenticationProviderBeanManagerConfigurer$InitializeAuthenticationProviderManagerConfigurer","message":"Global AuthenticationManager configured with AuthenticationProvider bean with name authenticationProvider","exception":""}
{"timestamp":"2026-06-10 19:31:16.220","level":"WARN","thread":"main","correlationId":"","logger":"o.s.s.c.a.a.c.InitializeUserDetailsBeanManagerConfigurer$InitializeUserDetailsManagerConfigurer","message":"Global AuthenticationManager configured with an AuthenticationProvider bean. UserDetailsService beans will not be used by Spring Security for automatically configuring username/password login. Consider removing the AuthenticationProvider bean. Alternatively, consider using the UserDetailsService in a manually instantiated DaoAuthenticationProvider. If the current configuration is intentional, to turn off this warning, increase the logging level of 'org.springframework.security.config.annotation.authentication.configuration.InitializeUserDetailsBeanManagerConfigurer' to ERROR","exception":""}
{"timestamp":"2026-06-10 19:31:16.330","level":"DEBUG","thread":"main","correlationId":"","logger":"o.s.w.s.m.m.a.RequestMappingHandlerMapping","message":"42 mappings in 'requestMappingHandlerMapping'","exception":""}
{"timestamp":"2026-06-10 19:31:16.354","level":"DEBUG","thread":"main","correlationId":"","logger":"o.s.w.s.h.SimpleUrlHandlerMapping","message":"Patterns [/webjars/**, /**, /swagger-ui*/*swagger-initializer.js, /swagger-ui*/**] in 'resourceHandlerMapping'","exception":""}
{"timestamp":"2026-06-10 19:31:16.394","level":"INFO","thread":"main","correlationId":"","logger":"o.s.b.a.e.web.EndpointLinksResolver","message":"Exposing 13 endpoints beneath base path '/actuator'","exception":""}
{"timestamp":"2026-06-10 19:31:16.426","level":"DEBUG","thread":"main","correlationId":"","logger":"o.s.s.web.DefaultSecurityFilterChain","message":"Will secure any request with filters: DisableEncodeUrlFilter, WebAsyncManagerIntegrationFilter, SecurityContextHolderFilter, HeaderWriterFilter, CorsFilter, LogoutFilter, JwtAuthenticationFilter, RequestCacheAwareFilter, SecurityContextHolderAwareRequestFilter, AnonymousAuthenticationFilter, SessionManagementFilter, ExceptionTranslationFilter, AuthorizationFilter","exception":""}
{"timestamp":"2026-06-10 19:31:16.452","level":"DEBUG","thread":"main","correlationId":"","logger":"o.s.w.s.m.m.a.RequestMappingHandlerAdapter","message":"ControllerAdvice beans: 0 @ModelAttribute, 0 @InitBinder, 1 RequestBodyAdvice, 1 ResponseBodyAdvice","exception":""}
{"timestamp":"2026-06-10 19:31:16.457","level":"DEBUG","thread":"main","correlationId":"","logger":"o.s.w.s.m.m.a.ExceptionHandlerExceptionResolver","message":"ControllerAdvice beans: 2 @ExceptionHandler, 1 ResponseBodyAdvice","exception":""}
{"timestamp":"2026-06-10 19:31:16.502","level":"INFO","thread":"main","correlationId":"","logger":"o.s.b.a.h.H2ConsoleAutoConfiguration","message":"H2 console available at '/h2-console'. Database available at 'jdbc:h2:mem:deliverydb'","exception":""}
{"timestamp":"2026-06-10 19:31:16.517","level":"DEBUG","thread":"main","correlationId":"","logger":"o.s.w.f.ServerHttpObservationFilter","message":"Filter 'webMvcObservationFilter' configured for use","exception":""}
{"timestamp":"2026-06-10 19:31:16.517","level":"INFO","thread":"main","correlationId":"","logger":"o.s.b.t.m.w.SpringBootMockServletContext","message":"Initializing Spring TestDispatcherServlet ''","exception":""}
{"timestamp":"2026-06-10 19:31:16.517","level":"INFO","thread":"main","correlationId":"","logger":"o.s.t.w.s.TestDispatcherServlet","message":"Initializing Servlet ''","exception":""}
{"timestamp":"2026-06-10 19:31:16.518","level":"INFO","thread":"main","correlationId":"","logger":"o.s.t.w.s.TestDispatcherServlet","message":"Completed initialization in 1 ms","exception":""}
{"timestamp":"2026-06-10 19:31:16.526","level":"INFO","thread":"main","correlationId":"","logger":"c.d.d.c.ClienteControllerTest","message":"Started ClienteControllerTest in 0.744 seconds (process running for 17.996)","exception":""}
{"timestamp":"2026-06-10 19:31:16.534","level":"DEBUG","thread":"main","correlationId":"","logger":"o.s.security.web.FilterChainProxy","message":"Securing GET /api/clientes/email/joao.teste@email.com","exception":""}
{"timestamp":"2026-06-10 19:31:16.535","level":"WARN","thread":"main","correlationId":"","logger":"c.d.d.s.JwtAuthenticationFilter","message":"JWT Token não começa com Bearer String","exception":""}
{"timestamp":"2026-06-10 19:31:16.537","level":"DEBUG","thread":"main","correlationId":"","logger":"o.s.security.web.FilterChainProxy","message":"Secured GET /api/clientes/email/joao.teste@email.com","exception":""}
{"timestamp":"2026-06-10 19:31:16.537","level":"DEBUG","thread":"main","correlationId":"ee17c142472747f9","logger":"o.s.w.s.m.m.a.RequestMappingHandlerMapping","message":"Mapped to com.deliverytech.delivery_api.controller.ClienteController#buscarPorEmail(String)","exception":""}
{"timestamp":"2026-06-10 19:31:16.544","level":"DEBUG","thread":"main","correlationId":"ee17c142472747f9","logger":"o.s.w.s.m.m.a.HttpEntityMethodProcessor","message":"Using 'application/json', given [*/*] and supported [application/json, application/*+json, application/yaml]","exception":""}
{"timestamp":"2026-06-10 19:31:16.544","level":"DEBUG","thread":"main","correlationId":"ee17c142472747f9","logger":"o.s.w.s.m.m.a.HttpEntityMethodProcessor","message":"Writing [com.deliverytech.delivery_api.dto.res.ClienteResDTO@1faa9581]","exception":""}
{"timestamp":"2026-06-10 19:31:16.549","level":"DEBUG","thread":"main","correlationId":"","logger":"o.s.w.c.s.GenericWebApplicationContext","message":"Closing org.springframework.web.context.support.GenericWebApplicationContext@7077f4e0, started on Wed Jun 10 19:31:15 BRT 2026","exception":""}
{"timestamp":"2026-06-10 19:31:16.550","level":"INFO","thread":"main","correlationId":"","logger":"o.s.o.j.LocalContainerEntityManagerFactoryBean","message":"Closing JPA EntityManagerFactory for persistence unit 'default'","exception":""}
{"timestamp":"2026-06-10 19:31:16.553","level":"INFO","thread":"main","correlationId":"","logger":"com.zaxxer.hikari.HikariDataSource","message":"HikariPool-8 - Shutdown initiated...","exception":""}
{"timestamp":"2026-06-10 19:31:16.554","level":"INFO","thread":"main","correlationId":"","logger":"com.zaxxer.hikari.HikariDataSource","message":"HikariPool-8 - Shutdown completed.","exception":""}
{"timestamp":"2026-06-10 19:31:16.555","level":"INFO","thread":"main","correlationId":"","logger":"o.s.b.d.r.RestartApplicationListener","message":"Restart disabled due to context in which it is running","exception":""}
{"timestamp":"2026-06-10 19:31:16.582","level":"INFO","thread":"main","correlationId":"","logger":"c.d.d.c.ClienteControllerTest","message":"Starting ClienteControllerTest using Java 21.0.11 with PID 26828 (started by Santana in C:\Pasta Códiguinhos\arquitetura de sistemas fat\delivery-api\delivery-api)","exception":""}
{"timestamp":"2026-06-10 19:31:16.582","level":"INFO","thread":"main","correlationId":"","logger":"c.d.d.c.ClienteControllerTest","message":"The following 1 profile is active: "test"","exception":""}
{"timestamp":"2026-06-10 19:31:16.583","level":"DEBUG","thread":"main","correlationId":"","logger":"o.s.w.c.s.GenericWebApplicationContext","message":"Refreshing org.springframework.web.context.support.GenericWebApplicationContext@49c7421c","exception":""}
{"timestamp":"2026-06-10 19:31:16.799","level":"INFO","thread":"main","correlationId":"","logger":"o.s.d.r.c.RepositoryConfigurationDelegate","message":"Bootstrapping Spring Data JPA repositories in DEFAULT mode.","exception":""}
{"timestamp":"2026-06-10 19:31:16.813","level":"INFO","thread":"main","correlationId":"","logger":"o.s.d.r.c.RepositoryConfigurationDelegate","message":"Finished Spring Data repository scanning in 13 ms. Found 5 JPA repository interfaces.","exception":""}
{"timestamp":"2026-06-10 19:31:16.879","level":"INFO","thread":"main","correlationId":"","logger":"o.s.o.j.p.SpringPersistenceUnitInfo","message":"No LoadTimeWeaver setup: ignoring JPA class transformer","exception":""}
{"timestamp":"2026-06-10 19:31:16.879","level":"INFO","thread":"main","correlationId":"","logger":"com.zaxxer.hikari.HikariDataSource","message":"HikariPool-9 - Starting...","exception":""}
{"timestamp":"2026-06-10 19:31:16.880","level":"INFO","thread":"main","correlationId":"","logger":"com.zaxxer.hikari.pool.HikariPool","message":"HikariPool-9 - Added connection conn80: url=jdbc:h2:mem:deliverydb user=SA","exception":""}
{"timestamp":"2026-06-10 19:31:16.882","level":"INFO","thread":"main","correlationId":"","logger":"com.zaxxer.hikari.HikariDataSource","message":"HikariPool-9 - Start completed.","exception":""}
{"timestamp":"2026-06-10 19:31:16.882","level":"WARN","thread":"main","correlationId":"","logger":"org.hibernate.orm.deprecation","message":"HHH90000025: H2Dialect does not need to be specified explicitly using 'hibernate.dialect' (remove the property setting and it will be selected by default)","exception":""}
{"timestamp":"2026-06-10 19:31:16.934","level":"INFO","thread":"main","correlationId":"","logger":"o.s.o.j.LocalContainerEntityManagerFactoryBean","message":"Initialized JPA EntityManagerFactory for persistence unit 'default'","exception":""}
{"timestamp":"2026-06-10 19:31:16.952","level":"INFO","thread":"main","correlationId":"","logger":"o.s.s.c.a.a.c.InitializeAuthenticationProviderBeanManagerConfigurer$InitializeAuthenticationProviderManagerConfigurer","message":"Global AuthenticationManager configured with AuthenticationProvider bean with name authenticationProvider","exception":""}
{"timestamp":"2026-06-10 19:31:16.954","level":"WARN","thread":"main","correlationId":"","logger":"o.s.s.c.a.a.c.InitializeUserDetailsBeanManagerConfigurer$InitializeUserDetailsManagerConfigurer","message":"Global AuthenticationManager configured with an AuthenticationProvider bean. UserDetailsService beans will not be used by Spring Security for automatically configuring username/password login. Consider removing the AuthenticationProvider bean. Alternatively, consider using the UserDetailsService in a manually instantiated DaoAuthenticationProvider. If the current configuration is intentional, to turn off this warning, increase the logging level of 'org.springframework.security.config.annotation.authentication.configuration.InitializeUserDetailsBeanManagerConfigurer' to ERROR","exception":""}
{"timestamp":"2026-06-10 19:31:17.063","level":"DEBUG","thread":"main","correlationId":"","logger":"o.s.w.s.m.m.a.RequestMappingHandlerMapping","message":"42 mappings in 'requestMappingHandlerMapping'","exception":""}
{"timestamp":"2026-06-10 19:31:17.096","level":"DEBUG","thread":"main","correlationId":"","logger":"o.s.w.s.h.SimpleUrlHandlerMapping","message":"Patterns [/webjars/**, /**, /swagger-ui*/*swagger-initializer.js, /swagger-ui*/**] in 'resourceHandlerMapping'","exception":""}
{"timestamp":"2026-06-10 19:31:17.135","level":"INFO","thread":"main","correlationId":"","logger":"o.s.b.a.e.web.EndpointLinksResolver","message":"Exposing 13 endpoints beneath base path '/actuator'","exception":""}
{"timestamp":"2026-06-10 19:31:17.165","level":"DEBUG","thread":"main","correlationId":"","logger":"o.s.s.web.DefaultSecurityFilterChain","message":"Will secure any request with filters: DisableEncodeUrlFilter, WebAsyncManagerIntegrationFilter, SecurityContextHolderFilter, HeaderWriterFilter, CorsFilter, LogoutFilter, JwtAuthenticationFilter, RequestCacheAwareFilter, SecurityContextHolderAwareRequestFilter, AnonymousAuthenticationFilter, SessionManagementFilter, ExceptionTranslationFilter, AuthorizationFilter","exception":""}
{"timestamp":"2026-06-10 19:31:17.207","level":"DEBUG","thread":"main","correlationId":"","logger":"o.s.w.s.m.m.a.RequestMappingHandlerAdapter","message":"ControllerAdvice beans: 0 @ModelAttribute, 0 @InitBinder, 1 RequestBodyAdvice, 1 ResponseBodyAdvice","exception":""}
{"timestamp":"2026-06-10 19:31:17.218","level":"DEBUG","thread":"main","correlationId":"","logger":"o.s.w.s.m.m.a.ExceptionHandlerExceptionResolver","message":"ControllerAdvice beans: 2 @ExceptionHandler, 1 ResponseBodyAdvice","exception":""}
{"timestamp":"2026-06-10 19:31:17.277","level":"INFO","thread":"main","correlationId":"","logger":"o.s.b.a.h.H2ConsoleAutoConfiguration","message":"H2 console available at '/h2-console'. Database available at 'jdbc:h2:mem:deliverydb'","exception":""}
{"timestamp":"2026-06-10 19:31:17.297","level":"DEBUG","thread":"main","correlationId":"","logger":"o.s.w.f.ServerHttpObservationFilter","message":"Filter 'webMvcObservationFilter' configured for use","exception":""}
{"timestamp":"2026-06-10 19:31:17.298","level":"INFO","thread":"main","correlationId":"","logger":"o.s.b.t.m.w.SpringBootMockServletContext","message":"Initializing Spring TestDispatcherServlet ''","exception":""}
{"timestamp":"2026-06-10 19:31:17.298","level":"INFO","thread":"main","correlationId":"","logger":"o.s.t.w.s.TestDispatcherServlet","message":"Initializing Servlet ''","exception":""}
{"timestamp":"2026-06-10 19:31:17.298","level":"INFO","thread":"main","correlationId":"","logger":"o.s.t.w.s.TestDispatcherServlet","message":"Completed initialization in 0 ms","exception":""}
{"timestamp":"2026-06-10 19:31:17.311","level":"INFO","thread":"main","correlationId":"","logger":"c.d.d.c.ClienteControllerTest","message":"Started ClienteControllerTest in 0.756 seconds (process running for 18.78)","exception":""}
{"timestamp":"2026-06-10 19:31:17.321","level":"DEBUG","thread":"main","correlationId":"","logger":"o.s.security.web.FilterChainProxy","message":"Securing GET /api/clientes","exception":""}
{"timestamp":"2026-06-10 19:31:17.322","level":"WARN","thread":"main","correlationId":"","logger":"c.d.d.s.JwtAuthenticationFilter","message":"JWT Token não começa com Bearer String","exception":""}
{"timestamp":"2026-06-10 19:31:17.324","level":"DEBUG","thread":"main","correlationId":"","logger":"o.s.security.web.FilterChainProxy","message":"Secured GET /api/clientes","exception":""}
{"timestamp":"2026-06-10 19:31:17.324","level":"DEBUG","thread":"main","correlationId":"ed37a50aaa5b4fbc","logger":"o.s.w.s.m.m.a.RequestMappingHandlerMapping","message":"Mapped to com.deliverytech.delivery_api.controller.ClienteController#listarClientesAtivos()","exception":""}
{"timestamp":"2026-06-10 19:31:17.344","level":"DEBUG","thread":"main","correlationId":"ed37a50aaa5b4fbc","logger":"o.s.w.s.m.m.a.HttpEntityMethodProcessor","message":"Using 'application/json', given [*/*] and supported [application/json, application/*+json, application/yaml]","exception":""}
{"timestamp":"2026-06-10 19:31:17.345","level":"DEBUG","thread":"main","correlationId":"ed37a50aaa5b4fbc","logger":"o.s.w.s.m.m.a.HttpEntityMethodProcessor","message":"Writing [[com.deliverytech.delivery_api.dto.res.ClienteResDTO@5f7b0170, com.deliverytech.delivery_api.dto.res (truncated)...]","exception":""}
{"timestamp":"2026-06-10 19:31:17.360","level":"DEBUG","thread":"main","correlationId":"","logger":"o.s.w.c.s.GenericWebApplicationContext","message":"Closing org.springframework.web.context.support.GenericWebApplicationContext@49c7421c, started on Wed Jun 10 19:31:16 BRT 2026","exception":""}
{"timestamp":"2026-06-10 19:31:17.362","level":"INFO","thread":"main","correlationId":"","logger":"o.s.o.j.LocalContainerEntityManagerFactoryBean","message":"Closing JPA EntityManagerFactory for persistence unit 'default'","exception":""}
{"timestamp":"2026-06-10 19:31:17.365","level":"INFO","thread":"main","correlationId":"","logger":"com.zaxxer.hikari.HikariDataSource","message":"HikariPool-9 - Shutdown initiated...","exception":""}
{"timestamp":"2026-06-10 19:31:17.365","level":"INFO","thread":"main","correlationId":"","logger":"com.zaxxer.hikari.HikariDataSource","message":"HikariPool-9 - Shutdown completed.","exception":""}
{"timestamp":"2026-06-10 19:31:17.367","level":"INFO","thread":"main","correlationId":"","logger":"o.s.b.d.r.RestartApplicationListener","message":"Restart disabled due to context in which it is running","exception":""}
{"timestamp":"2026-06-10 19:31:17.388","level":"INFO","thread":"main","correlationId":"","logger":"c.d.d.c.ClienteControllerTest","message":"Starting ClienteControllerTest using Java 21.0.11 with PID 26828 (started by Santana in C:\Pasta Códiguinhos\arquitetura de sistemas fat\delivery-api\delivery-api)","exception":""}
{"timestamp":"2026-06-10 19:31:17.389","level":"INFO","thread":"main","correlationId":"","logger":"c.d.d.c.ClienteControllerTest","message":"The following 1 profile is active: "test"","exception":""}
{"timestamp":"2026-06-10 19:31:17.389","level":"DEBUG","thread":"main","correlationId":"","logger":"o.s.w.c.s.GenericWebApplicationContext","message":"Refreshing org.springframework.web.context.support.GenericWebApplicationContext@3421615d","exception":""}
{"timestamp":"2026-06-10 19:31:17.568","level":"INFO","thread":"main","correlationId":"","logger":"o.s.d.r.c.RepositoryConfigurationDelegate","message":"Bootstrapping Spring Data JPA repositories in DEFAULT mode.","exception":""}
{"timestamp":"2026-06-10 19:31:17.590","level":"INFO","thread":"main","correlationId":"","logger":"o.s.d.r.c.RepositoryConfigurationDelegate","message":"Finished Spring Data repository scanning in 19 ms. Found 5 JPA repository interfaces.","exception":""}
{"timestamp":"2026-06-10 19:31:17.645","level":"INFO","thread":"main","correlationId":"","logger":"o.s.o.j.p.SpringPersistenceUnitInfo","message":"No LoadTimeWeaver setup: ignoring JPA class transformer","exception":""}
{"timestamp":"2026-06-10 19:31:17.646","level":"INFO","thread":"main","correlationId":"","logger":"com.zaxxer.hikari.HikariDataSource","message":"HikariPool-10 - Starting...","exception":""}
{"timestamp":"2026-06-10 19:31:17.648","level":"INFO","thread":"main","correlationId":"","logger":"com.zaxxer.hikari.pool.HikariPool","message":"HikariPool-10 - Added connection conn90: url=jdbc:h2:mem:deliverydb user=SA","exception":""}
{"timestamp":"2026-06-10 19:31:17.648","level":"INFO","thread":"main","correlationId":"","logger":"com.zaxxer.hikari.HikariDataSource","message":"HikariPool-10 - Start completed.","exception":""}
{"timestamp":"2026-06-10 19:31:17.648","level":"WARN","thread":"main","correlationId":"","logger":"org.hibernate.orm.deprecation","message":"HHH90000025: H2Dialect does not need to be specified explicitly using 'hibernate.dialect' (remove the property setting and it will be selected by default)","exception":""}
{"timestamp":"2026-06-10 19:31:17.713","level":"INFO","thread":"main","correlationId":"","logger":"o.s.o.j.LocalContainerEntityManagerFactoryBean","message":"Initialized JPA EntityManagerFactory for persistence unit 'default'","exception":""}
{"timestamp":"2026-06-10 19:31:17.760","level":"INFO","thread":"main","correlationId":"","logger":"o.s.s.c.a.a.c.InitializeAuthenticationProviderBeanManagerConfigurer$InitializeAuthenticationProviderManagerConfigurer","message":"Global AuthenticationManager configured with AuthenticationProvider bean with name authenticationProvider","exception":""}
{"timestamp":"2026-06-10 19:31:17.760","level":"WARN","thread":"main","correlationId":"","logger":"o.s.s.c.a.a.c.InitializeUserDetailsBeanManagerConfigurer$InitializeUserDetailsManagerConfigurer","message":"Global AuthenticationManager configured with an AuthenticationProvider bean. UserDetailsService beans will not be used by Spring Security for automatically configuring username/password login. Consider removing the AuthenticationProvider bean. Alternatively, consider using the UserDetailsService in a manually instantiated DaoAuthenticationProvider. If the current configuration is intentional, to turn off this warning, increase the logging level of 'org.springframework.security.config.annotation.authentication.configuration.InitializeUserDetailsBeanManagerConfigurer' to ERROR","exception":""}
{"timestamp":"2026-06-10 19:31:17.934","level":"DEBUG","thread":"main","correlationId":"","logger":"o.s.w.s.m.m.a.RequestMappingHandlerMapping","message":"42 mappings in 'requestMappingHandlerMapping'","exception":""}
{"timestamp":"2026-06-10 19:31:17.956","level":"DEBUG","thread":"main","correlationId":"","logger":"o.s.w.s.h.SimpleUrlHandlerMapping","message":"Patterns [/webjars/**, /**, /swagger-ui*/*swagger-initializer.js, /swagger-ui*/**] in 'resourceHandlerMapping'","exception":""}
{"timestamp":"2026-06-10 19:31:17.987","level":"INFO","thread":"main","correlationId":"","logger":"o.s.b.a.e.web.EndpointLinksResolver","message":"Exposing 13 endpoints beneath base path '/actuator'","exception":""}
{"timestamp":"2026-06-10 19:31:18.014","level":"DEBUG","thread":"main","correlationId":"","logger":"o.s.s.web.DefaultSecurityFilterChain","message":"Will secure any request with filters: DisableEncodeUrlFilter, WebAsyncManagerIntegrationFilter, SecurityContextHolderFilter, HeaderWriterFilter, CorsFilter, LogoutFilter, JwtAuthenticationFilter, RequestCacheAwareFilter, SecurityContextHolderAwareRequestFilter, AnonymousAuthenticationFilter, SessionManagementFilter, ExceptionTranslationFilter, AuthorizationFilter","exception":""}
{"timestamp":"2026-06-10 19:31:18.035","level":"DEBUG","thread":"main","correlationId":"","logger":"o.s.w.s.m.m.a.RequestMappingHandlerAdapter","message":"ControllerAdvice beans: 0 @ModelAttribute, 0 @InitBinder, 1 RequestBodyAdvice, 1 ResponseBodyAdvice","exception":""}
{"timestamp":"2026-06-10 19:31:18.039","level":"DEBUG","thread":"main","correlationId":"","logger":"o.s.w.s.m.m.a.ExceptionHandlerExceptionResolver","message":"ControllerAdvice beans: 2 @ExceptionHandler, 1 ResponseBodyAdvice","exception":""}
{"timestamp":"2026-06-10 19:31:18.065","level":"INFO","thread":"main","correlationId":"","logger":"o.s.b.a.h.H2ConsoleAutoConfiguration","message":"H2 console available at '/h2-console'. Database available at 'jdbc:h2:mem:deliverydb'","exception":""}
{"timestamp":"2026-06-10 19:31:18.077","level":"DEBUG","thread":"main","correlationId":"","logger":"o.s.w.f.ServerHttpObservationFilter","message":"Filter 'webMvcObservationFilter' configured for use","exception":""}
{"timestamp":"2026-06-10 19:31:18.077","level":"INFO","thread":"main","correlationId":"","logger":"o.s.b.t.m.w.SpringBootMockServletContext","message":"Initializing Spring TestDispatcherServlet ''","exception":""}
{"timestamp":"2026-06-10 19:31:18.077","level":"INFO","thread":"main","correlationId":"","logger":"o.s.t.w.s.TestDispatcherServlet","message":"Initializing Servlet ''","exception":""}
{"timestamp":"2026-06-10 19:31:18.078","level":"INFO","thread":"main","correlationId":"","logger":"o.s.t.w.s.TestDispatcherServlet","message":"Completed initialization in 1 ms","exception":""}
{"timestamp":"2026-06-10 19:31:18.085","level":"INFO","thread":"main","correlationId":"","logger":"c.d.d.c.ClienteControllerTest","message":"Started ClienteControllerTest in 0.717 seconds (process running for 19.553)","exception":""}
{"timestamp":"2026-06-10 19:31:18.091","level":"DEBUG","thread":"main","correlationId":"","logger":"o.s.security.web.FilterChainProxy","message":"Securing GET /api/clientes/999999","exception":""}
{"timestamp":"2026-06-10 19:31:18.092","level":"WARN","thread":"main","correlationId":"","logger":"c.d.d.s.JwtAuthenticationFilter","message":"JWT Token não começa com Bearer String","exception":""}
{"timestamp":"2026-06-10 19:31:18.094","level":"DEBUG","thread":"main","correlationId":"","logger":"o.s.security.web.FilterChainProxy","message":"Secured GET /api/clientes/999999","exception":""}
{"timestamp":"2026-06-10 19:31:18.094","level":"DEBUG","thread":"main","correlationId":"5ea98fd64f764e71","logger":"o.s.w.s.m.m.a.RequestMappingHandlerMapping","message":"Mapped to com.deliverytech.delivery_api.controller.ClienteController#buscarPorId(Long)","exception":""}
{"timestamp":"2026-06-10 19:31:18.096","level":"DEBUG","thread":"main","correlationId":"5ea98fd64f764e71","logger":"o.s.w.s.m.m.a.ExceptionHandlerExceptionResolver","message":"Using @ExceptionHandler com.deliverytech.delivery_api.exception.GlobalExceptionHandler#handleEntityNotFound(EntityNotFoundException, HttpServletRequest)","exception":""}
{"timestamp":"2026-06-10 19:31:18.099","level":"DEBUG","thread":"main","correlationId":"5ea98fd64f764e71","logger":"o.s.w.s.m.m.a.HttpEntityMethodProcessor","message":"Using 'application/json', given [*/*] and supported [application/json, application/*+json, application/yaml]","exception":""}
{"timestamp":"2026-06-10 19:31:18.100","level":"DEBUG","thread":"main","correlationId":"5ea98fd64f764e71","logger":"o.s.w.s.m.m.a.HttpEntityMethodProcessor","message":"Writing [com.deliverytech.delivery_api.dto.ErrorResponse@405f3422]","exception":""}
{"timestamp":"2026-06-10 19:31:18.100","level":"DEBUG","thread":"main","correlationId":"5ea98fd64f764e71","logger":"o.s.w.s.m.m.a.ExceptionHandlerExceptionResolver","message":"Resolved [com.deliverytech.delivery_api.exception.EntityNotFoundException: Cliente não encontrado com ID: 999999]","exception":""}
{"timestamp":"2026-06-10 19:31:18.106","level":"DEBUG","thread":"main","correlationId":"","logger":"o.s.w.c.s.GenericWebApplicationContext","message":"Closing org.springframework.web.context.support.GenericWebApplicationContext@3421615d, started on Wed Jun 10 19:31:17 BRT 2026","exception":""}
{"timestamp":"2026-06-10 19:31:18.108","level":"INFO","thread":"main","correlationId":"","logger":"o.s.o.j.LocalContainerEntityManagerFactoryBean","message":"Closing JPA EntityManagerFactory for persistence unit 'default'","exception":""}
{"timestamp":"2026-06-10 19:31:18.109","level":"INFO","thread":"main","correlationId":"","logger":"com.zaxxer.hikari.HikariDataSource","message":"HikariPool-10 - Shutdown initiated...","exception":""}
{"timestamp":"2026-06-10 19:31:18.110","level":"INFO","thread":"main","correlationId":"","logger":"com.zaxxer.hikari.HikariDataSource","message":"HikariPool-10 - Shutdown completed.","exception":""}
{"timestamp":"2026-06-10 19:31:18.111","level":"INFO","thread":"main","correlationId":"","logger":"o.s.b.d.r.RestartApplicationListener","message":"Restart disabled due to context in which it is running","exception":""}
{"timestamp":"2026-06-10 19:31:18.132","level":"INFO","thread":"main","correlationId":"","logger":"c.d.d.c.ClienteControllerTest","message":"Starting ClienteControllerTest using Java 21.0.11 with PID 26828 (started by Santana in C:\Pasta Códiguinhos\arquitetura de sistemas fat\delivery-api\delivery-api)","exception":""}
{"timestamp":"2026-06-10 19:31:18.132","level":"INFO","thread":"main","correlationId":"","logger":"c.d.d.c.ClienteControllerTest","message":"The following 1 profile is active: "test"","exception":""}
{"timestamp":"2026-06-10 19:31:18.134","level":"DEBUG","thread":"main","correlationId":"","logger":"o.s.w.c.s.GenericWebApplicationContext","message":"Refreshing org.springframework.web.context.support.GenericWebApplicationContext@5674971b","exception":""}
{"timestamp":"2026-06-10 19:31:18.305","level":"INFO","thread":"main","correlationId":"","logger":"o.s.d.r.c.RepositoryConfigurationDelegate","message":"Bootstrapping Spring Data JPA repositories in DEFAULT mode.","exception":""}
{"timestamp":"2026-06-10 19:31:18.317","level":"INFO","thread":"main","correlationId":"","logger":"o.s.d.r.c.RepositoryConfigurationDelegate","message":"Finished Spring Data repository scanning in 12 ms. Found 5 JPA repository interfaces.","exception":""}
{"timestamp":"2026-06-10 19:31:18.364","level":"INFO","thread":"main","correlationId":"","logger":"o.s.o.j.p.SpringPersistenceUnitInfo","message":"No LoadTimeWeaver setup: ignoring JPA class transformer","exception":""}
{"timestamp":"2026-06-10 19:31:18.365","level":"INFO","thread":"main","correlationId":"","logger":"com.zaxxer.hikari.HikariDataSource","message":"HikariPool-11 - Starting...","exception":""}
{"timestamp":"2026-06-10 19:31:18.366","level":"INFO","thread":"main","correlationId":"","logger":"com.zaxxer.hikari.pool.HikariPool","message":"HikariPool-11 - Added connection conn100: url=jdbc:h2:mem:deliverydb user=SA","exception":""}
{"timestamp":"2026-06-10 19:31:18.366","level":"INFO","thread":"main","correlationId":"","logger":"com.zaxxer.hikari.HikariDataSource","message":"HikariPool-11 - Start completed.","exception":""}
{"timestamp":"2026-06-10 19:31:18.367","level":"WARN","thread":"main","correlationId":"","logger":"org.hibernate.orm.deprecation","message":"HHH90000025: H2Dialect does not need to be specified explicitly using 'hibernate.dialect' (remove the property setting and it will be selected by default)","exception":""}
{"timestamp":"2026-06-10 19:31:18.412","level":"INFO","thread":"main","correlationId":"","logger":"o.s.o.j.LocalContainerEntityManagerFactoryBean","message":"Initialized JPA EntityManagerFactory for persistence unit 'default'","exception":""}
{"timestamp":"2026-06-10 19:31:18.434","level":"INFO","thread":"main","correlationId":"","logger":"o.s.s.c.a.a.c.InitializeAuthenticationProviderBeanManagerConfigurer$InitializeAuthenticationProviderManagerConfigurer","message":"Global AuthenticationManager configured with AuthenticationProvider bean with name authenticationProvider","exception":""}
{"timestamp":"2026-06-10 19:31:18.435","level":"WARN","thread":"main","correlationId":"","logger":"o.s.s.c.a.a.c.InitializeUserDetailsBeanManagerConfigurer$InitializeUserDetailsManagerConfigurer","message":"Global AuthenticationManager configured with an AuthenticationProvider bean. UserDetailsService beans will not be used by Spring Security for automatically configuring username/password login. Consider removing the AuthenticationProvider bean. Alternatively, consider using the UserDetailsService in a manually instantiated DaoAuthenticationProvider. If the current configuration is intentional, to turn off this warning, increase the logging level of 'org.springframework.security.config.annotation.authentication.configuration.InitializeUserDetailsBeanManagerConfigurer' to ERROR","exception":""}
{"timestamp":"2026-06-10 19:31:18.531","level":"DEBUG","thread":"main","correlationId":"","logger":"o.s.w.s.m.m.a.RequestMappingHandlerMapping","message":"42 mappings in 'requestMappingHandlerMapping'","exception":""}
{"timestamp":"2026-06-10 19:31:18.565","level":"DEBUG","thread":"main","correlationId":"","logger":"o.s.w.s.h.SimpleUrlHandlerMapping","message":"Patterns [/webjars/**, /**, /swagger-ui*/*swagger-initializer.js, /swagger-ui*/**] in 'resourceHandlerMapping'","exception":""}
{"timestamp":"2026-06-10 19:31:18.622","level":"INFO","thread":"main","correlationId":"","logger":"o.s.b.a.e.web.EndpointLinksResolver","message":"Exposing 13 endpoints beneath base path '/actuator'","exception":""}
{"timestamp":"2026-06-10 19:31:18.656","level":"DEBUG","thread":"main","correlationId":"","logger":"o.s.s.web.DefaultSecurityFilterChain","message":"Will secure any request with filters: DisableEncodeUrlFilter, WebAsyncManagerIntegrationFilter, SecurityContextHolderFilter, HeaderWriterFilter, CorsFilter, LogoutFilter, JwtAuthenticationFilter, RequestCacheAwareFilter, SecurityContextHolderAwareRequestFilter, AnonymousAuthenticationFilter, SessionManagementFilter, ExceptionTranslationFilter, AuthorizationFilter","exception":""}
{"timestamp":"2026-06-10 19:31:18.689","level":"DEBUG","thread":"main","correlationId":"","logger":"o.s.w.s.m.m.a.RequestMappingHandlerAdapter","message":"ControllerAdvice beans: 0 @ModelAttribute, 0 @InitBinder, 1 RequestBodyAdvice, 1 ResponseBodyAdvice","exception":""}
{"timestamp":"2026-06-10 19:31:18.694","level":"DEBUG","thread":"main","correlationId":"","logger":"o.s.w.s.m.m.a.ExceptionHandlerExceptionResolver","message":"ControllerAdvice beans: 2 @ExceptionHandler, 1 ResponseBodyAdvice","exception":""}
{"timestamp":"2026-06-10 19:31:18.736","level":"INFO","thread":"main","correlationId":"","logger":"o.s.b.a.h.H2ConsoleAutoConfiguration","message":"H2 console available at '/h2-console'. Database available at 'jdbc:h2:mem:deliverydb'","exception":""}
{"timestamp":"2026-06-10 19:31:18.754","level":"DEBUG","thread":"main","correlationId":"","logger":"o.s.w.f.ServerHttpObservationFilter","message":"Filter 'webMvcObservationFilter' configured for use","exception":""}
{"timestamp":"2026-06-10 19:31:18.754","level":"INFO","thread":"main","correlationId":"","logger":"o.s.b.t.m.w.SpringBootMockServletContext","message":"Initializing Spring TestDispatcherServlet ''","exception":""}
{"timestamp":"2026-06-10 19:31:18.754","level":"INFO","thread":"main","correlationId":"","logger":"o.s.t.w.s.TestDispatcherServlet","message":"Initializing Servlet ''","exception":""}
{"timestamp":"2026-06-10 19:31:18.755","level":"INFO","thread":"main","correlationId":"","logger":"o.s.t.w.s.TestDispatcherServlet","message":"Completed initialization in 1 ms","exception":""}
{"timestamp":"2026-06-10 19:31:18.767","level":"INFO","thread":"main","correlationId":"","logger":"c.d.d.c.ClienteControllerTest","message":"Started ClienteControllerTest in 0.656 seconds (process running for 20.236)","exception":""}
{"timestamp":"2026-06-10 19:31:18.776","level":"DEBUG","thread":"main","correlationId":"","logger":"o.s.security.web.FilterChainProxy","message":"Securing POST /api/clientes","exception":""}
{"timestamp":"2026-06-10 19:31:18.777","level":"WARN","thread":"main","correlationId":"","logger":"c.d.d.s.JwtAuthenticationFilter","message":"JWT Token não começa com Bearer String","exception":""}
{"timestamp":"2026-06-10 19:31:18.779","level":"DEBUG","thread":"main","correlationId":"","logger":"o.s.security.web.FilterChainProxy","message":"Secured POST /api/clientes","exception":""}
{"timestamp":"2026-06-10 19:31:18.779","level":"DEBUG","thread":"main","correlationId":"620e33dec1fb4be0","logger":"o.s.w.s.m.m.a.RequestMappingHandlerMapping","message":"Mapped to com.deliverytech.delivery_api.controller.ClienteController#cadastrarCliente(ClienteReqDTO)","exception":""}
{"timestamp":"2026-06-10 19:31:18.781","level":"DEBUG","thread":"main","correlationId":"620e33dec1fb4be0","logger":"o.s.w.s.m.m.a.RequestResponseBodyMethodProcessor","message":"Read "application/json;charset=UTF-8" to [com.deliverytech.delivery_api.dto.req.ClienteReqDTO@18b90bd5]","exception":""}
{"timestamp":"2026-06-10 19:31:18.789","level":"DEBUG","thread":"main","correlationId":"620e33dec1fb4be0","logger":"o.s.w.s.m.m.a.ExceptionHandlerExceptionResolver","message":"Using @ExceptionHandler com.deliverytech.delivery_api.exception.GlobalExceptionHandler#handleBusinessException(BusinessException, HttpServletRequest)","exception":""}
{"timestamp":"2026-06-10 19:31:18.792","level":"DEBUG","thread":"main","correlationId":"620e33dec1fb4be0","logger":"o.s.w.s.m.m.a.HttpEntityMethodProcessor","message":"Using 'application/json', given [*/*] and supported [application/json, application/*+json, application/yaml]","exception":""}
{"timestamp":"2026-06-10 19:31:18.792","level":"DEBUG","thread":"main","correlationId":"620e33dec1fb4be0","logger":"o.s.w.s.m.m.a.HttpEntityMethodProcessor","message":"Writing [com.deliverytech.delivery_api.dto.ErrorResponse@67955a52]","exception":""}
{"timestamp":"2026-06-10 19:31:18.792","level":"DEBUG","thread":"main","correlationId":"620e33dec1fb4be0","logger":"o.s.w.s.m.m.a.ExceptionHandlerExceptionResolver","message":"Resolved [com.deliverytech.delivery_api.exception.BusinessException: Email já cadastrado: joao.teste@email.com]","exception":""}
{"timestamp":"2026-06-10 19:31:18.801","level":"DEBUG","thread":"main","correlationId":"","logger":"o.s.w.c.s.GenericWebApplicationContext","message":"Closing org.springframework.web.context.support.GenericWebApplicationContext@5674971b, started on Wed Jun 10 19:31:18 BRT 2026","exception":""}
{"timestamp":"2026-06-10 19:31:18.803","level":"INFO","thread":"main","correlationId":"","logger":"o.s.o.j.LocalContainerEntityManagerFactoryBean","message":"Closing JPA EntityManagerFactory for persistence unit 'default'","exception":""}
{"timestamp":"2026-06-10 19:31:18.806","level":"INFO","thread":"main","correlationId":"","logger":"com.zaxxer.hikari.HikariDataSource","message":"HikariPool-11 - Shutdown initiated...","exception":""}
{"timestamp":"2026-06-10 19:31:18.807","level":"INFO","thread":"main","correlationId":"","logger":"com.zaxxer.hikari.HikariDataSource","message":"HikariPool-11 - Shutdown completed.","exception":""}
{"timestamp":"2026-06-10 19:31:18.808","level":"INFO","thread":"main","correlationId":"","logger":"o.s.b.d.r.RestartApplicationListener","message":"Restart disabled due to context in which it is running","exception":""}
{"timestamp":"2026-06-10 19:31:18.832","level":"INFO","thread":"main","correlationId":"","logger":"c.d.d.c.ClienteControllerTest","message":"Starting ClienteControllerTest using Java 21.0.11 with PID 26828 (started by Santana in C:\Pasta Códiguinhos\arquitetura de sistemas fat\delivery-api\delivery-api)","exception":""}
{"timestamp":"2026-06-10 19:31:18.832","level":"INFO","thread":"main","correlationId":"","logger":"c.d.d.c.ClienteControllerTest","message":"The following 1 profile is active: "test"","exception":""}
{"timestamp":"2026-06-10 19:31:18.834","level":"DEBUG","thread":"main","correlationId":"","logger":"o.s.w.c.s.GenericWebApplicationContext","message":"Refreshing org.springframework.web.context.support.GenericWebApplicationContext@3041e22b","exception":""}
{"timestamp":"2026-06-10 19:31:19.042","level":"INFO","thread":"main","correlationId":"","logger":"o.s.d.r.c.RepositoryConfigurationDelegate","message":"Bootstrapping Spring Data JPA repositories in DEFAULT mode.","exception":""}
{"timestamp":"2026-06-10 19:31:19.058","level":"INFO","thread":"main","correlationId":"","logger":"o.s.d.r.c.RepositoryConfigurationDelegate","message":"Finished Spring Data repository scanning in 15 ms. Found 5 JPA repository interfaces.","exception":""}
{"timestamp":"2026-06-10 19:31:19.121","level":"INFO","thread":"main","correlationId":"","logger":"o.s.o.j.p.SpringPersistenceUnitInfo","message":"No LoadTimeWeaver setup: ignoring JPA class transformer","exception":""}
{"timestamp":"2026-06-10 19:31:19.121","level":"INFO","thread":"main","correlationId":"","logger":"com.zaxxer.hikari.HikariDataSource","message":"HikariPool-12 - Starting...","exception":""}
{"timestamp":"2026-06-10 19:31:19.122","level":"INFO","thread":"main","correlationId":"","logger":"com.zaxxer.hikari.pool.HikariPool","message":"HikariPool-12 - Added connection conn110: url=jdbc:h2:mem:deliverydb user=SA","exception":""}
{"timestamp":"2026-06-10 19:31:19.122","level":"INFO","thread":"main","correlationId":"","logger":"com.zaxxer.hikari.HikariDataSource","message":"HikariPool-12 - Start completed.","exception":""}
{"timestamp":"2026-06-10 19:31:19.122","level":"WARN","thread":"main","correlationId":"","logger":"org.hibernate.orm.deprecation","message":"HHH90000025: H2Dialect does not need to be specified explicitly using 'hibernate.dialect' (remove the property setting and it will be selected by default)","exception":""}
{"timestamp":"2026-06-10 19:31:19.178","level":"INFO","thread":"main","correlationId":"","logger":"o.s.o.j.LocalContainerEntityManagerFactoryBean","message":"Initialized JPA EntityManagerFactory for persistence unit 'default'","exception":""}
{"timestamp":"2026-06-10 19:31:19.201","level":"INFO","thread":"main","correlationId":"","logger":"o.s.s.c.a.a.c.InitializeAuthenticationProviderBeanManagerConfigurer$InitializeAuthenticationProviderManagerConfigurer","message":"Global AuthenticationManager configured with AuthenticationProvider bean with name authenticationProvider","exception":""}
{"timestamp":"2026-06-10 19:31:19.202","level":"WARN","thread":"main","correlationId":"","logger":"o.s.s.c.a.a.c.InitializeUserDetailsBeanManagerConfigurer$InitializeUserDetailsManagerConfigurer","message":"Global AuthenticationManager configured with an AuthenticationProvider bean. UserDetailsService beans will not be used by Spring Security for automatically configuring username/password login. Consider removing the AuthenticationProvider bean. Alternatively, consider using the UserDetailsService in a manually instantiated DaoAuthenticationProvider. If the current configuration is intentional, to turn off this warning, increase the logging level of 'org.springframework.security.config.annotation.authentication.configuration.InitializeUserDetailsBeanManagerConfigurer' to ERROR","exception":""}
{"timestamp":"2026-06-10 19:31:19.292","level":"DEBUG","thread":"main","correlationId":"","logger":"o.s.w.s.m.m.a.RequestMappingHandlerMapping","message":"42 mappings in 'requestMappingHandlerMapping'","exception":""}
{"timestamp":"2026-06-10 19:31:19.314","level":"DEBUG","thread":"main","correlationId":"","logger":"o.s.w.s.h.SimpleUrlHandlerMapping","message":"Patterns [/webjars/**, /**, /swagger-ui*/*swagger-initializer.js, /swagger-ui*/**] in 'resourceHandlerMapping'","exception":""}
{"timestamp":"2026-06-10 19:31:19.355","level":"INFO","thread":"main","correlationId":"","logger":"o.s.b.a.e.web.EndpointLinksResolver","message":"Exposing 13 endpoints beneath base path '/actuator'","exception":""}
{"timestamp":"2026-06-10 19:31:19.384","level":"DEBUG","thread":"main","correlationId":"","logger":"o.s.s.web.DefaultSecurityFilterChain","message":"Will secure any request with filters: DisableEncodeUrlFilter, WebAsyncManagerIntegrationFilter, SecurityContextHolderFilter, HeaderWriterFilter, CorsFilter, LogoutFilter, JwtAuthenticationFilter, RequestCacheAwareFilter, SecurityContextHolderAwareRequestFilter, AnonymousAuthenticationFilter, SessionManagementFilter, ExceptionTranslationFilter, AuthorizationFilter","exception":""}
{"timestamp":"2026-06-10 19:31:19.413","level":"DEBUG","thread":"main","correlationId":"","logger":"o.s.w.s.m.m.a.RequestMappingHandlerAdapter","message":"ControllerAdvice beans: 0 @ModelAttribute, 0 @InitBinder, 1 RequestBodyAdvice, 1 ResponseBodyAdvice","exception":""}
{"timestamp":"2026-06-10 19:31:19.417","level":"DEBUG","thread":"main","correlationId":"","logger":"o.s.w.s.m.m.a.ExceptionHandlerExceptionResolver","message":"ControllerAdvice beans: 2 @ExceptionHandler, 1 ResponseBodyAdvice","exception":""}
{"timestamp":"2026-06-10 19:31:19.449","level":"INFO","thread":"main","correlationId":"","logger":"o.s.b.a.h.H2ConsoleAutoConfiguration","message":"H2 console available at '/h2-console'. Database available at 'jdbc:h2:mem:deliverydb'","exception":""}
{"timestamp":"2026-06-10 19:31:19.460","level":"DEBUG","thread":"main","correlationId":"","logger":"o.s.w.f.ServerHttpObservationFilter","message":"Filter 'webMvcObservationFilter' configured for use","exception":""}
{"timestamp":"2026-06-10 19:31:19.460","level":"INFO","thread":"main","correlationId":"","logger":"o.s.b.t.m.w.SpringBootMockServletContext","message":"Initializing Spring TestDispatcherServlet ''","exception":""}
{"timestamp":"2026-06-10 19:31:19.460","level":"INFO","thread":"main","correlationId":"","logger":"o.s.t.w.s.TestDispatcherServlet","message":"Initializing Servlet ''","exception":""}
{"timestamp":"2026-06-10 19:31:19.461","level":"INFO","thread":"main","correlationId":"","logger":"o.s.t.w.s.TestDispatcherServlet","message":"Completed initialization in 1 ms","exception":""}
{"timestamp":"2026-06-10 19:31:19.470","level":"INFO","thread":"main","correlationId":"","logger":"c.d.d.c.ClienteControllerTest","message":"Started ClienteControllerTest in 0.662 seconds (process running for 20.939)","exception":""}
{"timestamp":"2026-06-10 19:31:19.477","level":"DEBUG","thread":"main","correlationId":"","logger":"o.s.security.web.FilterChainProxy","message":"Securing POST /api/clientes","exception":""}
{"timestamp":"2026-06-10 19:31:19.477","level":"WARN","thread":"main","correlationId":"","logger":"c.d.d.s.JwtAuthenticationFilter","message":"JWT Token não começa com Bearer String","exception":""}
{"timestamp":"2026-06-10 19:31:19.478","level":"DEBUG","thread":"main","correlationId":"","logger":"o.s.security.web.FilterChainProxy","message":"Secured POST /api/clientes","exception":""}
{"timestamp":"2026-06-10 19:31:19.479","level":"DEBUG","thread":"main","correlationId":"54a26d94dc504f53","logger":"o.s.w.s.m.m.a.RequestMappingHandlerMapping","message":"Mapped to com.deliverytech.delivery_api.controller.ClienteController#cadastrarCliente(ClienteReqDTO)","exception":""}
{"timestamp":"2026-06-10 19:31:19.480","level":"DEBUG","thread":"main","correlationId":"54a26d94dc504f53","logger":"o.s.w.s.m.m.a.RequestResponseBodyMethodProcessor","message":"Read "application/json;charset=UTF-8" to [com.deliverytech.delivery_api.dto.req.ClienteReqDTO@38a0fe8a]","exception":""}
{"timestamp":"2026-06-10 19:31:19.488","level":"DEBUG","thread":"main","correlationId":"54a26d94dc504f53","logger":"o.s.w.s.m.m.a.ExceptionHandlerExceptionResolver","message":"Using @ExceptionHandler com.deliverytech.delivery_api.exception.GlobalExceptionHandler#handleValidationException(MethodArgumentNotValidException, HttpServletRequest)","exception":""}
{"timestamp":"2026-06-10 19:31:19.491","level":"DEBUG","thread":"main","correlationId":"54a26d94dc504f53","logger":"o.s.w.s.m.m.a.HttpEntityMethodProcessor","message":"Using 'application/json', given [*/*] and supported [application/json, application/*+json, application/yaml]","exception":""}
{"timestamp":"2026-06-10 19:31:19.491","level":"DEBUG","thread":"main","correlationId":"54a26d94dc504f53","logger":"o.s.w.s.m.m.a.HttpEntityMethodProcessor","message":"Writing [com.deliverytech.delivery_api.dto.ErrorResponse@58692800]","exception":""}
{"timestamp":"2026-06-10 19:31:19.494","level":"DEBUG","thread":"main","correlationId":"54a26d94dc504f53","logger":"o.s.w.s.m.m.a.ExceptionHandlerExceptionResolver","message":"Resolved [org.springframework.web.bind.MethodArgumentNotValidException: Validation failed for argument [0] in public org.springframework.http.ResponseEntity<com.deliverytech.delivery_api.dto.res.ClienteResDTO> com.deliverytech.delivery_api.controller.ClienteController.cadastrarCliente(com.deliverytech.delivery_api.dto.req.ClienteReqDTO) with 5 errors: [Field error in object 'clienteReqDTO' on field 'endereco': rejected value [null]; codes [NotBlank.clienteReqDTO.endereco,NotBlank.endereco,NotBlank.java.lang.String,NotBlank]; arguments [org.springframework.context.support.DefaultMessageSourceResolvable: codes [clienteReqDTO.endereco,endereco]; arguments []; default message [endereco]]; default message [Endereço é obrigatório]] [Field error in object 'clienteReqDTO' on field 'nome': rejected value []; codes [NotBlank.clienteReqDTO.nome,NotBlank.nome,NotBlank.java.lang.String,NotBlank]; arguments [org.springframework.context.support.DefaultMessageSourceResolvable: codes [clienteReqDTO.nome,nome]; arguments []; default message [nome]]; default message [Nome é obrigatório]] [Field error in object 'clienteReqDTO' on field 'email': rejected value [email-invalido]; codes [Email.clienteReqDTO.email,Email.email,Email.java.lang.String,Email]; arguments [org.springframework.context.support.DefaultMessageSourceResolvable: codes [clienteReqDTO.email,email]; arguments []; default message [email],[Ljakarta.validation.constraints.Pattern$Flag;@42d59599,.*]; default message [Email deve ter formato válido]] [Field error in object 'clienteReqDTO' on field 'telefone': rejected value [null]; codes [NotBlank.clienteReqDTO.telefone,NotBlank.telefone,NotBlank.java.lang.String,NotBlank]; arguments [org.springframework.context.support.DefaultMessageSourceResolvable: codes [clienteReqDTO.telefone,telefone]; arguments []; default message [telefone]]; default message [Telefone é obrigatório]] [Field error in object 'clienteReqDTO' on field 'nome': rejected value []; codes [Size.clienteReqDTO.nome,Size.nome,Size.java.lang.String,Size]; arguments [org.springframework.context.support.DefaultMessageSourceResolvable: codes [clienteReqDTO.nome,nome]; arguments []; default message [nome],100,2]; default message [Nome deve ter entre 2 e 100 caracteres]] ]","exception":""}
{"timestamp":"2026-06-10 19:31:19.503","level":"INFO","thread":"main","correlationId":"","logger":"o.s.t.c.s.AnnotationConfigContextLoaderUtils","message":"Could not detect default configuration classes for test class [com.deliverytech.delivery_api.controller.PedidoControllerTest]: PedidoControllerTest does not declare any static, non-private, non-final, nested classes annotated with @Configuration.","exception":""}
{"timestamp":"2026-06-10 19:31:19.506","level":"INFO","thread":"main","correlationId":"","logger":"o.s.b.t.c.SpringBootTestContextBootstrapper","message":"Found @SpringBootConfiguration com.deliverytech.delivery_api.DeliveryApiApplication for test class com.deliverytech.delivery_api.controller.PedidoControllerTest","exception":""}
{"timestamp":"2026-06-10 19:31:19.510","level":"DEBUG","thread":"main","correlationId":"","logger":"o.s.w.c.s.GenericWebApplicationContext","message":"Closing org.springframework.web.context.support.GenericWebApplicationContext@3041e22b, started on Wed Jun 10 19:31:18 BRT 2026","exception":""}
{"timestamp":"2026-06-10 19:31:19.511","level":"INFO","thread":"main","correlationId":"","logger":"o.s.o.j.LocalContainerEntityManagerFactoryBean","message":"Closing JPA EntityManagerFactory for persistence unit 'default'","exception":""}
{"timestamp":"2026-06-10 19:31:19.514","level":"INFO","thread":"main","correlationId":"","logger":"com.zaxxer.hikari.HikariDataSource","message":"HikariPool-12 - Shutdown initiated...","exception":""}
{"timestamp":"2026-06-10 19:31:19.522","level":"INFO","thread":"main","correlationId":"","logger":"com.zaxxer.hikari.HikariDataSource","message":"HikariPool-12 - Shutdown completed.","exception":""}
{"timestamp":"2026-06-10 19:31:19.524","level":"INFO","thread":"main","correlationId":"","logger":"o.s.b.d.r.RestartApplicationListener","message":"Restart disabled due to context in which it is running","exception":""}
{"timestamp":"2026-06-10 19:31:19.545","level":"INFO","thread":"main","correlationId":"","logger":"c.d.d.c.PedidoControllerTest","message":"Starting PedidoControllerTest using Java 21.0.11 with PID 26828 (started by Santana in C:\Pasta Códiguinhos\arquitetura de sistemas fat\delivery-api\delivery-api)","exception":""}
{"timestamp":"2026-06-10 19:31:19.545","level":"INFO","thread":"main","correlationId":"","logger":"c.d.d.c.PedidoControllerTest","message":"The following 1 profile is active: "test"","exception":""}
{"timestamp":"2026-06-10 19:31:19.546","level":"DEBUG","thread":"main","correlationId":"","logger":"o.s.w.c.s.GenericWebApplicationContext","message":"Refreshing org.springframework.web.context.support.GenericWebApplicationContext@637b0bec","exception":""}
{"timestamp":"2026-06-10 19:31:19.741","level":"INFO","thread":"main","correlationId":"","logger":"o.s.d.r.c.RepositoryConfigurationDelegate","message":"Bootstrapping Spring Data JPA repositories in DEFAULT mode.","exception":""}
{"timestamp":"2026-06-10 19:31:19.755","level":"INFO","thread":"main","correlationId":"","logger":"o.s.d.r.c.RepositoryConfigurationDelegate","message":"Finished Spring Data repository scanning in 13 ms. Found 5 JPA repository interfaces.","exception":""}
{"timestamp":"2026-06-10 19:31:19.808","level":"INFO","thread":"main","correlationId":"","logger":"o.s.o.j.p.SpringPersistenceUnitInfo","message":"No LoadTimeWeaver setup: ignoring JPA class transformer","exception":""}
{"timestamp":"2026-06-10 19:31:19.808","level":"INFO","thread":"main","correlationId":"","logger":"com.zaxxer.hikari.HikariDataSource","message":"HikariPool-13 - Starting...","exception":""}
{"timestamp":"2026-06-10 19:31:19.810","level":"INFO","thread":"main","correlationId":"","logger":"com.zaxxer.hikari.pool.HikariPool","message":"HikariPool-13 - Added connection conn120: url=jdbc:h2:mem:deliverydb user=SA","exception":""}
{"timestamp":"2026-06-10 19:31:19.810","level":"INFO","thread":"main","correlationId":"","logger":"com.zaxxer.hikari.HikariDataSource","message":"HikariPool-13 - Start completed.","exception":""}
{"timestamp":"2026-06-10 19:31:19.810","level":"WARN","thread":"main","correlationId":"","logger":"org.hibernate.orm.deprecation","message":"HHH90000025: H2Dialect does not need to be specified explicitly using 'hibernate.dialect' (remove the property setting and it will be selected by default)","exception":""}
{"timestamp":"2026-06-10 19:31:19.856","level":"INFO","thread":"main","correlationId":"","logger":"o.s.o.j.LocalContainerEntityManagerFactoryBean","message":"Initialized JPA EntityManagerFactory for persistence unit 'default'","exception":""}
{"timestamp":"2026-06-10 19:31:19.877","level":"INFO","thread":"main","correlationId":"","logger":"o.s.s.c.a.a.c.InitializeAuthenticationProviderBeanManagerConfigurer$InitializeAuthenticationProviderManagerConfigurer","message":"Global AuthenticationManager configured with AuthenticationProvider bean with name authenticationProvider","exception":""}
{"timestamp":"2026-06-10 19:31:19.878","level":"WARN","thread":"main","correlationId":"","logger":"o.s.s.c.a.a.c.InitializeUserDetailsBeanManagerConfigurer$InitializeUserDetailsManagerConfigurer","message":"Global AuthenticationManager configured with an AuthenticationProvider bean. UserDetailsService beans will not be used by Spring Security for automatically configuring username/password login. Consider removing the AuthenticationProvider bean. Alternatively, consider using the UserDetailsService in a manually instantiated DaoAuthenticationProvider. If the current configuration is intentional, to turn off this warning, increase the logging level of 'org.springframework.security.config.annotation.authentication.configuration.InitializeUserDetailsBeanManagerConfigurer' to ERROR","exception":""}
{"timestamp":"2026-06-10 19:31:19.976","level":"DEBUG","thread":"main","correlationId":"","logger":"o.s.w.s.m.m.a.RequestMappingHandlerMapping","message":"42 mappings in 'requestMappingHandlerMapping'","exception":""}
{"timestamp":"2026-06-10 19:31:19.996","level":"DEBUG","thread":"main","correlationId":"","logger":"o.s.w.s.h.SimpleUrlHandlerMapping","message":"Patterns [/webjars/**, /**, /swagger-ui*/*swagger-initializer.js, /swagger-ui*/**] in 'resourceHandlerMapping'","exception":""}
{"timestamp":"2026-06-10 19:31:20.027","level":"INFO","thread":"main","correlationId":"","logger":"o.s.b.a.e.web.EndpointLinksResolver","message":"Exposing 13 endpoints beneath base path '/actuator'","exception":""}
{"timestamp":"2026-06-10 19:31:20.054","level":"DEBUG","thread":"main","correlationId":"","logger":"o.s.s.web.DefaultSecurityFilterChain","message":"Will secure any request with filters: DisableEncodeUrlFilter, WebAsyncManagerIntegrationFilter, SecurityContextHolderFilter, HeaderWriterFilter, CorsFilter, LogoutFilter, JwtAuthenticationFilter, RequestCacheAwareFilter, SecurityContextHolderAwareRequestFilter, AnonymousAuthenticationFilter, SessionManagementFilter, ExceptionTranslationFilter, AuthorizationFilter","exception":""}
{"timestamp":"2026-06-10 19:31:20.086","level":"DEBUG","thread":"main","correlationId":"","logger":"o.s.w.s.m.m.a.RequestMappingHandlerAdapter","message":"ControllerAdvice beans: 0 @ModelAttribute, 0 @InitBinder, 1 RequestBodyAdvice, 1 ResponseBodyAdvice","exception":""}
{"timestamp":"2026-06-10 19:31:20.092","level":"DEBUG","thread":"main","correlationId":"","logger":"o.s.w.s.m.m.a.ExceptionHandlerExceptionResolver","message":"ControllerAdvice beans: 2 @ExceptionHandler, 1 ResponseBodyAdvice","exception":""}
{"timestamp":"2026-06-10 19:31:20.129","level":"INFO","thread":"main","correlationId":"","logger":"o.s.b.a.h.H2ConsoleAutoConfiguration","message":"H2 console available at '/h2-console'. Database available at 'jdbc:h2:mem:deliverydb'","exception":""}
{"timestamp":"2026-06-10 19:31:20.145","level":"DEBUG","thread":"main","correlationId":"","logger":"o.s.w.f.ServerHttpObservationFilter","message":"Filter 'webMvcObservationFilter' configured for use","exception":""}
{"timestamp":"2026-06-10 19:31:20.145","level":"INFO","thread":"main","correlationId":"","logger":"o.s.b.t.m.w.SpringBootMockServletContext","message":"Initializing Spring TestDispatcherServlet ''","exception":""}
{"timestamp":"2026-06-10 19:31:20.145","level":"INFO","thread":"main","correlationId":"","logger":"o.s.t.w.s.TestDispatcherServlet","message":"Initializing Servlet ''","exception":""}
{"timestamp":"2026-06-10 19:31:20.146","level":"INFO","thread":"main","correlationId":"","logger":"o.s.t.w.s.TestDispatcherServlet","message":"Completed initialization in 1 ms","exception":""}
{"timestamp":"2026-06-10 19:31:20.156","level":"INFO","thread":"main","correlationId":"","logger":"c.d.d.c.PedidoControllerTest","message":"Started PedidoControllerTest in 0.632 seconds (process running for 21.625)","exception":""}
{"timestamp":"2026-06-10 19:31:20.217","level":"DEBUG","thread":"main","correlationId":"","logger":"o.s.security.web.FilterChainProxy","message":"Securing POST /api/pedidos","exception":""}
{"timestamp":"2026-06-10 19:31:20.217","level":"WARN","thread":"main","correlationId":"","logger":"c.d.d.s.JwtAuthenticationFilter","message":"JWT Token não começa com Bearer String","exception":""}
{"timestamp":"2026-06-10 19:31:20.218","level":"DEBUG","thread":"main","correlationId":"","logger":"o.s.security.web.FilterChainProxy","message":"Secured POST /api/pedidos","exception":""}
{"timestamp":"2026-06-10 19:31:20.219","level":"DEBUG","thread":"main","correlationId":"40679bc20a6e422c","logger":"o.s.w.s.m.m.a.RequestMappingHandlerMapping","message":"Mapped to com.deliverytech.delivery_api.controller.PedidoController#criarPedido(PedidoReqDTO)","exception":""}
{"timestamp":"2026-06-10 19:31:20.223","level":"DEBUG","thread":"main","correlationId":"40679bc20a6e422c","logger":"o.s.w.s.m.m.a.RequestResponseBodyMethodProcessor","message":"Read "application/json;charset=UTF-8" to [com.deliverytech.delivery_api.dto.req.PedidoReqDTO@2041808a]","exception":""}
{"timestamp":"2026-06-10 19:31:20.264","level":"DEBUG","thread":"main","correlationId":"40679bc20a6e422c","logger":"o.s.w.s.m.m.a.HttpEntityMethodProcessor","message":"Using 'application/json', given [*/*] and supported [application/json, application/*+json, application/yaml]","exception":""}
{"timestamp":"2026-06-10 19:31:20.264","level":"DEBUG","thread":"main","correlationId":"40679bc20a6e422c","logger":"o.s.w.s.m.m.a.HttpEntityMethodProcessor","message":"Writing [com.deliverytech.delivery_api.dto.res.PedidoResDTO@4ffdd940]","exception":""}
{"timestamp":"2026-06-10 19:31:20.271","level":"DEBUG","thread":"main","correlationId":"","logger":"o.s.w.c.s.GenericWebApplicationContext","message":"Closing org.springframework.web.context.support.GenericWebApplicationContext@637b0bec, started on Wed Jun 10 19:31:19 BRT 2026","exception":""}
{"timestamp":"2026-06-10 19:31:20.273","level":"INFO","thread":"main","correlationId":"","logger":"o.s.o.j.LocalContainerEntityManagerFactoryBean","message":"Closing JPA EntityManagerFactory for persistence unit 'default'","exception":""}
{"timestamp":"2026-06-10 19:31:20.275","level":"INFO","thread":"main","correlationId":"","logger":"com.zaxxer.hikari.HikariDataSource","message":"HikariPool-13 - Shutdown initiated...","exception":""}
{"timestamp":"2026-06-10 19:31:20.276","level":"INFO","thread":"main","correlationId":"","logger":"com.zaxxer.hikari.HikariDataSource","message":"HikariPool-13 - Shutdown completed.","exception":""}
{"timestamp":"2026-06-10 19:31:20.278","level":"INFO","thread":"main","correlationId":"","logger":"o.s.b.d.r.RestartApplicationListener","message":"Restart disabled due to context in which it is running","exception":""}
{"timestamp":"2026-06-10 19:31:20.301","level":"INFO","thread":"main","correlationId":"","logger":"c.d.d.c.PedidoControllerTest","message":"Starting PedidoControllerTest using Java 21.0.11 with PID 26828 (started by Santana in C:\Pasta Códiguinhos\arquitetura de sistemas fat\delivery-api\delivery-api)","exception":""}
{"timestamp":"2026-06-10 19:31:20.301","level":"INFO","thread":"main","correlationId":"","logger":"c.d.d.c.PedidoControllerTest","message":"The following 1 profile is active: "test"","exception":""}
{"timestamp":"2026-06-10 19:31:20.302","level":"DEBUG","thread":"main","correlationId":"","logger":"o.s.w.c.s.GenericWebApplicationContext","message":"Refreshing org.springframework.web.context.support.GenericWebApplicationContext@77cecca1","exception":""}
{"timestamp":"2026-06-10 19:31:20.473","level":"INFO","thread":"main","correlationId":"","logger":"o.s.d.r.c.RepositoryConfigurationDelegate","message":"Bootstrapping Spring Data JPA repositories in DEFAULT mode.","exception":""}
{"timestamp":"2026-06-10 19:31:20.491","level":"INFO","thread":"main","correlationId":"","logger":"o.s.d.r.c.RepositoryConfigurationDelegate","message":"Finished Spring Data repository scanning in 16 ms. Found 5 JPA repository interfaces.","exception":""}
{"timestamp":"2026-06-10 19:31:20.533","level":"INFO","thread":"main","correlationId":"","logger":"o.s.o.j.p.SpringPersistenceUnitInfo","message":"No LoadTimeWeaver setup: ignoring JPA class transformer","exception":""}
{"timestamp":"2026-06-10 19:31:20.533","level":"INFO","thread":"main","correlationId":"","logger":"com.zaxxer.hikari.HikariDataSource","message":"HikariPool-14 - Starting...","exception":""}
{"timestamp":"2026-06-10 19:31:20.534","level":"INFO","thread":"main","correlationId":"","logger":"com.zaxxer.hikari.pool.HikariPool","message":"HikariPool-14 - Added connection conn130: url=jdbc:h2:mem:deliverydb user=SA","exception":""}
{"timestamp":"2026-06-10 19:31:20.535","level":"INFO","thread":"main","correlationId":"","logger":"com.zaxxer.hikari.HikariDataSource","message":"HikariPool-14 - Start completed.","exception":""}
{"timestamp":"2026-06-10 19:31:20.535","level":"WARN","thread":"main","correlationId":"","logger":"org.hibernate.orm.deprecation","message":"HHH90000025: H2Dialect does not need to be specified explicitly using 'hibernate.dialect' (remove the property setting and it will be selected by default)","exception":""}
{"timestamp":"2026-06-10 19:31:20.575","level":"INFO","thread":"main","correlationId":"","logger":"o.s.o.j.LocalContainerEntityManagerFactoryBean","message":"Initialized JPA EntityManagerFactory for persistence unit 'default'","exception":""}
{"timestamp":"2026-06-10 19:31:20.598","level":"INFO","thread":"main","correlationId":"","logger":"o.s.s.c.a.a.c.InitializeAuthenticationProviderBeanManagerConfigurer$InitializeAuthenticationProviderManagerConfigurer","message":"Global AuthenticationManager configured with AuthenticationProvider bean with name authenticationProvider","exception":""}
{"timestamp":"2026-06-10 19:31:20.598","level":"WARN","thread":"main","correlationId":"","logger":"o.s.s.c.a.a.c.InitializeUserDetailsBeanManagerConfigurer$InitializeUserDetailsManagerConfigurer","message":"Global AuthenticationManager configured with an AuthenticationProvider bean. UserDetailsService beans will not be used by Spring Security for automatically configuring username/password login. Consider removing the AuthenticationProvider bean. Alternatively, consider using the UserDetailsService in a manually instantiated DaoAuthenticationProvider. If the current configuration is intentional, to turn off this warning, increase the logging level of 'org.springframework.security.config.annotation.authentication.configuration.InitializeUserDetailsBeanManagerConfigurer' to ERROR","exception":""}
{"timestamp":"2026-06-10 19:31:20.687","level":"DEBUG","thread":"main","correlationId":"","logger":"o.s.w.s.m.m.a.RequestMappingHandlerMapping","message":"42 mappings in 'requestMappingHandlerMapping'","exception":""}
{"timestamp":"2026-06-10 19:31:20.706","level":"DEBUG","thread":"main","correlationId":"","logger":"o.s.w.s.h.SimpleUrlHandlerMapping","message":"Patterns [/webjars/**, /**, /swagger-ui*/*swagger-initializer.js, /swagger-ui*/**] in 'resourceHandlerMapping'","exception":""}
{"timestamp":"2026-06-10 19:31:20.737","level":"INFO","thread":"main","correlationId":"","logger":"o.s.b.a.e.web.EndpointLinksResolver","message":"Exposing 13 endpoints beneath base path '/actuator'","exception":""}
{"timestamp":"2026-06-10 19:31:20.770","level":"DEBUG","thread":"main","correlationId":"","logger":"o.s.s.web.DefaultSecurityFilterChain","message":"Will secure any request with filters: DisableEncodeUrlFilter, WebAsyncManagerIntegrationFilter, SecurityContextHolderFilter, HeaderWriterFilter, CorsFilter, LogoutFilter, JwtAuthenticationFilter, RequestCacheAwareFilter, SecurityContextHolderAwareRequestFilter, AnonymousAuthenticationFilter, SessionManagementFilter, ExceptionTranslationFilter, AuthorizationFilter","exception":""}
{"timestamp":"2026-06-10 19:31:20.790","level":"DEBUG","thread":"main","correlationId":"","logger":"o.s.w.s.m.m.a.RequestMappingHandlerAdapter","message":"ControllerAdvice beans: 0 @ModelAttribute, 0 @InitBinder, 1 RequestBodyAdvice, 1 ResponseBodyAdvice","exception":""}
{"timestamp":"2026-06-10 19:31:20.794","level":"DEBUG","thread":"main","correlationId":"","logger":"o.s.w.s.m.m.a.ExceptionHandlerExceptionResolver","message":"ControllerAdvice beans: 2 @ExceptionHandler, 1 ResponseBodyAdvice","exception":""}
{"timestamp":"2026-06-10 19:31:20.820","level":"INFO","thread":"main","correlationId":"","logger":"o.s.b.a.h.H2ConsoleAutoConfiguration","message":"H2 console available at '/h2-console'. Database available at 'jdbc:h2:mem:deliverydb'","exception":""}
{"timestamp":"2026-06-10 19:31:20.832","level":"DEBUG","thread":"main","correlationId":"","logger":"o.s.w.f.ServerHttpObservationFilter","message":"Filter 'webMvcObservationFilter' configured for use","exception":""}
{"timestamp":"2026-06-10 19:31:20.832","level":"INFO","thread":"main","correlationId":"","logger":"o.s.b.t.m.w.SpringBootMockServletContext","message":"Initializing Spring TestDispatcherServlet ''","exception":""}
{"timestamp":"2026-06-10 19:31:20.832","level":"INFO","thread":"main","correlationId":"","logger":"o.s.t.w.s.TestDispatcherServlet","message":"Initializing Servlet ''","exception":""}
{"timestamp":"2026-06-10 19:31:20.832","level":"INFO","thread":"main","correlationId":"","logger":"o.s.t.w.s.TestDispatcherServlet","message":"Completed initialization in 0 ms","exception":""}
{"timestamp":"2026-06-10 19:31:20.842","level":"INFO","thread":"main","correlationId":"","logger":"c.d.d.c.PedidoControllerTest","message":"Started PedidoControllerTest in 0.564 seconds (process running for 22.311)","exception":""}
{"timestamp":"2026-06-10 19:31:20.872","level":"DEBUG","thread":"main","correlationId":"","logger":"o.s.security.web.FilterChainProxy","message":"Securing POST /api/pedidos","exception":""}
{"timestamp":"2026-06-10 19:31:20.874","level":"WARN","thread":"main","correlationId":"","logger":"c.d.d.s.JwtAuthenticationFilter","message":"JWT Token não começa com Bearer String","exception":""}
{"timestamp":"2026-06-10 19:31:20.875","level":"DEBUG","thread":"main","correlationId":"","logger":"o.s.security.web.FilterChainProxy","message":"Secured POST /api/pedidos","exception":""}
{"timestamp":"2026-06-10 19:31:20.876","level":"DEBUG","thread":"main","correlationId":"4bd469a27ffc41db","logger":"o.s.w.s.m.m.a.RequestMappingHandlerMapping","message":"Mapped to com.deliverytech.delivery_api.controller.PedidoController#criarPedido(PedidoReqDTO)","exception":""}
{"timestamp":"2026-06-10 19:31:20.878","level":"DEBUG","thread":"main","correlationId":"4bd469a27ffc41db","logger":"o.s.w.s.m.m.a.RequestResponseBodyMethodProcessor","message":"Read "application/json;charset=UTF-8" to [com.deliverytech.delivery_api.dto.req.PedidoReqDTO@79eedaa7]","exception":""}
{"timestamp":"2026-06-10 19:31:20.898","level":"DEBUG","thread":"main","correlationId":"4bd469a27ffc41db","logger":"o.s.w.s.m.m.a.HttpEntityMethodProcessor","message":"Using 'application/json', given [*/*] and supported [application/json, application/*+json, application/yaml]","exception":""}
{"timestamp":"2026-06-10 19:31:20.898","level":"DEBUG","thread":"main","correlationId":"4bd469a27ffc41db","logger":"o.s.w.s.m.m.a.HttpEntityMethodProcessor","message":"Writing [com.deliverytech.delivery_api.dto.res.PedidoResDTO@31cbcd97]","exception":""}
{"timestamp":"2026-06-10 19:31:20.909","level":"DEBUG","thread":"main","correlationId":"","logger":"o.s.security.web.FilterChainProxy","message":"Securing GET /api/pedidos/cliente/4","exception":""}
{"timestamp":"2026-06-10 19:31:20.909","level":"WARN","thread":"main","correlationId":"","logger":"c.d.d.s.JwtAuthenticationFilter","message":"JWT Token não começa com Bearer String","exception":""}
{"timestamp":"2026-06-10 19:31:20.910","level":"DEBUG","thread":"main","correlationId":"","logger":"o.s.security.web.FilterChainProxy","message":"Secured GET /api/pedidos/cliente/4","exception":""}
{"timestamp":"2026-06-10 19:31:20.910","level":"DEBUG","thread":"main","correlationId":"8960096e5c4e4c15","logger":"o.s.w.s.m.m.a.RequestMappingHandlerMapping","message":"Mapped to com.deliverytech.delivery_api.controller.PedidoController#buscarPorCliente(Long)","exception":""}
{"timestamp":"2026-06-10 19:31:20.935","level":"DEBUG","thread":"main","correlationId":"8960096e5c4e4c15","logger":"o.s.w.s.m.m.a.HttpEntityMethodProcessor","message":"Using 'application/json', given [*/*] and supported [application/json, application/*+json, application/yaml]","exception":""}
{"timestamp":"2026-06-10 19:31:20.935","level":"DEBUG","thread":"main","correlationId":"8960096e5c4e4c15","logger":"o.s.w.s.m.m.a.HttpEntityMethodProcessor","message":"Writing [[com.deliverytech.delivery_api.dto.res.PedidoResDTO@3408055]]","exception":""}
{"timestamp":"2026-06-10 19:31:20.944","level":"DEBUG","thread":"main","correlationId":"","logger":"o.s.w.c.s.GenericWebApplicationContext","message":"Closing org.springframework.web.context.support.GenericWebApplicationContext@77cecca1, started on Wed Jun 10 19:31:20 BRT 2026","exception":""}
{"timestamp":"2026-06-10 19:31:20.945","level":"INFO","thread":"main","correlationId":"","logger":"o.s.o.j.LocalContainerEntityManagerFactoryBean","message":"Closing JPA EntityManagerFactory for persistence unit 'default'","exception":""}
{"timestamp":"2026-06-10 19:31:20.947","level":"INFO","thread":"main","correlationId":"","logger":"com.zaxxer.hikari.HikariDataSource","message":"HikariPool-14 - Shutdown initiated...","exception":""}
{"timestamp":"2026-06-10 19:31:20.948","level":"INFO","thread":"main","correlationId":"","logger":"com.zaxxer.hikari.HikariDataSource","message":"HikariPool-14 - Shutdown completed.","exception":""}
{"timestamp":"2026-06-10 19:31:20.950","level":"INFO","thread":"main","correlationId":"","logger":"o.s.b.d.r.RestartApplicationListener","message":"Restart disabled due to context in which it is running","exception":""}
{"timestamp":"2026-06-10 19:31:20.972","level":"INFO","thread":"main","correlationId":"","logger":"c.d.d.c.PedidoControllerTest","message":"Starting PedidoControllerTest using Java 21.0.11 with PID 26828 (started by Santana in C:\Pasta Códiguinhos\arquitetura de sistemas fat\delivery-api\delivery-api)","exception":""}
{"timestamp":"2026-06-10 19:31:20.972","level":"INFO","thread":"main","correlationId":"","logger":"c.d.d.c.PedidoControllerTest","message":"The following 1 profile is active: "test"","exception":""}
{"timestamp":"2026-06-10 19:31:20.972","level":"DEBUG","thread":"main","correlationId":"","logger":"o.s.w.c.s.GenericWebApplicationContext","message":"Refreshing org.springframework.web.context.support.GenericWebApplicationContext@6936e236","exception":""}
{"timestamp":"2026-06-10 19:31:21.137","level":"INFO","thread":"main","correlationId":"","logger":"o.s.d.r.c.RepositoryConfigurationDelegate","message":"Bootstrapping Spring Data JPA repositories in DEFAULT mode.","exception":""}
{"timestamp":"2026-06-10 19:31:21.150","level":"INFO","thread":"main","correlationId":"","logger":"o.s.d.r.c.RepositoryConfigurationDelegate","message":"Finished Spring Data repository scanning in 13 ms. Found 5 JPA repository interfaces.","exception":""}
{"timestamp":"2026-06-10 19:31:21.199","level":"INFO","thread":"main","correlationId":"","logger":"o.s.o.j.p.SpringPersistenceUnitInfo","message":"No LoadTimeWeaver setup: ignoring JPA class transformer","exception":""}
{"timestamp":"2026-06-10 19:31:21.200","level":"INFO","thread":"main","correlationId":"","logger":"com.zaxxer.hikari.HikariDataSource","message":"HikariPool-15 - Starting...","exception":""}
{"timestamp":"2026-06-10 19:31:21.201","level":"INFO","thread":"main","correlationId":"","logger":"com.zaxxer.hikari.pool.HikariPool","message":"HikariPool-15 - Added connection conn140: url=jdbc:h2:mem:deliverydb user=SA","exception":""}
{"timestamp":"2026-06-10 19:31:21.201","level":"INFO","thread":"main","correlationId":"","logger":"com.zaxxer.hikari.HikariDataSource","message":"HikariPool-15 - Start completed.","exception":""}
{"timestamp":"2026-06-10 19:31:21.201","level":"WARN","thread":"main","correlationId":"","logger":"org.hibernate.orm.deprecation","message":"HHH90000025: H2Dialect does not need to be specified explicitly using 'hibernate.dialect' (remove the property setting and it will be selected by default)","exception":""}
{"timestamp":"2026-06-10 19:31:21.242","level":"INFO","thread":"main","correlationId":"","logger":"o.s.o.j.LocalContainerEntityManagerFactoryBean","message":"Initialized JPA EntityManagerFactory for persistence unit 'default'","exception":""}
{"timestamp":"2026-06-10 19:31:21.264","level":"INFO","thread":"main","correlationId":"","logger":"o.s.s.c.a.a.c.InitializeAuthenticationProviderBeanManagerConfigurer$InitializeAuthenticationProviderManagerConfigurer","message":"Global AuthenticationManager configured with AuthenticationProvider bean with name authenticationProvider","exception":""}
{"timestamp":"2026-06-10 19:31:21.264","level":"WARN","thread":"main","correlationId":"","logger":"o.s.s.c.a.a.c.InitializeUserDetailsBeanManagerConfigurer$InitializeUserDetailsManagerConfigurer","message":"Global AuthenticationManager configured with an AuthenticationProvider bean. UserDetailsService beans will not be used by Spring Security for automatically configuring username/password login. Consider removing the AuthenticationProvider bean. Alternatively, consider using the UserDetailsService in a manually instantiated DaoAuthenticationProvider. If the current configuration is intentional, to turn off this warning, increase the logging level of 'org.springframework.security.config.annotation.authentication.configuration.InitializeUserDetailsBeanManagerConfigurer' to ERROR","exception":""}
{"timestamp":"2026-06-10 19:31:21.354","level":"DEBUG","thread":"main","correlationId":"","logger":"o.s.w.s.m.m.a.RequestMappingHandlerMapping","message":"42 mappings in 'requestMappingHandlerMapping'","exception":""}
{"timestamp":"2026-06-10 19:31:21.380","level":"DEBUG","thread":"main","correlationId":"","logger":"o.s.w.s.h.SimpleUrlHandlerMapping","message":"Patterns [/webjars/**, /**, /swagger-ui*/*swagger-initializer.js, /swagger-ui*/**] in 'resourceHandlerMapping'","exception":""}
{"timestamp":"2026-06-10 19:31:21.407","level":"INFO","thread":"main","correlationId":"","logger":"o.s.b.a.e.web.EndpointLinksResolver","message":"Exposing 13 endpoints beneath base path '/actuator'","exception":""}
{"timestamp":"2026-06-10 19:31:21.441","level":"DEBUG","thread":"main","correlationId":"","logger":"o.s.s.web.DefaultSecurityFilterChain","message":"Will secure any request with filters: DisableEncodeUrlFilter, WebAsyncManagerIntegrationFilter, SecurityContextHolderFilter, HeaderWriterFilter, CorsFilter, LogoutFilter, JwtAuthenticationFilter, RequestCacheAwareFilter, SecurityContextHolderAwareRequestFilter, AnonymousAuthenticationFilter, SessionManagementFilter, ExceptionTranslationFilter, AuthorizationFilter","exception":""}
{"timestamp":"2026-06-10 19:31:21.462","level":"DEBUG","thread":"main","correlationId":"","logger":"o.s.w.s.m.m.a.RequestMappingHandlerAdapter","message":"ControllerAdvice beans: 0 @ModelAttribute, 0 @InitBinder, 1 RequestBodyAdvice, 1 ResponseBodyAdvice","exception":""}
{"timestamp":"2026-06-10 19:31:21.465","level":"DEBUG","thread":"main","correlationId":"","logger":"o.s.w.s.m.m.a.ExceptionHandlerExceptionResolver","message":"ControllerAdvice beans: 2 @ExceptionHandler, 1 ResponseBodyAdvice","exception":""}
{"timestamp":"2026-06-10 19:31:21.490","level":"INFO","thread":"main","correlationId":"","logger":"o.s.b.a.h.H2ConsoleAutoConfiguration","message":"H2 console available at '/h2-console'. Database available at 'jdbc:h2:mem:deliverydb'","exception":""}
{"timestamp":"2026-06-10 19:31:21.507","level":"DEBUG","thread":"main","correlationId":"","logger":"o.s.w.f.ServerHttpObservationFilter","message":"Filter 'webMvcObservationFilter' configured for use","exception":""}
{"timestamp":"2026-06-10 19:31:21.507","level":"INFO","thread":"main","correlationId":"","logger":"o.s.b.t.m.w.SpringBootMockServletContext","message":"Initializing Spring TestDispatcherServlet ''","exception":""}
{"timestamp":"2026-06-10 19:31:21.507","level":"INFO","thread":"main","correlationId":"","logger":"o.s.t.w.s.TestDispatcherServlet","message":"Initializing Servlet ''","exception":""}
{"timestamp":"2026-06-10 19:31:21.507","level":"INFO","thread":"main","correlationId":"","logger":"o.s.t.w.s.TestDispatcherServlet","message":"Completed initialization in 0 ms","exception":""}
{"timestamp":"2026-06-10 19:31:21.518","level":"INFO","thread":"main","correlationId":"","logger":"c.d.d.c.PedidoControllerTest","message":"Started PedidoControllerTest in 0.568 seconds (process running for 22.986)","exception":""}
{"timestamp":"2026-06-10 19:31:21.545","level":"DEBUG","thread":"main","correlationId":"","logger":"o.s.security.web.FilterChainProxy","message":"Securing POST /api/pedidos","exception":""}
{"timestamp":"2026-06-10 19:31:21.545","level":"WARN","thread":"main","correlationId":"","logger":"c.d.d.s.JwtAuthenticationFilter","message":"JWT Token não começa com Bearer String","exception":""}
{"timestamp":"2026-06-10 19:31:21.546","level":"DEBUG","thread":"main","correlationId":"","logger":"o.s.security.web.FilterChainProxy","message":"Secured POST /api/pedidos","exception":""}
{"timestamp":"2026-06-10 19:31:21.547","level":"DEBUG","thread":"main","correlationId":"79b5ad76d3754e97","logger":"o.s.w.s.m.m.a.RequestMappingHandlerMapping","message":"Mapped to com.deliverytech.delivery_api.controller.PedidoController#criarPedido(PedidoReqDTO)","exception":""}
{"timestamp":"2026-06-10 19:31:21.549","level":"DEBUG","thread":"main","correlationId":"79b5ad76d3754e97","logger":"o.s.w.s.m.m.a.RequestResponseBodyMethodProcessor","message":"Read "application/json;charset=UTF-8" to [com.deliverytech.delivery_api.dto.req.PedidoReqDTO@1d4158fb]","exception":""}
{"timestamp":"2026-06-10 19:31:21.561","level":"DEBUG","thread":"main","correlationId":"79b5ad76d3754e97","logger":"o.s.w.s.m.m.a.ExceptionHandlerExceptionResolver","message":"Using @ExceptionHandler com.deliverytech.delivery_api.exception.GlobalExceptionHandler#handleBusinessException(BusinessException, HttpServletRequest)","exception":""}
{"timestamp":"2026-06-10 19:31:21.562","level":"DEBUG","thread":"main","correlationId":"79b5ad76d3754e97","logger":"o.s.w.s.m.m.a.HttpEntityMethodProcessor","message":"Using 'application/json', given [*/*] and supported [application/json, application/*+json, application/yaml]","exception":""}
{"timestamp":"2026-06-10 19:31:21.562","level":"DEBUG","thread":"main","correlationId":"79b5ad76d3754e97","logger":"o.s.w.s.m.m.a.HttpEntityMethodProcessor","message":"Writing [com.deliverytech.delivery_api.dto.ErrorResponse@1c39200e]","exception":""}
{"timestamp":"2026-06-10 19:31:21.564","level":"DEBUG","thread":"main","correlationId":"79b5ad76d3754e97","logger":"o.s.w.s.m.m.a.ExceptionHandlerExceptionResolver","message":"Resolved [com.deliverytech.delivery_api.exception.BusinessException: Cliente inativo não pode fazer pedidos]","exception":""}
{"timestamp":"2026-06-10 19:31:21.569","level":"DEBUG","thread":"main","correlationId":"","logger":"o.s.w.c.s.GenericWebApplicationContext","message":"Closing org.springframework.web.context.support.GenericWebApplicationContext@6936e236, started on Wed Jun 10 19:31:20 BRT 2026","exception":""}
{"timestamp":"2026-06-10 19:31:21.571","level":"INFO","thread":"main","correlationId":"","logger":"o.s.o.j.LocalContainerEntityManagerFactoryBean","message":"Closing JPA EntityManagerFactory for persistence unit 'default'","exception":""}
{"timestamp":"2026-06-10 19:31:21.572","level":"INFO","thread":"main","correlationId":"","logger":"com.zaxxer.hikari.HikariDataSource","message":"HikariPool-15 - Shutdown initiated...","exception":""}
{"timestamp":"2026-06-10 19:31:21.588","level":"INFO","thread":"main","correlationId":"","logger":"com.zaxxer.hikari.HikariDataSource","message":"HikariPool-15 - Shutdown completed.","exception":""}
{"timestamp":"2026-06-10 19:31:21.590","level":"INFO","thread":"main","correlationId":"","logger":"o.s.b.d.r.RestartApplicationListener","message":"Restart disabled due to context in which it is running","exception":""}
{"timestamp":"2026-06-10 19:31:21.609","level":"INFO","thread":"main","correlationId":"","logger":"c.d.d.c.PedidoControllerTest","message":"Starting PedidoControllerTest using Java 21.0.11 with PID 26828 (started by Santana in C:\Pasta Códiguinhos\arquitetura de sistemas fat\delivery-api\delivery-api)","exception":""}
{"timestamp":"2026-06-10 19:31:21.609","level":"INFO","thread":"main","correlationId":"","logger":"c.d.d.c.PedidoControllerTest","message":"The following 1 profile is active: "test"","exception":""}
{"timestamp":"2026-06-10 19:31:21.610","level":"DEBUG","thread":"main","correlationId":"","logger":"o.s.w.c.s.GenericWebApplicationContext","message":"Refreshing org.springframework.web.context.support.GenericWebApplicationContext@293d359a","exception":""}
{"timestamp":"2026-06-10 19:31:21.782","level":"INFO","thread":"main","correlationId":"","logger":"o.s.d.r.c.RepositoryConfigurationDelegate","message":"Bootstrapping Spring Data JPA repositories in DEFAULT mode.","exception":""}
{"timestamp":"2026-06-10 19:31:21.804","level":"INFO","thread":"main","correlationId":"","logger":"o.s.d.r.c.RepositoryConfigurationDelegate","message":"Finished Spring Data repository scanning in 19 ms. Found 5 JPA repository interfaces.","exception":""}
{"timestamp":"2026-06-10 19:31:21.869","level":"INFO","thread":"main","correlationId":"","logger":"o.s.o.j.p.SpringPersistenceUnitInfo","message":"No LoadTimeWeaver setup: ignoring JPA class transformer","exception":""}
{"timestamp":"2026-06-10 19:31:21.869","level":"INFO","thread":"main","correlationId":"","logger":"com.zaxxer.hikari.HikariDataSource","message":"HikariPool-16 - Starting...","exception":""}
{"timestamp":"2026-06-10 19:31:21.871","level":"INFO","thread":"main","correlationId":"","logger":"com.zaxxer.hikari.pool.HikariPool","message":"HikariPool-16 - Added connection conn150: url=jdbc:h2:mem:deliverydb user=SA","exception":""}
{"timestamp":"2026-06-10 19:31:21.871","level":"INFO","thread":"main","correlationId":"","logger":"com.zaxxer.hikari.HikariDataSource","message":"HikariPool-16 - Start completed.","exception":""}
{"timestamp":"2026-06-10 19:31:21.871","level":"WARN","thread":"main","correlationId":"","logger":"org.hibernate.orm.deprecation","message":"HHH90000025: H2Dialect does not need to be specified explicitly using 'hibernate.dialect' (remove the property setting and it will be selected by default)","exception":""}
{"timestamp":"2026-06-10 19:31:21.922","level":"INFO","thread":"main","correlationId":"","logger":"o.s.o.j.LocalContainerEntityManagerFactoryBean","message":"Initialized JPA EntityManagerFactory for persistence unit 'default'","exception":""}
{"timestamp":"2026-06-10 19:31:21.946","level":"INFO","thread":"main","correlationId":"","logger":"o.s.s.c.a.a.c.InitializeAuthenticationProviderBeanManagerConfigurer$InitializeAuthenticationProviderManagerConfigurer","message":"Global AuthenticationManager configured with AuthenticationProvider bean with name authenticationProvider","exception":""}
{"timestamp":"2026-06-10 19:31:21.946","level":"WARN","thread":"main","correlationId":"","logger":"o.s.s.c.a.a.c.InitializeUserDetailsBeanManagerConfigurer$InitializeUserDetailsManagerConfigurer","message":"Global AuthenticationManager configured with an AuthenticationProvider bean. UserDetailsService beans will not be used by Spring Security for automatically configuring username/password login. Consider removing the AuthenticationProvider bean. Alternatively, consider using the UserDetailsService in a manually instantiated DaoAuthenticationProvider. If the current configuration is intentional, to turn off this warning, increase the logging level of 'org.springframework.security.config.annotation.authentication.configuration.InitializeUserDetailsBeanManagerConfigurer' to ERROR","exception":""}
{"timestamp":"2026-06-10 19:31:22.034","level":"DEBUG","thread":"main","correlationId":"","logger":"o.s.w.s.m.m.a.RequestMappingHandlerMapping","message":"42 mappings in 'requestMappingHandlerMapping'","exception":""}
{"timestamp":"2026-06-10 19:31:22.052","level":"DEBUG","thread":"main","correlationId":"","logger":"o.s.w.s.h.SimpleUrlHandlerMapping","message":"Patterns [/webjars/**, /**, /swagger-ui*/*swagger-initializer.js, /swagger-ui*/**] in 'resourceHandlerMapping'","exception":""}
{"timestamp":"2026-06-10 19:31:22.087","level":"INFO","thread":"main","correlationId":"","logger":"o.s.b.a.e.web.EndpointLinksResolver","message":"Exposing 13 endpoints beneath base path '/actuator'","exception":""}
{"timestamp":"2026-06-10 19:31:22.118","level":"DEBUG","thread":"main","correlationId":"","logger":"o.s.s.web.DefaultSecurityFilterChain","message":"Will secure any request with filters: DisableEncodeUrlFilter, WebAsyncManagerIntegrationFilter, SecurityContextHolderFilter, HeaderWriterFilter, CorsFilter, LogoutFilter, JwtAuthenticationFilter, RequestCacheAwareFilter, SecurityContextHolderAwareRequestFilter, AnonymousAuthenticationFilter, SessionManagementFilter, ExceptionTranslationFilter, AuthorizationFilter","exception":""}
{"timestamp":"2026-06-10 19:31:22.139","level":"DEBUG","thread":"main","correlationId":"","logger":"o.s.w.s.m.m.a.RequestMappingHandlerAdapter","message":"ControllerAdvice beans: 0 @ModelAttribute, 0 @InitBinder, 1 RequestBodyAdvice, 1 ResponseBodyAdvice","exception":""}
{"timestamp":"2026-06-10 19:31:22.143","level":"DEBUG","thread":"main","correlationId":"","logger":"o.s.w.s.m.m.a.ExceptionHandlerExceptionResolver","message":"ControllerAdvice beans: 2 @ExceptionHandler, 1 ResponseBodyAdvice","exception":""}
{"timestamp":"2026-06-10 19:31:22.169","level":"INFO","thread":"main","correlationId":"","logger":"o.s.b.a.h.H2ConsoleAutoConfiguration","message":"H2 console available at '/h2-console'. Database available at 'jdbc:h2:mem:deliverydb'","exception":""}
{"timestamp":"2026-06-10 19:31:22.181","level":"DEBUG","thread":"main","correlationId":"","logger":"o.s.w.f.ServerHttpObservationFilter","message":"Filter 'webMvcObservationFilter' configured for use","exception":""}
{"timestamp":"2026-06-10 19:31:22.181","level":"INFO","thread":"main","correlationId":"","logger":"o.s.b.t.m.w.SpringBootMockServletContext","message":"Initializing Spring TestDispatcherServlet ''","exception":""}
{"timestamp":"2026-06-10 19:31:22.181","level":"INFO","thread":"main","correlationId":"","logger":"o.s.t.w.s.TestDispatcherServlet","message":"Initializing Servlet ''","exception":""}
{"timestamp":"2026-06-10 19:31:22.182","level":"INFO","thread":"main","correlationId":"","logger":"o.s.t.w.s.TestDispatcherServlet","message":"Completed initialization in 1 ms","exception":""}
{"timestamp":"2026-06-10 19:31:22.190","level":"INFO","thread":"main","correlationId":"","logger":"c.d.d.c.PedidoControllerTest","message":"Started PedidoControllerTest in 0.6 seconds (process running for 23.659)","exception":""}
{"timestamp":"2026-06-10 19:31:22.212","level":"DEBUG","thread":"main","correlationId":"","logger":"o.s.security.web.FilterChainProxy","message":"Securing POST /api/pedidos","exception":""}
{"timestamp":"2026-06-10 19:31:22.213","level":"WARN","thread":"main","correlationId":"","logger":"c.d.d.s.JwtAuthenticationFilter","message":"JWT Token não começa com Bearer String","exception":""}
{"timestamp":"2026-06-10 19:31:22.214","level":"DEBUG","thread":"main","correlationId":"","logger":"o.s.security.web.FilterChainProxy","message":"Secured POST /api/pedidos","exception":""}
{"timestamp":"2026-06-10 19:31:22.214","level":"DEBUG","thread":"main","correlationId":"fcd4e46e7f904b61","logger":"o.s.w.s.m.m.a.RequestMappingHandlerMapping","message":"Mapped to com.deliverytech.delivery_api.controller.PedidoController#criarPedido(PedidoReqDTO)","exception":""}
{"timestamp":"2026-06-10 19:31:22.217","level":"DEBUG","thread":"main","correlationId":"fcd4e46e7f904b61","logger":"o.s.w.s.m.m.a.RequestResponseBodyMethodProcessor","message":"Read "application/json;charset=UTF-8" to [com.deliverytech.delivery_api.dto.req.PedidoReqDTO@6cbd8f32]","exception":""}
{"timestamp":"2026-06-10 19:31:22.232","level":"DEBUG","thread":"main","correlationId":"fcd4e46e7f904b61","logger":"o.s.w.s.m.m.a.HttpEntityMethodProcessor","message":"Using 'application/json', given [*/*] and supported [application/json, application/*+json, application/yaml]","exception":""}
{"timestamp":"2026-06-10 19:31:22.232","level":"DEBUG","thread":"main","correlationId":"fcd4e46e7f904b61","logger":"o.s.w.s.m.m.a.HttpEntityMethodProcessor","message":"Writing [com.deliverytech.delivery_api.dto.res.PedidoResDTO@4d81c9a4]","exception":""}
{"timestamp":"2026-06-10 19:31:22.236","level":"DEBUG","thread":"main","correlationId":"","logger":"o.s.security.web.FilterChainProxy","message":"Securing DELETE /api/pedidos/4","exception":""}
{"timestamp":"2026-06-10 19:31:22.236","level":"WARN","thread":"main","correlationId":"","logger":"c.d.d.s.JwtAuthenticationFilter","message":"JWT Token não começa com Bearer String","exception":""}
{"timestamp":"2026-06-10 19:31:22.237","level":"DEBUG","thread":"main","correlationId":"","logger":"o.s.security.web.FilterChainProxy","message":"Secured DELETE /api/pedidos/4","exception":""}
{"timestamp":"2026-06-10 19:31:22.237","level":"DEBUG","thread":"main","correlationId":"d7b21822107f452b","logger":"o.s.w.s.m.m.a.RequestMappingHandlerMapping","message":"Mapped to com.deliverytech.delivery_api.controller.PedidoController#cancelarPedido(Long)","exception":""}
{"timestamp":"2026-06-10 19:31:22.242","level":"DEBUG","thread":"main","correlationId":"d7b21822107f452b","logger":"o.s.w.s.m.m.a.HttpEntityMethodProcessor","message":"Using 'application/json', given [*/*] and supported [application/json, application/*+json, application/yaml]","exception":""}
{"timestamp":"2026-06-10 19:31:22.242","level":"DEBUG","thread":"main","correlationId":"d7b21822107f452b","logger":"o.s.w.s.m.m.a.HttpEntityMethodProcessor","message":"Nothing to write: null body","exception":""}
{"timestamp":"2026-06-10 19:31:22.245","level":"DEBUG","thread":"main","correlationId":"","logger":"o.s.security.web.FilterChainProxy","message":"Securing GET /api/pedidos/4","exception":""}
{"timestamp":"2026-06-10 19:31:22.246","level":"WARN","thread":"main","correlationId":"","logger":"c.d.d.s.JwtAuthenticationFilter","message":"JWT Token não começa com Bearer String","exception":""}
{"timestamp":"2026-06-10 19:31:22.247","level":"DEBUG","thread":"main","correlationId":"","logger":"o.s.security.web.FilterChainProxy","message":"Secured GET /api/pedidos/4","exception":""}
{"timestamp":"2026-06-10 19:31:22.247","level":"DEBUG","thread":"main","correlationId":"8df3e3bc52974dd0","logger":"o.s.w.s.m.m.a.RequestMappingHandlerMapping","message":"Mapped to com.deliverytech.delivery_api.controller.PedidoController#buscarPorId(Long)","exception":""}
{"timestamp":"2026-06-10 19:31:22.249","level":"DEBUG","thread":"main","correlationId":"8df3e3bc52974dd0","logger":"o.s.w.s.m.m.a.HttpEntityMethodProcessor","message":"Using 'application/json', given [*/*] and supported [application/json, application/*+json, application/yaml]","exception":""}
{"timestamp":"2026-06-10 19:31:22.249","level":"DEBUG","thread":"main","correlationId":"8df3e3bc52974dd0","logger":"o.s.w.s.m.m.a.HttpEntityMethodProcessor","message":"Writing [com.deliverytech.delivery_api.dto.res.PedidoResDTO@6cc0076c]","exception":""}
{"timestamp":"2026-06-10 19:31:22.254","level":"DEBUG","thread":"main","correlationId":"","logger":"o.s.w.c.s.GenericWebApplicationContext","message":"Closing org.springframework.web.context.support.GenericWebApplicationContext@293d359a, started on Wed Jun 10 19:31:21 BRT 2026","exception":""}
{"timestamp":"2026-06-10 19:31:22.256","level":"INFO","thread":"main","correlationId":"","logger":"o.s.o.j.LocalContainerEntityManagerFactoryBean","message":"Closing JPA EntityManagerFactory for persistence unit 'default'","exception":""}
{"timestamp":"2026-06-10 19:31:22.258","level":"INFO","thread":"main","correlationId":"","logger":"com.zaxxer.hikari.HikariDataSource","message":"HikariPool-16 - Shutdown initiated...","exception":""}
{"timestamp":"2026-06-10 19:31:22.264","level":"INFO","thread":"main","correlationId":"","logger":"com.zaxxer.hikari.HikariDataSource","message":"HikariPool-16 - Shutdown completed.","exception":""}
{"timestamp":"2026-06-10 19:31:22.266","level":"INFO","thread":"main","correlationId":"","logger":"o.s.b.d.r.RestartApplicationListener","message":"Restart disabled due to context in which it is running","exception":""}
{"timestamp":"2026-06-10 19:31:22.287","level":"INFO","thread":"main","correlationId":"","logger":"c.d.d.c.PedidoControllerTest","message":"Starting PedidoControllerTest using Java 21.0.11 with PID 26828 (started by Santana in C:\Pasta Códiguinhos\arquitetura de sistemas fat\delivery-api\delivery-api)","exception":""}
{"timestamp":"2026-06-10 19:31:22.288","level":"INFO","thread":"main","correlationId":"","logger":"c.d.d.c.PedidoControllerTest","message":"The following 1 profile is active: "test"","exception":""}
{"timestamp":"2026-06-10 19:31:22.289","level":"DEBUG","thread":"main","correlationId":"","logger":"o.s.w.c.s.GenericWebApplicationContext","message":"Refreshing org.springframework.web.context.support.GenericWebApplicationContext@2b87c4c9","exception":""}
{"timestamp":"2026-06-10 19:31:22.481","level":"INFO","thread":"main","correlationId":"","logger":"o.s.d.r.c.RepositoryConfigurationDelegate","message":"Bootstrapping Spring Data JPA repositories in DEFAULT mode.","exception":""}
{"timestamp":"2026-06-10 19:31:22.499","level":"INFO","thread":"main","correlationId":"","logger":"o.s.d.r.c.RepositoryConfigurationDelegate","message":"Finished Spring Data repository scanning in 17 ms. Found 5 JPA repository interfaces.","exception":""}
{"timestamp":"2026-06-10 19:31:22.571","level":"INFO","thread":"main","correlationId":"","logger":"o.s.o.j.p.SpringPersistenceUnitInfo","message":"No LoadTimeWeaver setup: ignoring JPA class transformer","exception":""}
{"timestamp":"2026-06-10 19:31:22.572","level":"INFO","thread":"main","correlationId":"","logger":"com.zaxxer.hikari.HikariDataSource","message":"HikariPool-17 - Starting...","exception":""}
{"timestamp":"2026-06-10 19:31:22.573","level":"INFO","thread":"main","correlationId":"","logger":"com.zaxxer.hikari.pool.HikariPool","message":"HikariPool-17 - Added connection conn160: url=jdbc:h2:mem:deliverydb user=SA","exception":""}
{"timestamp":"2026-06-10 19:31:22.573","level":"INFO","thread":"main","correlationId":"","logger":"com.zaxxer.hikari.HikariDataSource","message":"HikariPool-17 - Start completed.","exception":""}
{"timestamp":"2026-06-10 19:31:22.573","level":"WARN","thread":"main","correlationId":"","logger":"org.hibernate.orm.deprecation","message":"HHH90000025: H2Dialect does not need to be specified explicitly using 'hibernate.dialect' (remove the property setting and it will be selected by default)","exception":""}
{"timestamp":"2026-06-10 19:31:22.620","level":"INFO","thread":"main","correlationId":"","logger":"o.s.o.j.LocalContainerEntityManagerFactoryBean","message":"Initialized JPA EntityManagerFactory for persistence unit 'default'","exception":""}
{"timestamp":"2026-06-10 19:31:22.649","level":"INFO","thread":"main","correlationId":"","logger":"o.s.s.c.a.a.c.InitializeAuthenticationProviderBeanManagerConfigurer$InitializeAuthenticationProviderManagerConfigurer","message":"Global AuthenticationManager configured with AuthenticationProvider bean with name authenticationProvider","exception":""}
{"timestamp":"2026-06-10 19:31:22.649","level":"WARN","thread":"main","correlationId":"","logger":"o.s.s.c.a.a.c.InitializeUserDetailsBeanManagerConfigurer$InitializeUserDetailsManagerConfigurer","message":"Global AuthenticationManager configured with an AuthenticationProvider bean. UserDetailsService beans will not be used by Spring Security for automatically configuring username/password login. Consider removing the AuthenticationProvider bean. Alternatively, consider using the UserDetailsService in a manually instantiated DaoAuthenticationProvider. If the current configuration is intentional, to turn off this warning, increase the logging level of 'org.springframework.security.config.annotation.authentication.configuration.InitializeUserDetailsBeanManagerConfigurer' to ERROR","exception":""}
{"timestamp":"2026-06-10 19:31:22.759","level":"DEBUG","thread":"main","correlationId":"","logger":"o.s.w.s.m.m.a.RequestMappingHandlerMapping","message":"42 mappings in 'requestMappingHandlerMapping'","exception":""}
{"timestamp":"2026-06-10 19:31:22.783","level":"DEBUG","thread":"main","correlationId":"","logger":"o.s.w.s.h.SimpleUrlHandlerMapping","message":"Patterns [/webjars/**, /**, /swagger-ui*/*swagger-initializer.js, /swagger-ui*/**] in 'resourceHandlerMapping'","exception":""}
{"timestamp":"2026-06-10 19:31:22.830","level":"INFO","thread":"main","correlationId":"","logger":"o.s.b.a.e.web.EndpointLinksResolver","message":"Exposing 13 endpoints beneath base path '/actuator'","exception":""}
{"timestamp":"2026-06-10 19:31:22.867","level":"DEBUG","thread":"main","correlationId":"","logger":"o.s.s.web.DefaultSecurityFilterChain","message":"Will secure any request with filters: DisableEncodeUrlFilter, WebAsyncManagerIntegrationFilter, SecurityContextHolderFilter, HeaderWriterFilter, CorsFilter, LogoutFilter, JwtAuthenticationFilter, RequestCacheAwareFilter, SecurityContextHolderAwareRequestFilter, AnonymousAuthenticationFilter, SessionManagementFilter, ExceptionTranslationFilter, AuthorizationFilter","exception":""}
{"timestamp":"2026-06-10 19:31:22.898","level":"DEBUG","thread":"main","correlationId":"","logger":"o.s.w.s.m.m.a.RequestMappingHandlerAdapter","message":"ControllerAdvice beans: 0 @ModelAttribute, 0 @InitBinder, 1 RequestBodyAdvice, 1 ResponseBodyAdvice","exception":""}
{"timestamp":"2026-06-10 19:31:22.906","level":"DEBUG","thread":"main","correlationId":"","logger":"o.s.w.s.m.m.a.ExceptionHandlerExceptionResolver","message":"ControllerAdvice beans: 2 @ExceptionHandler, 1 ResponseBodyAdvice","exception":""}
{"timestamp":"2026-06-10 19:31:22.950","level":"INFO","thread":"main","correlationId":"","logger":"o.s.b.a.h.H2ConsoleAutoConfiguration","message":"H2 console available at '/h2-console'. Database available at 'jdbc:h2:mem:deliverydb'","exception":""}
{"timestamp":"2026-06-10 19:31:22.962","level":"DEBUG","thread":"main","correlationId":"","logger":"o.s.w.f.ServerHttpObservationFilter","message":"Filter 'webMvcObservationFilter' configured for use","exception":""}
{"timestamp":"2026-06-10 19:31:22.962","level":"INFO","thread":"main","correlationId":"","logger":"o.s.b.t.m.w.SpringBootMockServletContext","message":"Initializing Spring TestDispatcherServlet ''","exception":""}
{"timestamp":"2026-06-10 19:31:22.962","level":"INFO","thread":"main","correlationId":"","logger":"o.s.t.w.s.TestDispatcherServlet","message":"Initializing Servlet ''","exception":""}
{"timestamp":"2026-06-10 19:31:22.964","level":"INFO","thread":"main","correlationId":"","logger":"o.s.t.w.s.TestDispatcherServlet","message":"Completed initialization in 2 ms","exception":""}
{"timestamp":"2026-06-10 19:31:22.972","level":"INFO","thread":"main","correlationId":"","logger":"c.d.d.c.PedidoControllerTest","message":"Started PedidoControllerTest in 0.706 seconds (process running for 24.442)","exception":""}
{"timestamp":"2026-06-10 19:31:23.001","level":"DEBUG","thread":"main","correlationId":"","logger":"o.s.security.web.FilterChainProxy","message":"Securing POST /api/pedidos","exception":""}
{"timestamp":"2026-06-10 19:31:23.001","level":"WARN","thread":"main","correlationId":"","logger":"c.d.d.s.JwtAuthenticationFilter","message":"JWT Token não começa com Bearer String","exception":""}
{"timestamp":"2026-06-10 19:31:23.003","level":"DEBUG","thread":"main","correlationId":"","logger":"o.s.security.web.FilterChainProxy","message":"Secured POST /api/pedidos","exception":""}
{"timestamp":"2026-06-10 19:31:23.003","level":"DEBUG","thread":"main","correlationId":"207a78351c5f48c8","logger":"o.s.w.s.m.m.a.RequestMappingHandlerMapping","message":"Mapped to com.deliverytech.delivery_api.controller.PedidoController#criarPedido(PedidoReqDTO)","exception":""}
{"timestamp":"2026-06-10 19:31:23.005","level":"DEBUG","thread":"main","correlationId":"207a78351c5f48c8","logger":"o.s.w.s.m.m.a.RequestResponseBodyMethodProcessor","message":"Read "application/json;charset=UTF-8" to [com.deliverytech.delivery_api.dto.req.PedidoReqDTO@2461c9a3]","exception":""}
{"timestamp":"2026-06-10 19:31:23.012","level":"DEBUG","thread":"main","correlationId":"207a78351c5f48c8","logger":"o.s.w.s.m.m.a.ExceptionHandlerExceptionResolver","message":"Using @ExceptionHandler com.deliverytech.delivery_api.exception.GlobalExceptionHandler#handleValidationException(MethodArgumentNotValidException, HttpServletRequest)","exception":""}
{"timestamp":"2026-06-10 19:31:23.014","level":"DEBUG","thread":"main","correlationId":"207a78351c5f48c8","logger":"o.s.w.s.m.m.a.HttpEntityMethodProcessor","message":"Using 'application/json', given [*/*] and supported [application/json, application/*+json, application/yaml]","exception":""}
{"timestamp":"2026-06-10 19:31:23.015","level":"DEBUG","thread":"main","correlationId":"207a78351c5f48c8","logger":"o.s.w.s.m.m.a.HttpEntityMethodProcessor","message":"Writing [com.deliverytech.delivery_api.dto.ErrorResponse@4090ecf2]","exception":""}
{"timestamp":"2026-06-10 19:31:23.015","level":"DEBUG","thread":"main","correlationId":"207a78351c5f48c8","logger":"o.s.w.s.m.m.a.ExceptionHandlerExceptionResolver","message":"Resolved [org.springframework.web.bind.MethodArgumentNotValidException: Validation failed for argument [0] in public org.springframework.http.ResponseEntity<com.deliverytech.delivery_api.dto.res.PedidoResDTO> com.deliverytech.delivery_api.controller.PedidoController.criarPedido(com.deliverytech.delivery_api.dto.req.PedidoReqDTO): [Field error in object 'pedidoReqDTO' on field 'itens': rejected value [[]]; codes [NotEmpty.pedidoReqDTO.itens,NotEmpty.itens,NotEmpty.java.util.List,NotEmpty]; arguments [org.springframework.context.support.DefaultMessageSourceResolvable: codes [pedidoReqDTO.itens,itens]; arguments []; default message [itens]]; default message [Pedido deve ter pelo menos um item]] ]","exception":""}
{"timestamp":"2026-06-10 19:31:23.021","level":"DEBUG","thread":"main","correlationId":"","logger":"o.s.w.c.s.GenericWebApplicationContext","message":"Closing org.springframework.web.context.support.GenericWebApplicationContext@2b87c4c9, started on Wed Jun 10 19:31:22 BRT 2026","exception":""}
{"timestamp":"2026-06-10 19:31:23.022","level":"INFO","thread":"main","correlationId":"","logger":"o.s.o.j.LocalContainerEntityManagerFactoryBean","message":"Closing JPA EntityManagerFactory for persistence unit 'default'","exception":""}
{"timestamp":"2026-06-10 19:31:23.022","level":"INFO","thread":"main","correlationId":"","logger":"com.zaxxer.hikari.HikariDataSource","message":"HikariPool-17 - Shutdown initiated...","exception":""}
{"timestamp":"2026-06-10 19:31:23.024","level":"INFO","thread":"main","correlationId":"","logger":"com.zaxxer.hikari.HikariDataSource","message":"HikariPool-17 - Shutdown completed.","exception":""}
{"timestamp":"2026-06-10 19:31:23.026","level":"INFO","thread":"main","correlationId":"","logger":"o.s.b.d.r.RestartApplicationListener","message":"Restart disabled due to context in which it is running","exception":""}
{"timestamp":"2026-06-10 19:31:23.046","level":"INFO","thread":"main","correlationId":"","logger":"c.d.d.c.PedidoControllerTest","message":"Starting PedidoControllerTest using Java 21.0.11 with PID 26828 (started by Santana in C:\Pasta Códiguinhos\arquitetura de sistemas fat\delivery-api\delivery-api)","exception":""}
{"timestamp":"2026-06-10 19:31:23.047","level":"INFO","thread":"main","correlationId":"","logger":"c.d.d.c.PedidoControllerTest","message":"The following 1 profile is active: "test"","exception":""}
{"timestamp":"2026-06-10 19:31:23.048","level":"DEBUG","thread":"main","correlationId":"","logger":"o.s.w.c.s.GenericWebApplicationContext","message":"Refreshing org.springframework.web.context.support.GenericWebApplicationContext@15a93c2c","exception":""}
{"timestamp":"2026-06-10 19:31:23.257","level":"INFO","thread":"main","correlationId":"","logger":"o.s.d.r.c.RepositoryConfigurationDelegate","message":"Bootstrapping Spring Data JPA repositories in DEFAULT mode.","exception":""}
{"timestamp":"2026-06-10 19:31:23.278","level":"INFO","thread":"main","correlationId":"","logger":"o.s.d.r.c.RepositoryConfigurationDelegate","message":"Finished Spring Data repository scanning in 20 ms. Found 5 JPA repository interfaces.","exception":""}
{"timestamp":"2026-06-10 19:31:23.364","level":"INFO","thread":"main","correlationId":"","logger":"o.s.o.j.p.SpringPersistenceUnitInfo","message":"No LoadTimeWeaver setup: ignoring JPA class transformer","exception":""}
{"timestamp":"2026-06-10 19:31:23.366","level":"INFO","thread":"main","correlationId":"","logger":"com.zaxxer.hikari.HikariDataSource","message":"HikariPool-18 - Starting...","exception":""}
{"timestamp":"2026-06-10 19:31:23.368","level":"INFO","thread":"main","correlationId":"","logger":"com.zaxxer.hikari.pool.HikariPool","message":"HikariPool-18 - Added connection conn170: url=jdbc:h2:mem:deliverydb user=SA","exception":""}
{"timestamp":"2026-06-10 19:31:23.368","level":"INFO","thread":"main","correlationId":"","logger":"com.zaxxer.hikari.HikariDataSource","message":"HikariPool-18 - Start completed.","exception":""}
{"timestamp":"2026-06-10 19:31:23.368","level":"WARN","thread":"main","correlationId":"","logger":"org.hibernate.orm.deprecation","message":"HHH90000025: H2Dialect does not need to be specified explicitly using 'hibernate.dialect' (remove the property setting and it will be selected by default)","exception":""}
{"timestamp":"2026-06-10 19:31:23.442","level":"INFO","thread":"main","correlationId":"","logger":"o.s.o.j.LocalContainerEntityManagerFactoryBean","message":"Initialized JPA EntityManagerFactory for persistence unit 'default'","exception":""}
{"timestamp":"2026-06-10 19:31:23.470","level":"INFO","thread":"main","correlationId":"","logger":"o.s.s.c.a.a.c.InitializeAuthenticationProviderBeanManagerConfigurer$InitializeAuthenticationProviderManagerConfigurer","message":"Global AuthenticationManager configured with AuthenticationProvider bean with name authenticationProvider","exception":""}
{"timestamp":"2026-06-10 19:31:23.470","level":"WARN","thread":"main","correlationId":"","logger":"o.s.s.c.a.a.c.InitializeUserDetailsBeanManagerConfigurer$InitializeUserDetailsManagerConfigurer","message":"Global AuthenticationManager configured with an AuthenticationProvider bean. UserDetailsService beans will not be used by Spring Security for automatically configuring username/password login. Consider removing the AuthenticationProvider bean. Alternatively, consider using the UserDetailsService in a manually instantiated DaoAuthenticationProvider. If the current configuration is intentional, to turn off this warning, increase the logging level of 'org.springframework.security.config.annotation.authentication.configuration.InitializeUserDetailsBeanManagerConfigurer' to ERROR","exception":""}
{"timestamp":"2026-06-10 19:31:23.580","level":"DEBUG","thread":"main","correlationId":"","logger":"o.s.w.s.m.m.a.RequestMappingHandlerMapping","message":"42 mappings in 'requestMappingHandlerMapping'","exception":""}
{"timestamp":"2026-06-10 19:31:23.612","level":"DEBUG","thread":"main","correlationId":"","logger":"o.s.w.s.h.SimpleUrlHandlerMapping","message":"Patterns [/webjars/**, /**, /swagger-ui*/*swagger-initializer.js, /swagger-ui*/**] in 'resourceHandlerMapping'","exception":""}
{"timestamp":"2026-06-10 19:31:23.656","level":"INFO","thread":"main","correlationId":"","logger":"o.s.b.a.e.web.EndpointLinksResolver","message":"Exposing 13 endpoints beneath base path '/actuator'","exception":""}
{"timestamp":"2026-06-10 19:31:23.688","level":"DEBUG","thread":"main","correlationId":"","logger":"o.s.s.web.DefaultSecurityFilterChain","message":"Will secure any request with filters: DisableEncodeUrlFilter, WebAsyncManagerIntegrationFilter, SecurityContextHolderFilter, HeaderWriterFilter, CorsFilter, LogoutFilter, JwtAuthenticationFilter, RequestCacheAwareFilter, SecurityContextHolderAwareRequestFilter, AnonymousAuthenticationFilter, SessionManagementFilter, ExceptionTranslationFilter, AuthorizationFilter","exception":""}
{"timestamp":"2026-06-10 19:31:23.712","level":"DEBUG","thread":"main","correlationId":"","logger":"o.s.w.s.m.m.a.RequestMappingHandlerAdapter","message":"ControllerAdvice beans: 0 @ModelAttribute, 0 @InitBinder, 1 RequestBodyAdvice, 1 ResponseBodyAdvice","exception":""}
{"timestamp":"2026-06-10 19:31:23.720","level":"DEBUG","thread":"main","correlationId":"","logger":"o.s.w.s.m.m.a.ExceptionHandlerExceptionResolver","message":"ControllerAdvice beans: 2 @ExceptionHandler, 1 ResponseBodyAdvice","exception":""}
{"timestamp":"2026-06-10 19:31:23.751","level":"INFO","thread":"main","correlationId":"","logger":"o.s.b.a.h.H2ConsoleAutoConfiguration","message":"H2 console available at '/h2-console'. Database available at 'jdbc:h2:mem:deliverydb'","exception":""}
{"timestamp":"2026-06-10 19:31:23.763","level":"DEBUG","thread":"main","correlationId":"","logger":"o.s.w.f.ServerHttpObservationFilter","message":"Filter 'webMvcObservationFilter' configured for use","exception":""}
{"timestamp":"2026-06-10 19:31:23.763","level":"INFO","thread":"main","correlationId":"","logger":"o.s.b.t.m.w.SpringBootMockServletContext","message":"Initializing Spring TestDispatcherServlet ''","exception":""}
{"timestamp":"2026-06-10 19:31:23.763","level":"INFO","thread":"main","correlationId":"","logger":"o.s.t.w.s.TestDispatcherServlet","message":"Initializing Servlet ''","exception":""}
{"timestamp":"2026-06-10 19:31:23.765","level":"INFO","thread":"main","correlationId":"","logger":"o.s.t.w.s.TestDispatcherServlet","message":"Completed initialization in 2 ms","exception":""}
{"timestamp":"2026-06-10 19:31:23.772","level":"INFO","thread":"main","correlationId":"","logger":"c.d.d.c.PedidoControllerTest","message":"Started PedidoControllerTest in 0.746 seconds (process running for 25.242)","exception":""}
{"timestamp":"2026-06-10 19:31:23.800","level":"DEBUG","thread":"main","correlationId":"","logger":"o.s.security.web.FilterChainProxy","message":"Securing POST /api/pedidos","exception":""}
{"timestamp":"2026-06-10 19:31:23.800","level":"WARN","thread":"main","correlationId":"","logger":"c.d.d.s.JwtAuthenticationFilter","message":"JWT Token não começa com Bearer String","exception":""}
{"timestamp":"2026-06-10 19:31:23.802","level":"DEBUG","thread":"main","correlationId":"","logger":"o.s.security.web.FilterChainProxy","message":"Secured POST /api/pedidos","exception":""}
{"timestamp":"2026-06-10 19:31:23.803","level":"DEBUG","thread":"main","correlationId":"e96170efcd7645f8","logger":"o.s.w.s.m.m.a.RequestMappingHandlerMapping","message":"Mapped to com.deliverytech.delivery_api.controller.PedidoController#criarPedido(PedidoReqDTO)","exception":""}
{"timestamp":"2026-06-10 19:31:23.805","level":"DEBUG","thread":"main","correlationId":"e96170efcd7645f8","logger":"o.s.w.s.m.m.a.RequestResponseBodyMethodProcessor","message":"Read "application/json;charset=UTF-8" to [com.deliverytech.delivery_api.dto.req.PedidoReqDTO@345a8cc9]","exception":""}
{"timestamp":"2026-06-10 19:31:23.816","level":"DEBUG","thread":"main","correlationId":"e96170efcd7645f8","logger":"o.s.w.s.m.m.a.ExceptionHandlerExceptionResolver","message":"Using @ExceptionHandler com.deliverytech.delivery_api.exception.GlobalExceptionHandler#handleEntityNotFound(EntityNotFoundException, HttpServletRequest)","exception":""}
{"timestamp":"2026-06-10 19:31:23.818","level":"DEBUG","thread":"main","correlationId":"e96170efcd7645f8","logger":"o.s.w.s.m.m.a.HttpEntityMethodProcessor","message":"Using 'application/json', given [*/*] and supported [application/json, application/*+json, application/yaml]","exception":""}
{"timestamp":"2026-06-10 19:31:23.819","level":"DEBUG","thread":"main","correlationId":"e96170efcd7645f8","logger":"o.s.w.s.m.m.a.HttpEntityMethodProcessor","message":"Writing [com.deliverytech.delivery_api.dto.ErrorResponse@5d266fde]","exception":""}
{"timestamp":"2026-06-10 19:31:23.819","level":"DEBUG","thread":"main","correlationId":"e96170efcd7645f8","logger":"o.s.w.s.m.m.a.ExceptionHandlerExceptionResolver","message":"Resolved [com.deliverytech.delivery_api.exception.EntityNotFoundException: Produto não encontrado: 999999]","exception":""}
{"timestamp":"2026-06-10 19:31:23.826","level":"DEBUG","thread":"main","correlationId":"","logger":"o.s.w.c.s.GenericWebApplicationContext","message":"Closing org.springframework.web.context.support.GenericWebApplicationContext@15a93c2c, started on Wed Jun 10 19:31:23 BRT 2026","exception":""}
{"timestamp":"2026-06-10 19:31:23.827","level":"INFO","thread":"main","correlationId":"","logger":"o.s.o.j.LocalContainerEntityManagerFactoryBean","message":"Closing JPA EntityManagerFactory for persistence unit 'default'","exception":""}
{"timestamp":"2026-06-10 19:31:23.828","level":"INFO","thread":"main","correlationId":"","logger":"com.zaxxer.hikari.HikariDataSource","message":"HikariPool-18 - Shutdown initiated...","exception":""}
{"timestamp":"2026-06-10 19:31:23.829","level":"INFO","thread":"main","correlationId":"","logger":"com.zaxxer.hikari.HikariDataSource","message":"HikariPool-18 - Shutdown completed.","exception":""}
{"timestamp":"2026-06-10 19:31:23.830","level":"INFO","thread":"main","correlationId":"","logger":"o.s.b.d.r.RestartApplicationListener","message":"Restart disabled due to context in which it is running","exception":""}
{"timestamp":"2026-06-10 19:31:23.852","level":"INFO","thread":"main","correlationId":"","logger":"c.d.d.c.PedidoControllerTest","message":"Starting PedidoControllerTest using Java 21.0.11 with PID 26828 (started by Santana in C:\Pasta Códiguinhos\arquitetura de sistemas fat\delivery-api\delivery-api)","exception":""}
{"timestamp":"2026-06-10 19:31:23.852","level":"INFO","thread":"main","correlationId":"","logger":"c.d.d.c.PedidoControllerTest","message":"The following 1 profile is active: "test"","exception":""}
{"timestamp":"2026-06-10 19:31:23.854","level":"DEBUG","thread":"main","correlationId":"","logger":"o.s.w.c.s.GenericWebApplicationContext","message":"Refreshing org.springframework.web.context.support.GenericWebApplicationContext@34123e07","exception":""}
{"timestamp":"2026-06-10 19:31:24.061","level":"INFO","thread":"main","correlationId":"","logger":"o.s.d.r.c.RepositoryConfigurationDelegate","message":"Bootstrapping Spring Data JPA repositories in DEFAULT mode.","exception":""}
{"timestamp":"2026-06-10 19:31:24.080","level":"INFO","thread":"main","correlationId":"","logger":"o.s.d.r.c.RepositoryConfigurationDelegate","message":"Finished Spring Data repository scanning in 18 ms. Found 5 JPA repository interfaces.","exception":""}
{"timestamp":"2026-06-10 19:31:24.144","level":"INFO","thread":"main","correlationId":"","logger":"o.s.o.j.p.SpringPersistenceUnitInfo","message":"No LoadTimeWeaver setup: ignoring JPA class transformer","exception":""}
{"timestamp":"2026-06-10 19:31:24.145","level":"INFO","thread":"main","correlationId":"","logger":"com.zaxxer.hikari.HikariDataSource","message":"HikariPool-19 - Starting...","exception":""}
{"timestamp":"2026-06-10 19:31:24.146","level":"INFO","thread":"main","correlationId":"","logger":"com.zaxxer.hikari.pool.HikariPool","message":"HikariPool-19 - Added connection conn180: url=jdbc:h2:mem:deliverydb user=SA","exception":""}
{"timestamp":"2026-06-10 19:31:24.146","level":"INFO","thread":"main","correlationId":"","logger":"com.zaxxer.hikari.HikariDataSource","message":"HikariPool-19 - Start completed.","exception":""}
{"timestamp":"2026-06-10 19:31:24.147","level":"WARN","thread":"main","correlationId":"","logger":"org.hibernate.orm.deprecation","message":"HHH90000025: H2Dialect does not need to be specified explicitly using 'hibernate.dialect' (remove the property setting and it will be selected by default)","exception":""}
{"timestamp":"2026-06-10 19:31:24.192","level":"INFO","thread":"main","correlationId":"","logger":"o.s.o.j.LocalContainerEntityManagerFactoryBean","message":"Initialized JPA EntityManagerFactory for persistence unit 'default'","exception":""}
{"timestamp":"2026-06-10 19:31:24.213","level":"INFO","thread":"main","correlationId":"","logger":"o.s.s.c.a.a.c.InitializeAuthenticationProviderBeanManagerConfigurer$InitializeAuthenticationProviderManagerConfigurer","message":"Global AuthenticationManager configured with AuthenticationProvider bean with name authenticationProvider","exception":""}
{"timestamp":"2026-06-10 19:31:24.214","level":"WARN","thread":"main","correlationId":"","logger":"o.s.s.c.a.a.c.InitializeUserDetailsBeanManagerConfigurer$InitializeUserDetailsManagerConfigurer","message":"Global AuthenticationManager configured with an AuthenticationProvider bean. UserDetailsService beans will not be used by Spring Security for automatically configuring username/password login. Consider removing the AuthenticationProvider bean. Alternatively, consider using the UserDetailsService in a manually instantiated DaoAuthenticationProvider. If the current configuration is intentional, to turn off this warning, increase the logging level of 'org.springframework.security.config.annotation.authentication.configuration.InitializeUserDetailsBeanManagerConfigurer' to ERROR","exception":""}
{"timestamp":"2026-06-10 19:31:24.321","level":"DEBUG","thread":"main","correlationId":"","logger":"o.s.w.s.m.m.a.RequestMappingHandlerMapping","message":"42 mappings in 'requestMappingHandlerMapping'","exception":""}
{"timestamp":"2026-06-10 19:31:24.343","level":"DEBUG","thread":"main","correlationId":"","logger":"o.s.w.s.h.SimpleUrlHandlerMapping","message":"Patterns [/webjars/**, /**, /swagger-ui*/*swagger-initializer.js, /swagger-ui*/**] in 'resourceHandlerMapping'","exception":""}
{"timestamp":"2026-06-10 19:31:24.373","level":"INFO","thread":"main","correlationId":"","logger":"o.s.b.a.e.web.EndpointLinksResolver","message":"Exposing 13 endpoints beneath base path '/actuator'","exception":""}
{"timestamp":"2026-06-10 19:31:24.399","level":"DEBUG","thread":"main","correlationId":"","logger":"o.s.s.web.DefaultSecurityFilterChain","message":"Will secure any request with filters: DisableEncodeUrlFilter, WebAsyncManagerIntegrationFilter, SecurityContextHolderFilter, HeaderWriterFilter, CorsFilter, LogoutFilter, JwtAuthenticationFilter, RequestCacheAwareFilter, SecurityContextHolderAwareRequestFilter, AnonymousAuthenticationFilter, SessionManagementFilter, ExceptionTranslationFilter, AuthorizationFilter","exception":""}
{"timestamp":"2026-06-10 19:31:24.425","level":"DEBUG","thread":"main","correlationId":"","logger":"o.s.w.s.m.m.a.RequestMappingHandlerAdapter","message":"ControllerAdvice beans: 0 @ModelAttribute, 0 @InitBinder, 1 RequestBodyAdvice, 1 ResponseBodyAdvice","exception":""}
{"timestamp":"2026-06-10 19:31:24.429","level":"DEBUG","thread":"main","correlationId":"","logger":"o.s.w.s.m.m.a.ExceptionHandlerExceptionResolver","message":"ControllerAdvice beans: 2 @ExceptionHandler, 1 ResponseBodyAdvice","exception":""}
{"timestamp":"2026-06-10 19:31:24.462","level":"INFO","thread":"main","correlationId":"","logger":"o.s.b.a.h.H2ConsoleAutoConfiguration","message":"H2 console available at '/h2-console'. Database available at 'jdbc:h2:mem:deliverydb'","exception":""}
{"timestamp":"2026-06-10 19:31:24.477","level":"DEBUG","thread":"main","correlationId":"","logger":"o.s.w.f.ServerHttpObservationFilter","message":"Filter 'webMvcObservationFilter' configured for use","exception":""}
{"timestamp":"2026-06-10 19:31:24.477","level":"INFO","thread":"main","correlationId":"","logger":"o.s.b.t.m.w.SpringBootMockServletContext","message":"Initializing Spring TestDispatcherServlet ''","exception":""}
{"timestamp":"2026-06-10 19:31:24.477","level":"INFO","thread":"main","correlationId":"","logger":"o.s.t.w.s.TestDispatcherServlet","message":"Initializing Servlet ''","exception":""}
{"timestamp":"2026-06-10 19:31:24.478","level":"INFO","thread":"main","correlationId":"","logger":"o.s.t.w.s.TestDispatcherServlet","message":"Completed initialization in 1 ms","exception":""}
{"timestamp":"2026-06-10 19:31:24.487","level":"INFO","thread":"main","correlationId":"","logger":"c.d.d.c.PedidoControllerTest","message":"Started PedidoControllerTest in 0.657 seconds (process running for 25.955)","exception":""}
{"timestamp":"2026-06-10 19:31:24.508","level":"DEBUG","thread":"main","correlationId":"","logger":"o.s.security.web.FilterChainProxy","message":"Securing DELETE /api/pedidos/999999","exception":""}
{"timestamp":"2026-06-10 19:31:24.509","level":"WARN","thread":"main","correlationId":"","logger":"c.d.d.s.JwtAuthenticationFilter","message":"JWT Token não começa com Bearer String","exception":""}
{"timestamp":"2026-06-10 19:31:24.510","level":"DEBUG","thread":"main","correlationId":"","logger":"o.s.security.web.FilterChainProxy","message":"Secured DELETE /api/pedidos/999999","exception":""}
{"timestamp":"2026-06-10 19:31:24.510","level":"DEBUG","thread":"main","correlationId":"a88d65ce2da24b48","logger":"o.s.w.s.m.m.a.RequestMappingHandlerMapping","message":"Mapped to com.deliverytech.delivery_api.controller.PedidoController#cancelarPedido(Long)","exception":""}
{"timestamp":"2026-06-10 19:31:24.511","level":"DEBUG","thread":"main","correlationId":"a88d65ce2da24b48","logger":"o.s.w.s.m.m.a.ExceptionHandlerExceptionResolver","message":"Using @ExceptionHandler com.deliverytech.delivery_api.exception.GlobalExceptionHandler#handleEntityNotFound(EntityNotFoundException, HttpServletRequest)","exception":""}
{"timestamp":"2026-06-10 19:31:24.513","level":"DEBUG","thread":"main","correlationId":"a88d65ce2da24b48","logger":"o.s.w.s.m.m.a.HttpEntityMethodProcessor","message":"Using 'application/json', given [*/*] and supported [application/json, application/*+json, application/yaml]","exception":""}
{"timestamp":"2026-06-10 19:31:24.513","level":"DEBUG","thread":"main","correlationId":"a88d65ce2da24b48","logger":"o.s.w.s.m.m.a.HttpEntityMethodProcessor","message":"Writing [com.deliverytech.delivery_api.dto.ErrorResponse@389338be]","exception":""}
{"timestamp":"2026-06-10 19:31:24.514","level":"DEBUG","thread":"main","correlationId":"a88d65ce2da24b48","logger":"o.s.w.s.m.m.a.ExceptionHandlerExceptionResolver","message":"Resolved [com.deliverytech.delivery_api.exception.EntityNotFoundException: Pedido não encontrado]","exception":""}
{"timestamp":"2026-06-10 19:31:24.518","level":"DEBUG","thread":"main","correlationId":"","logger":"o.s.w.c.s.GenericWebApplicationContext","message":"Closing org.springframework.web.context.support.GenericWebApplicationContext@34123e07, started on Wed Jun 10 19:31:23 BRT 2026","exception":""}
{"timestamp":"2026-06-10 19:31:24.520","level":"INFO","thread":"main","correlationId":"","logger":"o.s.o.j.LocalContainerEntityManagerFactoryBean","message":"Closing JPA EntityManagerFactory for persistence unit 'default'","exception":""}
{"timestamp":"2026-06-10 19:31:24.522","level":"INFO","thread":"main","correlationId":"","logger":"com.zaxxer.hikari.HikariDataSource","message":"HikariPool-19 - Shutdown initiated...","exception":""}
{"timestamp":"2026-06-10 19:31:24.534","level":"INFO","thread":"main","correlationId":"","logger":"com.zaxxer.hikari.HikariDataSource","message":"HikariPool-19 - Shutdown completed.","exception":""}
{"timestamp":"2026-06-10 19:31:24.537","level":"INFO","thread":"main","correlationId":"","logger":"o.s.b.d.r.RestartApplicationListener","message":"Restart disabled due to context in which it is running","exception":""}
{"timestamp":"2026-06-10 19:31:24.555","level":"INFO","thread":"main","correlationId":"","logger":"c.d.d.c.PedidoControllerTest","message":"Starting PedidoControllerTest using Java 21.0.11 with PID 26828 (started by Santana in C:\Pasta Códiguinhos\arquitetura de sistemas fat\delivery-api\delivery-api)","exception":""}
{"timestamp":"2026-06-10 19:31:24.555","level":"INFO","thread":"main","correlationId":"","logger":"c.d.d.c.PedidoControllerTest","message":"The following 1 profile is active: "test"","exception":""}
{"timestamp":"2026-06-10 19:31:24.556","level":"DEBUG","thread":"main","correlationId":"","logger":"o.s.w.c.s.GenericWebApplicationContext","message":"Refreshing org.springframework.web.context.support.GenericWebApplicationContext@4cec2472","exception":""}
{"timestamp":"2026-06-10 19:31:24.760","level":"INFO","thread":"main","correlationId":"","logger":"o.s.d.r.c.RepositoryConfigurationDelegate","message":"Bootstrapping Spring Data JPA repositories in DEFAULT mode.","exception":""}
{"timestamp":"2026-06-10 19:31:24.777","level":"INFO","thread":"main","correlationId":"","logger":"o.s.d.r.c.RepositoryConfigurationDelegate","message":"Finished Spring Data repository scanning in 16 ms. Found 5 JPA repository interfaces.","exception":""}
{"timestamp":"2026-06-10 19:31:24.830","level":"INFO","thread":"main","correlationId":"","logger":"o.s.o.j.p.SpringPersistenceUnitInfo","message":"No LoadTimeWeaver setup: ignoring JPA class transformer","exception":""}
{"timestamp":"2026-06-10 19:31:24.830","level":"INFO","thread":"main","correlationId":"","logger":"com.zaxxer.hikari.HikariDataSource","message":"HikariPool-20 - Starting...","exception":""}
{"timestamp":"2026-06-10 19:31:24.832","level":"INFO","thread":"main","correlationId":"","logger":"com.zaxxer.hikari.pool.HikariPool","message":"HikariPool-20 - Added connection conn190: url=jdbc:h2:mem:deliverydb user=SA","exception":""}
{"timestamp":"2026-06-10 19:31:24.833","level":"INFO","thread":"main","correlationId":"","logger":"com.zaxxer.hikari.HikariDataSource","message":"HikariPool-20 - Start completed.","exception":""}
{"timestamp":"2026-06-10 19:31:24.833","level":"WARN","thread":"main","correlationId":"","logger":"org.hibernate.orm.deprecation","message":"HHH90000025: H2Dialect does not need to be specified explicitly using 'hibernate.dialect' (remove the property setting and it will be selected by default)","exception":""}
{"timestamp":"2026-06-10 19:31:24.880","level":"INFO","thread":"main","correlationId":"","logger":"o.s.o.j.LocalContainerEntityManagerFactoryBean","message":"Initialized JPA EntityManagerFactory for persistence unit 'default'","exception":""}
{"timestamp":"2026-06-10 19:31:24.914","level":"INFO","thread":"main","correlationId":"","logger":"o.s.s.c.a.a.c.InitializeAuthenticationProviderBeanManagerConfigurer$InitializeAuthenticationProviderManagerConfigurer","message":"Global AuthenticationManager configured with AuthenticationProvider bean with name authenticationProvider","exception":""}
{"timestamp":"2026-06-10 19:31:24.914","level":"WARN","thread":"main","correlationId":"","logger":"o.s.s.c.a.a.c.InitializeUserDetailsBeanManagerConfigurer$InitializeUserDetailsManagerConfigurer","message":"Global AuthenticationManager configured with an AuthenticationProvider bean. UserDetailsService beans will not be used by Spring Security for automatically configuring username/password login. Consider removing the AuthenticationProvider bean. Alternatively, consider using the UserDetailsService in a manually instantiated DaoAuthenticationProvider. If the current configuration is intentional, to turn off this warning, increase the logging level of 'org.springframework.security.config.annotation.authentication.configuration.InitializeUserDetailsBeanManagerConfigurer' to ERROR","exception":""}
{"timestamp":"2026-06-10 19:31:25.029","level":"DEBUG","thread":"main","correlationId":"","logger":"o.s.w.s.m.m.a.RequestMappingHandlerMapping","message":"42 mappings in 'requestMappingHandlerMapping'","exception":""}
{"timestamp":"2026-06-10 19:31:25.051","level":"DEBUG","thread":"main","correlationId":"","logger":"o.s.w.s.h.SimpleUrlHandlerMapping","message":"Patterns [/webjars/**, /**, /swagger-ui*/*swagger-initializer.js, /swagger-ui*/**] in 'resourceHandlerMapping'","exception":""}
{"timestamp":"2026-06-10 19:31:25.089","level":"INFO","thread":"main","correlationId":"","logger":"o.s.b.a.e.web.EndpointLinksResolver","message":"Exposing 13 endpoints beneath base path '/actuator'","exception":""}
{"timestamp":"2026-06-10 19:31:25.122","level":"DEBUG","thread":"main","correlationId":"","logger":"o.s.s.web.DefaultSecurityFilterChain","message":"Will secure any request with filters: DisableEncodeUrlFilter, WebAsyncManagerIntegrationFilter, SecurityContextHolderFilter, HeaderWriterFilter, CorsFilter, LogoutFilter, JwtAuthenticationFilter, RequestCacheAwareFilter, SecurityContextHolderAwareRequestFilter, AnonymousAuthenticationFilter, SessionManagementFilter, ExceptionTranslationFilter, AuthorizationFilter","exception":""}
{"timestamp":"2026-06-10 19:31:25.171","level":"DEBUG","thread":"main","correlationId":"","logger":"o.s.w.s.m.m.a.RequestMappingHandlerAdapter","message":"ControllerAdvice beans: 0 @ModelAttribute, 0 @InitBinder, 1 RequestBodyAdvice, 1 ResponseBodyAdvice","exception":""}
{"timestamp":"2026-06-10 19:31:25.176","level":"DEBUG","thread":"main","correlationId":"","logger":"o.s.w.s.m.m.a.ExceptionHandlerExceptionResolver","message":"ControllerAdvice beans: 2 @ExceptionHandler, 1 ResponseBodyAdvice","exception":""}
{"timestamp":"2026-06-10 19:31:25.207","level":"INFO","thread":"main","correlationId":"","logger":"o.s.b.a.h.H2ConsoleAutoConfiguration","message":"H2 console available at '/h2-console'. Database available at 'jdbc:h2:mem:deliverydb'","exception":""}
{"timestamp":"2026-06-10 19:31:25.223","level":"DEBUG","thread":"main","correlationId":"","logger":"o.s.w.f.ServerHttpObservationFilter","message":"Filter 'webMvcObservationFilter' configured for use","exception":""}
{"timestamp":"2026-06-10 19:31:25.223","level":"INFO","thread":"main","correlationId":"","logger":"o.s.b.t.m.w.SpringBootMockServletContext","message":"Initializing Spring TestDispatcherServlet ''","exception":""}
{"timestamp":"2026-06-10 19:31:25.223","level":"INFO","thread":"main","correlationId":"","logger":"o.s.t.w.s.TestDispatcherServlet","message":"Initializing Servlet ''","exception":""}
{"timestamp":"2026-06-10 19:31:25.224","level":"INFO","thread":"main","correlationId":"","logger":"o.s.t.w.s.TestDispatcherServlet","message":"Completed initialization in 1 ms","exception":""}
{"timestamp":"2026-06-10 19:31:25.230","level":"INFO","thread":"main","correlationId":"","logger":"c.d.d.c.PedidoControllerTest","message":"Started PedidoControllerTest in 0.694 seconds (process running for 26.7)","exception":""}
{"timestamp":"2026-06-10 19:31:25.257","level":"DEBUG","thread":"main","correlationId":"","logger":"o.s.security.web.FilterChainProxy","message":"Securing POST /api/pedidos","exception":""}
{"timestamp":"2026-06-10 19:31:25.258","level":"WARN","thread":"main","correlationId":"","logger":"c.d.d.s.JwtAuthenticationFilter","message":"JWT Token não começa com Bearer String","exception":""}
{"timestamp":"2026-06-10 19:31:25.259","level":"DEBUG","thread":"main","correlationId":"","logger":"o.s.security.web.FilterChainProxy","message":"Secured POST /api/pedidos","exception":""}
{"timestamp":"2026-06-10 19:31:25.259","level":"DEBUG","thread":"main","correlationId":"6be78456ac154b35","logger":"o.s.w.s.m.m.a.RequestMappingHandlerMapping","message":"Mapped to com.deliverytech.delivery_api.controller.PedidoController#criarPedido(PedidoReqDTO)","exception":""}
{"timestamp":"2026-06-10 19:31:25.262","level":"DEBUG","thread":"main","correlationId":"6be78456ac154b35","logger":"o.s.w.s.m.m.a.RequestResponseBodyMethodProcessor","message":"Read "application/json;charset=UTF-8" to [com.deliverytech.delivery_api.dto.req.PedidoReqDTO@1515db40]","exception":""}
{"timestamp":"2026-06-10 19:31:25.287","level":"DEBUG","thread":"main","correlationId":"6be78456ac154b35","logger":"o.s.w.s.m.m.a.HttpEntityMethodProcessor","message":"Using 'application/json', given [*/*] and supported [application/json, application/*+json, application/yaml]","exception":""}
{"timestamp":"2026-06-10 19:31:25.288","level":"DEBUG","thread":"main","correlationId":"6be78456ac154b35","logger":"o.s.w.s.m.m.a.HttpEntityMethodProcessor","message":"Writing [com.deliverytech.delivery_api.dto.res.PedidoResDTO@4f7dddb]","exception":""}
{"timestamp":"2026-06-10 19:31:25.295","level":"DEBUG","thread":"main","correlationId":"","logger":"o.s.security.web.FilterChainProxy","message":"Securing GET /api/pedidos/4","exception":""}
{"timestamp":"2026-06-10 19:31:25.297","level":"WARN","thread":"main","correlationId":"","logger":"c.d.d.s.JwtAuthenticationFilter","message":"JWT Token não começa com Bearer String","exception":""}
{"timestamp":"2026-06-10 19:31:25.299","level":"DEBUG","thread":"main","correlationId":"","logger":"o.s.security.web.FilterChainProxy","message":"Secured GET /api/pedidos/4","exception":""}
{"timestamp":"2026-06-10 19:31:25.300","level":"DEBUG","thread":"main","correlationId":"79998fea794c4b62","logger":"o.s.w.s.m.m.a.RequestMappingHandlerMapping","message":"Mapped to com.deliverytech.delivery_api.controller.PedidoController#buscarPorId(Long)","exception":""}
{"timestamp":"2026-06-10 19:31:25.301","level":"DEBUG","thread":"main","correlationId":"79998fea794c4b62","logger":"o.s.w.s.m.m.a.HttpEntityMethodProcessor","message":"Using 'application/json', given [*/*] and supported [application/json, application/*+json, application/yaml]","exception":""}
{"timestamp":"2026-06-10 19:31:25.302","level":"DEBUG","thread":"main","correlationId":"79998fea794c4b62","logger":"o.s.w.s.m.m.a.HttpEntityMethodProcessor","message":"Writing [com.deliverytech.delivery_api.dto.res.PedidoResDTO@393be2c1]","exception":""}
{"timestamp":"2026-06-10 19:31:25.308","level":"DEBUG","thread":"main","correlationId":"","logger":"o.s.w.c.s.GenericWebApplicationContext","message":"Closing org.springframework.web.context.support.GenericWebApplicationContext@4cec2472, started on Wed Jun 10 19:31:24 BRT 2026","exception":""}
{"timestamp":"2026-06-10 19:31:25.310","level":"INFO","thread":"main","correlationId":"","logger":"o.s.o.j.LocalContainerEntityManagerFactoryBean","message":"Closing JPA EntityManagerFactory for persistence unit 'default'","exception":""}
{"timestamp":"2026-06-10 19:31:25.312","level":"INFO","thread":"main","correlationId":"","logger":"com.zaxxer.hikari.HikariDataSource","message":"HikariPool-20 - Shutdown initiated...","exception":""}
{"timestamp":"2026-06-10 19:31:25.312","level":"INFO","thread":"main","correlationId":"","logger":"com.zaxxer.hikari.HikariDataSource","message":"HikariPool-20 - Shutdown completed.","exception":""}
{"timestamp":"2026-06-10 19:31:25.314","level":"INFO","thread":"main","correlationId":"","logger":"o.s.b.d.r.RestartApplicationListener","message":"Restart disabled due to context in which it is running","exception":""}
{"timestamp":"2026-06-10 19:31:25.335","level":"INFO","thread":"main","correlationId":"","logger":"c.d.d.c.PedidoControllerTest","message":"Starting PedidoControllerTest using Java 21.0.11 with PID 26828 (started by Santana in C:\Pasta Códiguinhos\arquitetura de sistemas fat\delivery-api\delivery-api)","exception":""}
{"timestamp":"2026-06-10 19:31:25.335","level":"INFO","thread":"main","correlationId":"","logger":"c.d.d.c.PedidoControllerTest","message":"The following 1 profile is active: "test"","exception":""}
{"timestamp":"2026-06-10 19:31:25.336","level":"DEBUG","thread":"main","correlationId":"","logger":"o.s.w.c.s.GenericWebApplicationContext","message":"Refreshing org.springframework.web.context.support.GenericWebApplicationContext@2f0f3255","exception":""}
{"timestamp":"2026-06-10 19:31:25.541","level":"INFO","thread":"main","correlationId":"","logger":"o.s.d.r.c.RepositoryConfigurationDelegate","message":"Bootstrapping Spring Data JPA repositories in DEFAULT mode.","exception":""}
{"timestamp":"2026-06-10 19:31:25.554","level":"INFO","thread":"main","correlationId":"","logger":"o.s.d.r.c.RepositoryConfigurationDelegate","message":"Finished Spring Data repository scanning in 12 ms. Found 5 JPA repository interfaces.","exception":""}
{"timestamp":"2026-06-10 19:31:25.602","level":"INFO","thread":"main","correlationId":"","logger":"o.s.o.j.p.SpringPersistenceUnitInfo","message":"No LoadTimeWeaver setup: ignoring JPA class transformer","exception":""}
{"timestamp":"2026-06-10 19:31:25.602","level":"INFO","thread":"main","correlationId":"","logger":"com.zaxxer.hikari.HikariDataSource","message":"HikariPool-21 - Starting...","exception":""}
{"timestamp":"2026-06-10 19:31:25.603","level":"INFO","thread":"main","correlationId":"","logger":"com.zaxxer.hikari.pool.HikariPool","message":"HikariPool-21 - Added connection conn200: url=jdbc:h2:mem:deliverydb user=SA","exception":""}
{"timestamp":"2026-06-10 19:31:25.603","level":"INFO","thread":"main","correlationId":"","logger":"com.zaxxer.hikari.HikariDataSource","message":"HikariPool-21 - Start completed.","exception":""}
{"timestamp":"2026-06-10 19:31:25.603","level":"WARN","thread":"main","correlationId":"","logger":"org.hibernate.orm.deprecation","message":"HHH90000025: H2Dialect does not need to be specified explicitly using 'hibernate.dialect' (remove the property setting and it will be selected by default)","exception":""}
{"timestamp":"2026-06-10 19:31:25.639","level":"INFO","thread":"main","correlationId":"","logger":"o.s.o.j.LocalContainerEntityManagerFactoryBean","message":"Initialized JPA EntityManagerFactory for persistence unit 'default'","exception":""}
{"timestamp":"2026-06-10 19:31:25.655","level":"INFO","thread":"main","correlationId":"","logger":"o.s.s.c.a.a.c.InitializeAuthenticationProviderBeanManagerConfigurer$InitializeAuthenticationProviderManagerConfigurer","message":"Global AuthenticationManager configured with AuthenticationProvider bean with name authenticationProvider","exception":""}
{"timestamp":"2026-06-10 19:31:25.655","level":"WARN","thread":"main","correlationId":"","logger":"o.s.s.c.a.a.c.InitializeUserDetailsBeanManagerConfigurer$InitializeUserDetailsManagerConfigurer","message":"Global AuthenticationManager configured with an AuthenticationProvider bean. UserDetailsService beans will not be used by Spring Security for automatically configuring username/password login. Consider removing the AuthenticationProvider bean. Alternatively, consider using the UserDetailsService in a manually instantiated DaoAuthenticationProvider. If the current configuration is intentional, to turn off this warning, increase the logging level of 'org.springframework.security.config.annotation.authentication.configuration.InitializeUserDetailsBeanManagerConfigurer' to ERROR","exception":""}
{"timestamp":"2026-06-10 19:31:25.742","level":"DEBUG","thread":"main","correlationId":"","logger":"o.s.w.s.m.m.a.RequestMappingHandlerMapping","message":"42 mappings in 'requestMappingHandlerMapping'","exception":""}
{"timestamp":"2026-06-10 19:31:25.773","level":"DEBUG","thread":"main","correlationId":"","logger":"o.s.w.s.h.SimpleUrlHandlerMapping","message":"Patterns [/webjars/**, /**, /swagger-ui*/*swagger-initializer.js, /swagger-ui*/**] in 'resourceHandlerMapping'","exception":""}
{"timestamp":"2026-06-10 19:31:25.821","level":"INFO","thread":"main","correlationId":"","logger":"o.s.b.a.e.web.EndpointLinksResolver","message":"Exposing 13 endpoints beneath base path '/actuator'","exception":""}
{"timestamp":"2026-06-10 19:31:25.869","level":"DEBUG","thread":"main","correlationId":"","logger":"o.s.s.web.DefaultSecurityFilterChain","message":"Will secure any request with filters: DisableEncodeUrlFilter, WebAsyncManagerIntegrationFilter, SecurityContextHolderFilter, HeaderWriterFilter, CorsFilter, LogoutFilter, JwtAuthenticationFilter, RequestCacheAwareFilter, SecurityContextHolderAwareRequestFilter, AnonymousAuthenticationFilter, SessionManagementFilter, ExceptionTranslationFilter, AuthorizationFilter","exception":""}
{"timestamp":"2026-06-10 19:31:25.903","level":"DEBUG","thread":"main","correlationId":"","logger":"o.s.w.s.m.m.a.RequestMappingHandlerAdapter","message":"ControllerAdvice beans: 0 @ModelAttribute, 0 @InitBinder, 1 RequestBodyAdvice, 1 ResponseBodyAdvice","exception":""}
{"timestamp":"2026-06-10 19:31:25.910","level":"DEBUG","thread":"main","correlationId":"","logger":"o.s.w.s.m.m.a.ExceptionHandlerExceptionResolver","message":"ControllerAdvice beans: 2 @ExceptionHandler, 1 ResponseBodyAdvice","exception":""}
{"timestamp":"2026-06-10 19:31:25.955","level":"INFO","thread":"main","correlationId":"","logger":"o.s.b.a.h.H2ConsoleAutoConfiguration","message":"H2 console available at '/h2-console'. Database available at 'jdbc:h2:mem:deliverydb'","exception":""}
{"timestamp":"2026-06-10 19:31:25.972","level":"DEBUG","thread":"main","correlationId":"","logger":"o.s.w.f.ServerHttpObservationFilter","message":"Filter 'webMvcObservationFilter' configured for use","exception":""}
{"timestamp":"2026-06-10 19:31:25.972","level":"INFO","thread":"main","correlationId":"","logger":"o.s.b.t.m.w.SpringBootMockServletContext","message":"Initializing Spring TestDispatcherServlet ''","exception":""}
{"timestamp":"2026-06-10 19:31:25.972","level":"INFO","thread":"main","correlationId":"","logger":"o.s.t.w.s.TestDispatcherServlet","message":"Initializing Servlet ''","exception":""}
{"timestamp":"2026-06-10 19:31:25.972","level":"INFO","thread":"main","correlationId":"","logger":"o.s.t.w.s.TestDispatcherServlet","message":"Completed initialization in 0 ms","exception":""}
{"timestamp":"2026-06-10 19:31:25.981","level":"INFO","thread":"main","correlationId":"","logger":"c.d.d.c.PedidoControllerTest","message":"Started PedidoControllerTest in 0.667 seconds (process running for 27.451)","exception":""}
{"timestamp":"2026-06-10 19:31:26.007","level":"DEBUG","thread":"main","correlationId":"","logger":"o.s.security.web.FilterChainProxy","message":"Securing GET /api/pedidos/cliente/4","exception":""}
{"timestamp":"2026-06-10 19:31:26.008","level":"WARN","thread":"main","correlationId":"","logger":"c.d.d.s.JwtAuthenticationFilter","message":"JWT Token não começa com Bearer String","exception":""}
{"timestamp":"2026-06-10 19:31:26.009","level":"DEBUG","thread":"main","correlationId":"","logger":"o.s.security.web.FilterChainProxy","message":"Secured GET /api/pedidos/cliente/4","exception":""}
{"timestamp":"2026-06-10 19:31:26.009","level":"DEBUG","thread":"main","correlationId":"339e86e4c6af4a3f","logger":"o.s.w.s.m.m.a.RequestMappingHandlerMapping","message":"Mapped to com.deliverytech.delivery_api.controller.PedidoController#buscarPorCliente(Long)","exception":""}
{"timestamp":"2026-06-10 19:31:26.019","level":"DEBUG","thread":"main","correlationId":"339e86e4c6af4a3f","logger":"o.s.w.s.m.m.a.HttpEntityMethodProcessor","message":"Using 'application/json', given [*/*] and supported [application/json, application/*+json, application/yaml]","exception":""}
{"timestamp":"2026-06-10 19:31:26.019","level":"DEBUG","thread":"main","correlationId":"339e86e4c6af4a3f","logger":"o.s.w.s.m.m.a.HttpEntityMethodProcessor","message":"Writing [[]]","exception":""}
{"timestamp":"2026-06-10 19:31:26.025","level":"DEBUG","thread":"main","correlationId":"","logger":"o.s.w.c.s.GenericWebApplicationContext","message":"Closing org.springframework.web.context.support.GenericWebApplicationContext@2f0f3255, started on Wed Jun 10 19:31:25 BRT 2026","exception":""}
{"timestamp":"2026-06-10 19:31:26.027","level":"INFO","thread":"main","correlationId":"","logger":"o.s.o.j.LocalContainerEntityManagerFactoryBean","message":"Closing JPA EntityManagerFactory for persistence unit 'default'","exception":""}
{"timestamp":"2026-06-10 19:31:26.028","level":"INFO","thread":"main","correlationId":"","logger":"com.zaxxer.hikari.HikariDataSource","message":"HikariPool-21 - Shutdown initiated...","exception":""}
{"timestamp":"2026-06-10 19:31:26.029","level":"INFO","thread":"main","correlationId":"","logger":"com.zaxxer.hikari.HikariDataSource","message":"HikariPool-21 - Shutdown completed.","exception":""}
{"timestamp":"2026-06-10 19:31:26.031","level":"INFO","thread":"main","correlationId":"","logger":"o.s.b.d.r.RestartApplicationListener","message":"Restart disabled due to context in which it is running","exception":""}
{"timestamp":"2026-06-10 19:31:26.056","level":"INFO","thread":"main","correlationId":"","logger":"c.d.d.c.PedidoControllerTest","message":"Starting PedidoControllerTest using Java 21.0.11 with PID 26828 (started by Santana in C:\Pasta Códiguinhos\arquitetura de sistemas fat\delivery-api\delivery-api)","exception":""}
{"timestamp":"2026-06-10 19:31:26.057","level":"INFO","thread":"main","correlationId":"","logger":"c.d.d.c.PedidoControllerTest","message":"The following 1 profile is active: "test"","exception":""}
{"timestamp":"2026-06-10 19:31:26.058","level":"DEBUG","thread":"main","correlationId":"","logger":"o.s.w.c.s.GenericWebApplicationContext","message":"Refreshing org.springframework.web.context.support.GenericWebApplicationContext@6a2c67b6","exception":""}
{"timestamp":"2026-06-10 19:31:26.226","level":"INFO","thread":"main","correlationId":"","logger":"o.s.d.r.c.RepositoryConfigurationDelegate","message":"Bootstrapping Spring Data JPA repositories in DEFAULT mode.","exception":""}
{"timestamp":"2026-06-10 19:31:26.242","level":"INFO","thread":"main","correlationId":"","logger":"o.s.d.r.c.RepositoryConfigurationDelegate","message":"Finished Spring Data repository scanning in 13 ms. Found 5 JPA repository interfaces.","exception":""}
{"timestamp":"2026-06-10 19:31:26.299","level":"INFO","thread":"main","correlationId":"","logger":"o.s.o.j.p.SpringPersistenceUnitInfo","message":"No LoadTimeWeaver setup: ignoring JPA class transformer","exception":""}
{"timestamp":"2026-06-10 19:31:26.299","level":"INFO","thread":"main","correlationId":"","logger":"com.zaxxer.hikari.HikariDataSource","message":"HikariPool-22 - Starting...","exception":""}
{"timestamp":"2026-06-10 19:31:26.300","level":"INFO","thread":"main","correlationId":"","logger":"com.zaxxer.hikari.pool.HikariPool","message":"HikariPool-22 - Added connection conn210: url=jdbc:h2:mem:deliverydb user=SA","exception":""}
{"timestamp":"2026-06-10 19:31:26.301","level":"INFO","thread":"main","correlationId":"","logger":"com.zaxxer.hikari.HikariDataSource","message":"HikariPool-22 - Start completed.","exception":""}
{"timestamp":"2026-06-10 19:31:26.301","level":"WARN","thread":"main","correlationId":"","logger":"org.hibernate.orm.deprecation","message":"HHH90000025: H2Dialect does not need to be specified explicitly using 'hibernate.dialect' (remove the property setting and it will be selected by default)","exception":""}
{"timestamp":"2026-06-10 19:31:26.346","level":"INFO","thread":"main","correlationId":"","logger":"o.s.o.j.LocalContainerEntityManagerFactoryBean","message":"Initialized JPA EntityManagerFactory for persistence unit 'default'","exception":""}
{"timestamp":"2026-06-10 19:31:26.377","level":"INFO","thread":"main","correlationId":"","logger":"o.s.s.c.a.a.c.InitializeAuthenticationProviderBeanManagerConfigurer$InitializeAuthenticationProviderManagerConfigurer","message":"Global AuthenticationManager configured with AuthenticationProvider bean with name authenticationProvider","exception":""}
{"timestamp":"2026-06-10 19:31:26.377","level":"WARN","thread":"main","correlationId":"","logger":"o.s.s.c.a.a.c.InitializeUserDetailsBeanManagerConfigurer$InitializeUserDetailsManagerConfigurer","message":"Global AuthenticationManager configured with an AuthenticationProvider bean. UserDetailsService beans will not be used by Spring Security for automatically configuring username/password login. Consider removing the AuthenticationProvider bean. Alternatively, consider using the UserDetailsService in a manually instantiated DaoAuthenticationProvider. If the current configuration is intentional, to turn off this warning, increase the logging level of 'org.springframework.security.config.annotation.authentication.configuration.InitializeUserDetailsBeanManagerConfigurer' to ERROR","exception":""}
{"timestamp":"2026-06-10 19:31:26.465","level":"DEBUG","thread":"main","correlationId":"","logger":"o.s.w.s.m.m.a.RequestMappingHandlerMapping","message":"42 mappings in 'requestMappingHandlerMapping'","exception":""}
{"timestamp":"2026-06-10 19:31:26.487","level":"DEBUG","thread":"main","correlationId":"","logger":"o.s.w.s.h.SimpleUrlHandlerMapping","message":"Patterns [/webjars/**, /**, /swagger-ui*/*swagger-initializer.js, /swagger-ui*/**] in 'resourceHandlerMapping'","exception":""}
{"timestamp":"2026-06-10 19:31:26.518","level":"INFO","thread":"main","correlationId":"","logger":"o.s.b.a.e.web.EndpointLinksResolver","message":"Exposing 13 endpoints beneath base path '/actuator'","exception":""}
{"timestamp":"2026-06-10 19:31:26.550","level":"DEBUG","thread":"main","correlationId":"","logger":"o.s.s.web.DefaultSecurityFilterChain","message":"Will secure any request with filters: DisableEncodeUrlFilter, WebAsyncManagerIntegrationFilter, SecurityContextHolderFilter, HeaderWriterFilter, CorsFilter, LogoutFilter, JwtAuthenticationFilter, RequestCacheAwareFilter, SecurityContextHolderAwareRequestFilter, AnonymousAuthenticationFilter, SessionManagementFilter, ExceptionTranslationFilter, AuthorizationFilter","exception":""}
{"timestamp":"2026-06-10 19:31:26.581","level":"DEBUG","thread":"main","correlationId":"","logger":"o.s.w.s.m.m.a.RequestMappingHandlerAdapter","message":"ControllerAdvice beans: 0 @ModelAttribute, 0 @InitBinder, 1 RequestBodyAdvice, 1 ResponseBodyAdvice","exception":""}
{"timestamp":"2026-06-10 19:31:26.587","level":"DEBUG","thread":"main","correlationId":"","logger":"o.s.w.s.m.m.a.ExceptionHandlerExceptionResolver","message":"ControllerAdvice beans: 2 @ExceptionHandler, 1 ResponseBodyAdvice","exception":""}
{"timestamp":"2026-06-10 19:31:26.628","level":"INFO","thread":"main","correlationId":"","logger":"o.s.b.a.h.H2ConsoleAutoConfiguration","message":"H2 console available at '/h2-console'. Database available at 'jdbc:h2:mem:deliverydb'","exception":""}
{"timestamp":"2026-06-10 19:31:26.640","level":"DEBUG","thread":"main","correlationId":"","logger":"o.s.w.f.ServerHttpObservationFilter","message":"Filter 'webMvcObservationFilter' configured for use","exception":""}
{"timestamp":"2026-06-10 19:31:26.640","level":"INFO","thread":"main","correlationId":"","logger":"o.s.b.t.m.w.SpringBootMockServletContext","message":"Initializing Spring TestDispatcherServlet ''","exception":""}
{"timestamp":"2026-06-10 19:31:26.640","level":"INFO","thread":"main","correlationId":"","logger":"o.s.t.w.s.TestDispatcherServlet","message":"Initializing Servlet ''","exception":""}
{"timestamp":"2026-06-10 19:31:26.641","level":"INFO","thread":"main","correlationId":"","logger":"o.s.t.w.s.TestDispatcherServlet","message":"Completed initialization in 1 ms","exception":""}
{"timestamp":"2026-06-10 19:31:26.648","level":"INFO","thread":"main","correlationId":"","logger":"c.d.d.c.PedidoControllerTest","message":"Started PedidoControllerTest in 0.617 seconds (process running for 28.117)","exception":""}
{"timestamp":"2026-06-10 19:31:26.670","level":"DEBUG","thread":"main","correlationId":"","logger":"o.s.security.web.FilterChainProxy","message":"Securing POST /api/pedidos","exception":""}
{"timestamp":"2026-06-10 19:31:26.670","level":"WARN","thread":"main","correlationId":"","logger":"c.d.d.s.JwtAuthenticationFilter","message":"JWT Token não começa com Bearer String","exception":""}
{"timestamp":"2026-06-10 19:31:26.672","level":"DEBUG","thread":"main","correlationId":"","logger":"o.s.security.web.FilterChainProxy","message":"Secured POST /api/pedidos","exception":""}
{"timestamp":"2026-06-10 19:31:26.672","level":"DEBUG","thread":"main","correlationId":"9baec85dbae746c7","logger":"o.s.w.s.m.m.a.RequestMappingHandlerMapping","message":"Mapped to com.deliverytech.delivery_api.controller.PedidoController#criarPedido(PedidoReqDTO)","exception":""}
{"timestamp":"2026-06-10 19:31:26.674","level":"DEBUG","thread":"main","correlationId":"9baec85dbae746c7","logger":"o.s.w.s.m.m.a.RequestResponseBodyMethodProcessor","message":"Read "application/json;charset=UTF-8" to [com.deliverytech.delivery_api.dto.req.PedidoReqDTO@12b9644d]","exception":""}
{"timestamp":"2026-06-10 19:31:26.683","level":"DEBUG","thread":"main","correlationId":"9baec85dbae746c7","logger":"o.s.w.s.m.m.a.ExceptionHandlerExceptionResolver","message":"Using @ExceptionHandler com.deliverytech.delivery_api.exception.GlobalExceptionHandler#handleBusinessException(BusinessException, HttpServletRequest)","exception":""}
{"timestamp":"2026-06-10 19:31:26.685","level":"DEBUG","thread":"main","correlationId":"9baec85dbae746c7","logger":"o.s.w.s.m.m.a.HttpEntityMethodProcessor","message":"Using 'application/json', given [*/*] and supported [application/json, application/*+json, application/yaml]","exception":""}
{"timestamp":"2026-06-10 19:31:26.686","level":"DEBUG","thread":"main","correlationId":"9baec85dbae746c7","logger":"o.s.w.s.m.m.a.HttpEntityMethodProcessor","message":"Writing [com.deliverytech.delivery_api.dto.ErrorResponse@63d4e6bd]","exception":""}
{"timestamp":"2026-06-10 19:31:26.686","level":"DEBUG","thread":"main","correlationId":"9baec85dbae746c7","logger":"o.s.w.s.m.m.a.ExceptionHandlerExceptionResolver","message":"Resolved [com.deliverytech.delivery_api.exception.BusinessException: Produto não pertence ao restaurante selecionado]","exception":""}
{"timestamp":"2026-06-10 19:31:26.692","level":"DEBUG","thread":"main","correlationId":"","logger":"o.s.w.c.s.GenericWebApplicationContext","message":"Closing org.springframework.web.context.support.GenericWebApplicationContext@6a2c67b6, started on Wed Jun 10 19:31:26 BRT 2026","exception":""}
{"timestamp":"2026-06-10 19:31:26.694","level":"INFO","thread":"main","correlationId":"","logger":"o.s.o.j.LocalContainerEntityManagerFactoryBean","message":"Closing JPA EntityManagerFactory for persistence unit 'default'","exception":""}
{"timestamp":"2026-06-10 19:31:26.695","level":"INFO","thread":"main","correlationId":"","logger":"com.zaxxer.hikari.HikariDataSource","message":"HikariPool-22 - Shutdown initiated...","exception":""}
{"timestamp":"2026-06-10 19:31:26.696","level":"INFO","thread":"main","correlationId":"","logger":"com.zaxxer.hikari.HikariDataSource","message":"HikariPool-22 - Shutdown completed.","exception":""}
{"timestamp":"2026-06-10 19:31:26.698","level":"INFO","thread":"main","correlationId":"","logger":"o.s.b.d.r.RestartApplicationListener","message":"Restart disabled due to context in which it is running","exception":""}
{"timestamp":"2026-06-10 19:31:26.715","level":"INFO","thread":"main","correlationId":"","logger":"c.d.d.c.PedidoControllerTest","message":"Starting PedidoControllerTest using Java 21.0.11 with PID 26828 (started by Santana in C:\Pasta Códiguinhos\arquitetura de sistemas fat\delivery-api\delivery-api)","exception":""}
{"timestamp":"2026-06-10 19:31:26.715","level":"INFO","thread":"main","correlationId":"","logger":"c.d.d.c.PedidoControllerTest","message":"The following 1 profile is active: "test"","exception":""}
{"timestamp":"2026-06-10 19:31:26.716","level":"DEBUG","thread":"main","correlationId":"","logger":"o.s.w.c.s.GenericWebApplicationContext","message":"Refreshing org.springframework.web.context.support.GenericWebApplicationContext@9293ae1","exception":""}
{"timestamp":"2026-06-10 19:31:26.937","level":"INFO","thread":"main","correlationId":"","logger":"o.s.d.r.c.RepositoryConfigurationDelegate","message":"Bootstrapping Spring Data JPA repositories in DEFAULT mode.","exception":""}
{"timestamp":"2026-06-10 19:31:26.953","level":"INFO","thread":"main","correlationId":"","logger":"o.s.d.r.c.RepositoryConfigurationDelegate","message":"Finished Spring Data repository scanning in 15 ms. Found 5 JPA repository interfaces.","exception":""}
{"timestamp":"2026-06-10 19:31:26.998","level":"INFO","thread":"main","correlationId":"","logger":"o.s.o.j.p.SpringPersistenceUnitInfo","message":"No LoadTimeWeaver setup: ignoring JPA class transformer","exception":""}
{"timestamp":"2026-06-10 19:31:26.999","level":"INFO","thread":"main","correlationId":"","logger":"com.zaxxer.hikari.HikariDataSource","message":"HikariPool-23 - Starting...","exception":""}
{"timestamp":"2026-06-10 19:31:27.000","level":"INFO","thread":"main","correlationId":"","logger":"com.zaxxer.hikari.pool.HikariPool","message":"HikariPool-23 - Added connection conn220: url=jdbc:h2:mem:deliverydb user=SA","exception":""}
{"timestamp":"2026-06-10 19:31:27.001","level":"INFO","thread":"main","correlationId":"","logger":"com.zaxxer.hikari.HikariDataSource","message":"HikariPool-23 - Start completed.","exception":""}
{"timestamp":"2026-06-10 19:31:27.001","level":"WARN","thread":"main","correlationId":"","logger":"org.hibernate.orm.deprecation","message":"HHH90000025: H2Dialect does not need to be specified explicitly using 'hibernate.dialect' (remove the property setting and it will be selected by default)","exception":""}
{"timestamp":"2026-06-10 19:31:27.045","level":"INFO","thread":"main","correlationId":"","logger":"o.s.o.j.LocalContainerEntityManagerFactoryBean","message":"Initialized JPA EntityManagerFactory for persistence unit 'default'","exception":""}
{"timestamp":"2026-06-10 19:31:27.069","level":"INFO","thread":"main","correlationId":"","logger":"o.s.s.c.a.a.c.InitializeAuthenticationProviderBeanManagerConfigurer$InitializeAuthenticationProviderManagerConfigurer","message":"Global AuthenticationManager configured with AuthenticationProvider bean with name authenticationProvider","exception":""}
{"timestamp":"2026-06-10 19:31:27.069","level":"WARN","thread":"main","correlationId":"","logger":"o.s.s.c.a.a.c.InitializeUserDetailsBeanManagerConfigurer$InitializeUserDetailsManagerConfigurer","message":"Global AuthenticationManager configured with an AuthenticationProvider bean. UserDetailsService beans will not be used by Spring Security for automatically configuring username/password login. Consider removing the AuthenticationProvider bean. Alternatively, consider using the UserDetailsService in a manually instantiated DaoAuthenticationProvider. If the current configuration is intentional, to turn off this warning, increase the logging level of 'org.springframework.security.config.annotation.authentication.configuration.InitializeUserDetailsBeanManagerConfigurer' to ERROR","exception":""}
{"timestamp":"2026-06-10 19:31:27.167","level":"DEBUG","thread":"main","correlationId":"","logger":"o.s.w.s.m.m.a.RequestMappingHandlerMapping","message":"42 mappings in 'requestMappingHandlerMapping'","exception":""}
{"timestamp":"2026-06-10 19:31:27.194","level":"DEBUG","thread":"main","correlationId":"","logger":"o.s.w.s.h.SimpleUrlHandlerMapping","message":"Patterns [/webjars/**, /**, /swagger-ui*/*swagger-initializer.js, /swagger-ui*/**] in 'resourceHandlerMapping'","exception":""}
{"timestamp":"2026-06-10 19:31:27.227","level":"INFO","thread":"main","correlationId":"","logger":"o.s.b.a.e.web.EndpointLinksResolver","message":"Exposing 13 endpoints beneath base path '/actuator'","exception":""}
{"timestamp":"2026-06-10 19:31:27.254","level":"DEBUG","thread":"main","correlationId":"","logger":"o.s.s.web.DefaultSecurityFilterChain","message":"Will secure any request with filters: DisableEncodeUrlFilter, WebAsyncManagerIntegrationFilter, SecurityContextHolderFilter, HeaderWriterFilter, CorsFilter, LogoutFilter, JwtAuthenticationFilter, RequestCacheAwareFilter, SecurityContextHolderAwareRequestFilter, AnonymousAuthenticationFilter, SessionManagementFilter, ExceptionTranslationFilter, AuthorizationFilter","exception":""}
{"timestamp":"2026-06-10 19:31:27.275","level":"DEBUG","thread":"main","correlationId":"","logger":"o.s.w.s.m.m.a.RequestMappingHandlerAdapter","message":"ControllerAdvice beans: 0 @ModelAttribute, 0 @InitBinder, 1 RequestBodyAdvice, 1 ResponseBodyAdvice","exception":""}
{"timestamp":"2026-06-10 19:31:27.280","level":"DEBUG","thread":"main","correlationId":"","logger":"o.s.w.s.m.m.a.ExceptionHandlerExceptionResolver","message":"ControllerAdvice beans: 2 @ExceptionHandler, 1 ResponseBodyAdvice","exception":""}
{"timestamp":"2026-06-10 19:31:27.320","level":"INFO","thread":"main","correlationId":"","logger":"o.s.b.a.h.H2ConsoleAutoConfiguration","message":"H2 console available at '/h2-console'. Database available at 'jdbc:h2:mem:deliverydb'","exception":""}
{"timestamp":"2026-06-10 19:31:27.332","level":"DEBUG","thread":"main","correlationId":"","logger":"o.s.w.f.ServerHttpObservationFilter","message":"Filter 'webMvcObservationFilter' configured for use","exception":""}
{"timestamp":"2026-06-10 19:31:27.332","level":"INFO","thread":"main","correlationId":"","logger":"o.s.b.t.m.w.SpringBootMockServletContext","message":"Initializing Spring TestDispatcherServlet ''","exception":""}
{"timestamp":"2026-06-10 19:31:27.332","level":"INFO","thread":"main","correlationId":"","logger":"o.s.t.w.s.TestDispatcherServlet","message":"Initializing Servlet ''","exception":""}
{"timestamp":"2026-06-10 19:31:27.333","level":"INFO","thread":"main","correlationId":"","logger":"o.s.t.w.s.TestDispatcherServlet","message":"Completed initialization in 1 ms","exception":""}
{"timestamp":"2026-06-10 19:31:27.342","level":"INFO","thread":"main","correlationId":"","logger":"c.d.d.c.PedidoControllerTest","message":"Started PedidoControllerTest in 0.644 seconds (process running for 28.812)","exception":""}
{"timestamp":"2026-06-10 19:31:27.372","level":"DEBUG","thread":"main","correlationId":"","logger":"o.s.security.web.FilterChainProxy","message":"Securing POST /api/pedidos","exception":""}
{"timestamp":"2026-06-10 19:31:27.372","level":"WARN","thread":"main","correlationId":"","logger":"c.d.d.s.JwtAuthenticationFilter","message":"JWT Token não começa com Bearer String","exception":""}
{"timestamp":"2026-06-10 19:31:27.372","level":"DEBUG","thread":"main","correlationId":"","logger":"o.s.security.web.FilterChainProxy","message":"Secured POST /api/pedidos","exception":""}
{"timestamp":"2026-06-10 19:31:27.374","level":"DEBUG","thread":"main","correlationId":"a737ca8f42304805","logger":"o.s.w.s.m.m.a.RequestMappingHandlerMapping","message":"Mapped to com.deliverytech.delivery_api.controller.PedidoController#criarPedido(PedidoReqDTO)","exception":""}
{"timestamp":"2026-06-10 19:31:27.376","level":"DEBUG","thread":"main","correlationId":"a737ca8f42304805","logger":"o.s.w.s.m.m.a.RequestResponseBodyMethodProcessor","message":"Read "application/json;charset=UTF-8" to [com.deliverytech.delivery_api.dto.req.PedidoReqDTO@280223fa]","exception":""}
{"timestamp":"2026-06-10 19:31:27.387","level":"DEBUG","thread":"main","correlationId":"a737ca8f42304805","logger":"o.s.w.s.m.m.a.HttpEntityMethodProcessor","message":"Using 'application/json', given [*/*] and supported [application/json, application/*+json, application/yaml]","exception":""}
{"timestamp":"2026-06-10 19:31:27.387","level":"DEBUG","thread":"main","correlationId":"a737ca8f42304805","logger":"o.s.w.s.m.m.a.HttpEntityMethodProcessor","message":"Writing [com.deliverytech.delivery_api.dto.res.PedidoResDTO@4ffafd49]","exception":""}
{"timestamp":"2026-06-10 19:31:27.392","level":"DEBUG","thread":"main","correlationId":"","logger":"o.s.security.web.FilterChainProxy","message":"Securing PATCH /api/pedidos/4/status","exception":""}
{"timestamp":"2026-06-10 19:31:27.392","level":"WARN","thread":"main","correlationId":"","logger":"c.d.d.s.JwtAuthenticationFilter","message":"JWT Token não começa com Bearer String","exception":""}
{"timestamp":"2026-06-10 19:31:27.392","level":"DEBUG","thread":"main","correlationId":"","logger":"o.s.security.web.FilterChainProxy","message":"Secured PATCH /api/pedidos/4/status","exception":""}
{"timestamp":"2026-06-10 19:31:27.394","level":"DEBUG","thread":"main","correlationId":"ed536e367f074cdd","logger":"o.s.w.s.m.m.a.RequestMappingHandlerMapping","message":"Mapped to com.deliverytech.delivery_api.controller.PedidoController#atualizarStatus(Long, StatusPedidoDTO)","exception":""}
{"timestamp":"2026-06-10 19:31:27.397","level":"DEBUG","thread":"main","correlationId":"ed536e367f074cdd","logger":"o.s.w.s.m.m.a.RequestResponseBodyMethodProcessor","message":"Read "application/json;charset=UTF-8" to [com.deliverytech.delivery_api.dto.StatusPedidoDTO@46c63c8a]","exception":""}
{"timestamp":"2026-06-10 19:31:27.400","level":"DEBUG","thread":"main","correlationId":"ed536e367f074cdd","logger":"o.s.w.s.m.m.a.HttpEntityMethodProcessor","message":"Using 'application/json', given [*/*] and supported [application/json, application/*+json, application/yaml]","exception":""}
{"timestamp":"2026-06-10 19:31:27.400","level":"DEBUG","thread":"main","correlationId":"ed536e367f074cdd","logger":"o.s.w.s.m.m.a.HttpEntityMethodProcessor","message":"Writing [com.deliverytech.delivery_api.dto.res.PedidoResDTO@7964a5f5]","exception":""}
{"timestamp":"2026-06-10 19:31:27.405","level":"DEBUG","thread":"main","correlationId":"","logger":"o.s.w.c.s.GenericWebApplicationContext","message":"Closing org.springframework.web.context.support.GenericWebApplicationContext@9293ae1, started on Wed Jun 10 19:31:26 BRT 2026","exception":""}
{"timestamp":"2026-06-10 19:31:27.407","level":"INFO","thread":"main","correlationId":"","logger":"o.s.o.j.LocalContainerEntityManagerFactoryBean","message":"Closing JPA EntityManagerFactory for persistence unit 'default'","exception":""}
{"timestamp":"2026-06-10 19:31:27.408","level":"INFO","thread":"main","correlationId":"","logger":"com.zaxxer.hikari.HikariDataSource","message":"HikariPool-23 - Shutdown initiated...","exception":""}
{"timestamp":"2026-06-10 19:31:27.408","level":"INFO","thread":"main","correlationId":"","logger":"com.zaxxer.hikari.HikariDataSource","message":"HikariPool-23 - Shutdown completed.","exception":""}
{"timestamp":"2026-06-10 19:31:27.410","level":"INFO","thread":"main","correlationId":"","logger":"o.s.b.d.r.RestartApplicationListener","message":"Restart disabled due to context in which it is running","exception":""}
{"timestamp":"2026-06-10 19:31:27.429","level":"INFO","thread":"main","correlationId":"","logger":"c.d.d.c.PedidoControllerTest","message":"Starting PedidoControllerTest using Java 21.0.11 with PID 26828 (started by Santana in C:\Pasta Códiguinhos\arquitetura de sistemas fat\delivery-api\delivery-api)","exception":""}
{"timestamp":"2026-06-10 19:31:27.430","level":"INFO","thread":"main","correlationId":"","logger":"c.d.d.c.PedidoControllerTest","message":"The following 1 profile is active: "test"","exception":""}
{"timestamp":"2026-06-10 19:31:27.431","level":"DEBUG","thread":"main","correlationId":"","logger":"o.s.w.c.s.GenericWebApplicationContext","message":"Refreshing org.springframework.web.context.support.GenericWebApplicationContext@53f4f336","exception":""}
{"timestamp":"2026-06-10 19:31:27.597","level":"INFO","thread":"main","correlationId":"","logger":"o.s.d.r.c.RepositoryConfigurationDelegate","message":"Bootstrapping Spring Data JPA repositories in DEFAULT mode.","exception":""}
{"timestamp":"2026-06-10 19:31:27.614","level":"INFO","thread":"main","correlationId":"","logger":"o.s.d.r.c.RepositoryConfigurationDelegate","message":"Finished Spring Data repository scanning in 15 ms. Found 5 JPA repository interfaces.","exception":""}
{"timestamp":"2026-06-10 19:31:27.676","level":"INFO","thread":"main","correlationId":"","logger":"o.s.o.j.p.SpringPersistenceUnitInfo","message":"No LoadTimeWeaver setup: ignoring JPA class transformer","exception":""}
{"timestamp":"2026-06-10 19:31:27.677","level":"INFO","thread":"main","correlationId":"","logger":"com.zaxxer.hikari.HikariDataSource","message":"HikariPool-24 - Starting...","exception":""}
{"timestamp":"2026-06-10 19:31:27.678","level":"INFO","thread":"main","correlationId":"","logger":"com.zaxxer.hikari.pool.HikariPool","message":"HikariPool-24 - Added connection conn230: url=jdbc:h2:mem:deliverydb user=SA","exception":""}
{"timestamp":"2026-06-10 19:31:27.678","level":"INFO","thread":"main","correlationId":"","logger":"com.zaxxer.hikari.HikariDataSource","message":"HikariPool-24 - Start completed.","exception":""}
{"timestamp":"2026-06-10 19:31:27.679","level":"WARN","thread":"main","correlationId":"","logger":"org.hibernate.orm.deprecation","message":"HHH90000025: H2Dialect does not need to be specified explicitly using 'hibernate.dialect' (remove the property setting and it will be selected by default)","exception":""}
{"timestamp":"2026-06-10 19:31:27.716","level":"INFO","thread":"main","correlationId":"","logger":"o.s.o.j.LocalContainerEntityManagerFactoryBean","message":"Initialized JPA EntityManagerFactory for persistence unit 'default'","exception":""}
{"timestamp":"2026-06-10 19:31:27.741","level":"INFO","thread":"main","correlationId":"","logger":"o.s.s.c.a.a.c.InitializeAuthenticationProviderBeanManagerConfigurer$InitializeAuthenticationProviderManagerConfigurer","message":"Global AuthenticationManager configured with AuthenticationProvider bean with name authenticationProvider","exception":""}
{"timestamp":"2026-06-10 19:31:27.741","level":"WARN","thread":"main","correlationId":"","logger":"o.s.s.c.a.a.c.InitializeUserDetailsBeanManagerConfigurer$InitializeUserDetailsManagerConfigurer","message":"Global AuthenticationManager configured with an AuthenticationProvider bean. UserDetailsService beans will not be used by Spring Security for automatically configuring username/password login. Consider removing the AuthenticationProvider bean. Alternatively, consider using the UserDetailsService in a manually instantiated DaoAuthenticationProvider. If the current configuration is intentional, to turn off this warning, increase the logging level of 'org.springframework.security.config.annotation.authentication.configuration.InitializeUserDetailsBeanManagerConfigurer' to ERROR","exception":""}
{"timestamp":"2026-06-10 19:31:27.860","level":"DEBUG","thread":"main","correlationId":"","logger":"o.s.w.s.m.m.a.RequestMappingHandlerMapping","message":"42 mappings in 'requestMappingHandlerMapping'","exception":""}
{"timestamp":"2026-06-10 19:31:27.900","level":"DEBUG","thread":"main","correlationId":"","logger":"o.s.w.s.h.SimpleUrlHandlerMapping","message":"Patterns [/webjars/**, /**, /swagger-ui*/*swagger-initializer.js, /swagger-ui*/**] in 'resourceHandlerMapping'","exception":""}
{"timestamp":"2026-06-10 19:31:27.962","level":"INFO","thread":"main","correlationId":"","logger":"o.s.b.a.e.web.EndpointLinksResolver","message":"Exposing 13 endpoints beneath base path '/actuator'","exception":""}
{"timestamp":"2026-06-10 19:31:28.027","level":"DEBUG","thread":"main","correlationId":"","logger":"o.s.s.web.DefaultSecurityFilterChain","message":"Will secure any request with filters: DisableEncodeUrlFilter, WebAsyncManagerIntegrationFilter, SecurityContextHolderFilter, HeaderWriterFilter, CorsFilter, LogoutFilter, JwtAuthenticationFilter, RequestCacheAwareFilter, SecurityContextHolderAwareRequestFilter, AnonymousAuthenticationFilter, SessionManagementFilter, ExceptionTranslationFilter, AuthorizationFilter","exception":""}
{"timestamp":"2026-06-10 19:31:28.062","level":"DEBUG","thread":"main","correlationId":"","logger":"o.s.w.s.m.m.a.RequestMappingHandlerAdapter","message":"ControllerAdvice beans: 0 @ModelAttribute, 0 @InitBinder, 1 RequestBodyAdvice, 1 ResponseBodyAdvice","exception":""}
{"timestamp":"2026-06-10 19:31:28.068","level":"DEBUG","thread":"main","correlationId":"","logger":"o.s.w.s.m.m.a.ExceptionHandlerExceptionResolver","message":"ControllerAdvice beans: 2 @ExceptionHandler, 1 ResponseBodyAdvice","exception":""}
{"timestamp":"2026-06-10 19:31:28.104","level":"INFO","thread":"main","correlationId":"","logger":"o.s.b.a.h.H2ConsoleAutoConfiguration","message":"H2 console available at '/h2-console'. Database available at 'jdbc:h2:mem:deliverydb'","exception":""}
{"timestamp":"2026-06-10 19:31:28.122","level":"DEBUG","thread":"main","correlationId":"","logger":"o.s.w.f.ServerHttpObservationFilter","message":"Filter 'webMvcObservationFilter' configured for use","exception":""}
{"timestamp":"2026-06-10 19:31:28.122","level":"INFO","thread":"main","correlationId":"","logger":"o.s.b.t.m.w.SpringBootMockServletContext","message":"Initializing Spring TestDispatcherServlet ''","exception":""}
{"timestamp":"2026-06-10 19:31:28.122","level":"INFO","thread":"main","correlationId":"","logger":"o.s.t.w.s.TestDispatcherServlet","message":"Initializing Servlet ''","exception":""}
{"timestamp":"2026-06-10 19:31:28.125","level":"INFO","thread":"main","correlationId":"","logger":"o.s.t.w.s.TestDispatcherServlet","message":"Completed initialization in 2 ms","exception":""}
{"timestamp":"2026-06-10 19:31:28.139","level":"INFO","thread":"main","correlationId":"","logger":"c.d.d.c.PedidoControllerTest","message":"Started PedidoControllerTest in 0.729 seconds (process running for 29.609)","exception":""}
{"timestamp":"2026-06-10 19:31:28.179","level":"DEBUG","thread":"main","correlationId":"","logger":"o.s.security.web.FilterChainProxy","message":"Securing POST /api/pedidos","exception":""}
{"timestamp":"2026-06-10 19:31:28.180","level":"WARN","thread":"main","correlationId":"","logger":"c.d.d.s.JwtAuthenticationFilter","message":"JWT Token não começa com Bearer String","exception":""}
{"timestamp":"2026-06-10 19:31:28.181","level":"DEBUG","thread":"main","correlationId":"","logger":"o.s.security.web.FilterChainProxy","message":"Secured POST /api/pedidos","exception":""}
{"timestamp":"2026-06-10 19:31:28.181","level":"DEBUG","thread":"main","correlationId":"28a1bcca799748c5","logger":"o.s.w.s.m.m.a.RequestMappingHandlerMapping","message":"Mapped to com.deliverytech.delivery_api.controller.PedidoController#criarPedido(PedidoReqDTO)","exception":""}
{"timestamp":"2026-06-10 19:31:28.183","level":"DEBUG","thread":"main","correlationId":"28a1bcca799748c5","logger":"o.s.w.s.m.m.a.RequestResponseBodyMethodProcessor","message":"Read "application/json;charset=UTF-8" to [com.deliverytech.delivery_api.dto.req.PedidoReqDTO@20c645bd]","exception":""}
{"timestamp":"2026-06-10 19:31:28.199","level":"DEBUG","thread":"main","correlationId":"28a1bcca799748c5","logger":"o.s.w.s.m.m.a.HttpEntityMethodProcessor","message":"Using 'application/json', given [*/*] and supported [application/json, application/*+json, application/yaml]","exception":""}
{"timestamp":"2026-06-10 19:31:28.199","level":"DEBUG","thread":"main","correlationId":"28a1bcca799748c5","logger":"o.s.w.s.m.m.a.HttpEntityMethodProcessor","message":"Writing [com.deliverytech.delivery_api.dto.res.PedidoResDTO@139b3754]","exception":""}
{"timestamp":"2026-06-10 19:31:28.203","level":"DEBUG","thread":"main","correlationId":"","logger":"o.s.security.web.FilterChainProxy","message":"Securing PATCH /api/pedidos/4/status","exception":""}
{"timestamp":"2026-06-10 19:31:28.204","level":"WARN","thread":"main","correlationId":"","logger":"c.d.d.s.JwtAuthenticationFilter","message":"JWT Token não começa com Bearer String","exception":""}
{"timestamp":"2026-06-10 19:31:28.205","level":"DEBUG","thread":"main","correlationId":"","logger":"o.s.security.web.FilterChainProxy","message":"Secured PATCH /api/pedidos/4/status","exception":""}
{"timestamp":"2026-06-10 19:31:28.205","level":"DEBUG","thread":"main","correlationId":"16bb94c262824498","logger":"o.s.w.s.m.m.a.RequestMappingHandlerMapping","message":"Mapped to com.deliverytech.delivery_api.controller.PedidoController#atualizarStatus(Long, StatusPedidoDTO)","exception":""}
{"timestamp":"2026-06-10 19:31:28.206","level":"DEBUG","thread":"main","correlationId":"16bb94c262824498","logger":"o.s.w.s.m.m.a.RequestResponseBodyMethodProcessor","message":"Read "application/json;charset=UTF-8" to [com.deliverytech.delivery_api.dto.StatusPedidoDTO@4bee1dee]","exception":""}
{"timestamp":"2026-06-10 19:31:28.209","level":"DEBUG","thread":"main","correlationId":"16bb94c262824498","logger":"o.s.w.s.m.m.a.ExceptionHandlerExceptionResolver","message":"Using @ExceptionHandler com.deliverytech.delivery_api.exception.GlobalExceptionHandler#handleBusinessException(BusinessException, HttpServletRequest)","exception":""}
{"timestamp":"2026-06-10 19:31:28.211","level":"DEBUG","thread":"main","correlationId":"16bb94c262824498","logger":"o.s.w.s.m.m.a.HttpEntityMethodProcessor","message":"Using 'application/json', given [*/*] and supported [application/json, application/*+json, application/yaml]","exception":""}
{"timestamp":"2026-06-10 19:31:28.211","level":"DEBUG","thread":"main","correlationId":"16bb94c262824498","logger":"o.s.w.s.m.m.a.HttpEntityMethodProcessor","message":"Writing [com.deliverytech.delivery_api.dto.ErrorResponse@4a2abdaa]","exception":""}
{"timestamp":"2026-06-10 19:31:28.212","level":"DEBUG","thread":"main","correlationId":"16bb94c262824498","logger":"o.s.w.s.m.m.a.ExceptionHandlerExceptionResolver","message":"Resolved [com.deliverytech.delivery_api.exception.BusinessException: Transição de status inválida: PENDENTE -> ENTREGUE]","exception":""}
{"timestamp":"2026-06-10 19:31:28.217","level":"DEBUG","thread":"main","correlationId":"","logger":"o.s.w.c.s.GenericWebApplicationContext","message":"Closing org.springframework.web.context.support.GenericWebApplicationContext@53f4f336, started on Wed Jun 10 19:31:27 BRT 2026","exception":""}
{"timestamp":"2026-06-10 19:31:28.219","level":"INFO","thread":"main","correlationId":"","logger":"o.s.o.j.LocalContainerEntityManagerFactoryBean","message":"Closing JPA EntityManagerFactory for persistence unit 'default'","exception":""}
{"timestamp":"2026-06-10 19:31:28.220","level":"INFO","thread":"main","correlationId":"","logger":"com.zaxxer.hikari.HikariDataSource","message":"HikariPool-24 - Shutdown initiated...","exception":""}
{"timestamp":"2026-06-10 19:31:28.222","level":"INFO","thread":"main","correlationId":"","logger":"com.zaxxer.hikari.HikariDataSource","message":"HikariPool-24 - Shutdown completed.","exception":""}
{"timestamp":"2026-06-10 19:31:28.223","level":"INFO","thread":"main","correlationId":"","logger":"o.s.b.d.r.RestartApplicationListener","message":"Restart disabled due to context in which it is running","exception":""}
{"timestamp":"2026-06-10 19:31:28.242","level":"INFO","thread":"main","correlationId":"","logger":"c.d.d.c.PedidoControllerTest","message":"Starting PedidoControllerTest using Java 21.0.11 with PID 26828 (started by Santana in C:\Pasta Códiguinhos\arquitetura de sistemas fat\delivery-api\delivery-api)","exception":""}
{"timestamp":"2026-06-10 19:31:28.242","level":"INFO","thread":"main","correlationId":"","logger":"c.d.d.c.PedidoControllerTest","message":"The following 1 profile is active: "test"","exception":""}
{"timestamp":"2026-06-10 19:31:28.243","level":"DEBUG","thread":"main","correlationId":"","logger":"o.s.w.c.s.GenericWebApplicationContext","message":"Refreshing org.springframework.web.context.support.GenericWebApplicationContext@ab558e","exception":""}
{"timestamp":"2026-06-10 19:31:28.421","level":"INFO","thread":"main","correlationId":"","logger":"o.s.d.r.c.RepositoryConfigurationDelegate","message":"Bootstrapping Spring Data JPA repositories in DEFAULT mode.","exception":""}
{"timestamp":"2026-06-10 19:31:28.439","level":"INFO","thread":"main","correlationId":"","logger":"o.s.d.r.c.RepositoryConfigurationDelegate","message":"Finished Spring Data repository scanning in 17 ms. Found 5 JPA repository interfaces.","exception":""}
{"timestamp":"2026-06-10 19:31:28.498","level":"INFO","thread":"main","correlationId":"","logger":"o.s.o.j.p.SpringPersistenceUnitInfo","message":"No LoadTimeWeaver setup: ignoring JPA class transformer","exception":""}
{"timestamp":"2026-06-10 19:31:28.499","level":"INFO","thread":"main","correlationId":"","logger":"com.zaxxer.hikari.HikariDataSource","message":"HikariPool-25 - Starting...","exception":""}
{"timestamp":"2026-06-10 19:31:28.500","level":"INFO","thread":"main","correlationId":"","logger":"com.zaxxer.hikari.pool.HikariPool","message":"HikariPool-25 - Added connection conn240: url=jdbc:h2:mem:deliverydb user=SA","exception":""}
{"timestamp":"2026-06-10 19:31:28.500","level":"INFO","thread":"main","correlationId":"","logger":"com.zaxxer.hikari.HikariDataSource","message":"HikariPool-25 - Start completed.","exception":""}
{"timestamp":"2026-06-10 19:31:28.500","level":"WARN","thread":"main","correlationId":"","logger":"org.hibernate.orm.deprecation","message":"HHH90000025: H2Dialect does not need to be specified explicitly using 'hibernate.dialect' (remove the property setting and it will be selected by default)","exception":""}
{"timestamp":"2026-06-10 19:31:28.537","level":"INFO","thread":"main","correlationId":"","logger":"o.s.o.j.LocalContainerEntityManagerFactoryBean","message":"Initialized JPA EntityManagerFactory for persistence unit 'default'","exception":""}
{"timestamp":"2026-06-10 19:31:28.560","level":"INFO","thread":"main","correlationId":"","logger":"o.s.s.c.a.a.c.InitializeAuthenticationProviderBeanManagerConfigurer$InitializeAuthenticationProviderManagerConfigurer","message":"Global AuthenticationManager configured with AuthenticationProvider bean with name authenticationProvider","exception":""}
{"timestamp":"2026-06-10 19:31:28.560","level":"WARN","thread":"main","correlationId":"","logger":"o.s.s.c.a.a.c.InitializeUserDetailsBeanManagerConfigurer$InitializeUserDetailsManagerConfigurer","message":"Global AuthenticationManager configured with an AuthenticationProvider bean. UserDetailsService beans will not be used by Spring Security for automatically configuring username/password login. Consider removing the AuthenticationProvider bean. Alternatively, consider using the UserDetailsService in a manually instantiated DaoAuthenticationProvider. If the current configuration is intentional, to turn off this warning, increase the logging level of 'org.springframework.security.config.annotation.authentication.configuration.InitializeUserDetailsBeanManagerConfigurer' to ERROR","exception":""}
{"timestamp":"2026-06-10 19:31:28.672","level":"DEBUG","thread":"main","correlationId":"","logger":"o.s.w.s.m.m.a.RequestMappingHandlerMapping","message":"42 mappings in 'requestMappingHandlerMapping'","exception":""}
{"timestamp":"2026-06-10 19:31:28.692","level":"DEBUG","thread":"main","correlationId":"","logger":"o.s.w.s.h.SimpleUrlHandlerMapping","message":"Patterns [/webjars/**, /**, /swagger-ui*/*swagger-initializer.js, /swagger-ui*/**] in 'resourceHandlerMapping'","exception":""}
{"timestamp":"2026-06-10 19:31:28.729","level":"INFO","thread":"main","correlationId":"","logger":"o.s.b.a.e.web.EndpointLinksResolver","message":"Exposing 13 endpoints beneath base path '/actuator'","exception":""}
{"timestamp":"2026-06-10 19:31:28.760","level":"DEBUG","thread":"main","correlationId":"","logger":"o.s.s.web.DefaultSecurityFilterChain","message":"Will secure any request with filters: DisableEncodeUrlFilter, WebAsyncManagerIntegrationFilter, SecurityContextHolderFilter, HeaderWriterFilter, CorsFilter, LogoutFilter, JwtAuthenticationFilter, RequestCacheAwareFilter, SecurityContextHolderAwareRequestFilter, AnonymousAuthenticationFilter, SessionManagementFilter, ExceptionTranslationFilter, AuthorizationFilter","exception":""}
{"timestamp":"2026-06-10 19:31:28.782","level":"DEBUG","thread":"main","correlationId":"","logger":"o.s.w.s.m.m.a.RequestMappingHandlerAdapter","message":"ControllerAdvice beans: 0 @ModelAttribute, 0 @InitBinder, 1 RequestBodyAdvice, 1 ResponseBodyAdvice","exception":""}
{"timestamp":"2026-06-10 19:31:28.787","level":"DEBUG","thread":"main","correlationId":"","logger":"o.s.w.s.m.m.a.ExceptionHandlerExceptionResolver","message":"ControllerAdvice beans: 2 @ExceptionHandler, 1 ResponseBodyAdvice","exception":""}
{"timestamp":"2026-06-10 19:31:28.822","level":"INFO","thread":"main","correlationId":"","logger":"o.s.b.a.h.H2ConsoleAutoConfiguration","message":"H2 console available at '/h2-console'. Database available at 'jdbc:h2:mem:deliverydb'","exception":""}
{"timestamp":"2026-06-10 19:31:28.832","level":"DEBUG","thread":"main","correlationId":"","logger":"o.s.w.f.ServerHttpObservationFilter","message":"Filter 'webMvcObservationFilter' configured for use","exception":""}
{"timestamp":"2026-06-10 19:31:28.832","level":"INFO","thread":"main","correlationId":"","logger":"o.s.b.t.m.w.SpringBootMockServletContext","message":"Initializing Spring TestDispatcherServlet ''","exception":""}
{"timestamp":"2026-06-10 19:31:28.832","level":"INFO","thread":"main","correlationId":"","logger":"o.s.t.w.s.TestDispatcherServlet","message":"Initializing Servlet ''","exception":""}
{"timestamp":"2026-06-10 19:31:28.832","level":"INFO","thread":"main","correlationId":"","logger":"o.s.t.w.s.TestDispatcherServlet","message":"Completed initialization in 0 ms","exception":""}
{"timestamp":"2026-06-10 19:31:28.842","level":"INFO","thread":"main","correlationId":"","logger":"c.d.d.c.PedidoControllerTest","message":"Started PedidoControllerTest in 0.617 seconds (process running for 30.311)","exception":""}
{"timestamp":"2026-06-10 19:31:28.862","level":"DEBUG","thread":"main","correlationId":"","logger":"o.s.security.web.FilterChainProxy","message":"Securing POST /api/pedidos/calcular","exception":""}
{"timestamp":"2026-06-10 19:31:28.862","level":"WARN","thread":"main","correlationId":"","logger":"c.d.d.s.JwtAuthenticationFilter","message":"JWT Token não começa com Bearer String","exception":""}
{"timestamp":"2026-06-10 19:31:28.864","level":"DEBUG","thread":"main","correlationId":"","logger":"o.s.security.web.FilterChainProxy","message":"Secured POST /api/pedidos/calcular","exception":""}
{"timestamp":"2026-06-10 19:31:28.864","level":"DEBUG","thread":"main","correlationId":"01fa19feb7ee4ebc","logger":"o.s.w.s.m.m.a.RequestMappingHandlerMapping","message":"Mapped to com.deliverytech.delivery_api.controller.PedidoController#calcularTotal(List)","exception":""}
{"timestamp":"2026-06-10 19:31:28.866","level":"DEBUG","thread":"main","correlationId":"01fa19feb7ee4ebc","logger":"o.s.w.s.m.m.a.RequestResponseBodyMethodProcessor","message":"Read "application/json;charset=UTF-8" to [[com.deliverytech.delivery_api.dto.ItemPedidoDTO@1d3421e3]]","exception":""}
{"timestamp":"2026-06-10 19:31:28.881","level":"DEBUG","thread":"main","correlationId":"01fa19feb7ee4ebc","logger":"o.s.w.s.m.m.a.HttpEntityMethodProcessor","message":"Using 'application/json', given [*/*] and supported [application/json, application/*+json, application/yaml]","exception":""}
{"timestamp":"2026-06-10 19:31:28.881","level":"DEBUG","thread":"main","correlationId":"01fa19feb7ee4ebc","logger":"o.s.w.s.m.m.a.HttpEntityMethodProcessor","message":"Writing [89.7]","exception":""}
{"timestamp":"2026-06-10 19:31:28.887","level":"DEBUG","thread":"main","correlationId":"","logger":"o.s.w.c.s.GenericWebApplicationContext","message":"Closing org.springframework.web.context.support.GenericWebApplicationContext@ab558e, started on Wed Jun 10 19:31:28 BRT 2026","exception":""}
{"timestamp":"2026-06-10 19:31:28.889","level":"INFO","thread":"main","correlationId":"","logger":"o.s.o.j.LocalContainerEntityManagerFactoryBean","message":"Closing JPA EntityManagerFactory for persistence unit 'default'","exception":""}
{"timestamp":"2026-06-10 19:31:28.890","level":"INFO","thread":"main","correlationId":"","logger":"com.zaxxer.hikari.HikariDataSource","message":"HikariPool-25 - Shutdown initiated...","exception":""}
{"timestamp":"2026-06-10 19:31:28.895","level":"INFO","thread":"main","correlationId":"","logger":"com.zaxxer.hikari.HikariDataSource","message":"HikariPool-25 - Shutdown completed.","exception":""}
{"timestamp":"2026-06-10 19:31:28.897","level":"INFO","thread":"main","correlationId":"","logger":"o.s.b.d.r.RestartApplicationListener","message":"Restart disabled due to context in which it is running","exception":""}
{"timestamp":"2026-06-10 19:31:28.935","level":"INFO","thread":"main","correlationId":"","logger":"c.d.d.c.PedidoControllerTest","message":"Starting PedidoControllerTest using Java 21.0.11 with PID 26828 (started by Santana in C:\Pasta Códiguinhos\arquitetura de sistemas fat\delivery-api\delivery-api)","exception":""}
{"timestamp":"2026-06-10 19:31:28.936","level":"INFO","thread":"main","correlationId":"","logger":"c.d.d.c.PedidoControllerTest","message":"The following 1 profile is active: "test"","exception":""}
{"timestamp":"2026-06-10 19:31:28.937","level":"DEBUG","thread":"main","correlationId":"","logger":"o.s.w.c.s.GenericWebApplicationContext","message":"Refreshing org.springframework.web.context.support.GenericWebApplicationContext@fbc7262","exception":""}
{"timestamp":"2026-06-10 19:31:29.164","level":"INFO","thread":"main","correlationId":"","logger":"o.s.d.r.c.RepositoryConfigurationDelegate","message":"Bootstrapping Spring Data JPA repositories in DEFAULT mode.","exception":""}
{"timestamp":"2026-06-10 19:31:29.179","level":"INFO","thread":"main","correlationId":"","logger":"o.s.d.r.c.RepositoryConfigurationDelegate","message":"Finished Spring Data repository scanning in 15 ms. Found 5 JPA repository interfaces.","exception":""}
{"timestamp":"2026-06-10 19:31:29.245","level":"INFO","thread":"main","correlationId":"","logger":"o.s.o.j.p.SpringPersistenceUnitInfo","message":"No LoadTimeWeaver setup: ignoring JPA class transformer","exception":""}
{"timestamp":"2026-06-10 19:31:29.245","level":"INFO","thread":"main","correlationId":"","logger":"com.zaxxer.hikari.HikariDataSource","message":"HikariPool-26 - Starting...","exception":""}
{"timestamp":"2026-06-10 19:31:29.246","level":"INFO","thread":"main","correlationId":"","logger":"com.zaxxer.hikari.pool.HikariPool","message":"HikariPool-26 - Added connection conn250: url=jdbc:h2:mem:deliverydb user=SA","exception":""}
{"timestamp":"2026-06-10 19:31:29.247","level":"INFO","thread":"main","correlationId":"","logger":"com.zaxxer.hikari.HikariDataSource","message":"HikariPool-26 - Start completed.","exception":""}
{"timestamp":"2026-06-10 19:31:29.247","level":"WARN","thread":"main","correlationId":"","logger":"org.hibernate.orm.deprecation","message":"HHH90000025: H2Dialect does not need to be specified explicitly using 'hibernate.dialect' (remove the property setting and it will be selected by default)","exception":""}
{"timestamp":"2026-06-10 19:31:29.289","level":"INFO","thread":"main","correlationId":"","logger":"o.s.o.j.LocalContainerEntityManagerFactoryBean","message":"Initialized JPA EntityManagerFactory for persistence unit 'default'","exception":""}
{"timestamp":"2026-06-10 19:31:29.315","level":"INFO","thread":"main","correlationId":"","logger":"o.s.s.c.a.a.c.InitializeAuthenticationProviderBeanManagerConfigurer$InitializeAuthenticationProviderManagerConfigurer","message":"Global AuthenticationManager configured with AuthenticationProvider bean with name authenticationProvider","exception":""}
{"timestamp":"2026-06-10 19:31:29.315","level":"WARN","thread":"main","correlationId":"","logger":"o.s.s.c.a.a.c.InitializeUserDetailsBeanManagerConfigurer$InitializeUserDetailsManagerConfigurer","message":"Global AuthenticationManager configured with an AuthenticationProvider bean. UserDetailsService beans will not be used by Spring Security for automatically configuring username/password login. Consider removing the AuthenticationProvider bean. Alternatively, consider using the UserDetailsService in a manually instantiated DaoAuthenticationProvider. If the current configuration is intentional, to turn off this warning, increase the logging level of 'org.springframework.security.config.annotation.authentication.configuration.InitializeUserDetailsBeanManagerConfigurer' to ERROR","exception":""}
{"timestamp":"2026-06-10 19:31:29.414","level":"DEBUG","thread":"main","correlationId":"","logger":"o.s.w.s.m.m.a.RequestMappingHandlerMapping","message":"42 mappings in 'requestMappingHandlerMapping'","exception":""}
{"timestamp":"2026-06-10 19:31:29.436","level":"DEBUG","thread":"main","correlationId":"","logger":"o.s.w.s.h.SimpleUrlHandlerMapping","message":"Patterns [/webjars/**, /**, /swagger-ui*/*swagger-initializer.js, /swagger-ui*/**] in 'resourceHandlerMapping'","exception":""}
{"timestamp":"2026-06-10 19:31:29.481","level":"INFO","thread":"main","correlationId":"","logger":"o.s.b.a.e.web.EndpointLinksResolver","message":"Exposing 13 endpoints beneath base path '/actuator'","exception":""}
{"timestamp":"2026-06-10 19:31:29.515","level":"DEBUG","thread":"main","correlationId":"","logger":"o.s.s.web.DefaultSecurityFilterChain","message":"Will secure any request with filters: DisableEncodeUrlFilter, WebAsyncManagerIntegrationFilter, SecurityContextHolderFilter, HeaderWriterFilter, CorsFilter, LogoutFilter, JwtAuthenticationFilter, RequestCacheAwareFilter, SecurityContextHolderAwareRequestFilter, AnonymousAuthenticationFilter, SessionManagementFilter, ExceptionTranslationFilter, AuthorizationFilter","exception":""}
{"timestamp":"2026-06-10 19:31:29.536","level":"DEBUG","thread":"main","correlationId":"","logger":"o.s.w.s.m.m.a.RequestMappingHandlerAdapter","message":"ControllerAdvice beans: 0 @ModelAttribute, 0 @InitBinder, 1 RequestBodyAdvice, 1 ResponseBodyAdvice","exception":""}
{"timestamp":"2026-06-10 19:31:29.540","level":"DEBUG","thread":"main","correlationId":"","logger":"o.s.w.s.m.m.a.ExceptionHandlerExceptionResolver","message":"ControllerAdvice beans: 2 @ExceptionHandler, 1 ResponseBodyAdvice","exception":""}
{"timestamp":"2026-06-10 19:31:29.569","level":"INFO","thread":"main","correlationId":"","logger":"o.s.b.a.h.H2ConsoleAutoConfiguration","message":"H2 console available at '/h2-console'. Database available at 'jdbc:h2:mem:deliverydb'","exception":""}
{"timestamp":"2026-06-10 19:31:29.580","level":"DEBUG","thread":"main","correlationId":"","logger":"o.s.w.f.ServerHttpObservationFilter","message":"Filter 'webMvcObservationFilter' configured for use","exception":""}
{"timestamp":"2026-06-10 19:31:29.581","level":"INFO","thread":"main","correlationId":"","logger":"o.s.b.t.m.w.SpringBootMockServletContext","message":"Initializing Spring TestDispatcherServlet ''","exception":""}
{"timestamp":"2026-06-10 19:31:29.581","level":"INFO","thread":"main","correlationId":"","logger":"o.s.t.w.s.TestDispatcherServlet","message":"Initializing Servlet ''","exception":""}
{"timestamp":"2026-06-10 19:31:29.581","level":"INFO","thread":"main","correlationId":"","logger":"o.s.t.w.s.TestDispatcherServlet","message":"Completed initialization in 0 ms","exception":""}
{"timestamp":"2026-06-10 19:31:29.594","level":"INFO","thread":"main","correlationId":"","logger":"c.d.d.c.PedidoControllerTest","message":"Started PedidoControllerTest in 0.697 seconds (process running for 31.063)","exception":""}
{"timestamp":"2026-06-10 19:31:29.614","level":"DEBUG","thread":"main","correlationId":"","logger":"o.s.security.web.FilterChainProxy","message":"Securing GET /api/pedidos/999999","exception":""}
{"timestamp":"2026-06-10 19:31:29.614","level":"WARN","thread":"main","correlationId":"","logger":"c.d.d.s.JwtAuthenticationFilter","message":"JWT Token não começa com Bearer String","exception":""}
{"timestamp":"2026-06-10 19:31:29.615","level":"DEBUG","thread":"main","correlationId":"","logger":"o.s.security.web.FilterChainProxy","message":"Secured GET /api/pedidos/999999","exception":""}
{"timestamp":"2026-06-10 19:31:29.616","level":"DEBUG","thread":"main","correlationId":"230f915f994c4c0c","logger":"o.s.w.s.m.m.a.RequestMappingHandlerMapping","message":"Mapped to com.deliverytech.delivery_api.controller.PedidoController#buscarPorId(Long)","exception":""}
{"timestamp":"2026-06-10 19:31:29.618","level":"DEBUG","thread":"main","correlationId":"230f915f994c4c0c","logger":"o.s.w.s.m.m.a.ExceptionHandlerExceptionResolver","message":"Using @ExceptionHandler com.deliverytech.delivery_api.exception.GlobalExceptionHandler#handleEntityNotFound(EntityNotFoundException, HttpServletRequest)","exception":""}
{"timestamp":"2026-06-10 19:31:29.620","level":"DEBUG","thread":"main","correlationId":"230f915f994c4c0c","logger":"o.s.w.s.m.m.a.HttpEntityMethodProcessor","message":"Using 'application/json', given [*/*] and supported [application/json, application/*+json, application/yaml]","exception":""}
{"timestamp":"2026-06-10 19:31:29.621","level":"DEBUG","thread":"main","correlationId":"230f915f994c4c0c","logger":"o.s.w.s.m.m.a.HttpEntityMethodProcessor","message":"Writing [com.deliverytech.delivery_api.dto.ErrorResponse@7e3588e0]","exception":""}
{"timestamp":"2026-06-10 19:31:29.621","level":"DEBUG","thread":"main","correlationId":"230f915f994c4c0c","logger":"o.s.w.s.m.m.a.ExceptionHandlerExceptionResolver","message":"Resolved [com.deliverytech.delivery_api.exception.EntityNotFoundException: Pedido não encontrado com ID: 999999]","exception":""}
{"timestamp":"2026-06-10 19:31:29.630","level":"INFO","thread":"main","correlationId":"","logger":"o.s.t.c.s.AnnotationConfigContextLoaderUtils","message":"Could not detect default configuration classes for test class [com.deliverytech.delivery_api.controller.RestauranteControllerTest]: RestauranteControllerTest does not declare any static, non-private, non-final, nested classes annotated with @Configuration.","exception":""}
{"timestamp":"2026-06-10 19:31:29.642","level":"INFO","thread":"main","correlationId":"","logger":"o.s.b.t.c.SpringBootTestContextBootstrapper","message":"Found @SpringBootConfiguration com.deliverytech.delivery_api.DeliveryApiApplication for test class com.deliverytech.delivery_api.controller.RestauranteControllerTest","exception":""}
{"timestamp":"2026-06-10 19:31:29.644","level":"INFO","thread":"main","correlationId":"","logger":"o.s.b.d.r.RestartApplicationListener","message":"Restart disabled due to context in which it is running","exception":""}
{"timestamp":"2026-06-10 19:31:29.659","level":"INFO","thread":"main","correlationId":"","logger":"c.d.d.c.RestauranteControllerTest","message":"Starting RestauranteControllerTest using Java 21.0.11 with PID 26828 (started by Santana in C:\Pasta Códiguinhos\arquitetura de sistemas fat\delivery-api\delivery-api)","exception":""}
{"timestamp":"2026-06-10 19:31:29.660","level":"INFO","thread":"main","correlationId":"","logger":"c.d.d.c.RestauranteControllerTest","message":"No active profile set, falling back to 1 default profile: "default"","exception":""}
{"timestamp":"2026-06-10 19:31:29.660","level":"DEBUG","thread":"main","correlationId":"","logger":"o.s.w.c.s.GenericWebApplicationContext","message":"Refreshing org.springframework.web.context.support.GenericWebApplicationContext@6ac27e00","exception":""}
{"timestamp":"2026-06-10 19:31:30.106","level":"DEBUG","thread":"main","correlationId":"","logger":"o.s.w.s.m.m.a.RequestMappingHandlerMapping","message":"11 mappings in 'requestMappingHandlerMapping'","exception":""}
{"timestamp":"2026-06-10 19:31:30.115","level":"DEBUG","thread":"main","correlationId":"","logger":"o.s.w.s.h.SimpleUrlHandlerMapping","message":"Patterns [/webjars/**, /**] in 'resourceHandlerMapping'","exception":""}
{"timestamp":"2026-06-10 19:31:30.116","level":"DEBUG","thread":"main","correlationId":"","logger":"o.s.w.s.m.m.a.RequestMappingHandlerAdapter","message":"ControllerAdvice beans: 0 @ModelAttribute, 0 @InitBinder, 1 RequestBodyAdvice, 1 ResponseBodyAdvice","exception":""}
{"timestamp":"2026-06-10 19:31:30.118","level":"DEBUG","thread":"main","correlationId":"","logger":"o.s.w.s.m.m.a.ExceptionHandlerExceptionResolver","message":"ControllerAdvice beans: 1 @ExceptionHandler, 1 ResponseBodyAdvice","exception":""}
{"timestamp":"2026-06-10 19:31:30.123","level":"WARN","thread":"main","correlationId":"","logger":"o.s.s.c.a.a.c.InitializeUserDetailsBeanManagerConfigurer$InitializeUserDetailsManagerConfigurer","message":"Found 2 UserDetailsService beans, with names [inMemoryUserDetailsManager, com.deliverytech.delivery_api.service.AuthService#0]. Global Authentication Manager will not use a UserDetailsService for username/password login. Consider publishing a single UserDetailsService bean.","exception":""}
{"timestamp":"2026-06-10 19:31:30.123","level":"DEBUG","thread":"main","correlationId":"","logger":"o.s.s.c.a.a.c.AuthenticationConfiguration$DefaultPasswordEncoderAuthenticationManagerBuilder","message":"No authenticationProviders and no parentAuthenticationManager defined. Returning null.","exception":""}
{"timestamp":"2026-06-10 19:31:30.143","level":"DEBUG","thread":"main","correlationId":"","logger":"o.s.s.web.DefaultSecurityFilterChain","message":"Will secure any request with filters: DisableEncodeUrlFilter, WebAsyncManagerIntegrationFilter, SecurityContextHolderFilter, HeaderWriterFilter, CsrfFilter, LogoutFilter, UsernamePasswordAuthenticationFilter, DefaultResourcesFilter, DefaultLoginPageGeneratingFilter, DefaultLogoutPageGeneratingFilter, BasicAuthenticationFilter, RequestCacheAwareFilter, SecurityContextHolderAwareRequestFilter, AnonymousAuthenticationFilter, ExceptionTranslationFilter, AuthorizationFilter","exception":""}
{"timestamp":"2026-06-10 19:31:30.150","level":"INFO","thread":"main","correlationId":"","logger":"o.s.b.t.m.w.SpringBootMockServletContext","message":"Initializing Spring TestDispatcherServlet ''","exception":""}
{"timestamp":"2026-06-10 19:31:30.150","level":"INFO","thread":"main","correlationId":"","logger":"o.s.t.w.s.TestDispatcherServlet","message":"Initializing Servlet ''","exception":""}
{"timestamp":"2026-06-10 19:31:30.150","level":"INFO","thread":"main","correlationId":"","logger":"o.s.t.w.s.TestDispatcherServlet","message":"Completed initialization in 0 ms","exception":""}
{"timestamp":"2026-06-10 19:31:30.153","level":"INFO","thread":"main","correlationId":"","logger":"c.d.d.c.RestauranteControllerTest","message":"Started RestauranteControllerTest in 0.509 seconds (process running for 31.623)","exception":""}
{"timestamp":"2026-06-10 19:31:30.158","level":"DEBUG","thread":"main","correlationId":"","logger":"o.s.w.s.m.m.a.RequestMappingHandlerMapping","message":"Mapped to com.deliverytech.delivery_api.controller.RestauranteController#buscarPorId(Long)","exception":""}
{"timestamp":"2026-06-10 19:31:30.165","level":"DEBUG","thread":"main","correlationId":"","logger":"o.s.w.s.m.m.a.HttpEntityMethodProcessor","message":"Using 'application/json', given [*/*] and supported [application/json, application/*+json, application/yaml]","exception":""}
{"timestamp":"2026-06-10 19:31:30.165","level":"DEBUG","thread":"main","correlationId":"","logger":"o.s.w.s.m.m.a.HttpEntityMethodProcessor","message":"Writing [com.deliverytech.delivery_api.dto.ApiResponseWrapper@419cb17]","exception":""}
{"timestamp":"2026-06-10 19:31:30.170","level":"DEBUG","thread":"main","correlationId":"","logger":"o.s.w.s.m.m.a.RequestMappingHandlerMapping","message":"Mapped to com.deliverytech.delivery_api.controller.RestauranteController#calcularTaxaEntrega(Long, String)","exception":""}
{"timestamp":"2026-06-10 19:31:30.172","level":"DEBUG","thread":"main","correlationId":"","logger":"o.s.w.s.m.m.a.HttpEntityMethodProcessor","message":"Using 'application/json', given [*/*] and supported [application/json, application/*+json, application/yaml]","exception":""}
{"timestamp":"2026-06-10 19:31:30.173","level":"DEBUG","thread":"main","correlationId":"","logger":"o.s.w.s.m.m.a.HttpEntityMethodProcessor","message":"Writing [com.deliverytech.delivery_api.dto.ApiResponseWrapper@6ad10aa6]","exception":""}
{"timestamp":"2026-06-10 19:31:30.179","level":"DEBUG","thread":"main","correlationId":"","logger":"o.s.w.s.m.m.a.RequestMappingHandlerMapping","message":"Mapped to com.deliverytech.delivery_api.controller.RestauranteController#alterarStatus(Long)","exception":""}
{"timestamp":"2026-06-10 19:31:30.180","level":"DEBUG","thread":"main","correlationId":"","logger":"o.s.w.s.m.m.a.HttpEntityMethodProcessor","message":"Using 'application/json', given [*/*] and supported [application/json, application/*+json, application/yaml]","exception":""}
{"timestamp":"2026-06-10 19:31:30.180","level":"DEBUG","thread":"main","correlationId":"","logger":"o.s.w.s.m.m.a.HttpEntityMethodProcessor","message":"Writing [com.deliverytech.delivery_api.dto.ApiResponseWrapper@701f1343]","exception":""}
{"timestamp":"2026-06-10 19:31:30.186","level":"DEBUG","thread":"main","correlationId":"","logger":"o.s.w.s.m.m.a.RequestMappingHandlerMapping","message":"Mapped to com.deliverytech.delivery_api.controller.RestauranteController#buscarPorCategoria(String)","exception":""}
{"timestamp":"2026-06-10 19:31:30.187","level":"DEBUG","thread":"main","correlationId":"","logger":"o.s.w.s.m.m.a.HttpEntityMethodProcessor","message":"Using 'application/json', given [*/*] and supported [application/json, application/*+json, application/yaml]","exception":""}
{"timestamp":"2026-06-10 19:31:30.187","level":"DEBUG","thread":"main","correlationId":"","logger":"o.s.w.s.m.m.a.HttpEntityMethodProcessor","message":"Writing [com.deliverytech.delivery_api.dto.ApiResponseWrapper@8719a80]","exception":""}
{"timestamp":"2026-06-10 19:31:30.194","level":"INFO","thread":"main","correlationId":"","logger":"o.s.t.c.s.AnnotationConfigContextLoaderUtils","message":"Could not detect default configuration classes for test class [com.deliverytech.delivery_api.DeliveryApiApplicationTests]: DeliveryApiApplicationTests does not declare any static, non-private, non-final, nested classes annotated with @Configuration.","exception":""}
{"timestamp":"2026-06-10 19:31:30.203","level":"INFO","thread":"main","correlationId":"","logger":"o.s.b.t.c.SpringBootTestContextBootstrapper","message":"Found @SpringBootConfiguration com.deliverytech.delivery_api.DeliveryApiApplication for test class com.deliverytech.delivery_api.DeliveryApiApplicationTests","exception":""}
{"timestamp":"2026-06-10 19:31:30.206","level":"INFO","thread":"main","correlationId":"","logger":"o.s.b.d.r.RestartApplicationListener","message":"Restart disabled due to context in which it is running","exception":""}
{"timestamp":"2026-06-10 19:31:30.220","level":"INFO","thread":"main","correlationId":"","logger":"c.d.d.DeliveryApiApplicationTests","message":"Starting DeliveryApiApplicationTests using Java 21.0.11 with PID 26828 (started by Santana in C:\Pasta Códiguinhos\arquitetura de sistemas fat\delivery-api\delivery-api)","exception":""}
{"timestamp":"2026-06-10 19:31:30.220","level":"INFO","thread":"main","correlationId":"","logger":"c.d.d.DeliveryApiApplicationTests","message":"No active profile set, falling back to 1 default profile: "default"","exception":""}
{"timestamp":"2026-06-10 19:31:30.222","level":"DEBUG","thread":"main","correlationId":"","logger":"o.s.w.c.s.GenericWebApplicationContext","message":"Refreshing org.springframework.web.context.support.GenericWebApplicationContext@74c313c3","exception":""}
{"timestamp":"2026-06-10 19:31:30.490","level":"INFO","thread":"main","correlationId":"","logger":"o.s.d.r.c.RepositoryConfigurationDelegate","message":"Bootstrapping Spring Data JPA repositories in DEFAULT mode.","exception":""}
{"timestamp":"2026-06-10 19:31:30.509","level":"INFO","thread":"main","correlationId":"","logger":"o.s.d.r.c.RepositoryConfigurationDelegate","message":"Finished Spring Data repository scanning in 17 ms. Found 5 JPA repository interfaces.","exception":""}
{"timestamp":"2026-06-10 19:31:30.559","level":"INFO","thread":"main","correlationId":"","logger":"o.s.o.j.p.SpringPersistenceUnitInfo","message":"No LoadTimeWeaver setup: ignoring JPA class transformer","exception":""}
{"timestamp":"2026-06-10 19:31:30.560","level":"INFO","thread":"main","correlationId":"","logger":"com.zaxxer.hikari.HikariDataSource","message":"HikariPool-27 - Starting...","exception":""}
{"timestamp":"2026-06-10 19:31:30.561","level":"INFO","thread":"main","correlationId":"","logger":"com.zaxxer.hikari.pool.HikariPool","message":"HikariPool-27 - Added connection conn260: url=jdbc:h2:mem:deliverydb user=SA","exception":""}
{"timestamp":"2026-06-10 19:31:30.561","level":"INFO","thread":"main","correlationId":"","logger":"com.zaxxer.hikari.HikariDataSource","message":"HikariPool-27 - Start completed.","exception":""}
{"timestamp":"2026-06-10 19:31:30.561","level":"WARN","thread":"main","correlationId":"","logger":"org.hibernate.orm.deprecation","message":"HHH90000025: H2Dialect does not need to be specified explicitly using 'hibernate.dialect' (remove the property setting and it will be selected by default)","exception":""}
{"timestamp":"2026-06-10 19:31:30.607","level":"INFO","thread":"main","correlationId":"","logger":"o.s.o.j.LocalContainerEntityManagerFactoryBean","message":"Initialized JPA EntityManagerFactory for persistence unit 'default'","exception":""}
{"timestamp":"2026-06-10 19:31:30.628","level":"INFO","thread":"main","correlationId":"","logger":"o.s.s.c.a.a.c.InitializeAuthenticationProviderBeanManagerConfigurer$InitializeAuthenticationProviderManagerConfigurer","message":"Global AuthenticationManager configured with AuthenticationProvider bean with name authenticationProvider","exception":""}
{"timestamp":"2026-06-10 19:31:30.628","level":"WARN","thread":"main","correlationId":"","logger":"o.s.s.c.a.a.c.InitializeUserDetailsBeanManagerConfigurer$InitializeUserDetailsManagerConfigurer","message":"Global AuthenticationManager configured with an AuthenticationProvider bean. UserDetailsService beans will not be used by Spring Security for automatically configuring username/password login. Consider removing the AuthenticationProvider bean. Alternatively, consider using the UserDetailsService in a manually instantiated DaoAuthenticationProvider. If the current configuration is intentional, to turn off this warning, increase the logging level of 'org.springframework.security.config.annotation.authentication.configuration.InitializeUserDetailsBeanManagerConfigurer' to ERROR","exception":""}
{"timestamp":"2026-06-10 19:31:30.716","level":"DEBUG","thread":"main","correlationId":"","logger":"o.s.w.s.m.m.a.RequestMappingHandlerMapping","message":"42 mappings in 'requestMappingHandlerMapping'","exception":""}
{"timestamp":"2026-06-10 19:31:30.745","level":"DEBUG","thread":"main","correlationId":"","logger":"o.s.w.s.h.SimpleUrlHandlerMapping","message":"Patterns [/webjars/**, /**, /swagger-ui*/*swagger-initializer.js, /swagger-ui*/**] in 'resourceHandlerMapping'","exception":""}
{"timestamp":"2026-06-10 19:31:30.790","level":"INFO","thread":"main","correlationId":"","logger":"o.s.b.a.e.web.EndpointLinksResolver","message":"Exposing 13 endpoints beneath base path '/actuator'","exception":""}
{"timestamp":"2026-06-10 19:31:30.827","level":"DEBUG","thread":"main","correlationId":"","logger":"o.s.s.web.DefaultSecurityFilterChain","message":"Will secure any request with filters: DisableEncodeUrlFilter, WebAsyncManagerIntegrationFilter, SecurityContextHolderFilter, HeaderWriterFilter, CorsFilter, LogoutFilter, JwtAuthenticationFilter, RequestCacheAwareFilter, SecurityContextHolderAwareRequestFilter, AnonymousAuthenticationFilter, SessionManagementFilter, ExceptionTranslationFilter, AuthorizationFilter","exception":""}
{"timestamp":"2026-06-10 19:31:30.860","level":"DEBUG","thread":"main","correlationId":"","logger":"o.s.w.s.m.m.a.RequestMappingHandlerAdapter","message":"ControllerAdvice beans: 0 @ModelAttribute, 0 @InitBinder, 1 RequestBodyAdvice, 1 ResponseBodyAdvice","exception":""}
{"timestamp":"2026-06-10 19:31:30.865","level":"DEBUG","thread":"main","correlationId":"","logger":"o.s.w.s.m.m.a.ExceptionHandlerExceptionResolver","message":"ControllerAdvice beans: 2 @ExceptionHandler, 1 ResponseBodyAdvice","exception":""}
{"timestamp":"2026-06-10 19:31:30.904","level":"INFO","thread":"main","correlationId":"","logger":"o.s.b.a.h.H2ConsoleAutoConfiguration","message":"H2 console available at '/h2-console'. Database available at 'jdbc:h2:mem:deliverydb'","exception":""}
{"timestamp":"2026-06-10 19:31:30.925","level":"INFO","thread":"main","correlationId":"","logger":"c.d.d.DeliveryApiApplicationTests","message":"Started DeliveryApiApplicationTests in 0.718 seconds (process running for 32.394)","exception":""}
{"timestamp":"2026-06-10 19:31:31.035","level":"DEBUG","thread":"SpringApplicationShutdownHook","correlationId":"","logger":"o.s.w.c.s.GenericWebApplicationContext","message":"Closing org.springframework.web.context.support.GenericWebApplicationContext@fbc7262, started on Wed Jun 10 19:31:28 BRT 2026","exception":""}
{"timestamp":"2026-06-10 19:31:31.037","level":"INFO","thread":"SpringApplicationShutdownHook","correlationId":"","logger":"o.s.o.j.LocalContainerEntityManagerFactoryBean","message":"Closing JPA EntityManagerFactory for persistence unit 'default'","exception":""}
{"timestamp":"2026-06-10 19:31:31.039","level":"INFO","thread":"SpringApplicationShutdownHook","correlationId":"","logger":"com.zaxxer.hikari.HikariDataSource","message":"HikariPool-26 - Shutdown initiated...","exception":""}
{"timestamp":"2026-06-10 19:31:31.040","level":"INFO","thread":"SpringApplicationShutdownHook","correlationId":"","logger":"com.zaxxer.hikari.HikariDataSource","message":"HikariPool-26 - Shutdown completed.","exception":""}
{"timestamp":"2026-06-10 19:31:31.040","level":"DEBUG","thread":"SpringApplicationShutdownHook","correlationId":"","logger":"o.s.w.c.s.GenericWebApplicationContext","message":"Closing org.springframework.web.context.support.GenericWebApplicationContext@6ac27e00, started on Wed Jun 10 19:31:29 BRT 2026","exception":""}
{"timestamp":"2026-06-10 19:31:31.041","level":"DEBUG","thread":"SpringApplicationShutdownHook","correlationId":"","logger":"o.s.w.c.s.GenericWebApplicationContext","message":"Closing org.springframework.web.context.support.GenericWebApplicationContext@74c313c3, started on Wed Jun 10 19:31:30 BRT 2026","exception":""}
{"timestamp":"2026-06-10 19:31:31.043","level":"INFO","thread":"SpringApplicationShutdownHook","correlationId":"","logger":"o.s.o.j.LocalContainerEntityManagerFactoryBean","message":"Closing JPA EntityManagerFactory for persistence unit 'default'","exception":""}
{"timestamp":"2026-06-10 19:31:31.044","level":"INFO","thread":"SpringApplicationShutdownHook","correlationId":"","logger":"com.zaxxer.hikari.HikariDataSource","message":"HikariPool-27 - Shutdown initiated...","exception":""}
{"timestamp":"2026-06-10 19:31:31.045","level":"INFO","thread":"SpringApplicationShutdownHook","correlationId":"","logger":"com.zaxxer.hikari.HikariDataSource","message":"HikariPool-27 - Shutdown completed.","exception":""}
{"timestamp":"2026-06-10 19:49:23.949","level":"INFO","thread":"main","correlationId":"","logger":"c.d.d.c.ClienteControllerTest","message":"Starting ClienteControllerTest using Java 21.0.11 with PID 18360 (started by Santana in C:\Pasta Códiguinhos\arquitetura de sistemas fat\delivery-api\delivery-api)","exception":""}
{"timestamp":"2026-06-10 19:49:23.950","level":"INFO","thread":"main","correlationId":"","logger":"c.d.d.c.ClienteControllerTest","message":"The following 1 profile is active: "test"","exception":""}
{"timestamp":"2026-06-10 19:49:23.972","level":"DEBUG","thread":"main","correlationId":"","logger":"o.s.w.c.s.GenericWebApplicationContext","message":"Refreshing org.springframework.web.context.support.GenericWebApplicationContext@3f7b15bb","exception":""}
{"timestamp":"2026-06-10 19:49:25.292","level":"INFO","thread":"main","correlationId":"","logger":"o.s.d.r.c.RepositoryConfigurationDelegate","message":"Bootstrapping Spring Data JPA repositories in DEFAULT mode.","exception":""}
{"timestamp":"2026-06-10 19:49:25.367","level":"INFO","thread":"main","correlationId":"","logger":"o.s.d.r.c.RepositoryConfigurationDelegate","message":"Finished Spring Data repository scanning in 63 ms. Found 5 JPA repository interfaces.","exception":""}
{"timestamp":"2026-06-10 19:49:26.230","level":"INFO","thread":"main","correlationId":"","logger":"o.s.o.j.p.SpringPersistenceUnitInfo","message":"No LoadTimeWeaver setup: ignoring JPA class transformer","exception":""}
{"timestamp":"2026-06-10 19:49:26.264","level":"INFO","thread":"main","correlationId":"","logger":"com.zaxxer.hikari.HikariDataSource","message":"HikariPool-1 - Starting...","exception":""}
{"timestamp":"2026-06-10 19:49:26.544","level":"INFO","thread":"main","correlationId":"","logger":"com.zaxxer.hikari.pool.HikariPool","message":"HikariPool-1 - Added connection conn0: url=jdbc:h2:mem:deliverydb user=SA","exception":""}
{"timestamp":"2026-06-10 19:49:26.547","level":"INFO","thread":"main","correlationId":"","logger":"com.zaxxer.hikari.HikariDataSource","message":"HikariPool-1 - Start completed.","exception":""}
{"timestamp":"2026-06-10 19:49:26.576","level":"WARN","thread":"main","correlationId":"","logger":"org.hibernate.orm.deprecation","message":"HHH90000025: H2Dialect does not need to be specified explicitly using 'hibernate.dialect' (remove the property setting and it will be selected by default)","exception":""}
{"timestamp":"2026-06-10 19:49:27.713","level":"INFO","thread":"main","correlationId":"","logger":"o.s.o.j.LocalContainerEntityManagerFactoryBean","message":"Initialized JPA EntityManagerFactory for persistence unit 'default'","exception":""}
{"timestamp":"2026-06-10 19:49:28.107","level":"INFO","thread":"main","correlationId":"","logger":"o.s.s.c.a.a.c.InitializeAuthenticationProviderBeanManagerConfigurer$InitializeAuthenticationProviderManagerConfigurer","message":"Global AuthenticationManager configured with AuthenticationProvider bean with name authenticationProvider","exception":""}
{"timestamp":"2026-06-10 19:49:28.108","level":"WARN","thread":"main","correlationId":"","logger":"o.s.s.c.a.a.c.InitializeUserDetailsBeanManagerConfigurer$InitializeUserDetailsManagerConfigurer","message":"Global AuthenticationManager configured with an AuthenticationProvider bean. UserDetailsService beans will not be used by Spring Security for automatically configuring username/password login. Consider removing the AuthenticationProvider bean. Alternatively, consider using the UserDetailsService in a manually instantiated DaoAuthenticationProvider. If the current configuration is intentional, to turn off this warning, increase the logging level of 'org.springframework.security.config.annotation.authentication.configuration.InitializeUserDetailsBeanManagerConfigurer' to ERROR","exception":""}
{"timestamp":"2026-06-10 19:49:28.157","level":"INFO","thread":"main","correlationId":"","logger":"o.s.d.j.r.query.QueryEnhancerFactory","message":"Hibernate is in classpath; If applicable, HQL parser will be used.","exception":""}
{"timestamp":"2026-06-10 19:49:29.366","level":"DEBUG","thread":"main","correlationId":"","logger":"o.s.w.s.m.m.a.RequestMappingHandlerMapping","message":"42 mappings in 'requestMappingHandlerMapping'","exception":""}
{"timestamp":"2026-06-10 19:49:29.487","level":"DEBUG","thread":"main","correlationId":"","logger":"o.s.w.s.h.SimpleUrlHandlerMapping","message":"Patterns [/webjars/**, /**, /swagger-ui*/*swagger-initializer.js, /swagger-ui*/**] in 'resourceHandlerMapping'","exception":""}
{"timestamp":"2026-06-10 19:49:29.652","level":"INFO","thread":"main","correlationId":"","logger":"o.s.b.a.e.web.EndpointLinksResolver","message":"Exposing 13 endpoints beneath base path '/actuator'","exception":""}
{"timestamp":"2026-06-10 19:49:29.777","level":"DEBUG","thread":"main","correlationId":"","logger":"o.s.s.web.DefaultSecurityFilterChain","message":"Will secure any request with filters: DisableEncodeUrlFilter, WebAsyncManagerIntegrationFilter, SecurityContextHolderFilter, HeaderWriterFilter, CorsFilter, LogoutFilter, JwtAuthenticationFilter, RequestCacheAwareFilter, SecurityContextHolderAwareRequestFilter, AnonymousAuthenticationFilter, SessionManagementFilter, ExceptionTranslationFilter, AuthorizationFilter","exception":""}
{"timestamp":"2026-06-10 19:49:29.913","level":"DEBUG","thread":"main","correlationId":"","logger":"o.s.w.s.m.m.a.RequestMappingHandlerAdapter","message":"ControllerAdvice beans: 0 @ModelAttribute, 0 @InitBinder, 1 RequestBodyAdvice, 1 ResponseBodyAdvice","exception":""}
{"timestamp":"2026-06-10 19:49:29.980","level":"DEBUG","thread":"main","correlationId":"","logger":"o.s.w.s.m.m.a.ExceptionHandlerExceptionResolver","message":"ControllerAdvice beans: 2 @ExceptionHandler, 1 ResponseBodyAdvice","exception":""}
{"timestamp":"2026-06-10 19:49:30.127","level":"INFO","thread":"main","correlationId":"","logger":"o.s.b.a.h.H2ConsoleAutoConfiguration","message":"H2 console available at '/h2-console'. Database available at 'jdbc:h2:mem:deliverydb'","exception":""}
{"timestamp":"2026-06-10 19:49:30.216","level":"DEBUG","thread":"main","correlationId":"","logger":"o.s.w.f.ServerHttpObservationFilter","message":"Filter 'webMvcObservationFilter' configured for use","exception":""}
{"timestamp":"2026-06-10 19:49:30.217","level":"INFO","thread":"main","correlationId":"","logger":"o.s.b.t.m.w.SpringBootMockServletContext","message":"Initializing Spring TestDispatcherServlet ''","exception":""}
{"timestamp":"2026-06-10 19:49:30.217","level":"INFO","thread":"main","correlationId":"","logger":"o.s.t.w.s.TestDispatcherServlet","message":"Initializing Servlet ''","exception":""}
{"timestamp":"2026-06-10 19:49:30.218","level":"INFO","thread":"main","correlationId":"","logger":"o.s.t.w.s.TestDispatcherServlet","message":"Completed initialization in 1 ms","exception":""}
{"timestamp":"2026-06-10 19:49:30.271","level":"INFO","thread":"main","correlationId":"","logger":"c.d.d.c.ClienteControllerTest","message":"Started ClienteControllerTest in 7.0 seconds (process running for 10.618)","exception":""}
{"timestamp":"2026-06-10 19:49:30.345","level":"DEBUG","thread":"main","correlationId":"","logger":"o.s.w.c.s.GenericWebApplicationContext","message":"Closing org.springframework.web.context.support.GenericWebApplicationContext@3f7b15bb, started on Wed Jun 10 19:49:23 BRT 2026","exception":""}
{"timestamp":"2026-06-10 19:49:30.350","level":"INFO","thread":"main","correlationId":"","logger":"o.s.o.j.LocalContainerEntityManagerFactoryBean","message":"Closing JPA EntityManagerFactory for persistence unit 'default'","exception":""}
{"timestamp":"2026-06-10 19:49:30.359","level":"INFO","thread":"main","correlationId":"","logger":"com.zaxxer.hikari.HikariDataSource","message":"HikariPool-1 - Shutdown initiated...","exception":""}
{"timestamp":"2026-06-10 19:49:30.360","level":"INFO","thread":"main","correlationId":"","logger":"com.zaxxer.hikari.HikariDataSource","message":"HikariPool-1 - Shutdown completed.","exception":""}
{"timestamp":"2026-06-10 19:49:30.362","level":"INFO","thread":"main","correlationId":"","logger":"o.s.b.d.r.RestartApplicationListener","message":"Restart disabled due to context in which it is running","exception":""}
{"timestamp":"2026-06-10 19:49:30.399","level":"INFO","thread":"main","correlationId":"","logger":"c.d.d.c.ClienteControllerTest","message":"Starting ClienteControllerTest using Java 21.0.11 with PID 18360 (started by Santana in C:\Pasta Códiguinhos\arquitetura de sistemas fat\delivery-api\delivery-api)","exception":""}
{"timestamp":"2026-06-10 19:49:30.399","level":"INFO","thread":"main","correlationId":"","logger":"c.d.d.c.ClienteControllerTest","message":"The following 1 profile is active: "test"","exception":""}
{"timestamp":"2026-06-10 19:49:30.400","level":"DEBUG","thread":"main","correlationId":"","logger":"o.s.w.c.s.GenericWebApplicationContext","message":"Refreshing org.springframework.web.context.support.GenericWebApplicationContext@3de236f","exception":""}
{"timestamp":"2026-06-10 19:49:30.684","level":"INFO","thread":"main","correlationId":"","logger":"o.s.d.r.c.RepositoryConfigurationDelegate","message":"Bootstrapping Spring Data JPA repositories in DEFAULT mode.","exception":""}
{"timestamp":"2026-06-10 19:49:30.704","level":"INFO","thread":"main","correlationId":"","logger":"o.s.d.r.c.RepositoryConfigurationDelegate","message":"Finished Spring Data repository scanning in 18 ms. Found 5 JPA repository interfaces.","exception":""}
{"timestamp":"2026-06-10 19:49:30.779","level":"INFO","thread":"main","correlationId":"","logger":"o.s.o.j.p.SpringPersistenceUnitInfo","message":"No LoadTimeWeaver setup: ignoring JPA class transformer","exception":""}
{"timestamp":"2026-06-10 19:49:30.780","level":"INFO","thread":"main","correlationId":"","logger":"com.zaxxer.hikari.HikariDataSource","message":"HikariPool-2 - Starting...","exception":""}
{"timestamp":"2026-06-10 19:49:30.782","level":"INFO","thread":"main","correlationId":"","logger":"com.zaxxer.hikari.pool.HikariPool","message":"HikariPool-2 - Added connection conn10: url=jdbc:h2:mem:deliverydb user=SA","exception":""}
{"timestamp":"2026-06-10 19:49:30.782","level":"INFO","thread":"main","correlationId":"","logger":"com.zaxxer.hikari.HikariDataSource","message":"HikariPool-2 - Start completed.","exception":""}
{"timestamp":"2026-06-10 19:49:30.783","level":"WARN","thread":"main","correlationId":"","logger":"org.hibernate.orm.deprecation","message":"HHH90000025: H2Dialect does not need to be specified explicitly using 'hibernate.dialect' (remove the property setting and it will be selected by default)","exception":""}
{"timestamp":"2026-06-10 19:49:30.856","level":"INFO","thread":"main","correlationId":"","logger":"o.s.o.j.LocalContainerEntityManagerFactoryBean","message":"Initialized JPA EntityManagerFactory for persistence unit 'default'","exception":""}
{"timestamp":"2026-06-10 19:49:30.884","level":"INFO","thread":"main","correlationId":"","logger":"o.s.s.c.a.a.c.InitializeAuthenticationProviderBeanManagerConfigurer$InitializeAuthenticationProviderManagerConfigurer","message":"Global AuthenticationManager configured with AuthenticationProvider bean with name authenticationProvider","exception":""}
{"timestamp":"2026-06-10 19:49:30.885","level":"WARN","thread":"main","correlationId":"","logger":"o.s.s.c.a.a.c.InitializeUserDetailsBeanManagerConfigurer$InitializeUserDetailsManagerConfigurer","message":"Global AuthenticationManager configured with an AuthenticationProvider bean. UserDetailsService beans will not be used by Spring Security for automatically configuring username/password login. Consider removing the AuthenticationProvider bean. Alternatively, consider using the UserDetailsService in a manually instantiated DaoAuthenticationProvider. If the current configuration is intentional, to turn off this warning, increase the logging level of 'org.springframework.security.config.annotation.authentication.configuration.InitializeUserDetailsBeanManagerConfigurer' to ERROR","exception":""}
{"timestamp":"2026-06-10 19:49:31.018","level":"DEBUG","thread":"main","correlationId":"","logger":"o.s.w.s.m.m.a.RequestMappingHandlerMapping","message":"42 mappings in 'requestMappingHandlerMapping'","exception":""}
{"timestamp":"2026-06-10 19:49:31.046","level":"DEBUG","thread":"main","correlationId":"","logger":"o.s.w.s.h.SimpleUrlHandlerMapping","message":"Patterns [/webjars/**, /**, /swagger-ui*/*swagger-initializer.js, /swagger-ui*/**] in 'resourceHandlerMapping'","exception":""}
{"timestamp":"2026-06-10 19:49:31.095","level":"INFO","thread":"main","correlationId":"","logger":"o.s.b.a.e.web.EndpointLinksResolver","message":"Exposing 13 endpoints beneath base path '/actuator'","exception":""}
{"timestamp":"2026-06-10 19:49:31.128","level":"DEBUG","thread":"main","correlationId":"","logger":"o.s.s.web.DefaultSecurityFilterChain","message":"Will secure any request with filters: DisableEncodeUrlFilter, WebAsyncManagerIntegrationFilter, SecurityContextHolderFilter, HeaderWriterFilter, CorsFilter, LogoutFilter, JwtAuthenticationFilter, RequestCacheAwareFilter, SecurityContextHolderAwareRequestFilter, AnonymousAuthenticationFilter, SessionManagementFilter, ExceptionTranslationFilter, AuthorizationFilter","exception":""}
{"timestamp":"2026-06-10 19:49:31.155","level":"DEBUG","thread":"main","correlationId":"","logger":"o.s.w.s.m.m.a.RequestMappingHandlerAdapter","message":"ControllerAdvice beans: 0 @ModelAttribute, 0 @InitBinder, 1 RequestBodyAdvice, 1 ResponseBodyAdvice","exception":""}
{"timestamp":"2026-06-10 19:49:31.161","level":"DEBUG","thread":"main","correlationId":"","logger":"o.s.w.s.m.m.a.ExceptionHandlerExceptionResolver","message":"ControllerAdvice beans: 2 @ExceptionHandler, 1 ResponseBodyAdvice","exception":""}
{"timestamp":"2026-06-10 19:49:31.197","level":"INFO","thread":"main","correlationId":"","logger":"o.s.b.a.h.H2ConsoleAutoConfiguration","message":"H2 console available at '/h2-console'. Database available at 'jdbc:h2:mem:deliverydb'","exception":""}
{"timestamp":"2026-06-10 19:49:31.216","level":"DEBUG","thread":"main","correlationId":"","logger":"o.s.w.f.ServerHttpObservationFilter","message":"Filter 'webMvcObservationFilter' configured for use","exception":""}
{"timestamp":"2026-06-10 19:49:31.216","level":"INFO","thread":"main","correlationId":"","logger":"o.s.b.t.m.w.SpringBootMockServletContext","message":"Initializing Spring TestDispatcherServlet ''","exception":""}
{"timestamp":"2026-06-10 19:49:31.217","level":"INFO","thread":"main","correlationId":"","logger":"o.s.t.w.s.TestDispatcherServlet","message":"Initializing Servlet ''","exception":""}
{"timestamp":"2026-06-10 19:49:31.217","level":"INFO","thread":"main","correlationId":"","logger":"o.s.t.w.s.TestDispatcherServlet","message":"Completed initialization in 0 ms","exception":""}
{"timestamp":"2026-06-10 19:49:31.230","level":"INFO","thread":"main","correlationId":"","logger":"c.d.d.c.ClienteControllerTest","message":"Started ClienteControllerTest in 0.868 seconds (process running for 11.578)","exception":""}
{"timestamp":"2026-06-10 19:49:31.405","level":"DEBUG","thread":"main","correlationId":"","logger":"o.s.security.web.FilterChainProxy","message":"Securing POST /api/clientes","exception":""}
{"timestamp":"2026-06-10 19:49:31.417","level":"WARN","thread":"main","correlationId":"","logger":"c.d.d.s.JwtAuthenticationFilter","message":"JWT Token não começa com Bearer String","exception":""}
{"timestamp":"2026-06-10 19:49:31.426","level":"DEBUG","thread":"main","correlationId":"","logger":"o.s.security.web.FilterChainProxy","message":"Secured POST /api/clientes","exception":""}
{"timestamp":"2026-06-10 19:49:31.431","level":"DEBUG","thread":"main","correlationId":"208b23ee0cbc4a4e","logger":"o.s.w.s.m.m.a.RequestMappingHandlerMapping","message":"Mapped to com.deliverytech.delivery_api.controller.ClienteController#cadastrarCliente(ClienteReqDTO)","exception":""}
{"timestamp":"2026-06-10 19:49:31.472","level":"DEBUG","thread":"main","correlationId":"208b23ee0cbc4a4e","logger":"o.s.w.s.m.m.a.RequestResponseBodyMethodProcessor","message":"Read "application/json;charset=UTF-8" to [com.deliverytech.delivery_api.dto.req.ClienteReqDTO@98240f9]","exception":""}
{"timestamp":"2026-06-10 19:49:31.622","level":"DEBUG","thread":"main","correlationId":"208b23ee0cbc4a4e","logger":"o.s.w.s.m.m.a.HttpEntityMethodProcessor","message":"Using 'application/json', given [*/*] and supported [application/json, application/*+json, application/yaml]","exception":""}
{"timestamp":"2026-06-10 19:49:31.622","level":"DEBUG","thread":"main","correlationId":"208b23ee0cbc4a4e","logger":"o.s.w.s.m.m.a.HttpEntityMethodProcessor","message":"Writing [com.deliverytech.delivery_api.dto.res.ClienteResDTO@1d6075e]","exception":""}
{"timestamp":"2026-06-10 19:49:31.679","level":"DEBUG","thread":"main","correlationId":"","logger":"o.s.w.c.s.GenericWebApplicationContext","message":"Closing org.springframework.web.context.support.GenericWebApplicationContext@3de236f, started on Wed Jun 10 19:49:30 BRT 2026","exception":""}
{"timestamp":"2026-06-10 19:49:31.681","level":"INFO","thread":"main","correlationId":"","logger":"o.s.o.j.LocalContainerEntityManagerFactoryBean","message":"Closing JPA EntityManagerFactory for persistence unit 'default'","exception":""}
{"timestamp":"2026-06-10 19:49:31.685","level":"INFO","thread":"main","correlationId":"","logger":"com.zaxxer.hikari.HikariDataSource","message":"HikariPool-2 - Shutdown initiated...","exception":""}
{"timestamp":"2026-06-10 19:49:31.686","level":"INFO","thread":"main","correlationId":"","logger":"com.zaxxer.hikari.HikariDataSource","message":"HikariPool-2 - Shutdown completed.","exception":""}
{"timestamp":"2026-06-10 19:49:31.688","level":"INFO","thread":"main","correlationId":"","logger":"o.s.b.d.r.RestartApplicationListener","message":"Restart disabled due to context in which it is running","exception":""}
{"timestamp":"2026-06-10 19:49:31.717","level":"INFO","thread":"main","correlationId":"","logger":"c.d.d.c.ClienteControllerTest","message":"Starting ClienteControllerTest using Java 21.0.11 with PID 18360 (started by Santana in C:\Pasta Códiguinhos\arquitetura de sistemas fat\delivery-api\delivery-api)","exception":""}
{"timestamp":"2026-06-10 19:49:31.717","level":"INFO","thread":"main","correlationId":"","logger":"c.d.d.c.ClienteControllerTest","message":"The following 1 profile is active: "test"","exception":""}
{"timestamp":"2026-06-10 19:49:31.718","level":"DEBUG","thread":"main","correlationId":"","logger":"o.s.w.c.s.GenericWebApplicationContext","message":"Refreshing org.springframework.web.context.support.GenericWebApplicationContext@704f0dda","exception":""}
{"timestamp":"2026-06-10 19:49:31.928","level":"INFO","thread":"main","correlationId":"","logger":"o.s.d.r.c.RepositoryConfigurationDelegate","message":"Bootstrapping Spring Data JPA repositories in DEFAULT mode.","exception":""}
{"timestamp":"2026-06-10 19:49:31.945","level":"INFO","thread":"main","correlationId":"","logger":"o.s.d.r.c.RepositoryConfigurationDelegate","message":"Finished Spring Data repository scanning in 16 ms. Found 5 JPA repository interfaces.","exception":""}
{"timestamp":"2026-06-10 19:49:32.004","level":"INFO","thread":"main","correlationId":"","logger":"o.s.o.j.p.SpringPersistenceUnitInfo","message":"No LoadTimeWeaver setup: ignoring JPA class transformer","exception":""}
{"timestamp":"2026-06-10 19:49:32.005","level":"INFO","thread":"main","correlationId":"","logger":"com.zaxxer.hikari.HikariDataSource","message":"HikariPool-3 - Starting...","exception":""}
{"timestamp":"2026-06-10 19:49:32.006","level":"INFO","thread":"main","correlationId":"","logger":"com.zaxxer.hikari.pool.HikariPool","message":"HikariPool-3 - Added connection conn20: url=jdbc:h2:mem:deliverydb user=SA","exception":""}
{"timestamp":"2026-06-10 19:49:32.007","level":"INFO","thread":"main","correlationId":"","logger":"com.zaxxer.hikari.HikariDataSource","message":"HikariPool-3 - Start completed.","exception":""}
{"timestamp":"2026-06-10 19:49:32.007","level":"WARN","thread":"main","correlationId":"","logger":"org.hibernate.orm.deprecation","message":"HHH90000025: H2Dialect does not need to be specified explicitly using 'hibernate.dialect' (remove the property setting and it will be selected by default)","exception":""}
{"timestamp":"2026-06-10 19:49:32.069","level":"INFO","thread":"main","correlationId":"","logger":"o.s.o.j.LocalContainerEntityManagerFactoryBean","message":"Initialized JPA EntityManagerFactory for persistence unit 'default'","exception":""}
{"timestamp":"2026-06-10 19:49:32.093","level":"INFO","thread":"main","correlationId":"","logger":"o.s.s.c.a.a.c.InitializeAuthenticationProviderBeanManagerConfigurer$InitializeAuthenticationProviderManagerConfigurer","message":"Global AuthenticationManager configured with AuthenticationProvider bean with name authenticationProvider","exception":""}
{"timestamp":"2026-06-10 19:49:32.094","level":"WARN","thread":"main","correlationId":"","logger":"o.s.s.c.a.a.c.InitializeUserDetailsBeanManagerConfigurer$InitializeUserDetailsManagerConfigurer","message":"Global AuthenticationManager configured with an AuthenticationProvider bean. UserDetailsService beans will not be used by Spring Security for automatically configuring username/password login. Consider removing the AuthenticationProvider bean. Alternatively, consider using the UserDetailsService in a manually instantiated DaoAuthenticationProvider. If the current configuration is intentional, to turn off this warning, increase the logging level of 'org.springframework.security.config.annotation.authentication.configuration.InitializeUserDetailsBeanManagerConfigurer' to ERROR","exception":""}
{"timestamp":"2026-06-10 19:49:32.207","level":"DEBUG","thread":"main","correlationId":"","logger":"o.s.w.s.m.m.a.RequestMappingHandlerMapping","message":"42 mappings in 'requestMappingHandlerMapping'","exception":""}
{"timestamp":"2026-06-10 19:49:32.229","level":"DEBUG","thread":"main","correlationId":"","logger":"o.s.w.s.h.SimpleUrlHandlerMapping","message":"Patterns [/webjars/**, /**, /swagger-ui*/*swagger-initializer.js, /swagger-ui*/**] in 'resourceHandlerMapping'","exception":""}
{"timestamp":"2026-06-10 19:49:32.271","level":"INFO","thread":"main","correlationId":"","logger":"o.s.b.a.e.web.EndpointLinksResolver","message":"Exposing 13 endpoints beneath base path '/actuator'","exception":""}
{"timestamp":"2026-06-10 19:49:32.301","level":"DEBUG","thread":"main","correlationId":"","logger":"o.s.s.web.DefaultSecurityFilterChain","message":"Will secure any request with filters: DisableEncodeUrlFilter, WebAsyncManagerIntegrationFilter, SecurityContextHolderFilter, HeaderWriterFilter, CorsFilter, LogoutFilter, JwtAuthenticationFilter, RequestCacheAwareFilter, SecurityContextHolderAwareRequestFilter, AnonymousAuthenticationFilter, SessionManagementFilter, ExceptionTranslationFilter, AuthorizationFilter","exception":""}
{"timestamp":"2026-06-10 19:49:32.327","level":"DEBUG","thread":"main","correlationId":"","logger":"o.s.w.s.m.m.a.RequestMappingHandlerAdapter","message":"ControllerAdvice beans: 0 @ModelAttribute, 0 @InitBinder, 1 RequestBodyAdvice, 1 ResponseBodyAdvice","exception":""}
{"timestamp":"2026-06-10 19:49:32.332","level":"DEBUG","thread":"main","correlationId":"","logger":"o.s.w.s.m.m.a.ExceptionHandlerExceptionResolver","message":"ControllerAdvice beans: 2 @ExceptionHandler, 1 ResponseBodyAdvice","exception":""}
{"timestamp":"2026-06-10 19:49:32.367","level":"INFO","thread":"main","correlationId":"","logger":"o.s.b.a.h.H2ConsoleAutoConfiguration","message":"H2 console available at '/h2-console'. Database available at 'jdbc:h2:mem:deliverydb'","exception":""}
{"timestamp":"2026-06-10 19:49:32.389","level":"DEBUG","thread":"main","correlationId":"","logger":"o.s.w.f.ServerHttpObservationFilter","message":"Filter 'webMvcObservationFilter' configured for use","exception":""}
{"timestamp":"2026-06-10 19:49:32.389","level":"INFO","thread":"main","correlationId":"","logger":"o.s.b.t.m.w.SpringBootMockServletContext","message":"Initializing Spring TestDispatcherServlet ''","exception":""}
{"timestamp":"2026-06-10 19:49:32.389","level":"INFO","thread":"main","correlationId":"","logger":"o.s.t.w.s.TestDispatcherServlet","message":"Initializing Servlet ''","exception":""}
{"timestamp":"2026-06-10 19:49:32.389","level":"INFO","thread":"main","correlationId":"","logger":"o.s.t.w.s.TestDispatcherServlet","message":"Completed initialization in 0 ms","exception":""}
{"timestamp":"2026-06-10 19:49:32.399","level":"INFO","thread":"main","correlationId":"","logger":"c.d.d.c.ClienteControllerTest","message":"Started ClienteControllerTest in 0.711 seconds (process running for 12.746)","exception":""}
{"timestamp":"2026-06-10 19:49:32.407","level":"DEBUG","thread":"main","correlationId":"","logger":"o.s.security.web.FilterChainProxy","message":"Securing PATCH /api/clientes/4/status","exception":""}
{"timestamp":"2026-06-10 19:49:32.407","level":"WARN","thread":"main","correlationId":"","logger":"c.d.d.s.JwtAuthenticationFilter","message":"JWT Token não começa com Bearer String","exception":""}
{"timestamp":"2026-06-10 19:49:32.409","level":"DEBUG","thread":"main","correlationId":"","logger":"o.s.security.web.FilterChainProxy","message":"Secured PATCH /api/clientes/4/status","exception":""}
{"timestamp":"2026-06-10 19:49:32.409","level":"DEBUG","thread":"main","correlationId":"261a7b79d0af4670","logger":"o.s.w.s.m.m.a.RequestMappingHandlerMapping","message":"Mapped to com.deliverytech.delivery_api.controller.ClienteController#ativarDesativarCliente(Long)","exception":""}
{"timestamp":"2026-06-10 19:49:32.423","level":"DEBUG","thread":"main","correlationId":"261a7b79d0af4670","logger":"o.s.w.s.m.m.a.HttpEntityMethodProcessor","message":"Using 'application/json', given [*/*] and supported [application/json, application/*+json, application/yaml]","exception":""}
{"timestamp":"2026-06-10 19:49:32.423","level":"DEBUG","thread":"main","correlationId":"261a7b79d0af4670","logger":"o.s.w.s.m.m.a.HttpEntityMethodProcessor","message":"Writing [com.deliverytech.delivery_api.dto.res.ClienteResDTO@489b9d56]","exception":""}
{"timestamp":"2026-06-10 19:49:32.426","level":"DEBUG","thread":"main","correlationId":"","logger":"o.s.security.web.FilterChainProxy","message":"Securing PATCH /api/clientes/4/status","exception":""}
{"timestamp":"2026-06-10 19:49:32.427","level":"WARN","thread":"main","correlationId":"","logger":"c.d.d.s.JwtAuthenticationFilter","message":"JWT Token não começa com Bearer String","exception":""}
{"timestamp":"2026-06-10 19:49:32.428","level":"DEBUG","thread":"main","correlationId":"","logger":"o.s.security.web.FilterChainProxy","message":"Secured PATCH /api/clientes/4/status","exception":""}
{"timestamp":"2026-06-10 19:49:32.428","level":"DEBUG","thread":"main","correlationId":"f022004bb7354e97","logger":"o.s.w.s.m.m.a.RequestMappingHandlerMapping","message":"Mapped to com.deliverytech.delivery_api.controller.ClienteController#ativarDesativarCliente(Long)","exception":""}
{"timestamp":"2026-06-10 19:49:32.429","level":"DEBUG","thread":"main","correlationId":"f022004bb7354e97","logger":"o.s.w.s.m.m.a.HttpEntityMethodProcessor","message":"Using 'application/json', given [*/*] and supported [application/json, application/*+json, application/yaml]","exception":""}
{"timestamp":"2026-06-10 19:49:32.429","level":"DEBUG","thread":"main","correlationId":"f022004bb7354e97","logger":"o.s.w.s.m.m.a.HttpEntityMethodProcessor","message":"Writing [com.deliverytech.delivery_api.dto.res.ClienteResDTO@2bd18a97]","exception":""}
{"timestamp":"2026-06-10 19:49:32.435","level":"DEBUG","thread":"main","correlationId":"","logger":"o.s.w.c.s.GenericWebApplicationContext","message":"Closing org.springframework.web.context.support.GenericWebApplicationContext@704f0dda, started on Wed Jun 10 19:49:31 BRT 2026","exception":""}
{"timestamp":"2026-06-10 19:49:32.437","level":"INFO","thread":"main","correlationId":"","logger":"o.s.o.j.LocalContainerEntityManagerFactoryBean","message":"Closing JPA EntityManagerFactory for persistence unit 'default'","exception":""}
{"timestamp":"2026-06-10 19:49:32.439","level":"INFO","thread":"main","correlationId":"","logger":"com.zaxxer.hikari.HikariDataSource","message":"HikariPool-3 - Shutdown initiated...","exception":""}
{"timestamp":"2026-06-10 19:49:32.439","level":"INFO","thread":"main","correlationId":"","logger":"com.zaxxer.hikari.HikariDataSource","message":"HikariPool-3 - Shutdown completed.","exception":""}
{"timestamp":"2026-06-10 19:49:32.442","level":"INFO","thread":"main","correlationId":"","logger":"o.s.b.d.r.RestartApplicationListener","message":"Restart disabled due to context in which it is running","exception":""}
{"timestamp":"2026-06-10 19:49:32.469","level":"INFO","thread":"main","correlationId":"","logger":"c.d.d.c.ClienteControllerTest","message":"Starting ClienteControllerTest using Java 21.0.11 with PID 18360 (started by Santana in C:\Pasta Códiguinhos\arquitetura de sistemas fat\delivery-api\delivery-api)","exception":""}
{"timestamp":"2026-06-10 19:49:32.469","level":"INFO","thread":"main","correlationId":"","logger":"c.d.d.c.ClienteControllerTest","message":"The following 1 profile is active: "test"","exception":""}
{"timestamp":"2026-06-10 19:49:32.470","level":"DEBUG","thread":"main","correlationId":"","logger":"o.s.w.c.s.GenericWebApplicationContext","message":"Refreshing org.springframework.web.context.support.GenericWebApplicationContext@2c6fcbf3","exception":""}
{"timestamp":"2026-06-10 19:49:32.664","level":"INFO","thread":"main","correlationId":"","logger":"o.s.d.r.c.RepositoryConfigurationDelegate","message":"Bootstrapping Spring Data JPA repositories in DEFAULT mode.","exception":""}
{"timestamp":"2026-06-10 19:49:32.680","level":"INFO","thread":"main","correlationId":"","logger":"o.s.d.r.c.RepositoryConfigurationDelegate","message":"Finished Spring Data repository scanning in 15 ms. Found 5 JPA repository interfaces.","exception":""}
{"timestamp":"2026-06-10 19:49:32.737","level":"INFO","thread":"main","correlationId":"","logger":"o.s.o.j.p.SpringPersistenceUnitInfo","message":"No LoadTimeWeaver setup: ignoring JPA class transformer","exception":""}
{"timestamp":"2026-06-10 19:49:32.738","level":"INFO","thread":"main","correlationId":"","logger":"com.zaxxer.hikari.HikariDataSource","message":"HikariPool-4 - Starting...","exception":""}
{"timestamp":"2026-06-10 19:49:32.739","level":"INFO","thread":"main","correlationId":"","logger":"com.zaxxer.hikari.pool.HikariPool","message":"HikariPool-4 - Added connection conn30: url=jdbc:h2:mem:deliverydb user=SA","exception":""}
{"timestamp":"2026-06-10 19:49:32.740","level":"INFO","thread":"main","correlationId":"","logger":"com.zaxxer.hikari.HikariDataSource","message":"HikariPool-4 - Start completed.","exception":""}
{"timestamp":"2026-06-10 19:49:32.740","level":"WARN","thread":"main","correlationId":"","logger":"org.hibernate.orm.deprecation","message":"HHH90000025: H2Dialect does not need to be specified explicitly using 'hibernate.dialect' (remove the property setting and it will be selected by default)","exception":""}
{"timestamp":"2026-06-10 19:49:32.787","level":"INFO","thread":"main","correlationId":"","logger":"o.s.o.j.LocalContainerEntityManagerFactoryBean","message":"Initialized JPA EntityManagerFactory for persistence unit 'default'","exception":""}
{"timestamp":"2026-06-10 19:49:32.811","level":"INFO","thread":"main","correlationId":"","logger":"o.s.s.c.a.a.c.InitializeAuthenticationProviderBeanManagerConfigurer$InitializeAuthenticationProviderManagerConfigurer","message":"Global AuthenticationManager configured with AuthenticationProvider bean with name authenticationProvider","exception":""}
{"timestamp":"2026-06-10 19:49:32.811","level":"WARN","thread":"main","correlationId":"","logger":"o.s.s.c.a.a.c.InitializeUserDetailsBeanManagerConfigurer$InitializeUserDetailsManagerConfigurer","message":"Global AuthenticationManager configured with an AuthenticationProvider bean. UserDetailsService beans will not be used by Spring Security for automatically configuring username/password login. Consider removing the AuthenticationProvider bean. Alternatively, consider using the UserDetailsService in a manually instantiated DaoAuthenticationProvider. If the current configuration is intentional, to turn off this warning, increase the logging level of 'org.springframework.security.config.annotation.authentication.configuration.InitializeUserDetailsBeanManagerConfigurer' to ERROR","exception":""}
{"timestamp":"2026-06-10 19:49:32.922","level":"DEBUG","thread":"main","correlationId":"","logger":"o.s.w.s.m.m.a.RequestMappingHandlerMapping","message":"42 mappings in 'requestMappingHandlerMapping'","exception":""}
{"timestamp":"2026-06-10 19:49:32.943","level":"DEBUG","thread":"main","correlationId":"","logger":"o.s.w.s.h.SimpleUrlHandlerMapping","message":"Patterns [/webjars/**, /**, /swagger-ui*/*swagger-initializer.js, /swagger-ui*/**] in 'resourceHandlerMapping'","exception":""}
{"timestamp":"2026-06-10 19:49:32.979","level":"INFO","thread":"main","correlationId":"","logger":"o.s.b.a.e.web.EndpointLinksResolver","message":"Exposing 13 endpoints beneath base path '/actuator'","exception":""}
{"timestamp":"2026-06-10 19:49:33.007","level":"DEBUG","thread":"main","correlationId":"","logger":"o.s.s.web.DefaultSecurityFilterChain","message":"Will secure any request with filters: DisableEncodeUrlFilter, WebAsyncManagerIntegrationFilter, SecurityContextHolderFilter, HeaderWriterFilter, CorsFilter, LogoutFilter, JwtAuthenticationFilter, RequestCacheAwareFilter, SecurityContextHolderAwareRequestFilter, AnonymousAuthenticationFilter, SessionManagementFilter, ExceptionTranslationFilter, AuthorizationFilter","exception":""}
{"timestamp":"2026-06-10 19:49:33.032","level":"DEBUG","thread":"main","correlationId":"","logger":"o.s.w.s.m.m.a.RequestMappingHandlerAdapter","message":"ControllerAdvice beans: 0 @ModelAttribute, 0 @InitBinder, 1 RequestBodyAdvice, 1 ResponseBodyAdvice","exception":""}
{"timestamp":"2026-06-10 19:49:33.036","level":"DEBUG","thread":"main","correlationId":"","logger":"o.s.w.s.m.m.a.ExceptionHandlerExceptionResolver","message":"ControllerAdvice beans: 2 @ExceptionHandler, 1 ResponseBodyAdvice","exception":""}
{"timestamp":"2026-06-10 19:49:33.068","level":"INFO","thread":"main","correlationId":"","logger":"o.s.b.a.h.H2ConsoleAutoConfiguration","message":"H2 console available at '/h2-console'. Database available at 'jdbc:h2:mem:deliverydb'","exception":""}
{"timestamp":"2026-06-10 19:49:33.082","level":"DEBUG","thread":"main","correlationId":"","logger":"o.s.w.f.ServerHttpObservationFilter","message":"Filter 'webMvcObservationFilter' configured for use","exception":""}
{"timestamp":"2026-06-10 19:49:33.082","level":"INFO","thread":"main","correlationId":"","logger":"o.s.b.t.m.w.SpringBootMockServletContext","message":"Initializing Spring TestDispatcherServlet ''","exception":""}
{"timestamp":"2026-06-10 19:49:33.082","level":"INFO","thread":"main","correlationId":"","logger":"o.s.t.w.s.TestDispatcherServlet","message":"Initializing Servlet ''","exception":""}
{"timestamp":"2026-06-10 19:49:33.082","level":"INFO","thread":"main","correlationId":"","logger":"o.s.t.w.s.TestDispatcherServlet","message":"Completed initialization in 0 ms","exception":""}
{"timestamp":"2026-06-10 19:49:33.092","level":"INFO","thread":"main","correlationId":"","logger":"c.d.d.c.ClienteControllerTest","message":"Started ClienteControllerTest in 0.652 seconds (process running for 13.44)","exception":""}
{"timestamp":"2026-06-10 19:49:33.101","level":"DEBUG","thread":"main","correlationId":"","logger":"o.s.security.web.FilterChainProxy","message":"Securing GET /api/clientes/email/naoexiste@email.com","exception":""}
{"timestamp":"2026-06-10 19:49:33.102","level":"WARN","thread":"main","correlationId":"","logger":"c.d.d.s.JwtAuthenticationFilter","message":"JWT Token não começa com Bearer String","exception":""}
{"timestamp":"2026-06-10 19:49:33.104","level":"DEBUG","thread":"main","correlationId":"","logger":"o.s.security.web.FilterChainProxy","message":"Secured GET /api/clientes/email/naoexiste@email.com","exception":""}
{"timestamp":"2026-06-10 19:49:33.104","level":"DEBUG","thread":"main","correlationId":"c41149302b3e4ba9","logger":"o.s.w.s.m.m.a.RequestMappingHandlerMapping","message":"Mapped to com.deliverytech.delivery_api.controller.ClienteController#buscarPorEmail(String)","exception":""}
{"timestamp":"2026-06-10 19:49:33.127","level":"DEBUG","thread":"main","correlationId":"c41149302b3e4ba9","logger":"o.s.w.s.m.m.a.ExceptionHandlerExceptionResolver","message":"Using @ExceptionHandler com.deliverytech.delivery_api.exception.GlobalExceptionHandler#handleEntityNotFound(EntityNotFoundException, HttpServletRequest)","exception":""}
{"timestamp":"2026-06-10 19:49:33.134","level":"DEBUG","thread":"main","correlationId":"c41149302b3e4ba9","logger":"o.s.w.s.m.m.a.HttpEntityMethodProcessor","message":"Using 'application/json', given [*/*] and supported [application/json, application/*+json, application/yaml]","exception":""}
{"timestamp":"2026-06-10 19:49:33.134","level":"DEBUG","thread":"main","correlationId":"c41149302b3e4ba9","logger":"o.s.w.s.m.m.a.HttpEntityMethodProcessor","message":"Writing [com.deliverytech.delivery_api.dto.ErrorResponse@38e64a23]","exception":""}
{"timestamp":"2026-06-10 19:49:33.141","level":"DEBUG","thread":"main","correlationId":"c41149302b3e4ba9","logger":"o.s.w.s.m.m.a.ExceptionHandlerExceptionResolver","message":"Resolved [com.deliverytech.delivery_api.exception.EntityNotFoundException: Cliente não encontrado com email: naoexiste@email.com]","exception":""}
{"timestamp":"2026-06-10 19:49:33.146","level":"DEBUG","thread":"main","correlationId":"","logger":"o.s.w.c.s.GenericWebApplicationContext","message":"Closing org.springframework.web.context.support.GenericWebApplicationContext@2c6fcbf3, started on Wed Jun 10 19:49:32 BRT 2026","exception":""}
{"timestamp":"2026-06-10 19:49:33.149","level":"INFO","thread":"main","correlationId":"","logger":"o.s.o.j.LocalContainerEntityManagerFactoryBean","message":"Closing JPA EntityManagerFactory for persistence unit 'default'","exception":""}
{"timestamp":"2026-06-10 19:49:33.150","level":"INFO","thread":"main","correlationId":"","logger":"com.zaxxer.hikari.HikariDataSource","message":"HikariPool-4 - Shutdown initiated...","exception":""}
{"timestamp":"2026-06-10 19:49:33.152","level":"INFO","thread":"main","correlationId":"","logger":"com.zaxxer.hikari.HikariDataSource","message":"HikariPool-4 - Shutdown completed.","exception":""}
{"timestamp":"2026-06-10 19:49:33.153","level":"INFO","thread":"main","correlationId":"","logger":"o.s.b.d.r.RestartApplicationListener","message":"Restart disabled due to context in which it is running","exception":""}
{"timestamp":"2026-06-10 19:49:33.178","level":"INFO","thread":"main","correlationId":"","logger":"c.d.d.c.ClienteControllerTest","message":"Starting ClienteControllerTest using Java 21.0.11 with PID 18360 (started by Santana in C:\Pasta Códiguinhos\arquitetura de sistemas fat\delivery-api\delivery-api)","exception":""}
{"timestamp":"2026-06-10 19:49:33.178","level":"INFO","thread":"main","correlationId":"","logger":"c.d.d.c.ClienteControllerTest","message":"The following 1 profile is active: "test"","exception":""}
{"timestamp":"2026-06-10 19:49:33.179","level":"DEBUG","thread":"main","correlationId":"","logger":"o.s.w.c.s.GenericWebApplicationContext","message":"Refreshing org.springframework.web.context.support.GenericWebApplicationContext@638392a1","exception":""}
{"timestamp":"2026-06-10 19:49:33.396","level":"INFO","thread":"main","correlationId":"","logger":"o.s.d.r.c.RepositoryConfigurationDelegate","message":"Bootstrapping Spring Data JPA repositories in DEFAULT mode.","exception":""}
{"timestamp":"2026-06-10 19:49:33.413","level":"INFO","thread":"main","correlationId":"","logger":"o.s.d.r.c.RepositoryConfigurationDelegate","message":"Finished Spring Data repository scanning in 17 ms. Found 5 JPA repository interfaces.","exception":""}
{"timestamp":"2026-06-10 19:49:33.477","level":"INFO","thread":"main","correlationId":"","logger":"o.s.o.j.p.SpringPersistenceUnitInfo","message":"No LoadTimeWeaver setup: ignoring JPA class transformer","exception":""}
{"timestamp":"2026-06-10 19:49:33.478","level":"INFO","thread":"main","correlationId":"","logger":"com.zaxxer.hikari.HikariDataSource","message":"HikariPool-5 - Starting...","exception":""}
{"timestamp":"2026-06-10 19:49:33.480","level":"INFO","thread":"main","correlationId":"","logger":"com.zaxxer.hikari.pool.HikariPool","message":"HikariPool-5 - Added connection conn40: url=jdbc:h2:mem:deliverydb user=SA","exception":""}
{"timestamp":"2026-06-10 19:49:33.480","level":"INFO","thread":"main","correlationId":"","logger":"com.zaxxer.hikari.HikariDataSource","message":"HikariPool-5 - Start completed.","exception":""}
{"timestamp":"2026-06-10 19:49:33.480","level":"WARN","thread":"main","correlationId":"","logger":"org.hibernate.orm.deprecation","message":"HHH90000025: H2Dialect does not need to be specified explicitly using 'hibernate.dialect' (remove the property setting and it will be selected by default)","exception":""}
{"timestamp":"2026-06-10 19:49:33.531","level":"INFO","thread":"main","correlationId":"","logger":"o.s.o.j.LocalContainerEntityManagerFactoryBean","message":"Initialized JPA EntityManagerFactory for persistence unit 'default'","exception":""}
{"timestamp":"2026-06-10 19:49:33.556","level":"INFO","thread":"main","correlationId":"","logger":"o.s.s.c.a.a.c.InitializeAuthenticationProviderBeanManagerConfigurer$InitializeAuthenticationProviderManagerConfigurer","message":"Global AuthenticationManager configured with AuthenticationProvider bean with name authenticationProvider","exception":""}
{"timestamp":"2026-06-10 19:49:33.556","level":"WARN","thread":"main","correlationId":"","logger":"o.s.s.c.a.a.c.InitializeUserDetailsBeanManagerConfigurer$InitializeUserDetailsManagerConfigurer","message":"Global AuthenticationManager configured with an AuthenticationProvider bean. UserDetailsService beans will not be used by Spring Security for automatically configuring username/password login. Consider removing the AuthenticationProvider bean. Alternatively, consider using the UserDetailsService in a manually instantiated DaoAuthenticationProvider. If the current configuration is intentional, to turn off this warning, increase the logging level of 'org.springframework.security.config.annotation.authentication.configuration.InitializeUserDetailsBeanManagerConfigurer' to ERROR","exception":""}
{"timestamp":"2026-06-10 19:49:33.669","level":"DEBUG","thread":"main","correlationId":"","logger":"o.s.w.s.m.m.a.RequestMappingHandlerMapping","message":"42 mappings in 'requestMappingHandlerMapping'","exception":""}
{"timestamp":"2026-06-10 19:49:33.690","level":"DEBUG","thread":"main","correlationId":"","logger":"o.s.w.s.h.SimpleUrlHandlerMapping","message":"Patterns [/webjars/**, /**, /swagger-ui*/*swagger-initializer.js, /swagger-ui*/**] in 'resourceHandlerMapping'","exception":""}
{"timestamp":"2026-06-10 19:49:33.729","level":"INFO","thread":"main","correlationId":"","logger":"o.s.b.a.e.web.EndpointLinksResolver","message":"Exposing 13 endpoints beneath base path '/actuator'","exception":""}
{"timestamp":"2026-06-10 19:49:33.757","level":"DEBUG","thread":"main","correlationId":"","logger":"o.s.s.web.DefaultSecurityFilterChain","message":"Will secure any request with filters: DisableEncodeUrlFilter, WebAsyncManagerIntegrationFilter, SecurityContextHolderFilter, HeaderWriterFilter, CorsFilter, LogoutFilter, JwtAuthenticationFilter, RequestCacheAwareFilter, SecurityContextHolderAwareRequestFilter, AnonymousAuthenticationFilter, SessionManagementFilter, ExceptionTranslationFilter, AuthorizationFilter","exception":""}
{"timestamp":"2026-06-10 19:49:33.780","level":"DEBUG","thread":"main","correlationId":"","logger":"o.s.w.s.m.m.a.RequestMappingHandlerAdapter","message":"ControllerAdvice beans: 0 @ModelAttribute, 0 @InitBinder, 1 RequestBodyAdvice, 1 ResponseBodyAdvice","exception":""}
{"timestamp":"2026-06-10 19:49:33.785","level":"DEBUG","thread":"main","correlationId":"","logger":"o.s.w.s.m.m.a.ExceptionHandlerExceptionResolver","message":"ControllerAdvice beans: 2 @ExceptionHandler, 1 ResponseBodyAdvice","exception":""}
{"timestamp":"2026-06-10 19:49:33.816","level":"INFO","thread":"main","correlationId":"","logger":"o.s.b.a.h.H2ConsoleAutoConfiguration","message":"H2 console available at '/h2-console'. Database available at 'jdbc:h2:mem:deliverydb'","exception":""}
{"timestamp":"2026-06-10 19:49:33.829","level":"DEBUG","thread":"main","correlationId":"","logger":"o.s.w.f.ServerHttpObservationFilter","message":"Filter 'webMvcObservationFilter' configured for use","exception":""}
{"timestamp":"2026-06-10 19:49:33.829","level":"INFO","thread":"main","correlationId":"","logger":"o.s.b.t.m.w.SpringBootMockServletContext","message":"Initializing Spring TestDispatcherServlet ''","exception":""}
{"timestamp":"2026-06-10 19:49:33.829","level":"INFO","thread":"main","correlationId":"","logger":"o.s.t.w.s.TestDispatcherServlet","message":"Initializing Servlet ''","exception":""}
{"timestamp":"2026-06-10 19:49:33.830","level":"INFO","thread":"main","correlationId":"","logger":"o.s.t.w.s.TestDispatcherServlet","message":"Completed initialization in 1 ms","exception":""}
{"timestamp":"2026-06-10 19:49:33.838","level":"INFO","thread":"main","correlationId":"","logger":"c.d.d.c.ClienteControllerTest","message":"Started ClienteControllerTest in 0.685 seconds (process running for 14.186)","exception":""}
{"timestamp":"2026-06-10 19:49:33.846","level":"DEBUG","thread":"main","correlationId":"","logger":"o.s.security.web.FilterChainProxy","message":"Securing GET /api/clientes/4","exception":""}
{"timestamp":"2026-06-10 19:49:33.846","level":"WARN","thread":"main","correlationId":"","logger":"c.d.d.s.JwtAuthenticationFilter","message":"JWT Token não começa com Bearer String","exception":""}
{"timestamp":"2026-06-10 19:49:33.847","level":"DEBUG","thread":"main","correlationId":"","logger":"o.s.security.web.FilterChainProxy","message":"Secured GET /api/clientes/4","exception":""}
{"timestamp":"2026-06-10 19:49:33.848","level":"DEBUG","thread":"main","correlationId":"0e5e002f29cc40a9","logger":"o.s.w.s.m.m.a.RequestMappingHandlerMapping","message":"Mapped to com.deliverytech.delivery_api.controller.ClienteController#buscarPorId(Long)","exception":""}
{"timestamp":"2026-06-10 19:49:33.854","level":"DEBUG","thread":"main","correlationId":"0e5e002f29cc40a9","logger":"o.s.w.s.m.m.a.HttpEntityMethodProcessor","message":"Using 'application/json', given [*/*] and supported [application/json, application/*+json, application/yaml]","exception":""}
{"timestamp":"2026-06-10 19:49:33.854","level":"DEBUG","thread":"main","correlationId":"0e5e002f29cc40a9","logger":"o.s.w.s.m.m.a.HttpEntityMethodProcessor","message":"Writing [com.deliverytech.delivery_api.dto.res.ClienteResDTO@7436ac33]","exception":""}
{"timestamp":"2026-06-10 19:49:33.860","level":"DEBUG","thread":"main","correlationId":"","logger":"o.s.w.c.s.GenericWebApplicationContext","message":"Closing org.springframework.web.context.support.GenericWebApplicationContext@638392a1, started on Wed Jun 10 19:49:33 BRT 2026","exception":""}
{"timestamp":"2026-06-10 19:49:33.862","level":"INFO","thread":"main","correlationId":"","logger":"o.s.o.j.LocalContainerEntityManagerFactoryBean","message":"Closing JPA EntityManagerFactory for persistence unit 'default'","exception":""}
{"timestamp":"2026-06-10 19:49:33.863","level":"INFO","thread":"main","correlationId":"","logger":"com.zaxxer.hikari.HikariDataSource","message":"HikariPool-5 - Shutdown initiated...","exception":""}
{"timestamp":"2026-06-10 19:49:33.867","level":"INFO","thread":"main","correlationId":"","logger":"com.zaxxer.hikari.HikariDataSource","message":"HikariPool-5 - Shutdown completed.","exception":""}
{"timestamp":"2026-06-10 19:49:33.868","level":"INFO","thread":"main","correlationId":"","logger":"o.s.b.d.r.RestartApplicationListener","message":"Restart disabled due to context in which it is running","exception":""}
{"timestamp":"2026-06-10 19:49:33.890","level":"INFO","thread":"main","correlationId":"","logger":"c.d.d.c.ClienteControllerTest","message":"Starting ClienteControllerTest using Java 21.0.11 with PID 18360 (started by Santana in C:\Pasta Códiguinhos\arquitetura de sistemas fat\delivery-api\delivery-api)","exception":""}
{"timestamp":"2026-06-10 19:49:33.890","level":"INFO","thread":"main","correlationId":"","logger":"c.d.d.c.ClienteControllerTest","message":"The following 1 profile is active: "test"","exception":""}
{"timestamp":"2026-06-10 19:49:33.891","level":"DEBUG","thread":"main","correlationId":"","logger":"o.s.w.c.s.GenericWebApplicationContext","message":"Refreshing org.springframework.web.context.support.GenericWebApplicationContext@2768251d","exception":""}
{"timestamp":"2026-06-10 19:49:34.068","level":"INFO","thread":"main","correlationId":"","logger":"o.s.d.r.c.RepositoryConfigurationDelegate","message":"Bootstrapping Spring Data JPA repositories in DEFAULT mode.","exception":""}
{"timestamp":"2026-06-10 19:49:34.084","level":"INFO","thread":"main","correlationId":"","logger":"o.s.d.r.c.RepositoryConfigurationDelegate","message":"Finished Spring Data repository scanning in 14 ms. Found 5 JPA repository interfaces.","exception":""}
{"timestamp":"2026-06-10 19:49:34.137","level":"INFO","thread":"main","correlationId":"","logger":"o.s.o.j.p.SpringPersistenceUnitInfo","message":"No LoadTimeWeaver setup: ignoring JPA class transformer","exception":""}
{"timestamp":"2026-06-10 19:49:34.137","level":"INFO","thread":"main","correlationId":"","logger":"com.zaxxer.hikari.HikariDataSource","message":"HikariPool-6 - Starting...","exception":""}
{"timestamp":"2026-06-10 19:49:34.138","level":"INFO","thread":"main","correlationId":"","logger":"com.zaxxer.hikari.pool.HikariPool","message":"HikariPool-6 - Added connection conn50: url=jdbc:h2:mem:deliverydb user=SA","exception":""}
{"timestamp":"2026-06-10 19:49:34.139","level":"INFO","thread":"main","correlationId":"","logger":"com.zaxxer.hikari.HikariDataSource","message":"HikariPool-6 - Start completed.","exception":""}
{"timestamp":"2026-06-10 19:49:34.139","level":"WARN","thread":"main","correlationId":"","logger":"org.hibernate.orm.deprecation","message":"HHH90000025: H2Dialect does not need to be specified explicitly using 'hibernate.dialect' (remove the property setting and it will be selected by default)","exception":""}
{"timestamp":"2026-06-10 19:49:34.185","level":"INFO","thread":"main","correlationId":"","logger":"o.s.o.j.LocalContainerEntityManagerFactoryBean","message":"Initialized JPA EntityManagerFactory for persistence unit 'default'","exception":""}
{"timestamp":"2026-06-10 19:49:34.207","level":"INFO","thread":"main","correlationId":"","logger":"o.s.s.c.a.a.c.InitializeAuthenticationProviderBeanManagerConfigurer$InitializeAuthenticationProviderManagerConfigurer","message":"Global AuthenticationManager configured with AuthenticationProvider bean with name authenticationProvider","exception":""}
{"timestamp":"2026-06-10 19:49:34.208","level":"WARN","thread":"main","correlationId":"","logger":"o.s.s.c.a.a.c.InitializeUserDetailsBeanManagerConfigurer$InitializeUserDetailsManagerConfigurer","message":"Global AuthenticationManager configured with an AuthenticationProvider bean. UserDetailsService beans will not be used by Spring Security for automatically configuring username/password login. Consider removing the AuthenticationProvider bean. Alternatively, consider using the UserDetailsService in a manually instantiated DaoAuthenticationProvider. If the current configuration is intentional, to turn off this warning, increase the logging level of 'org.springframework.security.config.annotation.authentication.configuration.InitializeUserDetailsBeanManagerConfigurer' to ERROR","exception":""}
{"timestamp":"2026-06-10 19:49:34.302","level":"DEBUG","thread":"main","correlationId":"","logger":"o.s.w.s.m.m.a.RequestMappingHandlerMapping","message":"42 mappings in 'requestMappingHandlerMapping'","exception":""}
{"timestamp":"2026-06-10 19:49:34.324","level":"DEBUG","thread":"main","correlationId":"","logger":"o.s.w.s.h.SimpleUrlHandlerMapping","message":"Patterns [/webjars/**, /**, /swagger-ui*/*swagger-initializer.js, /swagger-ui*/**] in 'resourceHandlerMapping'","exception":""}
{"timestamp":"2026-06-10 19:49:34.364","level":"INFO","thread":"main","correlationId":"","logger":"o.s.b.a.e.web.EndpointLinksResolver","message":"Exposing 13 endpoints beneath base path '/actuator'","exception":""}
{"timestamp":"2026-06-10 19:49:34.393","level":"DEBUG","thread":"main","correlationId":"","logger":"o.s.s.web.DefaultSecurityFilterChain","message":"Will secure any request with filters: DisableEncodeUrlFilter, WebAsyncManagerIntegrationFilter, SecurityContextHolderFilter, HeaderWriterFilter, CorsFilter, LogoutFilter, JwtAuthenticationFilter, RequestCacheAwareFilter, SecurityContextHolderAwareRequestFilter, AnonymousAuthenticationFilter, SessionManagementFilter, ExceptionTranslationFilter, AuthorizationFilter","exception":""}
{"timestamp":"2026-06-10 19:49:34.420","level":"DEBUG","thread":"main","correlationId":"","logger":"o.s.w.s.m.m.a.RequestMappingHandlerAdapter","message":"ControllerAdvice beans: 0 @ModelAttribute, 0 @InitBinder, 1 RequestBodyAdvice, 1 ResponseBodyAdvice","exception":""}
{"timestamp":"2026-06-10 19:49:34.424","level":"DEBUG","thread":"main","correlationId":"","logger":"o.s.w.s.m.m.a.ExceptionHandlerExceptionResolver","message":"ControllerAdvice beans: 2 @ExceptionHandler, 1 ResponseBodyAdvice","exception":""}
{"timestamp":"2026-06-10 19:49:34.468","level":"INFO","thread":"main","correlationId":"","logger":"o.s.b.a.h.H2ConsoleAutoConfiguration","message":"H2 console available at '/h2-console'. Database available at 'jdbc:h2:mem:deliverydb'","exception":""}
{"timestamp":"2026-06-10 19:49:34.481","level":"DEBUG","thread":"main","correlationId":"","logger":"o.s.w.f.ServerHttpObservationFilter","message":"Filter 'webMvcObservationFilter' configured for use","exception":""}
{"timestamp":"2026-06-10 19:49:34.482","level":"INFO","thread":"main","correlationId":"","logger":"o.s.b.t.m.w.SpringBootMockServletContext","message":"Initializing Spring TestDispatcherServlet ''","exception":""}
{"timestamp":"2026-06-10 19:49:34.482","level":"INFO","thread":"main","correlationId":"","logger":"o.s.t.w.s.TestDispatcherServlet","message":"Initializing Servlet ''","exception":""}
{"timestamp":"2026-06-10 19:49:34.482","level":"INFO","thread":"main","correlationId":"","logger":"o.s.t.w.s.TestDispatcherServlet","message":"Completed initialization in 0 ms","exception":""}
{"timestamp":"2026-06-10 19:49:34.494","level":"INFO","thread":"main","correlationId":"","logger":"c.d.d.c.ClienteControllerTest","message":"Started ClienteControllerTest in 0.625 seconds (process running for 14.842)","exception":""}
{"timestamp":"2026-06-10 19:49:34.505","level":"DEBUG","thread":"main","correlationId":"","logger":"o.s.security.web.FilterChainProxy","message":"Securing PUT /api/clientes/4","exception":""}
{"timestamp":"2026-06-10 19:49:34.506","level":"WARN","thread":"main","correlationId":"","logger":"c.d.d.s.JwtAuthenticationFilter","message":"JWT Token não começa com Bearer String","exception":""}
{"timestamp":"2026-06-10 19:49:34.507","level":"DEBUG","thread":"main","correlationId":"","logger":"o.s.security.web.FilterChainProxy","message":"Secured PUT /api/clientes/4","exception":""}
{"timestamp":"2026-06-10 19:49:34.508","level":"DEBUG","thread":"main","correlationId":"3740e5bff7284bd1","logger":"o.s.w.s.m.m.a.RequestMappingHandlerMapping","message":"Mapped to com.deliverytech.delivery_api.controller.ClienteController#atualizarCliente(Long, ClienteReqDTO)","exception":""}
{"timestamp":"2026-06-10 19:49:34.510","level":"DEBUG","thread":"main","correlationId":"3740e5bff7284bd1","logger":"o.s.w.s.m.m.a.RequestResponseBodyMethodProcessor","message":"Read "application/json;charset=UTF-8" to [com.deliverytech.delivery_api.dto.req.ClienteReqDTO@3443316d]","exception":""}
{"timestamp":"2026-06-10 19:49:34.517","level":"DEBUG","thread":"main","correlationId":"3740e5bff7284bd1","logger":"o.s.w.s.m.m.a.HttpEntityMethodProcessor","message":"Using 'application/json', given [*/*] and supported [application/json, application/*+json, application/yaml]","exception":""}
{"timestamp":"2026-06-10 19:49:34.518","level":"DEBUG","thread":"main","correlationId":"3740e5bff7284bd1","logger":"o.s.w.s.m.m.a.HttpEntityMethodProcessor","message":"Writing [com.deliverytech.delivery_api.dto.res.ClienteResDTO@7a781ee6]","exception":""}
{"timestamp":"2026-06-10 19:49:34.525","level":"DEBUG","thread":"main","correlationId":"","logger":"o.s.w.c.s.GenericWebApplicationContext","message":"Closing org.springframework.web.context.support.GenericWebApplicationContext@2768251d, started on Wed Jun 10 19:49:33 BRT 2026","exception":""}
{"timestamp":"2026-06-10 19:49:34.527","level":"INFO","thread":"main","correlationId":"","logger":"o.s.o.j.LocalContainerEntityManagerFactoryBean","message":"Closing JPA EntityManagerFactory for persistence unit 'default'","exception":""}
{"timestamp":"2026-06-10 19:49:34.529","level":"INFO","thread":"main","correlationId":"","logger":"com.zaxxer.hikari.HikariDataSource","message":"HikariPool-6 - Shutdown initiated...","exception":""}
{"timestamp":"2026-06-10 19:49:34.529","level":"INFO","thread":"main","correlationId":"","logger":"com.zaxxer.hikari.HikariDataSource","message":"HikariPool-6 - Shutdown completed.","exception":""}
{"timestamp":"2026-06-10 19:49:34.531","level":"INFO","thread":"main","correlationId":"","logger":"o.s.b.d.r.RestartApplicationListener","message":"Restart disabled due to context in which it is running","exception":""}
{"timestamp":"2026-06-10 19:49:34.552","level":"INFO","thread":"main","correlationId":"","logger":"c.d.d.c.ClienteControllerTest","message":"Starting ClienteControllerTest using Java 21.0.11 with PID 18360 (started by Santana in C:\Pasta Códiguinhos\arquitetura de sistemas fat\delivery-api\delivery-api)","exception":""}
{"timestamp":"2026-06-10 19:49:34.552","level":"INFO","thread":"main","correlationId":"","logger":"c.d.d.c.ClienteControllerTest","message":"The following 1 profile is active: "test"","exception":""}
{"timestamp":"2026-06-10 19:49:34.554","level":"DEBUG","thread":"main","correlationId":"","logger":"o.s.w.c.s.GenericWebApplicationContext","message":"Refreshing org.springframework.web.context.support.GenericWebApplicationContext@5315278c","exception":""}
{"timestamp":"2026-06-10 19:49:34.737","level":"INFO","thread":"main","correlationId":"","logger":"o.s.d.r.c.RepositoryConfigurationDelegate","message":"Bootstrapping Spring Data JPA repositories in DEFAULT mode.","exception":""}
{"timestamp":"2026-06-10 19:49:34.754","level":"INFO","thread":"main","correlationId":"","logger":"o.s.d.r.c.RepositoryConfigurationDelegate","message":"Finished Spring Data repository scanning in 15 ms. Found 5 JPA repository interfaces.","exception":""}
{"timestamp":"2026-06-10 19:49:34.802","level":"INFO","thread":"main","correlationId":"","logger":"o.s.o.j.p.SpringPersistenceUnitInfo","message":"No LoadTimeWeaver setup: ignoring JPA class transformer","exception":""}
{"timestamp":"2026-06-10 19:49:34.803","level":"INFO","thread":"main","correlationId":"","logger":"com.zaxxer.hikari.HikariDataSource","message":"HikariPool-7 - Starting...","exception":""}
{"timestamp":"2026-06-10 19:49:34.804","level":"INFO","thread":"main","correlationId":"","logger":"com.zaxxer.hikari.pool.HikariPool","message":"HikariPool-7 - Added connection conn60: url=jdbc:h2:mem:deliverydb user=SA","exception":""}
{"timestamp":"2026-06-10 19:49:34.805","level":"INFO","thread":"main","correlationId":"","logger":"com.zaxxer.hikari.HikariDataSource","message":"HikariPool-7 - Start completed.","exception":""}
{"timestamp":"2026-06-10 19:49:34.805","level":"WARN","thread":"main","correlationId":"","logger":"org.hibernate.orm.deprecation","message":"HHH90000025: H2Dialect does not need to be specified explicitly using 'hibernate.dialect' (remove the property setting and it will be selected by default)","exception":""}
{"timestamp":"2026-06-10 19:49:34.846","level":"INFO","thread":"main","correlationId":"","logger":"o.s.o.j.LocalContainerEntityManagerFactoryBean","message":"Initialized JPA EntityManagerFactory for persistence unit 'default'","exception":""}
{"timestamp":"2026-06-10 19:49:34.868","level":"INFO","thread":"main","correlationId":"","logger":"o.s.s.c.a.a.c.InitializeAuthenticationProviderBeanManagerConfigurer$InitializeAuthenticationProviderManagerConfigurer","message":"Global AuthenticationManager configured with AuthenticationProvider bean with name authenticationProvider","exception":""}
{"timestamp":"2026-06-10 19:49:34.868","level":"WARN","thread":"main","correlationId":"","logger":"o.s.s.c.a.a.c.InitializeUserDetailsBeanManagerConfigurer$InitializeUserDetailsManagerConfigurer","message":"Global AuthenticationManager configured with an AuthenticationProvider bean. UserDetailsService beans will not be used by Spring Security for automatically configuring username/password login. Consider removing the AuthenticationProvider bean. Alternatively, consider using the UserDetailsService in a manually instantiated DaoAuthenticationProvider. If the current configuration is intentional, to turn off this warning, increase the logging level of 'org.springframework.security.config.annotation.authentication.configuration.InitializeUserDetailsBeanManagerConfigurer' to ERROR","exception":""}
{"timestamp":"2026-06-10 19:49:34.969","level":"DEBUG","thread":"main","correlationId":"","logger":"o.s.w.s.m.m.a.RequestMappingHandlerMapping","message":"42 mappings in 'requestMappingHandlerMapping'","exception":""}
{"timestamp":"2026-06-10 19:49:34.997","level":"DEBUG","thread":"main","correlationId":"","logger":"o.s.w.s.h.SimpleUrlHandlerMapping","message":"Patterns [/webjars/**, /**, /swagger-ui*/*swagger-initializer.js, /swagger-ui*/**] in 'resourceHandlerMapping'","exception":""}
{"timestamp":"2026-06-10 19:49:35.035","level":"INFO","thread":"main","correlationId":"","logger":"o.s.b.a.e.web.EndpointLinksResolver","message":"Exposing 13 endpoints beneath base path '/actuator'","exception":""}
{"timestamp":"2026-06-10 19:49:35.062","level":"DEBUG","thread":"main","correlationId":"","logger":"o.s.s.web.DefaultSecurityFilterChain","message":"Will secure any request with filters: DisableEncodeUrlFilter, WebAsyncManagerIntegrationFilter, SecurityContextHolderFilter, HeaderWriterFilter, CorsFilter, LogoutFilter, JwtAuthenticationFilter, RequestCacheAwareFilter, SecurityContextHolderAwareRequestFilter, AnonymousAuthenticationFilter, SessionManagementFilter, ExceptionTranslationFilter, AuthorizationFilter","exception":""}
{"timestamp":"2026-06-10 19:49:35.086","level":"DEBUG","thread":"main","correlationId":"","logger":"o.s.w.s.m.m.a.RequestMappingHandlerAdapter","message":"ControllerAdvice beans: 0 @ModelAttribute, 0 @InitBinder, 1 RequestBodyAdvice, 1 ResponseBodyAdvice","exception":""}
{"timestamp":"2026-06-10 19:49:35.091","level":"DEBUG","thread":"main","correlationId":"","logger":"o.s.w.s.m.m.a.ExceptionHandlerExceptionResolver","message":"ControllerAdvice beans: 2 @ExceptionHandler, 1 ResponseBodyAdvice","exception":""}
{"timestamp":"2026-06-10 19:49:35.121","level":"INFO","thread":"main","correlationId":"","logger":"o.s.b.a.h.H2ConsoleAutoConfiguration","message":"H2 console available at '/h2-console'. Database available at 'jdbc:h2:mem:deliverydb'","exception":""}
{"timestamp":"2026-06-10 19:49:35.141","level":"DEBUG","thread":"main","correlationId":"","logger":"o.s.w.f.ServerHttpObservationFilter","message":"Filter 'webMvcObservationFilter' configured for use","exception":""}
{"timestamp":"2026-06-10 19:49:35.141","level":"INFO","thread":"main","correlationId":"","logger":"o.s.b.t.m.w.SpringBootMockServletContext","message":"Initializing Spring TestDispatcherServlet ''","exception":""}
{"timestamp":"2026-06-10 19:49:35.141","level":"INFO","thread":"main","correlationId":"","logger":"o.s.t.w.s.TestDispatcherServlet","message":"Initializing Servlet ''","exception":""}
{"timestamp":"2026-06-10 19:49:35.141","level":"INFO","thread":"main","correlationId":"","logger":"o.s.t.w.s.TestDispatcherServlet","message":"Completed initialization in 0 ms","exception":""}
{"timestamp":"2026-06-10 19:49:35.149","level":"INFO","thread":"main","correlationId":"","logger":"c.d.d.c.ClienteControllerTest","message":"Started ClienteControllerTest in 0.618 seconds (process running for 15.497)","exception":""}
{"timestamp":"2026-06-10 19:49:35.156","level":"DEBUG","thread":"main","correlationId":"","logger":"o.s.security.web.FilterChainProxy","message":"Securing PUT /api/clientes/999999","exception":""}
{"timestamp":"2026-06-10 19:49:35.157","level":"WARN","thread":"main","correlationId":"","logger":"c.d.d.s.JwtAuthenticationFilter","message":"JWT Token não começa com Bearer String","exception":""}
{"timestamp":"2026-06-10 19:49:35.158","level":"DEBUG","thread":"main","correlationId":"","logger":"o.s.security.web.FilterChainProxy","message":"Secured PUT /api/clientes/999999","exception":""}
{"timestamp":"2026-06-10 19:49:35.159","level":"DEBUG","thread":"main","correlationId":"edc92957e47246bb","logger":"o.s.w.s.m.m.a.RequestMappingHandlerMapping","message":"Mapped to com.deliverytech.delivery_api.controller.ClienteController#atualizarCliente(Long, ClienteReqDTO)","exception":""}
{"timestamp":"2026-06-10 19:49:35.160","level":"DEBUG","thread":"main","correlationId":"edc92957e47246bb","logger":"o.s.w.s.m.m.a.RequestResponseBodyMethodProcessor","message":"Read "application/json;charset=UTF-8" to [com.deliverytech.delivery_api.dto.req.ClienteReqDTO@6df32d2f]","exception":""}
{"timestamp":"2026-06-10 19:49:35.167","level":"DEBUG","thread":"main","correlationId":"edc92957e47246bb","logger":"o.s.w.s.m.m.a.ExceptionHandlerExceptionResolver","message":"Using @ExceptionHandler com.deliverytech.delivery_api.exception.GlobalExceptionHandler#handleEntityNotFound(EntityNotFoundException, HttpServletRequest)","exception":""}
{"timestamp":"2026-06-10 19:49:35.170","level":"DEBUG","thread":"main","correlationId":"edc92957e47246bb","logger":"o.s.w.s.m.m.a.HttpEntityMethodProcessor","message":"Using 'application/json', given [*/*] and supported [application/json, application/*+json, application/yaml]","exception":""}
{"timestamp":"2026-06-10 19:49:35.171","level":"DEBUG","thread":"main","correlationId":"edc92957e47246bb","logger":"o.s.w.s.m.m.a.HttpEntityMethodProcessor","message":"Writing [com.deliverytech.delivery_api.dto.ErrorResponse@95ff051]","exception":""}
{"timestamp":"2026-06-10 19:49:35.171","level":"DEBUG","thread":"main","correlationId":"edc92957e47246bb","logger":"o.s.w.s.m.m.a.ExceptionHandlerExceptionResolver","message":"Resolved [com.deliverytech.delivery_api.exception.EntityNotFoundException: Cliente não encontrado com ID: 999999]","exception":""}
{"timestamp":"2026-06-10 19:49:35.177","level":"DEBUG","thread":"main","correlationId":"","logger":"o.s.w.c.s.GenericWebApplicationContext","message":"Closing org.springframework.web.context.support.GenericWebApplicationContext@5315278c, started on Wed Jun 10 19:49:34 BRT 2026","exception":""}
{"timestamp":"2026-06-10 19:49:35.178","level":"INFO","thread":"main","correlationId":"","logger":"o.s.o.j.LocalContainerEntityManagerFactoryBean","message":"Closing JPA EntityManagerFactory for persistence unit 'default'","exception":""}
{"timestamp":"2026-06-10 19:49:35.180","level":"INFO","thread":"main","correlationId":"","logger":"com.zaxxer.hikari.HikariDataSource","message":"HikariPool-7 - Shutdown initiated...","exception":""}
{"timestamp":"2026-06-10 19:49:35.204","level":"INFO","thread":"main","correlationId":"","logger":"com.zaxxer.hikari.HikariDataSource","message":"HikariPool-7 - Shutdown completed.","exception":""}
{"timestamp":"2026-06-10 19:49:35.206","level":"INFO","thread":"main","correlationId":"","logger":"o.s.b.d.r.RestartApplicationListener","message":"Restart disabled due to context in which it is running","exception":""}
{"timestamp":"2026-06-10 19:49:35.228","level":"INFO","thread":"main","correlationId":"","logger":"c.d.d.c.ClienteControllerTest","message":"Starting ClienteControllerTest using Java 21.0.11 with PID 18360 (started by Santana in C:\Pasta Códiguinhos\arquitetura de sistemas fat\delivery-api\delivery-api)","exception":""}
{"timestamp":"2026-06-10 19:49:35.228","level":"INFO","thread":"main","correlationId":"","logger":"c.d.d.c.ClienteControllerTest","message":"The following 1 profile is active: "test"","exception":""}
{"timestamp":"2026-06-10 19:49:35.229","level":"DEBUG","thread":"main","correlationId":"","logger":"o.s.w.c.s.GenericWebApplicationContext","message":"Refreshing org.springframework.web.context.support.GenericWebApplicationContext@5568f81","exception":""}
{"timestamp":"2026-06-10 19:49:35.402","level":"INFO","thread":"main","correlationId":"","logger":"o.s.d.r.c.RepositoryConfigurationDelegate","message":"Bootstrapping Spring Data JPA repositories in DEFAULT mode.","exception":""}
{"timestamp":"2026-06-10 19:49:35.417","level":"INFO","thread":"main","correlationId":"","logger":"o.s.d.r.c.RepositoryConfigurationDelegate","message":"Finished Spring Data repository scanning in 14 ms. Found 5 JPA repository interfaces.","exception":""}
{"timestamp":"2026-06-10 19:49:35.466","level":"INFO","thread":"main","correlationId":"","logger":"o.s.o.j.p.SpringPersistenceUnitInfo","message":"No LoadTimeWeaver setup: ignoring JPA class transformer","exception":""}
{"timestamp":"2026-06-10 19:49:35.467","level":"INFO","thread":"main","correlationId":"","logger":"com.zaxxer.hikari.HikariDataSource","message":"HikariPool-8 - Starting...","exception":""}
{"timestamp":"2026-06-10 19:49:35.468","level":"INFO","thread":"main","correlationId":"","logger":"com.zaxxer.hikari.pool.HikariPool","message":"HikariPool-8 - Added connection conn70: url=jdbc:h2:mem:deliverydb user=SA","exception":""}
{"timestamp":"2026-06-10 19:49:35.468","level":"INFO","thread":"main","correlationId":"","logger":"com.zaxxer.hikari.HikariDataSource","message":"HikariPool-8 - Start completed.","exception":""}
{"timestamp":"2026-06-10 19:49:35.469","level":"WARN","thread":"main","correlationId":"","logger":"org.hibernate.orm.deprecation","message":"HHH90000025: H2Dialect does not need to be specified explicitly using 'hibernate.dialect' (remove the property setting and it will be selected by default)","exception":""}
{"timestamp":"2026-06-10 19:49:35.510","level":"INFO","thread":"main","correlationId":"","logger":"o.s.o.j.LocalContainerEntityManagerFactoryBean","message":"Initialized JPA EntityManagerFactory for persistence unit 'default'","exception":""}
{"timestamp":"2026-06-10 19:49:35.531","level":"INFO","thread":"main","correlationId":"","logger":"o.s.s.c.a.a.c.InitializeAuthenticationProviderBeanManagerConfigurer$InitializeAuthenticationProviderManagerConfigurer","message":"Global AuthenticationManager configured with AuthenticationProvider bean with name authenticationProvider","exception":""}
{"timestamp":"2026-06-10 19:49:35.531","level":"WARN","thread":"main","correlationId":"","logger":"o.s.s.c.a.a.c.InitializeUserDetailsBeanManagerConfigurer$InitializeUserDetailsManagerConfigurer","message":"Global AuthenticationManager configured with an AuthenticationProvider bean. UserDetailsService beans will not be used by Spring Security for automatically configuring username/password login. Consider removing the AuthenticationProvider bean. Alternatively, consider using the UserDetailsService in a manually instantiated DaoAuthenticationProvider. If the current configuration is intentional, to turn off this warning, increase the logging level of 'org.springframework.security.config.annotation.authentication.configuration.InitializeUserDetailsBeanManagerConfigurer' to ERROR","exception":""}
{"timestamp":"2026-06-10 19:49:35.625","level":"DEBUG","thread":"main","correlationId":"","logger":"o.s.w.s.m.m.a.RequestMappingHandlerMapping","message":"42 mappings in 'requestMappingHandlerMapping'","exception":""}
{"timestamp":"2026-06-10 19:49:35.645","level":"DEBUG","thread":"main","correlationId":"","logger":"o.s.w.s.h.SimpleUrlHandlerMapping","message":"Patterns [/webjars/**, /**, /swagger-ui*/*swagger-initializer.js, /swagger-ui*/**] in 'resourceHandlerMapping'","exception":""}
{"timestamp":"2026-06-10 19:49:35.688","level":"INFO","thread":"main","correlationId":"","logger":"o.s.b.a.e.web.EndpointLinksResolver","message":"Exposing 13 endpoints beneath base path '/actuator'","exception":""}
{"timestamp":"2026-06-10 19:49:35.714","level":"DEBUG","thread":"main","correlationId":"","logger":"o.s.s.web.DefaultSecurityFilterChain","message":"Will secure any request with filters: DisableEncodeUrlFilter, WebAsyncManagerIntegrationFilter, SecurityContextHolderFilter, HeaderWriterFilter, CorsFilter, LogoutFilter, JwtAuthenticationFilter, RequestCacheAwareFilter, SecurityContextHolderAwareRequestFilter, AnonymousAuthenticationFilter, SessionManagementFilter, ExceptionTranslationFilter, AuthorizationFilter","exception":""}
{"timestamp":"2026-06-10 19:49:35.734","level":"DEBUG","thread":"main","correlationId":"","logger":"o.s.w.s.m.m.a.RequestMappingHandlerAdapter","message":"ControllerAdvice beans: 0 @ModelAttribute, 0 @InitBinder, 1 RequestBodyAdvice, 1 ResponseBodyAdvice","exception":""}
{"timestamp":"2026-06-10 19:49:35.738","level":"DEBUG","thread":"main","correlationId":"","logger":"o.s.w.s.m.m.a.ExceptionHandlerExceptionResolver","message":"ControllerAdvice beans: 2 @ExceptionHandler, 1 ResponseBodyAdvice","exception":""}
{"timestamp":"2026-06-10 19:49:35.766","level":"INFO","thread":"main","correlationId":"","logger":"o.s.b.a.h.H2ConsoleAutoConfiguration","message":"H2 console available at '/h2-console'. Database available at 'jdbc:h2:mem:deliverydb'","exception":""}
{"timestamp":"2026-06-10 19:49:35.780","level":"DEBUG","thread":"main","correlationId":"","logger":"o.s.w.f.ServerHttpObservationFilter","message":"Filter 'webMvcObservationFilter' configured for use","exception":""}
{"timestamp":"2026-06-10 19:49:35.780","level":"INFO","thread":"main","correlationId":"","logger":"o.s.b.t.m.w.SpringBootMockServletContext","message":"Initializing Spring TestDispatcherServlet ''","exception":""}
{"timestamp":"2026-06-10 19:49:35.780","level":"INFO","thread":"main","correlationId":"","logger":"o.s.t.w.s.TestDispatcherServlet","message":"Initializing Servlet ''","exception":""}
{"timestamp":"2026-06-10 19:49:35.780","level":"INFO","thread":"main","correlationId":"","logger":"o.s.t.w.s.TestDispatcherServlet","message":"Completed initialization in 0 ms","exception":""}
{"timestamp":"2026-06-10 19:49:35.788","level":"INFO","thread":"main","correlationId":"","logger":"c.d.d.c.ClienteControllerTest","message":"Started ClienteControllerTest in 0.582 seconds (process running for 16.136)","exception":""}
{"timestamp":"2026-06-10 19:49:35.795","level":"DEBUG","thread":"main","correlationId":"","logger":"o.s.security.web.FilterChainProxy","message":"Securing GET /api/clientes/email/joao.teste@email.com","exception":""}
{"timestamp":"2026-06-10 19:49:35.796","level":"WARN","thread":"main","correlationId":"","logger":"c.d.d.s.JwtAuthenticationFilter","message":"JWT Token não começa com Bearer String","exception":""}
{"timestamp":"2026-06-10 19:49:35.797","level":"DEBUG","thread":"main","correlationId":"","logger":"o.s.security.web.FilterChainProxy","message":"Secured GET /api/clientes/email/joao.teste@email.com","exception":""}
{"timestamp":"2026-06-10 19:49:35.798","level":"DEBUG","thread":"main","correlationId":"bbb309a488d842d0","logger":"o.s.w.s.m.m.a.RequestMappingHandlerMapping","message":"Mapped to com.deliverytech.delivery_api.controller.ClienteController#buscarPorEmail(String)","exception":""}
{"timestamp":"2026-06-10 19:49:35.802","level":"DEBUG","thread":"main","correlationId":"bbb309a488d842d0","logger":"o.s.w.s.m.m.a.HttpEntityMethodProcessor","message":"Using 'application/json', given [*/*] and supported [application/json, application/*+json, application/yaml]","exception":""}
{"timestamp":"2026-06-10 19:49:35.802","level":"DEBUG","thread":"main","correlationId":"bbb309a488d842d0","logger":"o.s.w.s.m.m.a.HttpEntityMethodProcessor","message":"Writing [com.deliverytech.delivery_api.dto.res.ClienteResDTO@4ea6c853]","exception":""}
{"timestamp":"2026-06-10 19:49:35.807","level":"DEBUG","thread":"main","correlationId":"","logger":"o.s.w.c.s.GenericWebApplicationContext","message":"Closing org.springframework.web.context.support.GenericWebApplicationContext@5568f81, started on Wed Jun 10 19:49:35 BRT 2026","exception":""}
{"timestamp":"2026-06-10 19:49:35.809","level":"INFO","thread":"main","correlationId":"","logger":"o.s.o.j.LocalContainerEntityManagerFactoryBean","message":"Closing JPA EntityManagerFactory for persistence unit 'default'","exception":""}
{"timestamp":"2026-06-10 19:49:35.810","level":"INFO","thread":"main","correlationId":"","logger":"com.zaxxer.hikari.HikariDataSource","message":"HikariPool-8 - Shutdown initiated...","exception":""}
{"timestamp":"2026-06-10 19:49:35.816","level":"INFO","thread":"main","correlationId":"","logger":"com.zaxxer.hikari.HikariDataSource","message":"HikariPool-8 - Shutdown completed.","exception":""}
{"timestamp":"2026-06-10 19:49:35.817","level":"INFO","thread":"main","correlationId":"","logger":"o.s.b.d.r.RestartApplicationListener","message":"Restart disabled due to context in which it is running","exception":""}
{"timestamp":"2026-06-10 19:49:35.836","level":"INFO","thread":"main","correlationId":"","logger":"c.d.d.c.ClienteControllerTest","message":"Starting ClienteControllerTest using Java 21.0.11 with PID 18360 (started by Santana in C:\Pasta Códiguinhos\arquitetura de sistemas fat\delivery-api\delivery-api)","exception":""}
{"timestamp":"2026-06-10 19:49:35.836","level":"INFO","thread":"main","correlationId":"","logger":"c.d.d.c.ClienteControllerTest","message":"The following 1 profile is active: "test"","exception":""}
{"timestamp":"2026-06-10 19:49:35.837","level":"DEBUG","thread":"main","correlationId":"","logger":"o.s.w.c.s.GenericWebApplicationContext","message":"Refreshing org.springframework.web.context.support.GenericWebApplicationContext@2ebdf26c","exception":""}
{"timestamp":"2026-06-10 19:49:36.000","level":"INFO","thread":"main","correlationId":"","logger":"o.s.d.r.c.RepositoryConfigurationDelegate","message":"Bootstrapping Spring Data JPA repositories in DEFAULT mode.","exception":""}
{"timestamp":"2026-06-10 19:49:36.016","level":"INFO","thread":"main","correlationId":"","logger":"o.s.d.r.c.RepositoryConfigurationDelegate","message":"Finished Spring Data repository scanning in 15 ms. Found 5 JPA repository interfaces.","exception":""}
{"timestamp":"2026-06-10 19:49:36.064","level":"INFO","thread":"main","correlationId":"","logger":"o.s.o.j.p.SpringPersistenceUnitInfo","message":"No LoadTimeWeaver setup: ignoring JPA class transformer","exception":""}
{"timestamp":"2026-06-10 19:49:36.065","level":"INFO","thread":"main","correlationId":"","logger":"com.zaxxer.hikari.HikariDataSource","message":"HikariPool-9 - Starting...","exception":""}
{"timestamp":"2026-06-10 19:49:36.066","level":"INFO","thread":"main","correlationId":"","logger":"com.zaxxer.hikari.pool.HikariPool","message":"HikariPool-9 - Added connection conn78: url=jdbc:h2:mem:deliverydb user=SA","exception":""}
{"timestamp":"2026-06-10 19:49:36.066","level":"INFO","thread":"main","correlationId":"","logger":"com.zaxxer.hikari.HikariDataSource","message":"HikariPool-9 - Start completed.","exception":""}
{"timestamp":"2026-06-10 19:49:36.066","level":"WARN","thread":"main","correlationId":"","logger":"org.hibernate.orm.deprecation","message":"HHH90000025: H2Dialect does not need to be specified explicitly using 'hibernate.dialect' (remove the property setting and it will be selected by default)","exception":""}
{"timestamp":"2026-06-10 19:49:36.107","level":"INFO","thread":"main","correlationId":"","logger":"o.s.o.j.LocalContainerEntityManagerFactoryBean","message":"Initialized JPA EntityManagerFactory for persistence unit 'default'","exception":""}
{"timestamp":"2026-06-10 19:49:36.128","level":"INFO","thread":"main","correlationId":"","logger":"o.s.s.c.a.a.c.InitializeAuthenticationProviderBeanManagerConfigurer$InitializeAuthenticationProviderManagerConfigurer","message":"Global AuthenticationManager configured with AuthenticationProvider bean with name authenticationProvider","exception":""}
{"timestamp":"2026-06-10 19:49:36.128","level":"WARN","thread":"main","correlationId":"","logger":"o.s.s.c.a.a.c.InitializeUserDetailsBeanManagerConfigurer$InitializeUserDetailsManagerConfigurer","message":"Global AuthenticationManager configured with an AuthenticationProvider bean. UserDetailsService beans will not be used by Spring Security for automatically configuring username/password login. Consider removing the AuthenticationProvider bean. Alternatively, consider using the UserDetailsService in a manually instantiated DaoAuthenticationProvider. If the current configuration is intentional, to turn off this warning, increase the logging level of 'org.springframework.security.config.annotation.authentication.configuration.InitializeUserDetailsBeanManagerConfigurer' to ERROR","exception":""}
{"timestamp":"2026-06-10 19:49:36.227","level":"DEBUG","thread":"main","correlationId":"","logger":"o.s.w.s.m.m.a.RequestMappingHandlerMapping","message":"42 mappings in 'requestMappingHandlerMapping'","exception":""}
{"timestamp":"2026-06-10 19:49:36.249","level":"DEBUG","thread":"main","correlationId":"","logger":"o.s.w.s.h.SimpleUrlHandlerMapping","message":"Patterns [/webjars/**, /**, /swagger-ui*/*swagger-initializer.js, /swagger-ui*/**] in 'resourceHandlerMapping'","exception":""}
{"timestamp":"2026-06-10 19:49:36.282","level":"INFO","thread":"main","correlationId":"","logger":"o.s.b.a.e.web.EndpointLinksResolver","message":"Exposing 13 endpoints beneath base path '/actuator'","exception":""}
{"timestamp":"2026-06-10 19:49:36.310","level":"DEBUG","thread":"main","correlationId":"","logger":"o.s.s.web.DefaultSecurityFilterChain","message":"Will secure any request with filters: DisableEncodeUrlFilter, WebAsyncManagerIntegrationFilter, SecurityContextHolderFilter, HeaderWriterFilter, CorsFilter, LogoutFilter, JwtAuthenticationFilter, RequestCacheAwareFilter, SecurityContextHolderAwareRequestFilter, AnonymousAuthenticationFilter, SessionManagementFilter, ExceptionTranslationFilter, AuthorizationFilter","exception":""}
{"timestamp":"2026-06-10 19:49:36.335","level":"DEBUG","thread":"main","correlationId":"","logger":"o.s.w.s.m.m.a.RequestMappingHandlerAdapter","message":"ControllerAdvice beans: 0 @ModelAttribute, 0 @InitBinder, 1 RequestBodyAdvice, 1 ResponseBodyAdvice","exception":""}
{"timestamp":"2026-06-10 19:49:36.340","level":"DEBUG","thread":"main","correlationId":"","logger":"o.s.w.s.m.m.a.ExceptionHandlerExceptionResolver","message":"ControllerAdvice beans: 2 @ExceptionHandler, 1 ResponseBodyAdvice","exception":""}
{"timestamp":"2026-06-10 19:49:36.370","level":"INFO","thread":"main","correlationId":"","logger":"o.s.b.a.h.H2ConsoleAutoConfiguration","message":"H2 console available at '/h2-console'. Database available at 'jdbc:h2:mem:deliverydb'","exception":""}
{"timestamp":"2026-06-10 19:49:36.382","level":"DEBUG","thread":"main","correlationId":"","logger":"o.s.w.f.ServerHttpObservationFilter","message":"Filter 'webMvcObservationFilter' configured for use","exception":""}
{"timestamp":"2026-06-10 19:49:36.382","level":"INFO","thread":"main","correlationId":"","logger":"o.s.b.t.m.w.SpringBootMockServletContext","message":"Initializing Spring TestDispatcherServlet ''","exception":""}
{"timestamp":"2026-06-10 19:49:36.382","level":"INFO","thread":"main","correlationId":"","logger":"o.s.t.w.s.TestDispatcherServlet","message":"Initializing Servlet ''","exception":""}
{"timestamp":"2026-06-10 19:49:36.383","level":"INFO","thread":"main","correlationId":"","logger":"o.s.t.w.s.TestDispatcherServlet","message":"Completed initialization in 1 ms","exception":""}
{"timestamp":"2026-06-10 19:49:36.392","level":"INFO","thread":"main","correlationId":"","logger":"c.d.d.c.ClienteControllerTest","message":"Started ClienteControllerTest in 0.575 seconds (process running for 16.739)","exception":""}
{"timestamp":"2026-06-10 19:49:36.399","level":"DEBUG","thread":"main","correlationId":"","logger":"o.s.security.web.FilterChainProxy","message":"Securing GET /api/clientes","exception":""}
{"timestamp":"2026-06-10 19:49:36.399","level":"WARN","thread":"main","correlationId":"","logger":"c.d.d.s.JwtAuthenticationFilter","message":"JWT Token não começa com Bearer String","exception":""}
{"timestamp":"2026-06-10 19:49:36.400","level":"DEBUG","thread":"main","correlationId":"","logger":"o.s.security.web.FilterChainProxy","message":"Secured GET /api/clientes","exception":""}
{"timestamp":"2026-06-10 19:49:36.400","level":"DEBUG","thread":"main","correlationId":"616f2e4809364c06","logger":"o.s.w.s.m.m.a.RequestMappingHandlerMapping","message":"Mapped to com.deliverytech.delivery_api.controller.ClienteController#listarClientesAtivos()","exception":""}
{"timestamp":"2026-06-10 19:49:36.417","level":"DEBUG","thread":"main","correlationId":"616f2e4809364c06","logger":"o.s.w.s.m.m.a.HttpEntityMethodProcessor","message":"Using 'application/json', given [*/*] and supported [application/json, application/*+json, application/yaml]","exception":""}
{"timestamp":"2026-06-10 19:49:36.417","level":"DEBUG","thread":"main","correlationId":"616f2e4809364c06","logger":"o.s.w.s.m.m.a.HttpEntityMethodProcessor","message":"Writing [[com.deliverytech.delivery_api.dto.res.ClienteResDTO@687bdd05, com.deliverytech.delivery_api.dto.res (truncated)...]","exception":""}
{"timestamp":"2026-06-10 19:49:36.428","level":"DEBUG","thread":"main","correlationId":"","logger":"o.s.w.c.s.GenericWebApplicationContext","message":"Closing org.springframework.web.context.support.GenericWebApplicationContext@2ebdf26c, started on Wed Jun 10 19:49:35 BRT 2026","exception":""}
{"timestamp":"2026-06-10 19:49:36.430","level":"INFO","thread":"main","correlationId":"","logger":"o.s.o.j.LocalContainerEntityManagerFactoryBean","message":"Closing JPA EntityManagerFactory for persistence unit 'default'","exception":""}
{"timestamp":"2026-06-10 19:49:36.432","level":"INFO","thread":"main","correlationId":"","logger":"com.zaxxer.hikari.HikariDataSource","message":"HikariPool-9 - Shutdown initiated...","exception":""}
{"timestamp":"2026-06-10 19:49:36.462","level":"INFO","thread":"main","correlationId":"","logger":"com.zaxxer.hikari.HikariDataSource","message":"HikariPool-9 - Shutdown completed.","exception":""}
{"timestamp":"2026-06-10 19:49:36.463","level":"INFO","thread":"main","correlationId":"","logger":"o.s.b.d.r.RestartApplicationListener","message":"Restart disabled due to context in which it is running","exception":""}
{"timestamp":"2026-06-10 19:49:36.480","level":"INFO","thread":"main","correlationId":"","logger":"c.d.d.c.ClienteControllerTest","message":"Starting ClienteControllerTest using Java 21.0.11 with PID 18360 (started by Santana in C:\Pasta Códiguinhos\arquitetura de sistemas fat\delivery-api\delivery-api)","exception":""}
{"timestamp":"2026-06-10 19:49:36.482","level":"INFO","thread":"main","correlationId":"","logger":"c.d.d.c.ClienteControllerTest","message":"The following 1 profile is active: "test"","exception":""}
{"timestamp":"2026-06-10 19:49:36.482","level":"DEBUG","thread":"main","correlationId":"","logger":"o.s.w.c.s.GenericWebApplicationContext","message":"Refreshing org.springframework.web.context.support.GenericWebApplicationContext@6e6f1e3d","exception":""}
{"timestamp":"2026-06-10 19:49:36.632","level":"INFO","thread":"main","correlationId":"","logger":"o.s.d.r.c.RepositoryConfigurationDelegate","message":"Bootstrapping Spring Data JPA repositories in DEFAULT mode.","exception":""}
{"timestamp":"2026-06-10 19:49:36.647","level":"INFO","thread":"main","correlationId":"","logger":"o.s.d.r.c.RepositoryConfigurationDelegate","message":"Finished Spring Data repository scanning in 13 ms. Found 5 JPA repository interfaces.","exception":""}
{"timestamp":"2026-06-10 19:49:36.693","level":"INFO","thread":"main","correlationId":"","logger":"o.s.o.j.p.SpringPersistenceUnitInfo","message":"No LoadTimeWeaver setup: ignoring JPA class transformer","exception":""}
{"timestamp":"2026-06-10 19:49:36.693","level":"INFO","thread":"main","correlationId":"","logger":"com.zaxxer.hikari.HikariDataSource","message":"HikariPool-10 - Starting...","exception":""}
{"timestamp":"2026-06-10 19:49:36.695","level":"INFO","thread":"main","correlationId":"","logger":"com.zaxxer.hikari.pool.HikariPool","message":"HikariPool-10 - Added connection conn88: url=jdbc:h2:mem:deliverydb user=SA","exception":""}
{"timestamp":"2026-06-10 19:49:36.696","level":"INFO","thread":"main","correlationId":"","logger":"com.zaxxer.hikari.HikariDataSource","message":"HikariPool-10 - Start completed.","exception":""}
{"timestamp":"2026-06-10 19:49:36.696","level":"WARN","thread":"main","correlationId":"","logger":"org.hibernate.orm.deprecation","message":"HHH90000025: H2Dialect does not need to be specified explicitly using 'hibernate.dialect' (remove the property setting and it will be selected by default)","exception":""}
{"timestamp":"2026-06-10 19:49:36.772","level":"INFO","thread":"main","correlationId":"","logger":"o.s.o.j.LocalContainerEntityManagerFactoryBean","message":"Initialized JPA EntityManagerFactory for persistence unit 'default'","exception":""}
{"timestamp":"2026-06-10 19:49:36.795","level":"INFO","thread":"main","correlationId":"","logger":"o.s.s.c.a.a.c.InitializeAuthenticationProviderBeanManagerConfigurer$InitializeAuthenticationProviderManagerConfigurer","message":"Global AuthenticationManager configured with AuthenticationProvider bean with name authenticationProvider","exception":""}
{"timestamp":"2026-06-10 19:49:36.795","level":"WARN","thread":"main","correlationId":"","logger":"o.s.s.c.a.a.c.InitializeUserDetailsBeanManagerConfigurer$InitializeUserDetailsManagerConfigurer","message":"Global AuthenticationManager configured with an AuthenticationProvider bean. UserDetailsService beans will not be used by Spring Security for automatically configuring username/password login. Consider removing the AuthenticationProvider bean. Alternatively, consider using the UserDetailsService in a manually instantiated DaoAuthenticationProvider. If the current configuration is intentional, to turn off this warning, increase the logging level of 'org.springframework.security.config.annotation.authentication.configuration.InitializeUserDetailsBeanManagerConfigurer' to ERROR","exception":""}
{"timestamp":"2026-06-10 19:49:36.890","level":"DEBUG","thread":"main","correlationId":"","logger":"o.s.w.s.m.m.a.RequestMappingHandlerMapping","message":"42 mappings in 'requestMappingHandlerMapping'","exception":""}
{"timestamp":"2026-06-10 19:49:36.910","level":"DEBUG","thread":"main","correlationId":"","logger":"o.s.w.s.h.SimpleUrlHandlerMapping","message":"Patterns [/webjars/**, /**, /swagger-ui*/*swagger-initializer.js, /swagger-ui*/**] in 'resourceHandlerMapping'","exception":""}
{"timestamp":"2026-06-10 19:49:36.942","level":"INFO","thread":"main","correlationId":"","logger":"o.s.b.a.e.web.EndpointLinksResolver","message":"Exposing 13 endpoints beneath base path '/actuator'","exception":""}
{"timestamp":"2026-06-10 19:49:36.968","level":"DEBUG","thread":"main","correlationId":"","logger":"o.s.s.web.DefaultSecurityFilterChain","message":"Will secure any request with filters: DisableEncodeUrlFilter, WebAsyncManagerIntegrationFilter, SecurityContextHolderFilter, HeaderWriterFilter, CorsFilter, LogoutFilter, JwtAuthenticationFilter, RequestCacheAwareFilter, SecurityContextHolderAwareRequestFilter, AnonymousAuthenticationFilter, SessionManagementFilter, ExceptionTranslationFilter, AuthorizationFilter","exception":""}
{"timestamp":"2026-06-10 19:49:36.990","level":"DEBUG","thread":"main","correlationId":"","logger":"o.s.w.s.m.m.a.RequestMappingHandlerAdapter","message":"ControllerAdvice beans: 0 @ModelAttribute, 0 @InitBinder, 1 RequestBodyAdvice, 1 ResponseBodyAdvice","exception":""}
{"timestamp":"2026-06-10 19:49:36.994","level":"DEBUG","thread":"main","correlationId":"","logger":"o.s.w.s.m.m.a.ExceptionHandlerExceptionResolver","message":"ControllerAdvice beans: 2 @ExceptionHandler, 1 ResponseBodyAdvice","exception":""}
{"timestamp":"2026-06-10 19:49:37.021","level":"INFO","thread":"main","correlationId":"","logger":"o.s.b.a.h.H2ConsoleAutoConfiguration","message":"H2 console available at '/h2-console'. Database available at 'jdbc:h2:mem:deliverydb'","exception":""}
{"timestamp":"2026-06-10 19:49:37.031","level":"DEBUG","thread":"main","correlationId":"","logger":"o.s.w.f.ServerHttpObservationFilter","message":"Filter 'webMvcObservationFilter' configured for use","exception":""}
{"timestamp":"2026-06-10 19:49:37.031","level":"INFO","thread":"main","correlationId":"","logger":"o.s.b.t.m.w.SpringBootMockServletContext","message":"Initializing Spring TestDispatcherServlet ''","exception":""}
{"timestamp":"2026-06-10 19:49:37.031","level":"INFO","thread":"main","correlationId":"","logger":"o.s.t.w.s.TestDispatcherServlet","message":"Initializing Servlet ''","exception":""}
{"timestamp":"2026-06-10 19:49:37.032","level":"INFO","thread":"main","correlationId":"","logger":"o.s.t.w.s.TestDispatcherServlet","message":"Completed initialization in 1 ms","exception":""}
{"timestamp":"2026-06-10 19:49:37.040","level":"INFO","thread":"main","correlationId":"","logger":"c.d.d.c.ClienteControllerTest","message":"Started ClienteControllerTest in 0.577 seconds (process running for 17.387)","exception":""}
{"timestamp":"2026-06-10 19:49:37.047","level":"DEBUG","thread":"main","correlationId":"","logger":"o.s.security.web.FilterChainProxy","message":"Securing GET /api/clientes/999999","exception":""}
{"timestamp":"2026-06-10 19:49:37.047","level":"WARN","thread":"main","correlationId":"","logger":"c.d.d.s.JwtAuthenticationFilter","message":"JWT Token não começa com Bearer String","exception":""}
{"timestamp":"2026-06-10 19:49:37.048","level":"DEBUG","thread":"main","correlationId":"","logger":"o.s.security.web.FilterChainProxy","message":"Secured GET /api/clientes/999999","exception":""}
{"timestamp":"2026-06-10 19:49:37.048","level":"DEBUG","thread":"main","correlationId":"ec1ecc0a419a4187","logger":"o.s.w.s.m.m.a.RequestMappingHandlerMapping","message":"Mapped to com.deliverytech.delivery_api.controller.ClienteController#buscarPorId(Long)","exception":""}
{"timestamp":"2026-06-10 19:49:37.050","level":"DEBUG","thread":"main","correlationId":"ec1ecc0a419a4187","logger":"o.s.w.s.m.m.a.ExceptionHandlerExceptionResolver","message":"Using @ExceptionHandler com.deliverytech.delivery_api.exception.GlobalExceptionHandler#handleEntityNotFound(EntityNotFoundException, HttpServletRequest)","exception":""}
{"timestamp":"2026-06-10 19:49:37.052","level":"DEBUG","thread":"main","correlationId":"ec1ecc0a419a4187","logger":"o.s.w.s.m.m.a.HttpEntityMethodProcessor","message":"Using 'application/json', given [*/*] and supported [application/json, application/*+json, application/yaml]","exception":""}
{"timestamp":"2026-06-10 19:49:37.052","level":"DEBUG","thread":"main","correlationId":"ec1ecc0a419a4187","logger":"o.s.w.s.m.m.a.HttpEntityMethodProcessor","message":"Writing [com.deliverytech.delivery_api.dto.ErrorResponse@ed8f6ef]","exception":""}
{"timestamp":"2026-06-10 19:49:37.054","level":"DEBUG","thread":"main","correlationId":"ec1ecc0a419a4187","logger":"o.s.w.s.m.m.a.ExceptionHandlerExceptionResolver","message":"Resolved [com.deliverytech.delivery_api.exception.EntityNotFoundException: Cliente não encontrado com ID: 999999]","exception":""}
{"timestamp":"2026-06-10 19:49:37.058","level":"DEBUG","thread":"main","correlationId":"","logger":"o.s.w.c.s.GenericWebApplicationContext","message":"Closing org.springframework.web.context.support.GenericWebApplicationContext@6e6f1e3d, started on Wed Jun 10 19:49:36 BRT 2026","exception":""}
{"timestamp":"2026-06-10 19:49:37.060","level":"INFO","thread":"main","correlationId":"","logger":"o.s.o.j.LocalContainerEntityManagerFactoryBean","message":"Closing JPA EntityManagerFactory for persistence unit 'default'","exception":""}
{"timestamp":"2026-06-10 19:49:37.061","level":"INFO","thread":"main","correlationId":"","logger":"com.zaxxer.hikari.HikariDataSource","message":"HikariPool-10 - Shutdown initiated...","exception":""}
{"timestamp":"2026-06-10 19:49:37.092","level":"INFO","thread":"main","correlationId":"","logger":"com.zaxxer.hikari.HikariDataSource","message":"HikariPool-10 - Shutdown completed.","exception":""}
{"timestamp":"2026-06-10 19:49:37.094","level":"INFO","thread":"main","correlationId":"","logger":"o.s.b.d.r.RestartApplicationListener","message":"Restart disabled due to context in which it is running","exception":""}
{"timestamp":"2026-06-10 19:49:37.111","level":"INFO","thread":"main","correlationId":"","logger":"c.d.d.c.ClienteControllerTest","message":"Starting ClienteControllerTest using Java 21.0.11 with PID 18360 (started by Santana in C:\Pasta Códiguinhos\arquitetura de sistemas fat\delivery-api\delivery-api)","exception":""}
{"timestamp":"2026-06-10 19:49:37.112","level":"INFO","thread":"main","correlationId":"","logger":"c.d.d.c.ClienteControllerTest","message":"The following 1 profile is active: "test"","exception":""}
{"timestamp":"2026-06-10 19:49:37.112","level":"DEBUG","thread":"main","correlationId":"","logger":"o.s.w.c.s.GenericWebApplicationContext","message":"Refreshing org.springframework.web.context.support.GenericWebApplicationContext@30f6cb1b","exception":""}
{"timestamp":"2026-06-10 19:49:37.267","level":"INFO","thread":"main","correlationId":"","logger":"o.s.d.r.c.RepositoryConfigurationDelegate","message":"Bootstrapping Spring Data JPA repositories in DEFAULT mode.","exception":""}
{"timestamp":"2026-06-10 19:49:37.279","level":"INFO","thread":"main","correlationId":"","logger":"o.s.d.r.c.RepositoryConfigurationDelegate","message":"Finished Spring Data repository scanning in 11 ms. Found 5 JPA repository interfaces.","exception":""}
{"timestamp":"2026-06-10 19:49:37.327","level":"INFO","thread":"main","correlationId":"","logger":"o.s.o.j.p.SpringPersistenceUnitInfo","message":"No LoadTimeWeaver setup: ignoring JPA class transformer","exception":""}
{"timestamp":"2026-06-10 19:49:37.328","level":"INFO","thread":"main","correlationId":"","logger":"com.zaxxer.hikari.HikariDataSource","message":"HikariPool-11 - Starting...","exception":""}
{"timestamp":"2026-06-10 19:49:37.329","level":"INFO","thread":"main","correlationId":"","logger":"com.zaxxer.hikari.pool.HikariPool","message":"HikariPool-11 - Added connection conn98: url=jdbc:h2:mem:deliverydb user=SA","exception":""}
{"timestamp":"2026-06-10 19:49:37.329","level":"INFO","thread":"main","correlationId":"","logger":"com.zaxxer.hikari.HikariDataSource","message":"HikariPool-11 - Start completed.","exception":""}
{"timestamp":"2026-06-10 19:49:37.329","level":"WARN","thread":"main","correlationId":"","logger":"org.hibernate.orm.deprecation","message":"HHH90000025: H2Dialect does not need to be specified explicitly using 'hibernate.dialect' (remove the property setting and it will be selected by default)","exception":""}
{"timestamp":"2026-06-10 19:49:37.369","level":"INFO","thread":"main","correlationId":"","logger":"o.s.o.j.LocalContainerEntityManagerFactoryBean","message":"Initialized JPA EntityManagerFactory for persistence unit 'default'","exception":""}
{"timestamp":"2026-06-10 19:49:37.390","level":"INFO","thread":"main","correlationId":"","logger":"o.s.s.c.a.a.c.InitializeAuthenticationProviderBeanManagerConfigurer$InitializeAuthenticationProviderManagerConfigurer","message":"Global AuthenticationManager configured with AuthenticationProvider bean with name authenticationProvider","exception":""}
{"timestamp":"2026-06-10 19:49:37.391","level":"WARN","thread":"main","correlationId":"","logger":"o.s.s.c.a.a.c.InitializeUserDetailsBeanManagerConfigurer$InitializeUserDetailsManagerConfigurer","message":"Global AuthenticationManager configured with an AuthenticationProvider bean. UserDetailsService beans will not be used by Spring Security for automatically configuring username/password login. Consider removing the AuthenticationProvider bean. Alternatively, consider using the UserDetailsService in a manually instantiated DaoAuthenticationProvider. If the current configuration is intentional, to turn off this warning, increase the logging level of 'org.springframework.security.config.annotation.authentication.configuration.InitializeUserDetailsBeanManagerConfigurer' to ERROR","exception":""}
{"timestamp":"2026-06-10 19:49:37.477","level":"DEBUG","thread":"main","correlationId":"","logger":"o.s.w.s.m.m.a.RequestMappingHandlerMapping","message":"42 mappings in 'requestMappingHandlerMapping'","exception":""}
{"timestamp":"2026-06-10 19:49:37.496","level":"DEBUG","thread":"main","correlationId":"","logger":"o.s.w.s.h.SimpleUrlHandlerMapping","message":"Patterns [/webjars/**, /**, /swagger-ui*/*swagger-initializer.js, /swagger-ui*/**] in 'resourceHandlerMapping'","exception":""}
{"timestamp":"2026-06-10 19:49:37.527","level":"INFO","thread":"main","correlationId":"","logger":"o.s.b.a.e.web.EndpointLinksResolver","message":"Exposing 13 endpoints beneath base path '/actuator'","exception":""}
{"timestamp":"2026-06-10 19:49:37.554","level":"DEBUG","thread":"main","correlationId":"","logger":"o.s.s.web.DefaultSecurityFilterChain","message":"Will secure any request with filters: DisableEncodeUrlFilter, WebAsyncManagerIntegrationFilter, SecurityContextHolderFilter, HeaderWriterFilter, CorsFilter, LogoutFilter, JwtAuthenticationFilter, RequestCacheAwareFilter, SecurityContextHolderAwareRequestFilter, AnonymousAuthenticationFilter, SessionManagementFilter, ExceptionTranslationFilter, AuthorizationFilter","exception":""}
{"timestamp":"2026-06-10 19:49:37.574","level":"DEBUG","thread":"main","correlationId":"","logger":"o.s.w.s.m.m.a.RequestMappingHandlerAdapter","message":"ControllerAdvice beans: 0 @ModelAttribute, 0 @InitBinder, 1 RequestBodyAdvice, 1 ResponseBodyAdvice","exception":""}
{"timestamp":"2026-06-10 19:49:37.578","level":"DEBUG","thread":"main","correlationId":"","logger":"o.s.w.s.m.m.a.ExceptionHandlerExceptionResolver","message":"ControllerAdvice beans: 2 @ExceptionHandler, 1 ResponseBodyAdvice","exception":""}
{"timestamp":"2026-06-10 19:49:37.607","level":"INFO","thread":"main","correlationId":"","logger":"o.s.b.a.h.H2ConsoleAutoConfiguration","message":"H2 console available at '/h2-console'. Database available at 'jdbc:h2:mem:deliverydb'","exception":""}
{"timestamp":"2026-06-10 19:49:37.621","level":"DEBUG","thread":"main","correlationId":"","logger":"o.s.w.f.ServerHttpObservationFilter","message":"Filter 'webMvcObservationFilter' configured for use","exception":""}
{"timestamp":"2026-06-10 19:49:37.621","level":"INFO","thread":"main","correlationId":"","logger":"o.s.b.t.m.w.SpringBootMockServletContext","message":"Initializing Spring TestDispatcherServlet ''","exception":""}
{"timestamp":"2026-06-10 19:49:37.621","level":"INFO","thread":"main","correlationId":"","logger":"o.s.t.w.s.TestDispatcherServlet","message":"Initializing Servlet ''","exception":""}
{"timestamp":"2026-06-10 19:49:37.621","level":"INFO","thread":"main","correlationId":"","logger":"o.s.t.w.s.TestDispatcherServlet","message":"Completed initialization in 0 ms","exception":""}
{"timestamp":"2026-06-10 19:49:37.629","level":"INFO","thread":"main","correlationId":"","logger":"c.d.d.c.ClienteControllerTest","message":"Started ClienteControllerTest in 0.535 seconds (process running for 17.977)","exception":""}
{"timestamp":"2026-06-10 19:49:37.637","level":"DEBUG","thread":"main","correlationId":"","logger":"o.s.security.web.FilterChainProxy","message":"Securing POST /api/clientes","exception":""}
{"timestamp":"2026-06-10 19:49:37.637","level":"WARN","thread":"main","correlationId":"","logger":"c.d.d.s.JwtAuthenticationFilter","message":"JWT Token não começa com Bearer String","exception":""}
{"timestamp":"2026-06-10 19:49:37.638","level":"DEBUG","thread":"main","correlationId":"","logger":"o.s.security.web.FilterChainProxy","message":"Secured POST /api/clientes","exception":""}
{"timestamp":"2026-06-10 19:49:37.638","level":"DEBUG","thread":"main","correlationId":"6b23e4593b70450b","logger":"o.s.w.s.m.m.a.RequestMappingHandlerMapping","message":"Mapped to com.deliverytech.delivery_api.controller.ClienteController#cadastrarCliente(ClienteReqDTO)","exception":""}
{"timestamp":"2026-06-10 19:49:37.640","level":"DEBUG","thread":"main","correlationId":"6b23e4593b70450b","logger":"o.s.w.s.m.m.a.RequestResponseBodyMethodProcessor","message":"Read "application/json;charset=UTF-8" to [com.deliverytech.delivery_api.dto.req.ClienteReqDTO@8e2caba]","exception":""}
{"timestamp":"2026-06-10 19:49:37.644","level":"DEBUG","thread":"main","correlationId":"6b23e4593b70450b","logger":"o.s.w.s.m.m.a.ExceptionHandlerExceptionResolver","message":"Using @ExceptionHandler com.deliverytech.delivery_api.exception.GlobalExceptionHandler#handleBusinessException(BusinessException, HttpServletRequest)","exception":""}
{"timestamp":"2026-06-10 19:49:37.647","level":"DEBUG","thread":"main","correlationId":"6b23e4593b70450b","logger":"o.s.w.s.m.m.a.HttpEntityMethodProcessor","message":"Using 'application/json', given [*/*] and supported [application/json, application/*+json, application/yaml]","exception":""}
{"timestamp":"2026-06-10 19:49:37.647","level":"DEBUG","thread":"main","correlationId":"6b23e4593b70450b","logger":"o.s.w.s.m.m.a.HttpEntityMethodProcessor","message":"Writing [com.deliverytech.delivery_api.dto.ErrorResponse@49719b40]","exception":""}
{"timestamp":"2026-06-10 19:49:37.647","level":"DEBUG","thread":"main","correlationId":"6b23e4593b70450b","logger":"o.s.w.s.m.m.a.ExceptionHandlerExceptionResolver","message":"Resolved [com.deliverytech.delivery_api.exception.BusinessException: Email já cadastrado: joao.teste@email.com]","exception":""}
{"timestamp":"2026-06-10 19:49:37.654","level":"DEBUG","thread":"main","correlationId":"","logger":"o.s.w.c.s.GenericWebApplicationContext","message":"Closing org.springframework.web.context.support.GenericWebApplicationContext@30f6cb1b, started on Wed Jun 10 19:49:37 BRT 2026","exception":""}
{"timestamp":"2026-06-10 19:49:37.655","level":"INFO","thread":"main","correlationId":"","logger":"o.s.o.j.LocalContainerEntityManagerFactoryBean","message":"Closing JPA EntityManagerFactory for persistence unit 'default'","exception":""}
{"timestamp":"2026-06-10 19:49:37.656","level":"INFO","thread":"main","correlationId":"","logger":"com.zaxxer.hikari.HikariDataSource","message":"HikariPool-11 - Shutdown initiated...","exception":""}
{"timestamp":"2026-06-10 19:49:37.665","level":"INFO","thread":"main","correlationId":"","logger":"com.zaxxer.hikari.HikariDataSource","message":"HikariPool-11 - Shutdown completed.","exception":""}
{"timestamp":"2026-06-10 19:49:37.667","level":"INFO","thread":"main","correlationId":"","logger":"o.s.b.d.r.RestartApplicationListener","message":"Restart disabled due to context in which it is running","exception":""}
{"timestamp":"2026-06-10 19:49:37.685","level":"INFO","thread":"main","correlationId":"","logger":"c.d.d.c.ClienteControllerTest","message":"Starting ClienteControllerTest using Java 21.0.11 with PID 18360 (started by Santana in C:\Pasta Códiguinhos\arquitetura de sistemas fat\delivery-api\delivery-api)","exception":""}
{"timestamp":"2026-06-10 19:49:37.685","level":"INFO","thread":"main","correlationId":"","logger":"c.d.d.c.ClienteControllerTest","message":"The following 1 profile is active: "test"","exception":""}
{"timestamp":"2026-06-10 19:49:37.686","level":"DEBUG","thread":"main","correlationId":"","logger":"o.s.w.c.s.GenericWebApplicationContext","message":"Refreshing org.springframework.web.context.support.GenericWebApplicationContext@1950d9fc","exception":""}
{"timestamp":"2026-06-10 19:49:37.838","level":"INFO","thread":"main","correlationId":"","logger":"o.s.d.r.c.RepositoryConfigurationDelegate","message":"Bootstrapping Spring Data JPA repositories in DEFAULT mode.","exception":""}
{"timestamp":"2026-06-10 19:49:37.854","level":"INFO","thread":"main","correlationId":"","logger":"o.s.d.r.c.RepositoryConfigurationDelegate","message":"Finished Spring Data repository scanning in 15 ms. Found 5 JPA repository interfaces.","exception":""}
{"timestamp":"2026-06-10 19:49:37.908","level":"INFO","thread":"main","correlationId":"","logger":"o.s.o.j.p.SpringPersistenceUnitInfo","message":"No LoadTimeWeaver setup: ignoring JPA class transformer","exception":""}
{"timestamp":"2026-06-10 19:49:37.909","level":"INFO","thread":"main","correlationId":"","logger":"com.zaxxer.hikari.HikariDataSource","message":"HikariPool-12 - Starting...","exception":""}
{"timestamp":"2026-06-10 19:49:37.910","level":"INFO","thread":"main","correlationId":"","logger":"com.zaxxer.hikari.pool.HikariPool","message":"HikariPool-12 - Added connection conn106: url=jdbc:h2:mem:deliverydb user=SA","exception":""}
{"timestamp":"2026-06-10 19:49:37.910","level":"INFO","thread":"main","correlationId":"","logger":"com.zaxxer.hikari.HikariDataSource","message":"HikariPool-12 - Start completed.","exception":""}
{"timestamp":"2026-06-10 19:49:37.910","level":"WARN","thread":"main","correlationId":"","logger":"org.hibernate.orm.deprecation","message":"HHH90000025: H2Dialect does not need to be specified explicitly using 'hibernate.dialect' (remove the property setting and it will be selected by default)","exception":""}
{"timestamp":"2026-06-10 19:49:37.950","level":"INFO","thread":"main","correlationId":"","logger":"o.s.o.j.LocalContainerEntityManagerFactoryBean","message":"Initialized JPA EntityManagerFactory for persistence unit 'default'","exception":""}
{"timestamp":"2026-06-10 19:49:37.969","level":"INFO","thread":"main","correlationId":"","logger":"o.s.s.c.a.a.c.InitializeAuthenticationProviderBeanManagerConfigurer$InitializeAuthenticationProviderManagerConfigurer","message":"Global AuthenticationManager configured with AuthenticationProvider bean with name authenticationProvider","exception":""}
{"timestamp":"2026-06-10 19:49:37.970","level":"WARN","thread":"main","correlationId":"","logger":"o.s.s.c.a.a.c.InitializeUserDetailsBeanManagerConfigurer$InitializeUserDetailsManagerConfigurer","message":"Global AuthenticationManager configured with an AuthenticationProvider bean. UserDetailsService beans will not be used by Spring Security for automatically configuring username/password login. Consider removing the AuthenticationProvider bean. Alternatively, consider using the UserDetailsService in a manually instantiated DaoAuthenticationProvider. If the current configuration is intentional, to turn off this warning, increase the logging level of 'org.springframework.security.config.annotation.authentication.configuration.InitializeUserDetailsBeanManagerConfigurer' to ERROR","exception":""}
{"timestamp":"2026-06-10 19:49:38.054","level":"DEBUG","thread":"main","correlationId":"","logger":"o.s.w.s.m.m.a.RequestMappingHandlerMapping","message":"42 mappings in 'requestMappingHandlerMapping'","exception":""}
{"timestamp":"2026-06-10 19:49:38.071","level":"DEBUG","thread":"main","correlationId":"","logger":"o.s.w.s.h.SimpleUrlHandlerMapping","message":"Patterns [/webjars/**, /**, /swagger-ui*/*swagger-initializer.js, /swagger-ui*/**] in 'resourceHandlerMapping'","exception":""}
{"timestamp":"2026-06-10 19:49:38.104","level":"INFO","thread":"main","correlationId":"","logger":"o.s.b.a.e.web.EndpointLinksResolver","message":"Exposing 13 endpoints beneath base path '/actuator'","exception":""}
{"timestamp":"2026-06-10 19:49:38.129","level":"DEBUG","thread":"main","correlationId":"","logger":"o.s.s.web.DefaultSecurityFilterChain","message":"Will secure any request with filters: DisableEncodeUrlFilter, WebAsyncManagerIntegrationFilter, SecurityContextHolderFilter, HeaderWriterFilter, CorsFilter, LogoutFilter, JwtAuthenticationFilter, RequestCacheAwareFilter, SecurityContextHolderAwareRequestFilter, AnonymousAuthenticationFilter, SessionManagementFilter, ExceptionTranslationFilter, AuthorizationFilter","exception":""}
{"timestamp":"2026-06-10 19:49:38.147","level":"DEBUG","thread":"main","correlationId":"","logger":"o.s.w.s.m.m.a.RequestMappingHandlerAdapter","message":"ControllerAdvice beans: 0 @ModelAttribute, 0 @InitBinder, 1 RequestBodyAdvice, 1 ResponseBodyAdvice","exception":""}
{"timestamp":"2026-06-10 19:49:38.151","level":"DEBUG","thread":"main","correlationId":"","logger":"o.s.w.s.m.m.a.ExceptionHandlerExceptionResolver","message":"ControllerAdvice beans: 2 @ExceptionHandler, 1 ResponseBodyAdvice","exception":""}
{"timestamp":"2026-06-10 19:49:38.174","level":"INFO","thread":"main","correlationId":"","logger":"o.s.b.a.h.H2ConsoleAutoConfiguration","message":"H2 console available at '/h2-console'. Database available at 'jdbc:h2:mem:deliverydb'","exception":""}
{"timestamp":"2026-06-10 19:49:38.184","level":"DEBUG","thread":"main","correlationId":"","logger":"o.s.w.f.ServerHttpObservationFilter","message":"Filter 'webMvcObservationFilter' configured for use","exception":""}
{"timestamp":"2026-06-10 19:49:38.184","level":"INFO","thread":"main","correlationId":"","logger":"o.s.b.t.m.w.SpringBootMockServletContext","message":"Initializing Spring TestDispatcherServlet ''","exception":""}
{"timestamp":"2026-06-10 19:49:38.184","level":"INFO","thread":"main","correlationId":"","logger":"o.s.t.w.s.TestDispatcherServlet","message":"Initializing Servlet ''","exception":""}
{"timestamp":"2026-06-10 19:49:38.184","level":"INFO","thread":"main","correlationId":"","logger":"o.s.t.w.s.TestDispatcherServlet","message":"Completed initialization in 0 ms","exception":""}
{"timestamp":"2026-06-10 19:49:38.192","level":"INFO","thread":"main","correlationId":"","logger":"c.d.d.c.ClienteControllerTest","message":"Started ClienteControllerTest in 0.526 seconds (process running for 18.54)","exception":""}
{"timestamp":"2026-06-10 19:49:38.200","level":"DEBUG","thread":"main","correlationId":"","logger":"o.s.security.web.FilterChainProxy","message":"Securing POST /api/clientes","exception":""}
{"timestamp":"2026-06-10 19:49:38.200","level":"WARN","thread":"main","correlationId":"","logger":"c.d.d.s.JwtAuthenticationFilter","message":"JWT Token não começa com Bearer String","exception":""}
{"timestamp":"2026-06-10 19:49:38.201","level":"DEBUG","thread":"main","correlationId":"","logger":"o.s.security.web.FilterChainProxy","message":"Secured POST /api/clientes","exception":""}
{"timestamp":"2026-06-10 19:49:38.201","level":"DEBUG","thread":"main","correlationId":"c4a75f45b9f34be8","logger":"o.s.w.s.m.m.a.RequestMappingHandlerMapping","message":"Mapped to com.deliverytech.delivery_api.controller.ClienteController#cadastrarCliente(ClienteReqDTO)","exception":""}
{"timestamp":"2026-06-10 19:49:38.202","level":"DEBUG","thread":"main","correlationId":"c4a75f45b9f34be8","logger":"o.s.w.s.m.m.a.RequestResponseBodyMethodProcessor","message":"Read "application/json;charset=UTF-8" to [com.deliverytech.delivery_api.dto.req.ClienteReqDTO@290b9155]","exception":""}
{"timestamp":"2026-06-10 19:49:38.210","level":"DEBUG","thread":"main","correlationId":"c4a75f45b9f34be8","logger":"o.s.w.s.m.m.a.ExceptionHandlerExceptionResolver","message":"Using @ExceptionHandler com.deliverytech.delivery_api.exception.GlobalExceptionHandler#handleValidationException(MethodArgumentNotValidException, HttpServletRequest)","exception":""}
{"timestamp":"2026-06-10 19:49:38.212","level":"DEBUG","thread":"main","correlationId":"c4a75f45b9f34be8","logger":"o.s.w.s.m.m.a.HttpEntityMethodProcessor","message":"Using 'application/json', given [*/*] and supported [application/json, application/*+json, application/yaml]","exception":""}
{"timestamp":"2026-06-10 19:49:38.213","level":"DEBUG","thread":"main","correlationId":"c4a75f45b9f34be8","logger":"o.s.w.s.m.m.a.HttpEntityMethodProcessor","message":"Writing [com.deliverytech.delivery_api.dto.ErrorResponse@210488ba]","exception":""}
{"timestamp":"2026-06-10 19:49:38.216","level":"DEBUG","thread":"main","correlationId":"c4a75f45b9f34be8","logger":"o.s.w.s.m.m.a.ExceptionHandlerExceptionResolver","message":"Resolved [org.springframework.web.bind.MethodArgumentNotValidException: Validation failed for argument [0] in public org.springframework.http.ResponseEntity<com.deliverytech.delivery_api.dto.res.ClienteResDTO> com.deliverytech.delivery_api.controller.ClienteController.cadastrarCliente(com.deliverytech.delivery_api.dto.req.ClienteReqDTO) with 5 errors: [Field error in object 'clienteReqDTO' on field 'nome': rejected value []; codes [Size.clienteReqDTO.nome,Size.nome,Size.java.lang.String,Size]; arguments [org.springframework.context.support.DefaultMessageSourceResolvable: codes [clienteReqDTO.nome,nome]; arguments []; default message [nome],100,2]; default message [Nome deve ter entre 2 e 100 caracteres]] [Field error in object 'clienteReqDTO' on field 'telefone': rejected value [null]; codes [NotBlank.clienteReqDTO.telefone,NotBlank.telefone,NotBlank.java.lang.String,NotBlank]; arguments [org.springframework.context.support.DefaultMessageSourceResolvable: codes [clienteReqDTO.telefone,telefone]; arguments []; default message [telefone]]; default message [Telefone é obrigatório]] [Field error in object 'clienteReqDTO' on field 'nome': rejected value []; codes [NotBlank.clienteReqDTO.nome,NotBlank.nome,NotBlank.java.lang.String,NotBlank]; arguments [org.springframework.context.support.DefaultMessageSourceResolvable: codes [clienteReqDTO.nome,nome]; arguments []; default message [nome]]; default message [Nome é obrigatório]] [Field error in object 'clienteReqDTO' on field 'endereco': rejected value [null]; codes [NotBlank.clienteReqDTO.endereco,NotBlank.endereco,NotBlank.java.lang.String,NotBlank]; arguments [org.springframework.context.support.DefaultMessageSourceResolvable: codes [clienteReqDTO.endereco,endereco]; arguments []; default message [endereco]]; default message [Endereço é obrigatório]] [Field error in object 'clienteReqDTO' on field 'email': rejected value [email-invalido]; codes [Email.clienteReqDTO.email,Email.email,Email.java.lang.String,Email]; arguments [org.springframework.context.support.DefaultMessageSourceResolvable: codes [clienteReqDTO.email,email]; arguments []; default message [email],[Ljakarta.validation.constraints.Pattern$Flag;@222c86f,.*]; default message [Email deve ter formato válido]] ]","exception":""}
{"timestamp":"2026-06-10 19:49:38.224","level":"INFO","thread":"main","correlationId":"","logger":"o.s.t.c.s.AnnotationConfigContextLoaderUtils","message":"Could not detect default configuration classes for test class [com.deliverytech.delivery_api.controller.PedidoControllerTest]: PedidoControllerTest does not declare any static, non-private, non-final, nested classes annotated with @Configuration.","exception":""}
{"timestamp":"2026-06-10 19:49:38.226","level":"INFO","thread":"main","correlationId":"","logger":"o.s.b.t.c.SpringBootTestContextBootstrapper","message":"Found @SpringBootConfiguration com.deliverytech.delivery_api.DeliveryApiApplication for test class com.deliverytech.delivery_api.controller.PedidoControllerTest","exception":""}
{"timestamp":"2026-06-10 19:49:38.230","level":"DEBUG","thread":"main","correlationId":"","logger":"o.s.w.c.s.GenericWebApplicationContext","message":"Closing org.springframework.web.context.support.GenericWebApplicationContext@1950d9fc, started on Wed Jun 10 19:49:37 BRT 2026","exception":""}
{"timestamp":"2026-06-10 19:49:38.232","level":"INFO","thread":"main","correlationId":"","logger":"o.s.o.j.LocalContainerEntityManagerFactoryBean","message":"Closing JPA EntityManagerFactory for persistence unit 'default'","exception":""}
{"timestamp":"2026-06-10 19:49:38.233","level":"INFO","thread":"main","correlationId":"","logger":"com.zaxxer.hikari.HikariDataSource","message":"HikariPool-12 - Shutdown initiated...","exception":""}
{"timestamp":"2026-06-10 19:49:38.243","level":"INFO","thread":"main","correlationId":"","logger":"com.zaxxer.hikari.HikariDataSource","message":"HikariPool-12 - Shutdown completed.","exception":""}
{"timestamp":"2026-06-10 19:49:38.245","level":"INFO","thread":"main","correlationId":"","logger":"o.s.b.d.r.RestartApplicationListener","message":"Restart disabled due to context in which it is running","exception":""}
{"timestamp":"2026-06-10 19:49:38.260","level":"INFO","thread":"main","correlationId":"","logger":"c.d.d.c.PedidoControllerTest","message":"Starting PedidoControllerTest using Java 21.0.11 with PID 18360 (started by Santana in C:\Pasta Códiguinhos\arquitetura de sistemas fat\delivery-api\delivery-api)","exception":""}
{"timestamp":"2026-06-10 19:49:38.262","level":"INFO","thread":"main","correlationId":"","logger":"c.d.d.c.PedidoControllerTest","message":"The following 1 profile is active: "test"","exception":""}
{"timestamp":"2026-06-10 19:49:38.262","level":"DEBUG","thread":"main","correlationId":"","logger":"o.s.w.c.s.GenericWebApplicationContext","message":"Refreshing org.springframework.web.context.support.GenericWebApplicationContext@7959b411","exception":""}
{"timestamp":"2026-06-10 19:49:38.410","level":"INFO","thread":"main","correlationId":"","logger":"o.s.d.r.c.RepositoryConfigurationDelegate","message":"Bootstrapping Spring Data JPA repositories in DEFAULT mode.","exception":""}
{"timestamp":"2026-06-10 19:49:38.424","level":"INFO","thread":"main","correlationId":"","logger":"o.s.d.r.c.RepositoryConfigurationDelegate","message":"Finished Spring Data repository scanning in 13 ms. Found 5 JPA repository interfaces.","exception":""}
{"timestamp":"2026-06-10 19:49:38.472","level":"INFO","thread":"main","correlationId":"","logger":"o.s.o.j.p.SpringPersistenceUnitInfo","message":"No LoadTimeWeaver setup: ignoring JPA class transformer","exception":""}
{"timestamp":"2026-06-10 19:49:38.472","level":"INFO","thread":"main","correlationId":"","logger":"com.zaxxer.hikari.HikariDataSource","message":"HikariPool-13 - Starting...","exception":""}
{"timestamp":"2026-06-10 19:49:38.474","level":"INFO","thread":"main","correlationId":"","logger":"com.zaxxer.hikari.pool.HikariPool","message":"HikariPool-13 - Added connection conn114: url=jdbc:h2:mem:deliverydb user=SA","exception":""}
{"timestamp":"2026-06-10 19:49:38.474","level":"INFO","thread":"main","correlationId":"","logger":"com.zaxxer.hikari.HikariDataSource","message":"HikariPool-13 - Start completed.","exception":""}
{"timestamp":"2026-06-10 19:49:38.474","level":"WARN","thread":"main","correlationId":"","logger":"org.hibernate.orm.deprecation","message":"HHH90000025: H2Dialect does not need to be specified explicitly using 'hibernate.dialect' (remove the property setting and it will be selected by default)","exception":""}
{"timestamp":"2026-06-10 19:49:38.508","level":"INFO","thread":"main","correlationId":"","logger":"o.s.o.j.LocalContainerEntityManagerFactoryBean","message":"Initialized JPA EntityManagerFactory for persistence unit 'default'","exception":""}
{"timestamp":"2026-06-10 19:49:38.526","level":"INFO","thread":"main","correlationId":"","logger":"o.s.s.c.a.a.c.InitializeAuthenticationProviderBeanManagerConfigurer$InitializeAuthenticationProviderManagerConfigurer","message":"Global AuthenticationManager configured with AuthenticationProvider bean with name authenticationProvider","exception":""}
{"timestamp":"2026-06-10 19:49:38.526","level":"WARN","thread":"main","correlationId":"","logger":"o.s.s.c.a.a.c.InitializeUserDetailsBeanManagerConfigurer$InitializeUserDetailsManagerConfigurer","message":"Global AuthenticationManager configured with an AuthenticationProvider bean. UserDetailsService beans will not be used by Spring Security for automatically configuring username/password login. Consider removing the AuthenticationProvider bean. Alternatively, consider using the UserDetailsService in a manually instantiated DaoAuthenticationProvider. If the current configuration is intentional, to turn off this warning, increase the logging level of 'org.springframework.security.config.annotation.authentication.configuration.InitializeUserDetailsBeanManagerConfigurer' to ERROR","exception":""}
{"timestamp":"2026-06-10 19:49:38.610","level":"DEBUG","thread":"main","correlationId":"","logger":"o.s.w.s.m.m.a.RequestMappingHandlerMapping","message":"42 mappings in 'requestMappingHandlerMapping'","exception":""}
{"timestamp":"2026-06-10 19:49:38.629","level":"DEBUG","thread":"main","correlationId":"","logger":"o.s.w.s.h.SimpleUrlHandlerMapping","message":"Patterns [/webjars/**, /**, /swagger-ui*/*swagger-initializer.js, /swagger-ui*/**] in 'resourceHandlerMapping'","exception":""}
{"timestamp":"2026-06-10 19:49:38.658","level":"INFO","thread":"main","correlationId":"","logger":"o.s.b.a.e.web.EndpointLinksResolver","message":"Exposing 13 endpoints beneath base path '/actuator'","exception":""}
{"timestamp":"2026-06-10 19:49:38.683","level":"DEBUG","thread":"main","correlationId":"","logger":"o.s.s.web.DefaultSecurityFilterChain","message":"Will secure any request with filters: DisableEncodeUrlFilter, WebAsyncManagerIntegrationFilter, SecurityContextHolderFilter, HeaderWriterFilter, CorsFilter, LogoutFilter, JwtAuthenticationFilter, RequestCacheAwareFilter, SecurityContextHolderAwareRequestFilter, AnonymousAuthenticationFilter, SessionManagementFilter, ExceptionTranslationFilter, AuthorizationFilter","exception":""}
{"timestamp":"2026-06-10 19:49:38.702","level":"DEBUG","thread":"main","correlationId":"","logger":"o.s.w.s.m.m.a.RequestMappingHandlerAdapter","message":"ControllerAdvice beans: 0 @ModelAttribute, 0 @InitBinder, 1 RequestBodyAdvice, 1 ResponseBodyAdvice","exception":""}
{"timestamp":"2026-06-10 19:49:38.706","level":"DEBUG","thread":"main","correlationId":"","logger":"o.s.w.s.m.m.a.ExceptionHandlerExceptionResolver","message":"ControllerAdvice beans: 2 @ExceptionHandler, 1 ResponseBodyAdvice","exception":""}
{"timestamp":"2026-06-10 19:49:38.732","level":"INFO","thread":"main","correlationId":"","logger":"o.s.b.a.h.H2ConsoleAutoConfiguration","message":"H2 console available at '/h2-console'. Database available at 'jdbc:h2:mem:deliverydb'","exception":""}
{"timestamp":"2026-06-10 19:49:38.742","level":"DEBUG","thread":"main","correlationId":"","logger":"o.s.w.f.ServerHttpObservationFilter","message":"Filter 'webMvcObservationFilter' configured for use","exception":""}
{"timestamp":"2026-06-10 19:49:38.742","level":"INFO","thread":"main","correlationId":"","logger":"o.s.b.t.m.w.SpringBootMockServletContext","message":"Initializing Spring TestDispatcherServlet ''","exception":""}
{"timestamp":"2026-06-10 19:49:38.742","level":"INFO","thread":"main","correlationId":"","logger":"o.s.t.w.s.TestDispatcherServlet","message":"Initializing Servlet ''","exception":""}
{"timestamp":"2026-06-10 19:49:38.742","level":"INFO","thread":"main","correlationId":"","logger":"o.s.t.w.s.TestDispatcherServlet","message":"Completed initialization in 0 ms","exception":""}
{"timestamp":"2026-06-10 19:49:38.749","level":"INFO","thread":"main","correlationId":"","logger":"c.d.d.c.PedidoControllerTest","message":"Started PedidoControllerTest in 0.505 seconds (process running for 19.097)","exception":""}
{"timestamp":"2026-06-10 19:49:38.802","level":"DEBUG","thread":"main","correlationId":"","logger":"o.s.security.web.FilterChainProxy","message":"Securing POST /api/pedidos","exception":""}
{"timestamp":"2026-06-10 19:49:38.802","level":"WARN","thread":"main","correlationId":"","logger":"c.d.d.s.JwtAuthenticationFilter","message":"JWT Token não começa com Bearer String","exception":""}
{"timestamp":"2026-06-10 19:49:38.804","level":"DEBUG","thread":"main","correlationId":"","logger":"o.s.security.web.FilterChainProxy","message":"Secured POST /api/pedidos","exception":""}
{"timestamp":"2026-06-10 19:49:38.804","level":"DEBUG","thread":"main","correlationId":"09450b1eea8b49f9","logger":"o.s.w.s.m.m.a.RequestMappingHandlerMapping","message":"Mapped to com.deliverytech.delivery_api.controller.PedidoController#criarPedido(PedidoReqDTO)","exception":""}
{"timestamp":"2026-06-10 19:49:38.808","level":"DEBUG","thread":"main","correlationId":"09450b1eea8b49f9","logger":"o.s.w.s.m.m.a.RequestResponseBodyMethodProcessor","message":"Read "application/json;charset=UTF-8" to [com.deliverytech.delivery_api.dto.req.PedidoReqDTO@1c612fed]","exception":""}
{"timestamp":"2026-06-10 19:49:38.842","level":"DEBUG","thread":"main","correlationId":"09450b1eea8b49f9","logger":"o.s.w.s.m.m.a.HttpEntityMethodProcessor","message":"Using 'application/json', given [*/*] and supported [application/json, application/*+json, application/yaml]","exception":""}
{"timestamp":"2026-06-10 19:49:38.842","level":"DEBUG","thread":"main","correlationId":"09450b1eea8b49f9","logger":"o.s.w.s.m.m.a.HttpEntityMethodProcessor","message":"Writing [com.deliverytech.delivery_api.dto.res.PedidoResDTO@15c22f5b]","exception":""}
{"timestamp":"2026-06-10 19:49:38.848","level":"DEBUG","thread":"main","correlationId":"","logger":"o.s.w.c.s.GenericWebApplicationContext","message":"Closing org.springframework.web.context.support.GenericWebApplicationContext@7959b411, started on Wed Jun 10 19:49:38 BRT 2026","exception":""}
{"timestamp":"2026-06-10 19:49:38.849","level":"INFO","thread":"main","correlationId":"","logger":"o.s.o.j.LocalContainerEntityManagerFactoryBean","message":"Closing JPA EntityManagerFactory for persistence unit 'default'","exception":""}
{"timestamp":"2026-06-10 19:49:38.850","level":"INFO","thread":"main","correlationId":"","logger":"com.zaxxer.hikari.HikariDataSource","message":"HikariPool-13 - Shutdown initiated...","exception":""}
{"timestamp":"2026-06-10 19:49:38.869","level":"INFO","thread":"main","correlationId":"","logger":"com.zaxxer.hikari.HikariDataSource","message":"HikariPool-13 - Shutdown completed.","exception":""}
{"timestamp":"2026-06-10 19:49:38.870","level":"INFO","thread":"main","correlationId":"","logger":"o.s.b.d.r.RestartApplicationListener","message":"Restart disabled due to context in which it is running","exception":""}
{"timestamp":"2026-06-10 19:49:38.887","level":"INFO","thread":"main","correlationId":"","logger":"c.d.d.c.PedidoControllerTest","message":"Starting PedidoControllerTest using Java 21.0.11 with PID 18360 (started by Santana in C:\Pasta Códiguinhos\arquitetura de sistemas fat\delivery-api\delivery-api)","exception":""}
{"timestamp":"2026-06-10 19:49:38.887","level":"INFO","thread":"main","correlationId":"","logger":"c.d.d.c.PedidoControllerTest","message":"The following 1 profile is active: "test"","exception":""}
{"timestamp":"2026-06-10 19:49:38.888","level":"DEBUG","thread":"main","correlationId":"","logger":"o.s.w.c.s.GenericWebApplicationContext","message":"Refreshing org.springframework.web.context.support.GenericWebApplicationContext@29d59b63","exception":""}
{"timestamp":"2026-06-10 19:49:39.035","level":"INFO","thread":"main","correlationId":"","logger":"o.s.d.r.c.RepositoryConfigurationDelegate","message":"Bootstrapping Spring Data JPA repositories in DEFAULT mode.","exception":""}
{"timestamp":"2026-06-10 19:49:39.047","level":"INFO","thread":"main","correlationId":"","logger":"o.s.d.r.c.RepositoryConfigurationDelegate","message":"Finished Spring Data repository scanning in 11 ms. Found 5 JPA repository interfaces.","exception":""}
{"timestamp":"2026-06-10 19:49:39.092","level":"INFO","thread":"main","correlationId":"","logger":"o.s.o.j.p.SpringPersistenceUnitInfo","message":"No LoadTimeWeaver setup: ignoring JPA class transformer","exception":""}
{"timestamp":"2026-06-10 19:49:39.093","level":"INFO","thread":"main","correlationId":"","logger":"com.zaxxer.hikari.HikariDataSource","message":"HikariPool-14 - Starting...","exception":""}
{"timestamp":"2026-06-10 19:49:39.094","level":"INFO","thread":"main","correlationId":"","logger":"com.zaxxer.hikari.pool.HikariPool","message":"HikariPool-14 - Added connection conn124: url=jdbc:h2:mem:deliverydb user=SA","exception":""}
{"timestamp":"2026-06-10 19:49:39.094","level":"INFO","thread":"main","correlationId":"","logger":"com.zaxxer.hikari.HikariDataSource","message":"HikariPool-14 - Start completed.","exception":""}
{"timestamp":"2026-06-10 19:49:39.094","level":"WARN","thread":"main","correlationId":"","logger":"org.hibernate.orm.deprecation","message":"HHH90000025: H2Dialect does not need to be specified explicitly using 'hibernate.dialect' (remove the property setting and it will be selected by default)","exception":""}
{"timestamp":"2026-06-10 19:49:39.127","level":"INFO","thread":"main","correlationId":"","logger":"o.s.o.j.LocalContainerEntityManagerFactoryBean","message":"Initialized JPA EntityManagerFactory for persistence unit 'default'","exception":""}
{"timestamp":"2026-06-10 19:49:39.145","level":"INFO","thread":"main","correlationId":"","logger":"o.s.s.c.a.a.c.InitializeAuthenticationProviderBeanManagerConfigurer$InitializeAuthenticationProviderManagerConfigurer","message":"Global AuthenticationManager configured with AuthenticationProvider bean with name authenticationProvider","exception":""}
{"timestamp":"2026-06-10 19:49:39.145","level":"WARN","thread":"main","correlationId":"","logger":"o.s.s.c.a.a.c.InitializeUserDetailsBeanManagerConfigurer$InitializeUserDetailsManagerConfigurer","message":"Global AuthenticationManager configured with an AuthenticationProvider bean. UserDetailsService beans will not be used by Spring Security for automatically configuring username/password login. Consider removing the AuthenticationProvider bean. Alternatively, consider using the UserDetailsService in a manually instantiated DaoAuthenticationProvider. If the current configuration is intentional, to turn off this warning, increase the logging level of 'org.springframework.security.config.annotation.authentication.configuration.InitializeUserDetailsBeanManagerConfigurer' to ERROR","exception":""}
{"timestamp":"2026-06-10 19:49:39.247","level":"DEBUG","thread":"main","correlationId":"","logger":"o.s.w.s.m.m.a.RequestMappingHandlerMapping","message":"42 mappings in 'requestMappingHandlerMapping'","exception":""}
{"timestamp":"2026-06-10 19:49:39.265","level":"DEBUG","thread":"main","correlationId":"","logger":"o.s.w.s.h.SimpleUrlHandlerMapping","message":"Patterns [/webjars/**, /**, /swagger-ui*/*swagger-initializer.js, /swagger-ui*/**] in 'resourceHandlerMapping'","exception":""}
{"timestamp":"2026-06-10 19:49:39.294","level":"INFO","thread":"main","correlationId":"","logger":"o.s.b.a.e.web.EndpointLinksResolver","message":"Exposing 13 endpoints beneath base path '/actuator'","exception":""}
{"timestamp":"2026-06-10 19:49:39.322","level":"DEBUG","thread":"main","correlationId":"","logger":"o.s.s.web.DefaultSecurityFilterChain","message":"Will secure any request with filters: DisableEncodeUrlFilter, WebAsyncManagerIntegrationFilter, SecurityContextHolderFilter, HeaderWriterFilter, CorsFilter, LogoutFilter, JwtAuthenticationFilter, RequestCacheAwareFilter, SecurityContextHolderAwareRequestFilter, AnonymousAuthenticationFilter, SessionManagementFilter, ExceptionTranslationFilter, AuthorizationFilter","exception":""}
{"timestamp":"2026-06-10 19:49:39.341","level":"DEBUG","thread":"main","correlationId":"","logger":"o.s.w.s.m.m.a.RequestMappingHandlerAdapter","message":"ControllerAdvice beans: 0 @ModelAttribute, 0 @InitBinder, 1 RequestBodyAdvice, 1 ResponseBodyAdvice","exception":""}
{"timestamp":"2026-06-10 19:49:39.346","level":"DEBUG","thread":"main","correlationId":"","logger":"o.s.w.s.m.m.a.ExceptionHandlerExceptionResolver","message":"ControllerAdvice beans: 2 @ExceptionHandler, 1 ResponseBodyAdvice","exception":""}
{"timestamp":"2026-06-10 19:49:39.370","level":"INFO","thread":"main","correlationId":"","logger":"o.s.b.a.h.H2ConsoleAutoConfiguration","message":"H2 console available at '/h2-console'. Database available at 'jdbc:h2:mem:deliverydb'","exception":""}
{"timestamp":"2026-06-10 19:49:39.381","level":"DEBUG","thread":"main","correlationId":"","logger":"o.s.w.f.ServerHttpObservationFilter","message":"Filter 'webMvcObservationFilter' configured for use","exception":""}
{"timestamp":"2026-06-10 19:49:39.381","level":"INFO","thread":"main","correlationId":"","logger":"o.s.b.t.m.w.SpringBootMockServletContext","message":"Initializing Spring TestDispatcherServlet ''","exception":""}
{"timestamp":"2026-06-10 19:49:39.381","level":"INFO","thread":"main","correlationId":"","logger":"o.s.t.w.s.TestDispatcherServlet","message":"Initializing Servlet ''","exception":""}
{"timestamp":"2026-06-10 19:49:39.381","level":"INFO","thread":"main","correlationId":"","logger":"o.s.t.w.s.TestDispatcherServlet","message":"Completed initialization in 0 ms","exception":""}
{"timestamp":"2026-06-10 19:49:39.389","level":"INFO","thread":"main","correlationId":"","logger":"c.d.d.c.PedidoControllerTest","message":"Started PedidoControllerTest in 0.519 seconds (process running for 19.737)","exception":""}
{"timestamp":"2026-06-10 19:49:39.417","level":"DEBUG","thread":"main","correlationId":"","logger":"o.s.security.web.FilterChainProxy","message":"Securing POST /api/pedidos","exception":""}
{"timestamp":"2026-06-10 19:49:39.417","level":"WARN","thread":"main","correlationId":"","logger":"c.d.d.s.JwtAuthenticationFilter","message":"JWT Token não começa com Bearer String","exception":""}
{"timestamp":"2026-06-10 19:49:39.418","level":"DEBUG","thread":"main","correlationId":"","logger":"o.s.security.web.FilterChainProxy","message":"Secured POST /api/pedidos","exception":""}
{"timestamp":"2026-06-10 19:49:39.419","level":"DEBUG","thread":"main","correlationId":"d7b0c1e576fe4724","logger":"o.s.w.s.m.m.a.RequestMappingHandlerMapping","message":"Mapped to com.deliverytech.delivery_api.controller.PedidoController#criarPedido(PedidoReqDTO)","exception":""}
{"timestamp":"2026-06-10 19:49:39.421","level":"DEBUG","thread":"main","correlationId":"d7b0c1e576fe4724","logger":"o.s.w.s.m.m.a.RequestResponseBodyMethodProcessor","message":"Read "application/json;charset=UTF-8" to [com.deliverytech.delivery_api.dto.req.PedidoReqDTO@7c809dd8]","exception":""}
{"timestamp":"2026-06-10 19:49:39.436","level":"DEBUG","thread":"main","correlationId":"d7b0c1e576fe4724","logger":"o.s.w.s.m.m.a.HttpEntityMethodProcessor","message":"Using 'application/json', given [*/*] and supported [application/json, application/*+json, application/yaml]","exception":""}
{"timestamp":"2026-06-10 19:49:39.436","level":"DEBUG","thread":"main","correlationId":"d7b0c1e576fe4724","logger":"o.s.w.s.m.m.a.HttpEntityMethodProcessor","message":"Writing [com.deliverytech.delivery_api.dto.res.PedidoResDTO@467d1802]","exception":""}
{"timestamp":"2026-06-10 19:49:39.444","level":"DEBUG","thread":"main","correlationId":"","logger":"o.s.security.web.FilterChainProxy","message":"Securing GET /api/pedidos/cliente/4","exception":""}
{"timestamp":"2026-06-10 19:49:39.445","level":"WARN","thread":"main","correlationId":"","logger":"c.d.d.s.JwtAuthenticationFilter","message":"JWT Token não começa com Bearer String","exception":""}
{"timestamp":"2026-06-10 19:49:39.446","level":"DEBUG","thread":"main","correlationId":"","logger":"o.s.security.web.FilterChainProxy","message":"Secured GET /api/pedidos/cliente/4","exception":""}
{"timestamp":"2026-06-10 19:49:39.446","level":"DEBUG","thread":"main","correlationId":"177bd8615f494613","logger":"o.s.w.s.m.m.a.RequestMappingHandlerMapping","message":"Mapped to com.deliverytech.delivery_api.controller.PedidoController#buscarPorCliente(Long)","exception":""}
{"timestamp":"2026-06-10 19:49:39.474","level":"DEBUG","thread":"main","correlationId":"177bd8615f494613","logger":"o.s.w.s.m.m.a.HttpEntityMethodProcessor","message":"Using 'application/json', given [*/*] and supported [application/json, application/*+json, application/yaml]","exception":""}
{"timestamp":"2026-06-10 19:49:39.474","level":"DEBUG","thread":"main","correlationId":"177bd8615f494613","logger":"o.s.w.s.m.m.a.HttpEntityMethodProcessor","message":"Writing [[com.deliverytech.delivery_api.dto.res.PedidoResDTO@71bd4945]]","exception":""}
{"timestamp":"2026-06-10 19:49:39.482","level":"DEBUG","thread":"main","correlationId":"","logger":"o.s.w.c.s.GenericWebApplicationContext","message":"Closing org.springframework.web.context.support.GenericWebApplicationContext@29d59b63, started on Wed Jun 10 19:49:38 BRT 2026","exception":""}
{"timestamp":"2026-06-10 19:49:39.484","level":"INFO","thread":"main","correlationId":"","logger":"o.s.o.j.LocalContainerEntityManagerFactoryBean","message":"Closing JPA EntityManagerFactory for persistence unit 'default'","exception":""}
{"timestamp":"2026-06-10 19:49:39.486","level":"INFO","thread":"main","correlationId":"","logger":"com.zaxxer.hikari.HikariDataSource","message":"HikariPool-14 - Shutdown initiated...","exception":""}
{"timestamp":"2026-06-10 19:49:39.495","level":"INFO","thread":"main","correlationId":"","logger":"com.zaxxer.hikari.HikariDataSource","message":"HikariPool-14 - Shutdown completed.","exception":""}
{"timestamp":"2026-06-10 19:49:39.497","level":"INFO","thread":"main","correlationId":"","logger":"o.s.b.d.r.RestartApplicationListener","message":"Restart disabled due to context in which it is running","exception":""}
{"timestamp":"2026-06-10 19:49:39.516","level":"INFO","thread":"main","correlationId":"","logger":"c.d.d.c.PedidoControllerTest","message":"Starting PedidoControllerTest using Java 21.0.11 with PID 18360 (started by Santana in C:\Pasta Códiguinhos\arquitetura de sistemas fat\delivery-api\delivery-api)","exception":""}
{"timestamp":"2026-06-10 19:49:39.516","level":"INFO","thread":"main","correlationId":"","logger":"c.d.d.c.PedidoControllerTest","message":"The following 1 profile is active: "test"","exception":""}
{"timestamp":"2026-06-10 19:49:39.517","level":"DEBUG","thread":"main","correlationId":"","logger":"o.s.w.c.s.GenericWebApplicationContext","message":"Refreshing org.springframework.web.context.support.GenericWebApplicationContext@7ecdd5d6","exception":""}
{"timestamp":"2026-06-10 19:49:39.670","level":"INFO","thread":"main","correlationId":"","logger":"o.s.d.r.c.RepositoryConfigurationDelegate","message":"Bootstrapping Spring Data JPA repositories in DEFAULT mode.","exception":""}
{"timestamp":"2026-06-10 19:49:39.683","level":"INFO","thread":"main","correlationId":"","logger":"o.s.d.r.c.RepositoryConfigurationDelegate","message":"Finished Spring Data repository scanning in 11 ms. Found 5 JPA repository interfaces.","exception":""}
{"timestamp":"2026-06-10 19:49:39.726","level":"INFO","thread":"main","correlationId":"","logger":"o.s.o.j.p.SpringPersistenceUnitInfo","message":"No LoadTimeWeaver setup: ignoring JPA class transformer","exception":""}
{"timestamp":"2026-06-10 19:49:39.727","level":"INFO","thread":"main","correlationId":"","logger":"com.zaxxer.hikari.HikariDataSource","message":"HikariPool-15 - Starting...","exception":""}
{"timestamp":"2026-06-10 19:49:39.728","level":"INFO","thread":"main","correlationId":"","logger":"com.zaxxer.hikari.pool.HikariPool","message":"HikariPool-15 - Added connection conn134: url=jdbc:h2:mem:deliverydb user=SA","exception":""}
{"timestamp":"2026-06-10 19:49:39.728","level":"INFO","thread":"main","correlationId":"","logger":"com.zaxxer.hikari.HikariDataSource","message":"HikariPool-15 - Start completed.","exception":""}
{"timestamp":"2026-06-10 19:49:39.728","level":"WARN","thread":"main","correlationId":"","logger":"org.hibernate.orm.deprecation","message":"HHH90000025: H2Dialect does not need to be specified explicitly using 'hibernate.dialect' (remove the property setting and it will be selected by default)","exception":""}
{"timestamp":"2026-06-10 19:49:39.765","level":"INFO","thread":"main","correlationId":"","logger":"o.s.o.j.LocalContainerEntityManagerFactoryBean","message":"Initialized JPA EntityManagerFactory for persistence unit 'default'","exception":""}
{"timestamp":"2026-06-10 19:49:39.790","level":"INFO","thread":"main","correlationId":"","logger":"o.s.s.c.a.a.c.InitializeAuthenticationProviderBeanManagerConfigurer$InitializeAuthenticationProviderManagerConfigurer","message":"Global AuthenticationManager configured with AuthenticationProvider bean with name authenticationProvider","exception":""}
{"timestamp":"2026-06-10 19:49:39.790","level":"WARN","thread":"main","correlationId":"","logger":"o.s.s.c.a.a.c.InitializeUserDetailsBeanManagerConfigurer$InitializeUserDetailsManagerConfigurer","message":"Global AuthenticationManager configured with an AuthenticationProvider bean. UserDetailsService beans will not be used by Spring Security for automatically configuring username/password login. Consider removing the AuthenticationProvider bean. Alternatively, consider using the UserDetailsService in a manually instantiated DaoAuthenticationProvider. If the current configuration is intentional, to turn off this warning, increase the logging level of 'org.springframework.security.config.annotation.authentication.configuration.InitializeUserDetailsBeanManagerConfigurer' to ERROR","exception":""}
{"timestamp":"2026-06-10 19:49:39.865","level":"DEBUG","thread":"main","correlationId":"","logger":"o.s.w.s.m.m.a.RequestMappingHandlerMapping","message":"42 mappings in 'requestMappingHandlerMapping'","exception":""}
{"timestamp":"2026-06-10 19:49:39.882","level":"DEBUG","thread":"main","correlationId":"","logger":"o.s.w.s.h.SimpleUrlHandlerMapping","message":"Patterns [/webjars/**, /**, /swagger-ui*/*swagger-initializer.js, /swagger-ui*/**] in 'resourceHandlerMapping'","exception":""}
{"timestamp":"2026-06-10 19:49:39.911","level":"INFO","thread":"main","correlationId":"","logger":"o.s.b.a.e.web.EndpointLinksResolver","message":"Exposing 13 endpoints beneath base path '/actuator'","exception":""}
{"timestamp":"2026-06-10 19:49:39.935","level":"DEBUG","thread":"main","correlationId":"","logger":"o.s.s.web.DefaultSecurityFilterChain","message":"Will secure any request with filters: DisableEncodeUrlFilter, WebAsyncManagerIntegrationFilter, SecurityContextHolderFilter, HeaderWriterFilter, CorsFilter, LogoutFilter, JwtAuthenticationFilter, RequestCacheAwareFilter, SecurityContextHolderAwareRequestFilter, AnonymousAuthenticationFilter, SessionManagementFilter, ExceptionTranslationFilter, AuthorizationFilter","exception":""}
{"timestamp":"2026-06-10 19:49:39.955","level":"DEBUG","thread":"main","correlationId":"","logger":"o.s.w.s.m.m.a.RequestMappingHandlerAdapter","message":"ControllerAdvice beans: 0 @ModelAttribute, 0 @InitBinder, 1 RequestBodyAdvice, 1 ResponseBodyAdvice","exception":""}
{"timestamp":"2026-06-10 19:49:39.959","level":"DEBUG","thread":"main","correlationId":"","logger":"o.s.w.s.m.m.a.ExceptionHandlerExceptionResolver","message":"ControllerAdvice beans: 2 @ExceptionHandler, 1 ResponseBodyAdvice","exception":""}
{"timestamp":"2026-06-10 19:49:39.985","level":"INFO","thread":"main","correlationId":"","logger":"o.s.b.a.h.H2ConsoleAutoConfiguration","message":"H2 console available at '/h2-console'. Database available at 'jdbc:h2:mem:deliverydb'","exception":""}
{"timestamp":"2026-06-10 19:49:39.997","level":"DEBUG","thread":"main","correlationId":"","logger":"o.s.w.f.ServerHttpObservationFilter","message":"Filter 'webMvcObservationFilter' configured for use","exception":""}
{"timestamp":"2026-06-10 19:49:39.997","level":"INFO","thread":"main","correlationId":"","logger":"o.s.b.t.m.w.SpringBootMockServletContext","message":"Initializing Spring TestDispatcherServlet ''","exception":""}
{"timestamp":"2026-06-10 19:49:39.997","level":"INFO","thread":"main","correlationId":"","logger":"o.s.t.w.s.TestDispatcherServlet","message":"Initializing Servlet ''","exception":""}
{"timestamp":"2026-06-10 19:49:39.998","level":"INFO","thread":"main","correlationId":"","logger":"o.s.t.w.s.TestDispatcherServlet","message":"Completed initialization in 1 ms","exception":""}
{"timestamp":"2026-06-10 19:49:40.005","level":"INFO","thread":"main","correlationId":"","logger":"c.d.d.c.PedidoControllerTest","message":"Started PedidoControllerTest in 0.508 seconds (process running for 20.352)","exception":""}
{"timestamp":"2026-06-10 19:49:40.028","level":"DEBUG","thread":"main","correlationId":"","logger":"o.s.security.web.FilterChainProxy","message":"Securing POST /api/pedidos","exception":""}
{"timestamp":"2026-06-10 19:49:40.028","level":"WARN","thread":"main","correlationId":"","logger":"c.d.d.s.JwtAuthenticationFilter","message":"JWT Token não começa com Bearer String","exception":""}
{"timestamp":"2026-06-10 19:49:40.029","level":"DEBUG","thread":"main","correlationId":"","logger":"o.s.security.web.FilterChainProxy","message":"Secured POST /api/pedidos","exception":""}
{"timestamp":"2026-06-10 19:49:40.029","level":"DEBUG","thread":"main","correlationId":"9dac6662d5ac42e3","logger":"o.s.w.s.m.m.a.RequestMappingHandlerMapping","message":"Mapped to com.deliverytech.delivery_api.controller.PedidoController#criarPedido(PedidoReqDTO)","exception":""}
{"timestamp":"2026-06-10 19:49:40.031","level":"DEBUG","thread":"main","correlationId":"9dac6662d5ac42e3","logger":"o.s.w.s.m.m.a.RequestResponseBodyMethodProcessor","message":"Read "application/json;charset=UTF-8" to [com.deliverytech.delivery_api.dto.req.PedidoReqDTO@4ba4e746]","exception":""}
{"timestamp":"2026-06-10 19:49:40.039","level":"DEBUG","thread":"main","correlationId":"9dac6662d5ac42e3","logger":"o.s.w.s.m.m.a.ExceptionHandlerExceptionResolver","message":"Using @ExceptionHandler com.deliverytech.delivery_api.exception.GlobalExceptionHandler#handleBusinessException(BusinessException, HttpServletRequest)","exception":""}
{"timestamp":"2026-06-10 19:49:40.041","level":"DEBUG","thread":"main","correlationId":"9dac6662d5ac42e3","logger":"o.s.w.s.m.m.a.HttpEntityMethodProcessor","message":"Using 'application/json', given [*/*] and supported [application/json, application/*+json, application/yaml]","exception":""}
{"timestamp":"2026-06-10 19:49:40.041","level":"DEBUG","thread":"main","correlationId":"9dac6662d5ac42e3","logger":"o.s.w.s.m.m.a.HttpEntityMethodProcessor","message":"Writing [com.deliverytech.delivery_api.dto.ErrorResponse@2c25aaa0]","exception":""}
{"timestamp":"2026-06-10 19:49:40.041","level":"DEBUG","thread":"main","correlationId":"9dac6662d5ac42e3","logger":"o.s.w.s.m.m.a.ExceptionHandlerExceptionResolver","message":"Resolved [com.deliverytech.delivery_api.exception.BusinessException: Cliente inativo não pode fazer pedidos]","exception":""}
{"timestamp":"2026-06-10 19:49:40.046","level":"DEBUG","thread":"main","correlationId":"","logger":"o.s.w.c.s.GenericWebApplicationContext","message":"Closing org.springframework.web.context.support.GenericWebApplicationContext@7ecdd5d6, started on Wed Jun 10 19:49:39 BRT 2026","exception":""}
{"timestamp":"2026-06-10 19:49:40.048","level":"INFO","thread":"main","correlationId":"","logger":"o.s.o.j.LocalContainerEntityManagerFactoryBean","message":"Closing JPA EntityManagerFactory for persistence unit 'default'","exception":""}
{"timestamp":"2026-06-10 19:49:40.049","level":"INFO","thread":"main","correlationId":"","logger":"com.zaxxer.hikari.HikariDataSource","message":"HikariPool-15 - Shutdown initiated...","exception":""}
{"timestamp":"2026-06-10 19:49:40.057","level":"INFO","thread":"main","correlationId":"","logger":"com.zaxxer.hikari.HikariDataSource","message":"HikariPool-15 - Shutdown completed.","exception":""}
{"timestamp":"2026-06-10 19:49:40.059","level":"INFO","thread":"main","correlationId":"","logger":"o.s.b.d.r.RestartApplicationListener","message":"Restart disabled due to context in which it is running","exception":""}
{"timestamp":"2026-06-10 19:49:40.074","level":"INFO","thread":"main","correlationId":"","logger":"c.d.d.c.PedidoControllerTest","message":"Starting PedidoControllerTest using Java 21.0.11 with PID 18360 (started by Santana in C:\Pasta Códiguinhos\arquitetura de sistemas fat\delivery-api\delivery-api)","exception":""}
{"timestamp":"2026-06-10 19:49:40.074","level":"INFO","thread":"main","correlationId":"","logger":"c.d.d.c.PedidoControllerTest","message":"The following 1 profile is active: "test"","exception":""}
{"timestamp":"2026-06-10 19:49:40.075","level":"DEBUG","thread":"main","correlationId":"","logger":"o.s.w.c.s.GenericWebApplicationContext","message":"Refreshing org.springframework.web.context.support.GenericWebApplicationContext@340a4b1e","exception":""}
{"timestamp":"2026-06-10 19:49:40.222","level":"INFO","thread":"main","correlationId":"","logger":"o.s.d.r.c.RepositoryConfigurationDelegate","message":"Bootstrapping Spring Data JPA repositories in DEFAULT mode.","exception":""}
{"timestamp":"2026-06-10 19:49:40.238","level":"INFO","thread":"main","correlationId":"","logger":"o.s.d.r.c.RepositoryConfigurationDelegate","message":"Finished Spring Data repository scanning in 14 ms. Found 5 JPA repository interfaces.","exception":""}
{"timestamp":"2026-06-10 19:49:40.292","level":"INFO","thread":"main","correlationId":"","logger":"o.s.o.j.p.SpringPersistenceUnitInfo","message":"No LoadTimeWeaver setup: ignoring JPA class transformer","exception":""}
{"timestamp":"2026-06-10 19:49:40.294","level":"INFO","thread":"main","correlationId":"","logger":"com.zaxxer.hikari.HikariDataSource","message":"HikariPool-16 - Starting...","exception":""}
{"timestamp":"2026-06-10 19:49:40.295","level":"INFO","thread":"main","correlationId":"","logger":"com.zaxxer.hikari.pool.HikariPool","message":"HikariPool-16 - Added connection conn142: url=jdbc:h2:mem:deliverydb user=SA","exception":""}
{"timestamp":"2026-06-10 19:49:40.296","level":"INFO","thread":"main","correlationId":"","logger":"com.zaxxer.hikari.HikariDataSource","message":"HikariPool-16 - Start completed.","exception":""}
{"timestamp":"2026-06-10 19:49:40.296","level":"WARN","thread":"main","correlationId":"","logger":"org.hibernate.orm.deprecation","message":"HHH90000025: H2Dialect does not need to be specified explicitly using 'hibernate.dialect' (remove the property setting and it will be selected by default)","exception":""}
{"timestamp":"2026-06-10 19:49:40.330","level":"INFO","thread":"main","correlationId":"","logger":"o.s.o.j.LocalContainerEntityManagerFactoryBean","message":"Initialized JPA EntityManagerFactory for persistence unit 'default'","exception":""}
{"timestamp":"2026-06-10 19:49:40.347","level":"INFO","thread":"main","correlationId":"","logger":"o.s.s.c.a.a.c.InitializeAuthenticationProviderBeanManagerConfigurer$InitializeAuthenticationProviderManagerConfigurer","message":"Global AuthenticationManager configured with AuthenticationProvider bean with name authenticationProvider","exception":""}
{"timestamp":"2026-06-10 19:49:40.347","level":"WARN","thread":"main","correlationId":"","logger":"o.s.s.c.a.a.c.InitializeUserDetailsBeanManagerConfigurer$InitializeUserDetailsManagerConfigurer","message":"Global AuthenticationManager configured with an AuthenticationProvider bean. UserDetailsService beans will not be used by Spring Security for automatically configuring username/password login. Consider removing the AuthenticationProvider bean. Alternatively, consider using the UserDetailsService in a manually instantiated DaoAuthenticationProvider. If the current configuration is intentional, to turn off this warning, increase the logging level of 'org.springframework.security.config.annotation.authentication.configuration.InitializeUserDetailsBeanManagerConfigurer' to ERROR","exception":""}
{"timestamp":"2026-06-10 19:49:40.421","level":"DEBUG","thread":"main","correlationId":"","logger":"o.s.w.s.m.m.a.RequestMappingHandlerMapping","message":"42 mappings in 'requestMappingHandlerMapping'","exception":""}
{"timestamp":"2026-06-10 19:49:40.439","level":"DEBUG","thread":"main","correlationId":"","logger":"o.s.w.s.h.SimpleUrlHandlerMapping","message":"Patterns [/webjars/**, /**, /swagger-ui*/*swagger-initializer.js, /swagger-ui*/**] in 'resourceHandlerMapping'","exception":""}
{"timestamp":"2026-06-10 19:49:40.467","level":"INFO","thread":"main","correlationId":"","logger":"o.s.b.a.e.web.EndpointLinksResolver","message":"Exposing 13 endpoints beneath base path '/actuator'","exception":""}
{"timestamp":"2026-06-10 19:49:40.493","level":"DEBUG","thread":"main","correlationId":"","logger":"o.s.s.web.DefaultSecurityFilterChain","message":"Will secure any request with filters: DisableEncodeUrlFilter, WebAsyncManagerIntegrationFilter, SecurityContextHolderFilter, HeaderWriterFilter, CorsFilter, LogoutFilter, JwtAuthenticationFilter, RequestCacheAwareFilter, SecurityContextHolderAwareRequestFilter, AnonymousAuthenticationFilter, SessionManagementFilter, ExceptionTranslationFilter, AuthorizationFilter","exception":""}
{"timestamp":"2026-06-10 19:49:40.514","level":"DEBUG","thread":"main","correlationId":"","logger":"o.s.w.s.m.m.a.RequestMappingHandlerAdapter","message":"ControllerAdvice beans: 0 @ModelAttribute, 0 @InitBinder, 1 RequestBodyAdvice, 1 ResponseBodyAdvice","exception":""}
{"timestamp":"2026-06-10 19:49:40.518","level":"DEBUG","thread":"main","correlationId":"","logger":"o.s.w.s.m.m.a.ExceptionHandlerExceptionResolver","message":"ControllerAdvice beans: 2 @ExceptionHandler, 1 ResponseBodyAdvice","exception":""}
{"timestamp":"2026-06-10 19:49:40.543","level":"INFO","thread":"main","correlationId":"","logger":"o.s.b.a.h.H2ConsoleAutoConfiguration","message":"H2 console available at '/h2-console'. Database available at 'jdbc:h2:mem:deliverydb'","exception":""}
{"timestamp":"2026-06-10 19:49:40.553","level":"DEBUG","thread":"main","correlationId":"","logger":"o.s.w.f.ServerHttpObservationFilter","message":"Filter 'webMvcObservationFilter' configured for use","exception":""}
{"timestamp":"2026-06-10 19:49:40.553","level":"INFO","thread":"main","correlationId":"","logger":"o.s.b.t.m.w.SpringBootMockServletContext","message":"Initializing Spring TestDispatcherServlet ''","exception":""}
{"timestamp":"2026-06-10 19:49:40.553","level":"INFO","thread":"main","correlationId":"","logger":"o.s.t.w.s.TestDispatcherServlet","message":"Initializing Servlet ''","exception":""}
{"timestamp":"2026-06-10 19:49:40.553","level":"INFO","thread":"main","correlationId":"","logger":"o.s.t.w.s.TestDispatcherServlet","message":"Completed initialization in 0 ms","exception":""}
{"timestamp":"2026-06-10 19:49:40.561","level":"INFO","thread":"main","correlationId":"","logger":"c.d.d.c.PedidoControllerTest","message":"Started PedidoControllerTest in 0.502 seconds (process running for 20.909)","exception":""}
{"timestamp":"2026-06-10 19:49:40.581","level":"DEBUG","thread":"main","correlationId":"","logger":"o.s.security.web.FilterChainProxy","message":"Securing POST /api/pedidos","exception":""}
{"timestamp":"2026-06-10 19:49:40.582","level":"WARN","thread":"main","correlationId":"","logger":"c.d.d.s.JwtAuthenticationFilter","message":"JWT Token não começa com Bearer String","exception":""}
{"timestamp":"2026-06-10 19:49:40.583","level":"DEBUG","thread":"main","correlationId":"","logger":"o.s.security.web.FilterChainProxy","message":"Secured POST /api/pedidos","exception":""}
{"timestamp":"2026-06-10 19:49:40.583","level":"DEBUG","thread":"main","correlationId":"9794660f80d14e71","logger":"o.s.w.s.m.m.a.RequestMappingHandlerMapping","message":"Mapped to com.deliverytech.delivery_api.controller.PedidoController#criarPedido(PedidoReqDTO)","exception":""}
{"timestamp":"2026-06-10 19:49:40.584","level":"DEBUG","thread":"main","correlationId":"9794660f80d14e71","logger":"o.s.w.s.m.m.a.RequestResponseBodyMethodProcessor","message":"Read "application/json;charset=UTF-8" to [com.deliverytech.delivery_api.dto.req.PedidoReqDTO@62364bd7]","exception":""}
{"timestamp":"2026-06-10 19:49:40.598","level":"DEBUG","thread":"main","correlationId":"9794660f80d14e71","logger":"o.s.w.s.m.m.a.HttpEntityMethodProcessor","message":"Using 'application/json', given [*/*] and supported [application/json, application/*+json, application/yaml]","exception":""}
{"timestamp":"2026-06-10 19:49:40.598","level":"DEBUG","thread":"main","correlationId":"9794660f80d14e71","logger":"o.s.w.s.m.m.a.HttpEntityMethodProcessor","message":"Writing [com.deliverytech.delivery_api.dto.res.PedidoResDTO@2f4574e8]","exception":""}
{"timestamp":"2026-06-10 19:49:40.601","level":"DEBUG","thread":"main","correlationId":"","logger":"o.s.security.web.FilterChainProxy","message":"Securing DELETE /api/pedidos/4","exception":""}
{"timestamp":"2026-06-10 19:49:40.601","level":"WARN","thread":"main","correlationId":"","logger":"c.d.d.s.JwtAuthenticationFilter","message":"JWT Token não começa com Bearer String","exception":""}
{"timestamp":"2026-06-10 19:49:40.601","level":"DEBUG","thread":"main","correlationId":"","logger":"o.s.security.web.FilterChainProxy","message":"Secured DELETE /api/pedidos/4","exception":""}
{"timestamp":"2026-06-10 19:49:40.602","level":"DEBUG","thread":"main","correlationId":"2b0f4b8cb0ef4bc6","logger":"o.s.w.s.m.m.a.RequestMappingHandlerMapping","message":"Mapped to com.deliverytech.delivery_api.controller.PedidoController#cancelarPedido(Long)","exception":""}
{"timestamp":"2026-06-10 19:49:40.607","level":"DEBUG","thread":"main","correlationId":"2b0f4b8cb0ef4bc6","logger":"o.s.w.s.m.m.a.HttpEntityMethodProcessor","message":"Using 'application/json', given [*/*] and supported [application/json, application/*+json, application/yaml]","exception":""}
{"timestamp":"2026-06-10 19:49:40.607","level":"DEBUG","thread":"main","correlationId":"2b0f4b8cb0ef4bc6","logger":"o.s.w.s.m.m.a.HttpEntityMethodProcessor","message":"Nothing to write: null body","exception":""}
{"timestamp":"2026-06-10 19:49:40.609","level":"DEBUG","thread":"main","correlationId":"","logger":"o.s.security.web.FilterChainProxy","message":"Securing GET /api/pedidos/4","exception":""}
{"timestamp":"2026-06-10 19:49:40.609","level":"WARN","thread":"main","correlationId":"","logger":"c.d.d.s.JwtAuthenticationFilter","message":"JWT Token não começa com Bearer String","exception":""}
{"timestamp":"2026-06-10 19:49:40.610","level":"DEBUG","thread":"main","correlationId":"","logger":"o.s.security.web.FilterChainProxy","message":"Secured GET /api/pedidos/4","exception":""}
{"timestamp":"2026-06-10 19:49:40.611","level":"DEBUG","thread":"main","correlationId":"562edbed3c654f31","logger":"o.s.w.s.m.m.a.RequestMappingHandlerMapping","message":"Mapped to com.deliverytech.delivery_api.controller.PedidoController#buscarPorId(Long)","exception":""}
{"timestamp":"2026-06-10 19:49:40.612","level":"DEBUG","thread":"main","correlationId":"562edbed3c654f31","logger":"o.s.w.s.m.m.a.HttpEntityMethodProcessor","message":"Using 'application/json', given [*/*] and supported [application/json, application/*+json, application/yaml]","exception":""}
{"timestamp":"2026-06-10 19:49:40.612","level":"DEBUG","thread":"main","correlationId":"562edbed3c654f31","logger":"o.s.w.s.m.m.a.HttpEntityMethodProcessor","message":"Writing [com.deliverytech.delivery_api.dto.res.PedidoResDTO@4deae7a2]","exception":""}
{"timestamp":"2026-06-10 19:49:40.617","level":"DEBUG","thread":"main","correlationId":"","logger":"o.s.w.c.s.GenericWebApplicationContext","message":"Closing org.springframework.web.context.support.GenericWebApplicationContext@340a4b1e, started on Wed Jun 10 19:49:40 BRT 2026","exception":""}
{"timestamp":"2026-06-10 19:49:40.619","level":"INFO","thread":"main","correlationId":"","logger":"o.s.o.j.LocalContainerEntityManagerFactoryBean","message":"Closing JPA EntityManagerFactory for persistence unit 'default'","exception":""}
{"timestamp":"2026-06-10 19:49:40.620","level":"INFO","thread":"main","correlationId":"","logger":"com.zaxxer.hikari.HikariDataSource","message":"HikariPool-16 - Shutdown initiated...","exception":""}
{"timestamp":"2026-06-10 19:49:40.626","level":"INFO","thread":"main","correlationId":"","logger":"com.zaxxer.hikari.HikariDataSource","message":"HikariPool-16 - Shutdown completed.","exception":""}
{"timestamp":"2026-06-10 19:49:40.628","level":"INFO","thread":"main","correlationId":"","logger":"o.s.b.d.r.RestartApplicationListener","message":"Restart disabled due to context in which it is running","exception":""}
{"timestamp":"2026-06-10 19:49:40.643","level":"INFO","thread":"main","correlationId":"","logger":"c.d.d.c.PedidoControllerTest","message":"Starting PedidoControllerTest using Java 21.0.11 with PID 18360 (started by Santana in C:\Pasta Códiguinhos\arquitetura de sistemas fat\delivery-api\delivery-api)","exception":""}
{"timestamp":"2026-06-10 19:49:40.644","level":"INFO","thread":"main","correlationId":"","logger":"c.d.d.c.PedidoControllerTest","message":"The following 1 profile is active: "test"","exception":""}
{"timestamp":"2026-06-10 19:49:40.644","level":"DEBUG","thread":"main","correlationId":"","logger":"o.s.w.c.s.GenericWebApplicationContext","message":"Refreshing org.springframework.web.context.support.GenericWebApplicationContext@57db1cd","exception":""}
{"timestamp":"2026-06-10 19:49:40.792","level":"INFO","thread":"main","correlationId":"","logger":"o.s.d.r.c.RepositoryConfigurationDelegate","message":"Bootstrapping Spring Data JPA repositories in DEFAULT mode.","exception":""}
{"timestamp":"2026-06-10 19:49:40.812","level":"INFO","thread":"main","correlationId":"","logger":"o.s.d.r.c.RepositoryConfigurationDelegate","message":"Finished Spring Data repository scanning in 19 ms. Found 5 JPA repository interfaces.","exception":""}
{"timestamp":"2026-06-10 19:49:40.859","level":"INFO","thread":"main","correlationId":"","logger":"o.s.o.j.p.SpringPersistenceUnitInfo","message":"No LoadTimeWeaver setup: ignoring JPA class transformer","exception":""}
{"timestamp":"2026-06-10 19:49:40.860","level":"INFO","thread":"main","correlationId":"","logger":"com.zaxxer.hikari.HikariDataSource","message":"HikariPool-17 - Starting...","exception":""}
{"timestamp":"2026-06-10 19:49:40.861","level":"INFO","thread":"main","correlationId":"","logger":"com.zaxxer.hikari.pool.HikariPool","message":"HikariPool-17 - Added connection conn150: url=jdbc:h2:mem:deliverydb user=SA","exception":""}
{"timestamp":"2026-06-10 19:49:40.861","level":"INFO","thread":"main","correlationId":"","logger":"com.zaxxer.hikari.HikariDataSource","message":"HikariPool-17 - Start completed.","exception":""}
{"timestamp":"2026-06-10 19:49:40.861","level":"WARN","thread":"main","correlationId":"","logger":"org.hibernate.orm.deprecation","message":"HHH90000025: H2Dialect does not need to be specified explicitly using 'hibernate.dialect' (remove the property setting and it will be selected by default)","exception":""}
{"timestamp":"2026-06-10 19:49:40.896","level":"INFO","thread":"main","correlationId":"","logger":"o.s.o.j.LocalContainerEntityManagerFactoryBean","message":"Initialized JPA EntityManagerFactory for persistence unit 'default'","exception":""}
{"timestamp":"2026-06-10 19:49:40.914","level":"INFO","thread":"main","correlationId":"","logger":"o.s.s.c.a.a.c.InitializeAuthenticationProviderBeanManagerConfigurer$InitializeAuthenticationProviderManagerConfigurer","message":"Global AuthenticationManager configured with AuthenticationProvider bean with name authenticationProvider","exception":""}
{"timestamp":"2026-06-10 19:49:40.914","level":"WARN","thread":"main","correlationId":"","logger":"o.s.s.c.a.a.c.InitializeUserDetailsBeanManagerConfigurer$InitializeUserDetailsManagerConfigurer","message":"Global AuthenticationManager configured with an AuthenticationProvider bean. UserDetailsService beans will not be used by Spring Security for automatically configuring username/password login. Consider removing the AuthenticationProvider bean. Alternatively, consider using the UserDetailsService in a manually instantiated DaoAuthenticationProvider. If the current configuration is intentional, to turn off this warning, increase the logging level of 'org.springframework.security.config.annotation.authentication.configuration.InitializeUserDetailsBeanManagerConfigurer' to ERROR","exception":""}
{"timestamp":"2026-06-10 19:49:40.990","level":"DEBUG","thread":"main","correlationId":"","logger":"o.s.w.s.m.m.a.RequestMappingHandlerMapping","message":"42 mappings in 'requestMappingHandlerMapping'","exception":""}
{"timestamp":"2026-06-10 19:49:41.009","level":"DEBUG","thread":"main","correlationId":"","logger":"o.s.w.s.h.SimpleUrlHandlerMapping","message":"Patterns [/webjars/**, /**, /swagger-ui*/*swagger-initializer.js, /swagger-ui*/**] in 'resourceHandlerMapping'","exception":""}
{"timestamp":"2026-06-10 19:49:41.037","level":"INFO","thread":"main","correlationId":"","logger":"o.s.b.a.e.web.EndpointLinksResolver","message":"Exposing 13 endpoints beneath base path '/actuator'","exception":""}
{"timestamp":"2026-06-10 19:49:41.062","level":"DEBUG","thread":"main","correlationId":"","logger":"o.s.s.web.DefaultSecurityFilterChain","message":"Will secure any request with filters: DisableEncodeUrlFilter, WebAsyncManagerIntegrationFilter, SecurityContextHolderFilter, HeaderWriterFilter, CorsFilter, LogoutFilter, JwtAuthenticationFilter, RequestCacheAwareFilter, SecurityContextHolderAwareRequestFilter, AnonymousAuthenticationFilter, SessionManagementFilter, ExceptionTranslationFilter, AuthorizationFilter","exception":""}
{"timestamp":"2026-06-10 19:49:41.082","level":"DEBUG","thread":"main","correlationId":"","logger":"o.s.w.s.m.m.a.RequestMappingHandlerAdapter","message":"ControllerAdvice beans: 0 @ModelAttribute, 0 @InitBinder, 1 RequestBodyAdvice, 1 ResponseBodyAdvice","exception":""}
{"timestamp":"2026-06-10 19:49:41.086","level":"DEBUG","thread":"main","correlationId":"","logger":"o.s.w.s.m.m.a.ExceptionHandlerExceptionResolver","message":"ControllerAdvice beans: 2 @ExceptionHandler, 1 ResponseBodyAdvice","exception":""}
{"timestamp":"2026-06-10 19:49:41.111","level":"INFO","thread":"main","correlationId":"","logger":"o.s.b.a.h.H2ConsoleAutoConfiguration","message":"H2 console available at '/h2-console'. Database available at 'jdbc:h2:mem:deliverydb'","exception":""}
{"timestamp":"2026-06-10 19:49:41.121","level":"DEBUG","thread":"main","correlationId":"","logger":"o.s.w.f.ServerHttpObservationFilter","message":"Filter 'webMvcObservationFilter' configured for use","exception":""}
{"timestamp":"2026-06-10 19:49:41.121","level":"INFO","thread":"main","correlationId":"","logger":"o.s.b.t.m.w.SpringBootMockServletContext","message":"Initializing Spring TestDispatcherServlet ''","exception":""}
{"timestamp":"2026-06-10 19:49:41.121","level":"INFO","thread":"main","correlationId":"","logger":"o.s.t.w.s.TestDispatcherServlet","message":"Initializing Servlet ''","exception":""}
{"timestamp":"2026-06-10 19:49:41.121","level":"INFO","thread":"main","correlationId":"","logger":"o.s.t.w.s.TestDispatcherServlet","message":"Completed initialization in 0 ms","exception":""}
{"timestamp":"2026-06-10 19:49:41.129","level":"INFO","thread":"main","correlationId":"","logger":"c.d.d.c.PedidoControllerTest","message":"Started PedidoControllerTest in 0.502 seconds (process running for 21.476)","exception":""}
{"timestamp":"2026-06-10 19:49:41.151","level":"DEBUG","thread":"main","correlationId":"","logger":"o.s.security.web.FilterChainProxy","message":"Securing POST /api/pedidos","exception":""}
{"timestamp":"2026-06-10 19:49:41.151","level":"WARN","thread":"main","correlationId":"","logger":"c.d.d.s.JwtAuthenticationFilter","message":"JWT Token não começa com Bearer String","exception":""}
{"timestamp":"2026-06-10 19:49:41.152","level":"DEBUG","thread":"main","correlationId":"","logger":"o.s.security.web.FilterChainProxy","message":"Secured POST /api/pedidos","exception":""}
{"timestamp":"2026-06-10 19:49:41.153","level":"DEBUG","thread":"main","correlationId":"b269ed5785fa405c","logger":"o.s.w.s.m.m.a.RequestMappingHandlerMapping","message":"Mapped to com.deliverytech.delivery_api.controller.PedidoController#criarPedido(PedidoReqDTO)","exception":""}
{"timestamp":"2026-06-10 19:49:41.154","level":"DEBUG","thread":"main","correlationId":"b269ed5785fa405c","logger":"o.s.w.s.m.m.a.RequestResponseBodyMethodProcessor","message":"Read "application/json;charset=UTF-8" to [com.deliverytech.delivery_api.dto.req.PedidoReqDTO@a14da93]","exception":""}
{"timestamp":"2026-06-10 19:49:41.160","level":"DEBUG","thread":"main","correlationId":"b269ed5785fa405c","logger":"o.s.w.s.m.m.a.ExceptionHandlerExceptionResolver","message":"Using @ExceptionHandler com.deliverytech.delivery_api.exception.GlobalExceptionHandler#handleValidationException(MethodArgumentNotValidException, HttpServletRequest)","exception":""}
{"timestamp":"2026-06-10 19:49:41.162","level":"DEBUG","thread":"main","correlationId":"b269ed5785fa405c","logger":"o.s.w.s.m.m.a.HttpEntityMethodProcessor","message":"Using 'application/json', given [*/*] and supported [application/json, application/*+json, application/yaml]","exception":""}
{"timestamp":"2026-06-10 19:49:41.162","level":"DEBUG","thread":"main","correlationId":"b269ed5785fa405c","logger":"o.s.w.s.m.m.a.HttpEntityMethodProcessor","message":"Writing [com.deliverytech.delivery_api.dto.ErrorResponse@29ff8009]","exception":""}
{"timestamp":"2026-06-10 19:49:41.164","level":"DEBUG","thread":"main","correlationId":"b269ed5785fa405c","logger":"o.s.w.s.m.m.a.ExceptionHandlerExceptionResolver","message":"Resolved [org.springframework.web.bind.MethodArgumentNotValidException: Validation failed for argument [0] in public org.springframework.http.ResponseEntity<com.deliverytech.delivery_api.dto.res.PedidoResDTO> com.deliverytech.delivery_api.controller.PedidoController.criarPedido(com.deliverytech.delivery_api.dto.req.PedidoReqDTO): [Field error in object 'pedidoReqDTO' on field 'itens': rejected value [[]]; codes [NotEmpty.pedidoReqDTO.itens,NotEmpty.itens,NotEmpty.java.util.List,NotEmpty]; arguments [org.springframework.context.support.DefaultMessageSourceResolvable: codes [pedidoReqDTO.itens,itens]; arguments []; default message [itens]]; default message [Pedido deve ter pelo menos um item]] ]","exception":""}
{"timestamp":"2026-06-10 19:49:41.168","level":"DEBUG","thread":"main","correlationId":"","logger":"o.s.w.c.s.GenericWebApplicationContext","message":"Closing org.springframework.web.context.support.GenericWebApplicationContext@57db1cd, started on Wed Jun 10 19:49:40 BRT 2026","exception":""}
{"timestamp":"2026-06-10 19:49:41.170","level":"INFO","thread":"main","correlationId":"","logger":"o.s.o.j.LocalContainerEntityManagerFactoryBean","message":"Closing JPA EntityManagerFactory for persistence unit 'default'","exception":""}
{"timestamp":"2026-06-10 19:49:41.171","level":"INFO","thread":"main","correlationId":"","logger":"com.zaxxer.hikari.HikariDataSource","message":"HikariPool-17 - Shutdown initiated...","exception":""}
{"timestamp":"2026-06-10 19:49:41.193","level":"INFO","thread":"main","correlationId":"","logger":"com.zaxxer.hikari.HikariDataSource","message":"HikariPool-17 - Shutdown completed.","exception":""}
{"timestamp":"2026-06-10 19:49:41.195","level":"INFO","thread":"main","correlationId":"","logger":"o.s.b.d.r.RestartApplicationListener","message":"Restart disabled due to context in which it is running","exception":""}
{"timestamp":"2026-06-10 19:49:41.212","level":"INFO","thread":"main","correlationId":"","logger":"c.d.d.c.PedidoControllerTest","message":"Starting PedidoControllerTest using Java 21.0.11 with PID 18360 (started by Santana in C:\Pasta Códiguinhos\arquitetura de sistemas fat\delivery-api\delivery-api)","exception":""}
{"timestamp":"2026-06-10 19:49:41.212","level":"INFO","thread":"main","correlationId":"","logger":"c.d.d.c.PedidoControllerTest","message":"The following 1 profile is active: "test"","exception":""}
{"timestamp":"2026-06-10 19:49:41.213","level":"DEBUG","thread":"main","correlationId":"","logger":"o.s.w.c.s.GenericWebApplicationContext","message":"Refreshing org.springframework.web.context.support.GenericWebApplicationContext@17c329fd","exception":""}
{"timestamp":"2026-06-10 19:49:41.394","level":"INFO","thread":"main","correlationId":"","logger":"o.s.d.r.c.RepositoryConfigurationDelegate","message":"Bootstrapping Spring Data JPA repositories in DEFAULT mode.","exception":""}
{"timestamp":"2026-06-10 19:49:41.410","level":"INFO","thread":"main","correlationId":"","logger":"o.s.d.r.c.RepositoryConfigurationDelegate","message":"Finished Spring Data repository scanning in 14 ms. Found 5 JPA repository interfaces.","exception":""}
{"timestamp":"2026-06-10 19:49:41.457","level":"INFO","thread":"main","correlationId":"","logger":"o.s.o.j.p.SpringPersistenceUnitInfo","message":"No LoadTimeWeaver setup: ignoring JPA class transformer","exception":""}
{"timestamp":"2026-06-10 19:49:41.458","level":"INFO","thread":"main","correlationId":"","logger":"com.zaxxer.hikari.HikariDataSource","message":"HikariPool-18 - Starting...","exception":""}
{"timestamp":"2026-06-10 19:49:41.459","level":"INFO","thread":"main","correlationId":"","logger":"com.zaxxer.hikari.pool.HikariPool","message":"HikariPool-18 - Added connection conn158: url=jdbc:h2:mem:deliverydb user=SA","exception":""}
{"timestamp":"2026-06-10 19:49:41.459","level":"INFO","thread":"main","correlationId":"","logger":"com.zaxxer.hikari.HikariDataSource","message":"HikariPool-18 - Start completed.","exception":""}
{"timestamp":"2026-06-10 19:49:41.460","level":"WARN","thread":"main","correlationId":"","logger":"org.hibernate.orm.deprecation","message":"HHH90000025: H2Dialect does not need to be specified explicitly using 'hibernate.dialect' (remove the property setting and it will be selected by default)","exception":""}
{"timestamp":"2026-06-10 19:49:41.497","level":"INFO","thread":"main","correlationId":"","logger":"o.s.o.j.LocalContainerEntityManagerFactoryBean","message":"Initialized JPA EntityManagerFactory for persistence unit 'default'","exception":""}
{"timestamp":"2026-06-10 19:49:41.517","level":"INFO","thread":"main","correlationId":"","logger":"o.s.s.c.a.a.c.InitializeAuthenticationProviderBeanManagerConfigurer$InitializeAuthenticationProviderManagerConfigurer","message":"Global AuthenticationManager configured with AuthenticationProvider bean with name authenticationProvider","exception":""}
{"timestamp":"2026-06-10 19:49:41.517","level":"WARN","thread":"main","correlationId":"","logger":"o.s.s.c.a.a.c.InitializeUserDetailsBeanManagerConfigurer$InitializeUserDetailsManagerConfigurer","message":"Global AuthenticationManager configured with an AuthenticationProvider bean. UserDetailsService beans will not be used by Spring Security for automatically configuring username/password login. Consider removing the AuthenticationProvider bean. Alternatively, consider using the UserDetailsService in a manually instantiated DaoAuthenticationProvider. If the current configuration is intentional, to turn off this warning, increase the logging level of 'org.springframework.security.config.annotation.authentication.configuration.InitializeUserDetailsBeanManagerConfigurer' to ERROR","exception":""}
{"timestamp":"2026-06-10 19:49:41.599","level":"DEBUG","thread":"main","correlationId":"","logger":"o.s.w.s.m.m.a.RequestMappingHandlerMapping","message":"42 mappings in 'requestMappingHandlerMapping'","exception":""}
{"timestamp":"2026-06-10 19:49:41.623","level":"DEBUG","thread":"main","correlationId":"","logger":"o.s.w.s.h.SimpleUrlHandlerMapping","message":"Patterns [/webjars/**, /**, /swagger-ui*/*swagger-initializer.js, /swagger-ui*/**] in 'resourceHandlerMapping'","exception":""}
{"timestamp":"2026-06-10 19:49:41.655","level":"INFO","thread":"main","correlationId":"","logger":"o.s.b.a.e.web.EndpointLinksResolver","message":"Exposing 13 endpoints beneath base path '/actuator'","exception":""}
{"timestamp":"2026-06-10 19:49:41.682","level":"DEBUG","thread":"main","correlationId":"","logger":"o.s.s.web.DefaultSecurityFilterChain","message":"Will secure any request with filters: DisableEncodeUrlFilter, WebAsyncManagerIntegrationFilter, SecurityContextHolderFilter, HeaderWriterFilter, CorsFilter, LogoutFilter, JwtAuthenticationFilter, RequestCacheAwareFilter, SecurityContextHolderAwareRequestFilter, AnonymousAuthenticationFilter, SessionManagementFilter, ExceptionTranslationFilter, AuthorizationFilter","exception":""}
{"timestamp":"2026-06-10 19:49:41.701","level":"DEBUG","thread":"main","correlationId":"","logger":"o.s.w.s.m.m.a.RequestMappingHandlerAdapter","message":"ControllerAdvice beans: 0 @ModelAttribute, 0 @InitBinder, 1 RequestBodyAdvice, 1 ResponseBodyAdvice","exception":""}
{"timestamp":"2026-06-10 19:49:41.706","level":"DEBUG","thread":"main","correlationId":"","logger":"o.s.w.s.m.m.a.ExceptionHandlerExceptionResolver","message":"ControllerAdvice beans: 2 @ExceptionHandler, 1 ResponseBodyAdvice","exception":""}
{"timestamp":"2026-06-10 19:49:41.730","level":"INFO","thread":"main","correlationId":"","logger":"o.s.b.a.h.H2ConsoleAutoConfiguration","message":"H2 console available at '/h2-console'. Database available at 'jdbc:h2:mem:deliverydb'","exception":""}
{"timestamp":"2026-06-10 19:49:41.741","level":"DEBUG","thread":"main","correlationId":"","logger":"o.s.w.f.ServerHttpObservationFilter","message":"Filter 'webMvcObservationFilter' configured for use","exception":""}
{"timestamp":"2026-06-10 19:49:41.741","level":"INFO","thread":"main","correlationId":"","logger":"o.s.b.t.m.w.SpringBootMockServletContext","message":"Initializing Spring TestDispatcherServlet ''","exception":""}
{"timestamp":"2026-06-10 19:49:41.741","level":"INFO","thread":"main","correlationId":"","logger":"o.s.t.w.s.TestDispatcherServlet","message":"Initializing Servlet ''","exception":""}
{"timestamp":"2026-06-10 19:49:41.741","level":"INFO","thread":"main","correlationId":"","logger":"o.s.t.w.s.TestDispatcherServlet","message":"Completed initialization in 0 ms","exception":""}
{"timestamp":"2026-06-10 19:49:41.750","level":"INFO","thread":"main","correlationId":"","logger":"c.d.d.c.PedidoControllerTest","message":"Started PedidoControllerTest in 0.555 seconds (process running for 22.097)","exception":""}
{"timestamp":"2026-06-10 19:49:41.772","level":"DEBUG","thread":"main","correlationId":"","logger":"o.s.security.web.FilterChainProxy","message":"Securing POST /api/pedidos","exception":""}
{"timestamp":"2026-06-10 19:49:41.772","level":"WARN","thread":"main","correlationId":"","logger":"c.d.d.s.JwtAuthenticationFilter","message":"JWT Token não começa com Bearer String","exception":""}
{"timestamp":"2026-06-10 19:49:41.773","level":"DEBUG","thread":"main","correlationId":"","logger":"o.s.security.web.FilterChainProxy","message":"Secured POST /api/pedidos","exception":""}
{"timestamp":"2026-06-10 19:49:41.773","level":"DEBUG","thread":"main","correlationId":"d369fe2895e9491a","logger":"o.s.w.s.m.m.a.RequestMappingHandlerMapping","message":"Mapped to com.deliverytech.delivery_api.controller.PedidoController#criarPedido(PedidoReqDTO)","exception":""}
{"timestamp":"2026-06-10 19:49:41.775","level":"DEBUG","thread":"main","correlationId":"d369fe2895e9491a","logger":"o.s.w.s.m.m.a.RequestResponseBodyMethodProcessor","message":"Read "application/json;charset=UTF-8" to [com.deliverytech.delivery_api.dto.req.PedidoReqDTO@1284704a]","exception":""}
{"timestamp":"2026-06-10 19:49:41.784","level":"DEBUG","thread":"main","correlationId":"d369fe2895e9491a","logger":"o.s.w.s.m.m.a.ExceptionHandlerExceptionResolver","message":"Using @ExceptionHandler com.deliverytech.delivery_api.exception.GlobalExceptionHandler#handleEntityNotFound(EntityNotFoundException, HttpServletRequest)","exception":""}
{"timestamp":"2026-06-10 19:49:41.787","level":"DEBUG","thread":"main","correlationId":"d369fe2895e9491a","logger":"o.s.w.s.m.m.a.HttpEntityMethodProcessor","message":"Using 'application/json', given [*/*] and supported [application/json, application/*+json, application/yaml]","exception":""}
{"timestamp":"2026-06-10 19:49:41.787","level":"DEBUG","thread":"main","correlationId":"d369fe2895e9491a","logger":"o.s.w.s.m.m.a.HttpEntityMethodProcessor","message":"Writing [com.deliverytech.delivery_api.dto.ErrorResponse@328701c0]","exception":""}
{"timestamp":"2026-06-10 19:49:41.787","level":"DEBUG","thread":"main","correlationId":"d369fe2895e9491a","logger":"o.s.w.s.m.m.a.ExceptionHandlerExceptionResolver","message":"Resolved [com.deliverytech.delivery_api.exception.EntityNotFoundException: Produto não encontrado: 999999]","exception":""}
{"timestamp":"2026-06-10 19:49:41.792","level":"DEBUG","thread":"main","correlationId":"","logger":"o.s.w.c.s.GenericWebApplicationContext","message":"Closing org.springframework.web.context.support.GenericWebApplicationContext@17c329fd, started on Wed Jun 10 19:49:41 BRT 2026","exception":""}
{"timestamp":"2026-06-10 19:49:41.795","level":"INFO","thread":"main","correlationId":"","logger":"o.s.o.j.LocalContainerEntityManagerFactoryBean","message":"Closing JPA EntityManagerFactory for persistence unit 'default'","exception":""}
{"timestamp":"2026-06-10 19:49:41.796","level":"INFO","thread":"main","correlationId":"","logger":"com.zaxxer.hikari.HikariDataSource","message":"HikariPool-18 - Shutdown initiated...","exception":""}
{"timestamp":"2026-06-10 19:49:41.825","level":"INFO","thread":"main","correlationId":"","logger":"com.zaxxer.hikari.HikariDataSource","message":"HikariPool-18 - Shutdown completed.","exception":""}
{"timestamp":"2026-06-10 19:49:41.826","level":"INFO","thread":"main","correlationId":"","logger":"o.s.b.d.r.RestartApplicationListener","message":"Restart disabled due to context in which it is running","exception":""}
{"timestamp":"2026-06-10 19:49:41.842","level":"INFO","thread":"main","correlationId":"","logger":"c.d.d.c.PedidoControllerTest","message":"Starting PedidoControllerTest using Java 21.0.11 with PID 18360 (started by Santana in C:\Pasta Códiguinhos\arquitetura de sistemas fat\delivery-api\delivery-api)","exception":""}
{"timestamp":"2026-06-10 19:49:41.842","level":"INFO","thread":"main","correlationId":"","logger":"c.d.d.c.PedidoControllerTest","message":"The following 1 profile is active: "test"","exception":""}
{"timestamp":"2026-06-10 19:49:41.843","level":"DEBUG","thread":"main","correlationId":"","logger":"o.s.w.c.s.GenericWebApplicationContext","message":"Refreshing org.springframework.web.context.support.GenericWebApplicationContext@4adaac0a","exception":""}
{"timestamp":"2026-06-10 19:49:41.991","level":"INFO","thread":"main","correlationId":"","logger":"o.s.d.r.c.RepositoryConfigurationDelegate","message":"Bootstrapping Spring Data JPA repositories in DEFAULT mode.","exception":""}
{"timestamp":"2026-06-10 19:49:42.003","level":"INFO","thread":"main","correlationId":"","logger":"o.s.d.r.c.RepositoryConfigurationDelegate","message":"Finished Spring Data repository scanning in 11 ms. Found 5 JPA repository interfaces.","exception":""}
{"timestamp":"2026-06-10 19:49:42.046","level":"INFO","thread":"main","correlationId":"","logger":"o.s.o.j.p.SpringPersistenceUnitInfo","message":"No LoadTimeWeaver setup: ignoring JPA class transformer","exception":""}
{"timestamp":"2026-06-10 19:49:42.047","level":"INFO","thread":"main","correlationId":"","logger":"com.zaxxer.hikari.HikariDataSource","message":"HikariPool-19 - Starting...","exception":""}
{"timestamp":"2026-06-10 19:49:42.047","level":"INFO","thread":"main","correlationId":"","logger":"com.zaxxer.hikari.pool.HikariPool","message":"HikariPool-19 - Added connection conn167: url=jdbc:h2:mem:deliverydb user=SA","exception":""}
{"timestamp":"2026-06-10 19:49:42.048","level":"INFO","thread":"main","correlationId":"","logger":"com.zaxxer.hikari.HikariDataSource","message":"HikariPool-19 - Start completed.","exception":""}
{"timestamp":"2026-06-10 19:49:42.048","level":"WARN","thread":"main","correlationId":"","logger":"org.hibernate.orm.deprecation","message":"HHH90000025: H2Dialect does not need to be specified explicitly using 'hibernate.dialect' (remove the property setting and it will be selected by default)","exception":""}
{"timestamp":"2026-06-10 19:49:42.081","level":"INFO","thread":"main","correlationId":"","logger":"o.s.o.j.LocalContainerEntityManagerFactoryBean","message":"Initialized JPA EntityManagerFactory for persistence unit 'default'","exception":""}
{"timestamp":"2026-06-10 19:49:42.100","level":"INFO","thread":"main","correlationId":"","logger":"o.s.s.c.a.a.c.InitializeAuthenticationProviderBeanManagerConfigurer$InitializeAuthenticationProviderManagerConfigurer","message":"Global AuthenticationManager configured with AuthenticationProvider bean with name authenticationProvider","exception":""}
{"timestamp":"2026-06-10 19:49:42.101","level":"WARN","thread":"main","correlationId":"","logger":"o.s.s.c.a.a.c.InitializeUserDetailsBeanManagerConfigurer$InitializeUserDetailsManagerConfigurer","message":"Global AuthenticationManager configured with an AuthenticationProvider bean. UserDetailsService beans will not be used by Spring Security for automatically configuring username/password login. Consider removing the AuthenticationProvider bean. Alternatively, consider using the UserDetailsService in a manually instantiated DaoAuthenticationProvider. If the current configuration is intentional, to turn off this warning, increase the logging level of 'org.springframework.security.config.annotation.authentication.configuration.InitializeUserDetailsBeanManagerConfigurer' to ERROR","exception":""}
{"timestamp":"2026-06-10 19:49:42.184","level":"DEBUG","thread":"main","correlationId":"","logger":"o.s.w.s.m.m.a.RequestMappingHandlerMapping","message":"42 mappings in 'requestMappingHandlerMapping'","exception":""}
{"timestamp":"2026-06-10 19:49:42.203","level":"DEBUG","thread":"main","correlationId":"","logger":"o.s.w.s.h.SimpleUrlHandlerMapping","message":"Patterns [/webjars/**, /**, /swagger-ui*/*swagger-initializer.js, /swagger-ui*/**] in 'resourceHandlerMapping'","exception":""}
{"timestamp":"2026-06-10 19:49:42.231","level":"INFO","thread":"main","correlationId":"","logger":"o.s.b.a.e.web.EndpointLinksResolver","message":"Exposing 13 endpoints beneath base path '/actuator'","exception":""}
{"timestamp":"2026-06-10 19:49:42.254","level":"DEBUG","thread":"main","correlationId":"","logger":"o.s.s.web.DefaultSecurityFilterChain","message":"Will secure any request with filters: DisableEncodeUrlFilter, WebAsyncManagerIntegrationFilter, SecurityContextHolderFilter, HeaderWriterFilter, CorsFilter, LogoutFilter, JwtAuthenticationFilter, RequestCacheAwareFilter, SecurityContextHolderAwareRequestFilter, AnonymousAuthenticationFilter, SessionManagementFilter, ExceptionTranslationFilter, AuthorizationFilter","exception":""}
{"timestamp":"2026-06-10 19:49:42.273","level":"DEBUG","thread":"main","correlationId":"","logger":"o.s.w.s.m.m.a.RequestMappingHandlerAdapter","message":"ControllerAdvice beans: 0 @ModelAttribute, 0 @InitBinder, 1 RequestBodyAdvice, 1 ResponseBodyAdvice","exception":""}
{"timestamp":"2026-06-10 19:49:42.277","level":"DEBUG","thread":"main","correlationId":"","logger":"o.s.w.s.m.m.a.ExceptionHandlerExceptionResolver","message":"ControllerAdvice beans: 2 @ExceptionHandler, 1 ResponseBodyAdvice","exception":""}
{"timestamp":"2026-06-10 19:49:42.302","level":"INFO","thread":"main","correlationId":"","logger":"o.s.b.a.h.H2ConsoleAutoConfiguration","message":"H2 console available at '/h2-console'. Database available at 'jdbc:h2:mem:deliverydb'","exception":""}
{"timestamp":"2026-06-10 19:49:42.312","level":"DEBUG","thread":"main","correlationId":"","logger":"o.s.w.f.ServerHttpObservationFilter","message":"Filter 'webMvcObservationFilter' configured for use","exception":""}
{"timestamp":"2026-06-10 19:49:42.312","level":"INFO","thread":"main","correlationId":"","logger":"o.s.b.t.m.w.SpringBootMockServletContext","message":"Initializing Spring TestDispatcherServlet ''","exception":""}
{"timestamp":"2026-06-10 19:49:42.312","level":"INFO","thread":"main","correlationId":"","logger":"o.s.t.w.s.TestDispatcherServlet","message":"Initializing Servlet ''","exception":""}
{"timestamp":"2026-06-10 19:49:42.312","level":"INFO","thread":"main","correlationId":"","logger":"o.s.t.w.s.TestDispatcherServlet","message":"Completed initialization in 0 ms","exception":""}
{"timestamp":"2026-06-10 19:49:42.321","level":"INFO","thread":"main","correlationId":"","logger":"c.d.d.c.PedidoControllerTest","message":"Started PedidoControllerTest in 0.495 seconds (process running for 22.668)","exception":""}
{"timestamp":"2026-06-10 19:49:42.341","level":"DEBUG","thread":"main","correlationId":"","logger":"o.s.security.web.FilterChainProxy","message":"Securing DELETE /api/pedidos/999999","exception":""}
{"timestamp":"2026-06-10 19:49:42.341","level":"WARN","thread":"main","correlationId":"","logger":"c.d.d.s.JwtAuthenticationFilter","message":"JWT Token não começa com Bearer String","exception":""}
{"timestamp":"2026-06-10 19:49:42.342","level":"DEBUG","thread":"main","correlationId":"","logger":"o.s.security.web.FilterChainProxy","message":"Secured DELETE /api/pedidos/999999","exception":""}
{"timestamp":"2026-06-10 19:49:42.342","level":"DEBUG","thread":"main","correlationId":"195a7c8ded9c48c6","logger":"o.s.w.s.m.m.a.RequestMappingHandlerMapping","message":"Mapped to com.deliverytech.delivery_api.controller.PedidoController#cancelarPedido(Long)","exception":""}
{"timestamp":"2026-06-10 19:49:42.344","level":"DEBUG","thread":"main","correlationId":"195a7c8ded9c48c6","logger":"o.s.w.s.m.m.a.ExceptionHandlerExceptionResolver","message":"Using @ExceptionHandler com.deliverytech.delivery_api.exception.GlobalExceptionHandler#handleEntityNotFound(EntityNotFoundException, HttpServletRequest)","exception":""}
{"timestamp":"2026-06-10 19:49:42.346","level":"DEBUG","thread":"main","correlationId":"195a7c8ded9c48c6","logger":"o.s.w.s.m.m.a.HttpEntityMethodProcessor","message":"Using 'application/json', given [*/*] and supported [application/json, application/*+json, application/yaml]","exception":""}
{"timestamp":"2026-06-10 19:49:42.346","level":"DEBUG","thread":"main","correlationId":"195a7c8ded9c48c6","logger":"o.s.w.s.m.m.a.HttpEntityMethodProcessor","message":"Writing [com.deliverytech.delivery_api.dto.ErrorResponse@5efbb259]","exception":""}
{"timestamp":"2026-06-10 19:49:42.346","level":"DEBUG","thread":"main","correlationId":"195a7c8ded9c48c6","logger":"o.s.w.s.m.m.a.ExceptionHandlerExceptionResolver","message":"Resolved [com.deliverytech.delivery_api.exception.EntityNotFoundException: Pedido não encontrado]","exception":""}
{"timestamp":"2026-06-10 19:49:42.351","level":"DEBUG","thread":"main","correlationId":"","logger":"o.s.w.c.s.GenericWebApplicationContext","message":"Closing org.springframework.web.context.support.GenericWebApplicationContext@4adaac0a, started on Wed Jun 10 19:49:41 BRT 2026","exception":""}
{"timestamp":"2026-06-10 19:49:42.351","level":"INFO","thread":"main","correlationId":"","logger":"o.s.o.j.LocalContainerEntityManagerFactoryBean","message":"Closing JPA EntityManagerFactory for persistence unit 'default'","exception":""}
{"timestamp":"2026-06-10 19:49:42.352","level":"INFO","thread":"main","correlationId":"","logger":"com.zaxxer.hikari.HikariDataSource","message":"HikariPool-19 - Shutdown initiated...","exception":""}
{"timestamp":"2026-06-10 19:49:42.376","level":"INFO","thread":"main","correlationId":"","logger":"com.zaxxer.hikari.HikariDataSource","message":"HikariPool-19 - Shutdown completed.","exception":""}
{"timestamp":"2026-06-10 19:49:42.377","level":"INFO","thread":"main","correlationId":"","logger":"o.s.b.d.r.RestartApplicationListener","message":"Restart disabled due to context in which it is running","exception":""}
{"timestamp":"2026-06-10 19:49:42.397","level":"INFO","thread":"main","correlationId":"","logger":"c.d.d.c.PedidoControllerTest","message":"Starting PedidoControllerTest using Java 21.0.11 with PID 18360 (started by Santana in C:\Pasta Códiguinhos\arquitetura de sistemas fat\delivery-api\delivery-api)","exception":""}
{"timestamp":"2026-06-10 19:49:42.397","level":"INFO","thread":"main","correlationId":"","logger":"c.d.d.c.PedidoControllerTest","message":"The following 1 profile is active: "test"","exception":""}
{"timestamp":"2026-06-10 19:49:42.398","level":"DEBUG","thread":"main","correlationId":"","logger":"o.s.w.c.s.GenericWebApplicationContext","message":"Refreshing org.springframework.web.context.support.GenericWebApplicationContext@6d6d16ea","exception":""}
{"timestamp":"2026-06-10 19:49:42.541","level":"INFO","thread":"main","correlationId":"","logger":"o.s.d.r.c.RepositoryConfigurationDelegate","message":"Bootstrapping Spring Data JPA repositories in DEFAULT mode.","exception":""}
{"timestamp":"2026-06-10 19:49:42.555","level":"INFO","thread":"main","correlationId":"","logger":"o.s.d.r.c.RepositoryConfigurationDelegate","message":"Finished Spring Data repository scanning in 12 ms. Found 5 JPA repository interfaces.","exception":""}
{"timestamp":"2026-06-10 19:49:42.597","level":"INFO","thread":"main","correlationId":"","logger":"o.s.o.j.p.SpringPersistenceUnitInfo","message":"No LoadTimeWeaver setup: ignoring JPA class transformer","exception":""}
{"timestamp":"2026-06-10 19:49:42.598","level":"INFO","thread":"main","correlationId":"","logger":"com.zaxxer.hikari.HikariDataSource","message":"HikariPool-20 - Starting...","exception":""}
{"timestamp":"2026-06-10 19:49:42.599","level":"INFO","thread":"main","correlationId":"","logger":"com.zaxxer.hikari.pool.HikariPool","message":"HikariPool-20 - Added connection conn175: url=jdbc:h2:mem:deliverydb user=SA","exception":""}
{"timestamp":"2026-06-10 19:49:42.599","level":"INFO","thread":"main","correlationId":"","logger":"com.zaxxer.hikari.HikariDataSource","message":"HikariPool-20 - Start completed.","exception":""}
{"timestamp":"2026-06-10 19:49:42.599","level":"WARN","thread":"main","correlationId":"","logger":"org.hibernate.orm.deprecation","message":"HHH90000025: H2Dialect does not need to be specified explicitly using 'hibernate.dialect' (remove the property setting and it will be selected by default)","exception":""}
{"timestamp":"2026-06-10 19:49:42.631","level":"INFO","thread":"main","correlationId":"","logger":"o.s.o.j.LocalContainerEntityManagerFactoryBean","message":"Initialized JPA EntityManagerFactory for persistence unit 'default'","exception":""}
{"timestamp":"2026-06-10 19:49:42.651","level":"INFO","thread":"main","correlationId":"","logger":"o.s.s.c.a.a.c.InitializeAuthenticationProviderBeanManagerConfigurer$InitializeAuthenticationProviderManagerConfigurer","message":"Global AuthenticationManager configured with AuthenticationProvider bean with name authenticationProvider","exception":""}
{"timestamp":"2026-06-10 19:49:42.651","level":"WARN","thread":"main","correlationId":"","logger":"o.s.s.c.a.a.c.InitializeUserDetailsBeanManagerConfigurer$InitializeUserDetailsManagerConfigurer","message":"Global AuthenticationManager configured with an AuthenticationProvider bean. UserDetailsService beans will not be used by Spring Security for automatically configuring username/password login. Consider removing the AuthenticationProvider bean. Alternatively, consider using the UserDetailsService in a manually instantiated DaoAuthenticationProvider. If the current configuration is intentional, to turn off this warning, increase the logging level of 'org.springframework.security.config.annotation.authentication.configuration.InitializeUserDetailsBeanManagerConfigurer' to ERROR","exception":""}
{"timestamp":"2026-06-10 19:49:42.735","level":"DEBUG","thread":"main","correlationId":"","logger":"o.s.w.s.m.m.a.RequestMappingHandlerMapping","message":"42 mappings in 'requestMappingHandlerMapping'","exception":""}
{"timestamp":"2026-06-10 19:49:42.755","level":"DEBUG","thread":"main","correlationId":"","logger":"o.s.w.s.h.SimpleUrlHandlerMapping","message":"Patterns [/webjars/**, /**, /swagger-ui*/*swagger-initializer.js, /swagger-ui*/**] in 'resourceHandlerMapping'","exception":""}
{"timestamp":"2026-06-10 19:49:42.786","level":"INFO","thread":"main","correlationId":"","logger":"o.s.b.a.e.web.EndpointLinksResolver","message":"Exposing 13 endpoints beneath base path '/actuator'","exception":""}
{"timestamp":"2026-06-10 19:49:42.814","level":"DEBUG","thread":"main","correlationId":"","logger":"o.s.s.web.DefaultSecurityFilterChain","message":"Will secure any request with filters: DisableEncodeUrlFilter, WebAsyncManagerIntegrationFilter, SecurityContextHolderFilter, HeaderWriterFilter, CorsFilter, LogoutFilter, JwtAuthenticationFilter, RequestCacheAwareFilter, SecurityContextHolderAwareRequestFilter, AnonymousAuthenticationFilter, SessionManagementFilter, ExceptionTranslationFilter, AuthorizationFilter","exception":""}
{"timestamp":"2026-06-10 19:49:42.840","level":"DEBUG","thread":"main","correlationId":"","logger":"o.s.w.s.m.m.a.RequestMappingHandlerAdapter","message":"ControllerAdvice beans: 0 @ModelAttribute, 0 @InitBinder, 1 RequestBodyAdvice, 1 ResponseBodyAdvice","exception":""}
{"timestamp":"2026-06-10 19:49:42.844","level":"DEBUG","thread":"main","correlationId":"","logger":"o.s.w.s.m.m.a.ExceptionHandlerExceptionResolver","message":"ControllerAdvice beans: 2 @ExceptionHandler, 1 ResponseBodyAdvice","exception":""}
{"timestamp":"2026-06-10 19:49:42.878","level":"INFO","thread":"main","correlationId":"","logger":"o.s.b.a.h.H2ConsoleAutoConfiguration","message":"H2 console available at '/h2-console'. Database available at 'jdbc:h2:mem:deliverydb'","exception":""}
{"timestamp":"2026-06-10 19:49:42.890","level":"DEBUG","thread":"main","correlationId":"","logger":"o.s.w.f.ServerHttpObservationFilter","message":"Filter 'webMvcObservationFilter' configured for use","exception":""}
{"timestamp":"2026-06-10 19:49:42.890","level":"INFO","thread":"main","correlationId":"","logger":"o.s.b.t.m.w.SpringBootMockServletContext","message":"Initializing Spring TestDispatcherServlet ''","exception":""}
{"timestamp":"2026-06-10 19:49:42.890","level":"INFO","thread":"main","correlationId":"","logger":"o.s.t.w.s.TestDispatcherServlet","message":"Initializing Servlet ''","exception":""}
{"timestamp":"2026-06-10 19:49:42.890","level":"INFO","thread":"main","correlationId":"","logger":"o.s.t.w.s.TestDispatcherServlet","message":"Completed initialization in 0 ms","exception":""}
{"timestamp":"2026-06-10 19:49:42.898","level":"INFO","thread":"main","correlationId":"","logger":"c.d.d.c.PedidoControllerTest","message":"Started PedidoControllerTest in 0.521 seconds (process running for 23.245)","exception":""}
{"timestamp":"2026-06-10 19:49:42.936","level":"DEBUG","thread":"main","correlationId":"","logger":"o.s.security.web.FilterChainProxy","message":"Securing POST /api/pedidos","exception":""}
{"timestamp":"2026-06-10 19:49:42.937","level":"WARN","thread":"main","correlationId":"","logger":"c.d.d.s.JwtAuthenticationFilter","message":"JWT Token não começa com Bearer String","exception":""}
{"timestamp":"2026-06-10 19:49:42.938","level":"DEBUG","thread":"main","correlationId":"","logger":"o.s.security.web.FilterChainProxy","message":"Secured POST /api/pedidos","exception":""}
{"timestamp":"2026-06-10 19:49:42.938","level":"DEBUG","thread":"main","correlationId":"9b53bfbc812744e0","logger":"o.s.w.s.m.m.a.RequestMappingHandlerMapping","message":"Mapped to com.deliverytech.delivery_api.controller.PedidoController#criarPedido(PedidoReqDTO)","exception":""}
{"timestamp":"2026-06-10 19:49:42.940","level":"DEBUG","thread":"main","correlationId":"9b53bfbc812744e0","logger":"o.s.w.s.m.m.a.RequestResponseBodyMethodProcessor","message":"Read "application/json;charset=UTF-8" to [com.deliverytech.delivery_api.dto.req.PedidoReqDTO@4e2dfedc]","exception":""}
{"timestamp":"2026-06-10 19:49:42.955","level":"DEBUG","thread":"main","correlationId":"9b53bfbc812744e0","logger":"o.s.w.s.m.m.a.HttpEntityMethodProcessor","message":"Using 'application/json', given [*/*] and supported [application/json, application/*+json, application/yaml]","exception":""}
{"timestamp":"2026-06-10 19:49:42.955","level":"DEBUG","thread":"main","correlationId":"9b53bfbc812744e0","logger":"o.s.w.s.m.m.a.HttpEntityMethodProcessor","message":"Writing [com.deliverytech.delivery_api.dto.res.PedidoResDTO@341dd33f]","exception":""}
{"timestamp":"2026-06-10 19:49:42.958","level":"DEBUG","thread":"main","correlationId":"","logger":"o.s.security.web.FilterChainProxy","message":"Securing GET /api/pedidos/4","exception":""}
{"timestamp":"2026-06-10 19:49:42.959","level":"WARN","thread":"main","correlationId":"","logger":"c.d.d.s.JwtAuthenticationFilter","message":"JWT Token não começa com Bearer String","exception":""}
{"timestamp":"2026-06-10 19:49:42.959","level":"DEBUG","thread":"main","correlationId":"","logger":"o.s.security.web.FilterChainProxy","message":"Secured GET /api/pedidos/4","exception":""}
{"timestamp":"2026-06-10 19:49:42.959","level":"DEBUG","thread":"main","correlationId":"a6b77f7267c44512","logger":"o.s.w.s.m.m.a.RequestMappingHandlerMapping","message":"Mapped to com.deliverytech.delivery_api.controller.PedidoController#buscarPorId(Long)","exception":""}
{"timestamp":"2026-06-10 19:49:42.961","level":"DEBUG","thread":"main","correlationId":"a6b77f7267c44512","logger":"o.s.w.s.m.m.a.HttpEntityMethodProcessor","message":"Using 'application/json', given [*/*] and supported [application/json, application/*+json, application/yaml]","exception":""}
{"timestamp":"2026-06-10 19:49:42.961","level":"DEBUG","thread":"main","correlationId":"a6b77f7267c44512","logger":"o.s.w.s.m.m.a.HttpEntityMethodProcessor","message":"Writing [com.deliverytech.delivery_api.dto.res.PedidoResDTO@41199d04]","exception":""}
{"timestamp":"2026-06-10 19:49:42.965","level":"DEBUG","thread":"main","correlationId":"","logger":"o.s.w.c.s.GenericWebApplicationContext","message":"Closing org.springframework.web.context.support.GenericWebApplicationContext@6d6d16ea, started on Wed Jun 10 19:49:42 BRT 2026","exception":""}
{"timestamp":"2026-06-10 19:49:42.967","level":"INFO","thread":"main","correlationId":"","logger":"o.s.o.j.LocalContainerEntityManagerFactoryBean","message":"Closing JPA EntityManagerFactory for persistence unit 'default'","exception":""}
{"timestamp":"2026-06-10 19:49:42.967","level":"INFO","thread":"main","correlationId":"","logger":"com.zaxxer.hikari.HikariDataSource","message":"HikariPool-20 - Shutdown initiated...","exception":""}
{"timestamp":"2026-06-10 19:49:42.971","level":"INFO","thread":"main","correlationId":"","logger":"com.zaxxer.hikari.HikariDataSource","message":"HikariPool-20 - Shutdown completed.","exception":""}
{"timestamp":"2026-06-10 19:49:42.972","level":"INFO","thread":"main","correlationId":"","logger":"o.s.b.d.r.RestartApplicationListener","message":"Restart disabled due to context in which it is running","exception":""}
{"timestamp":"2026-06-10 19:49:42.989","level":"INFO","thread":"main","correlationId":"","logger":"c.d.d.c.PedidoControllerTest","message":"Starting PedidoControllerTest using Java 21.0.11 with PID 18360 (started by Santana in C:\Pasta Códiguinhos\arquitetura de sistemas fat\delivery-api\delivery-api)","exception":""}
{"timestamp":"2026-06-10 19:49:42.989","level":"INFO","thread":"main","correlationId":"","logger":"c.d.d.c.PedidoControllerTest","message":"The following 1 profile is active: "test"","exception":""}
{"timestamp":"2026-06-10 19:49:42.990","level":"DEBUG","thread":"main","correlationId":"","logger":"o.s.w.c.s.GenericWebApplicationContext","message":"Refreshing org.springframework.web.context.support.GenericWebApplicationContext@39b1d483","exception":""}
{"timestamp":"2026-06-10 19:49:43.135","level":"INFO","thread":"main","correlationId":"","logger":"o.s.d.r.c.RepositoryConfigurationDelegate","message":"Bootstrapping Spring Data JPA repositories in DEFAULT mode.","exception":""}
{"timestamp":"2026-06-10 19:49:43.147","level":"INFO","thread":"main","correlationId":"","logger":"o.s.d.r.c.RepositoryConfigurationDelegate","message":"Finished Spring Data repository scanning in 11 ms. Found 5 JPA repository interfaces.","exception":""}
{"timestamp":"2026-06-10 19:49:43.192","level":"INFO","thread":"main","correlationId":"","logger":"o.s.o.j.p.SpringPersistenceUnitInfo","message":"No LoadTimeWeaver setup: ignoring JPA class transformer","exception":""}
{"timestamp":"2026-06-10 19:49:43.192","level":"INFO","thread":"main","correlationId":"","logger":"com.zaxxer.hikari.HikariDataSource","message":"HikariPool-21 - Starting...","exception":""}
{"timestamp":"2026-06-10 19:49:43.194","level":"INFO","thread":"main","correlationId":"","logger":"com.zaxxer.hikari.pool.HikariPool","message":"HikariPool-21 - Added connection conn184: url=jdbc:h2:mem:deliverydb user=SA","exception":""}
{"timestamp":"2026-06-10 19:49:43.195","level":"INFO","thread":"main","correlationId":"","logger":"com.zaxxer.hikari.HikariDataSource","message":"HikariPool-21 - Start completed.","exception":""}
{"timestamp":"2026-06-10 19:49:43.195","level":"WARN","thread":"main","correlationId":"","logger":"org.hibernate.orm.deprecation","message":"HHH90000025: H2Dialect does not need to be specified explicitly using 'hibernate.dialect' (remove the property setting and it will be selected by default)","exception":""}
{"timestamp":"2026-06-10 19:49:43.225","level":"INFO","thread":"main","correlationId":"","logger":"o.s.o.j.LocalContainerEntityManagerFactoryBean","message":"Initialized JPA EntityManagerFactory for persistence unit 'default'","exception":""}
{"timestamp":"2026-06-10 19:49:43.243","level":"INFO","thread":"main","correlationId":"","logger":"o.s.s.c.a.a.c.InitializeAuthenticationProviderBeanManagerConfigurer$InitializeAuthenticationProviderManagerConfigurer","message":"Global AuthenticationManager configured with AuthenticationProvider bean with name authenticationProvider","exception":""}
{"timestamp":"2026-06-10 19:49:43.243","level":"WARN","thread":"main","correlationId":"","logger":"o.s.s.c.a.a.c.InitializeUserDetailsBeanManagerConfigurer$InitializeUserDetailsManagerConfigurer","message":"Global AuthenticationManager configured with an AuthenticationProvider bean. UserDetailsService beans will not be used by Spring Security for automatically configuring username/password login. Consider removing the AuthenticationProvider bean. Alternatively, consider using the UserDetailsService in a manually instantiated DaoAuthenticationProvider. If the current configuration is intentional, to turn off this warning, increase the logging level of 'org.springframework.security.config.annotation.authentication.configuration.InitializeUserDetailsBeanManagerConfigurer' to ERROR","exception":""}
{"timestamp":"2026-06-10 19:49:43.317","level":"DEBUG","thread":"main","correlationId":"","logger":"o.s.w.s.m.m.a.RequestMappingHandlerMapping","message":"42 mappings in 'requestMappingHandlerMapping'","exception":""}
{"timestamp":"2026-06-10 19:49:43.342","level":"DEBUG","thread":"main","correlationId":"","logger":"o.s.w.s.h.SimpleUrlHandlerMapping","message":"Patterns [/webjars/**, /**, /swagger-ui*/*swagger-initializer.js, /swagger-ui*/**] in 'resourceHandlerMapping'","exception":""}
{"timestamp":"2026-06-10 19:49:43.369","level":"INFO","thread":"main","correlationId":"","logger":"o.s.b.a.e.web.EndpointLinksResolver","message":"Exposing 13 endpoints beneath base path '/actuator'","exception":""}
{"timestamp":"2026-06-10 19:49:43.392","level":"DEBUG","thread":"main","correlationId":"","logger":"o.s.s.web.DefaultSecurityFilterChain","message":"Will secure any request with filters: DisableEncodeUrlFilter, WebAsyncManagerIntegrationFilter, SecurityContextHolderFilter, HeaderWriterFilter, CorsFilter, LogoutFilter, JwtAuthenticationFilter, RequestCacheAwareFilter, SecurityContextHolderAwareRequestFilter, AnonymousAuthenticationFilter, SessionManagementFilter, ExceptionTranslationFilter, AuthorizationFilter","exception":""}
{"timestamp":"2026-06-10 19:49:43.412","level":"DEBUG","thread":"main","correlationId":"","logger":"o.s.w.s.m.m.a.RequestMappingHandlerAdapter","message":"ControllerAdvice beans: 0 @ModelAttribute, 0 @InitBinder, 1 RequestBodyAdvice, 1 ResponseBodyAdvice","exception":""}
{"timestamp":"2026-06-10 19:49:43.416","level":"DEBUG","thread":"main","correlationId":"","logger":"o.s.w.s.m.m.a.ExceptionHandlerExceptionResolver","message":"ControllerAdvice beans: 2 @ExceptionHandler, 1 ResponseBodyAdvice","exception":""}
{"timestamp":"2026-06-10 19:49:43.441","level":"INFO","thread":"main","correlationId":"","logger":"o.s.b.a.h.H2ConsoleAutoConfiguration","message":"H2 console available at '/h2-console'. Database available at 'jdbc:h2:mem:deliverydb'","exception":""}
{"timestamp":"2026-06-10 19:49:43.450","level":"DEBUG","thread":"main","correlationId":"","logger":"o.s.w.f.ServerHttpObservationFilter","message":"Filter 'webMvcObservationFilter' configured for use","exception":""}
{"timestamp":"2026-06-10 19:49:43.450","level":"INFO","thread":"main","correlationId":"","logger":"o.s.b.t.m.w.SpringBootMockServletContext","message":"Initializing Spring TestDispatcherServlet ''","exception":""}
{"timestamp":"2026-06-10 19:49:43.450","level":"INFO","thread":"main","correlationId":"","logger":"o.s.t.w.s.TestDispatcherServlet","message":"Initializing Servlet ''","exception":""}
{"timestamp":"2026-06-10 19:49:43.450","level":"INFO","thread":"main","correlationId":"","logger":"o.s.t.w.s.TestDispatcherServlet","message":"Completed initialization in 0 ms","exception":""}
{"timestamp":"2026-06-10 19:49:43.457","level":"INFO","thread":"main","correlationId":"","logger":"c.d.d.c.PedidoControllerTest","message":"Started PedidoControllerTest in 0.485 seconds (process running for 23.805)","exception":""}
{"timestamp":"2026-06-10 19:49:43.474","level":"DEBUG","thread":"main","correlationId":"","logger":"o.s.security.web.FilterChainProxy","message":"Securing GET /api/pedidos/cliente/4","exception":""}
{"timestamp":"2026-06-10 19:49:43.475","level":"WARN","thread":"main","correlationId":"","logger":"c.d.d.s.JwtAuthenticationFilter","message":"JWT Token não começa com Bearer String","exception":""}
{"timestamp":"2026-06-10 19:49:43.476","level":"DEBUG","thread":"main","correlationId":"","logger":"o.s.security.web.FilterChainProxy","message":"Secured GET /api/pedidos/cliente/4","exception":""}
{"timestamp":"2026-06-10 19:49:43.476","level":"DEBUG","thread":"main","correlationId":"0cc267e87c09467a","logger":"o.s.w.s.m.m.a.RequestMappingHandlerMapping","message":"Mapped to com.deliverytech.delivery_api.controller.PedidoController#buscarPorCliente(Long)","exception":""}
{"timestamp":"2026-06-10 19:49:43.483","level":"DEBUG","thread":"main","correlationId":"0cc267e87c09467a","logger":"o.s.w.s.m.m.a.HttpEntityMethodProcessor","message":"Using 'application/json', given [*/*] and supported [application/json, application/*+json, application/yaml]","exception":""}
{"timestamp":"2026-06-10 19:49:43.483","level":"DEBUG","thread":"main","correlationId":"0cc267e87c09467a","logger":"o.s.w.s.m.m.a.HttpEntityMethodProcessor","message":"Writing [[]]","exception":""}
{"timestamp":"2026-06-10 19:49:43.487","level":"DEBUG","thread":"main","correlationId":"","logger":"o.s.w.c.s.GenericWebApplicationContext","message":"Closing org.springframework.web.context.support.GenericWebApplicationContext@39b1d483, started on Wed Jun 10 19:49:42 BRT 2026","exception":""}
{"timestamp":"2026-06-10 19:49:43.489","level":"INFO","thread":"main","correlationId":"","logger":"o.s.o.j.LocalContainerEntityManagerFactoryBean","message":"Closing JPA EntityManagerFactory for persistence unit 'default'","exception":""}
{"timestamp":"2026-06-10 19:49:43.490","level":"INFO","thread":"main","correlationId":"","logger":"com.zaxxer.hikari.HikariDataSource","message":"HikariPool-21 - Shutdown initiated...","exception":""}
{"timestamp":"2026-06-10 19:49:43.521","level":"INFO","thread":"main","correlationId":"","logger":"com.zaxxer.hikari.HikariDataSource","message":"HikariPool-21 - Shutdown completed.","exception":""}
{"timestamp":"2026-06-10 19:49:43.522","level":"INFO","thread":"main","correlationId":"","logger":"o.s.b.d.r.RestartApplicationListener","message":"Restart disabled due to context in which it is running","exception":""}
{"timestamp":"2026-06-10 19:49:43.537","level":"INFO","thread":"main","correlationId":"","logger":"c.d.d.c.PedidoControllerTest","message":"Starting PedidoControllerTest using Java 21.0.11 with PID 18360 (started by Santana in C:\Pasta Códiguinhos\arquitetura de sistemas fat\delivery-api\delivery-api)","exception":""}
{"timestamp":"2026-06-10 19:49:43.540","level":"INFO","thread":"main","correlationId":"","logger":"c.d.d.c.PedidoControllerTest","message":"The following 1 profile is active: "test"","exception":""}
{"timestamp":"2026-06-10 19:49:43.540","level":"DEBUG","thread":"main","correlationId":"","logger":"o.s.w.c.s.GenericWebApplicationContext","message":"Refreshing org.springframework.web.context.support.GenericWebApplicationContext@28f23a4c","exception":""}
{"timestamp":"2026-06-10 19:49:43.688","level":"INFO","thread":"main","correlationId":"","logger":"o.s.d.r.c.RepositoryConfigurationDelegate","message":"Bootstrapping Spring Data JPA repositories in DEFAULT mode.","exception":""}
{"timestamp":"2026-06-10 19:49:43.700","level":"INFO","thread":"main","correlationId":"","logger":"o.s.d.r.c.RepositoryConfigurationDelegate","message":"Finished Spring Data repository scanning in 12 ms. Found 5 JPA repository interfaces.","exception":""}
{"timestamp":"2026-06-10 19:49:43.744","level":"INFO","thread":"main","correlationId":"","logger":"o.s.o.j.p.SpringPersistenceUnitInfo","message":"No LoadTimeWeaver setup: ignoring JPA class transformer","exception":""}
{"timestamp":"2026-06-10 19:49:43.745","level":"INFO","thread":"main","correlationId":"","logger":"com.zaxxer.hikari.HikariDataSource","message":"HikariPool-22 - Starting...","exception":""}
{"timestamp":"2026-06-10 19:49:43.746","level":"INFO","thread":"main","correlationId":"","logger":"com.zaxxer.hikari.pool.HikariPool","message":"HikariPool-22 - Added connection conn192: url=jdbc:h2:mem:deliverydb user=SA","exception":""}
{"timestamp":"2026-06-10 19:49:43.746","level":"INFO","thread":"main","correlationId":"","logger":"com.zaxxer.hikari.HikariDataSource","message":"HikariPool-22 - Start completed.","exception":""}
{"timestamp":"2026-06-10 19:49:43.746","level":"WARN","thread":"main","correlationId":"","logger":"org.hibernate.orm.deprecation","message":"HHH90000025: H2Dialect does not need to be specified explicitly using 'hibernate.dialect' (remove the property setting and it will be selected by default)","exception":""}
{"timestamp":"2026-06-10 19:49:43.787","level":"INFO","thread":"main","correlationId":"","logger":"o.s.o.j.LocalContainerEntityManagerFactoryBean","message":"Initialized JPA EntityManagerFactory for persistence unit 'default'","exception":""}
{"timestamp":"2026-06-10 19:49:43.805","level":"INFO","thread":"main","correlationId":"","logger":"o.s.s.c.a.a.c.InitializeAuthenticationProviderBeanManagerConfigurer$InitializeAuthenticationProviderManagerConfigurer","message":"Global AuthenticationManager configured with AuthenticationProvider bean with name authenticationProvider","exception":""}
{"timestamp":"2026-06-10 19:49:43.805","level":"WARN","thread":"main","correlationId":"","logger":"o.s.s.c.a.a.c.InitializeUserDetailsBeanManagerConfigurer$InitializeUserDetailsManagerConfigurer","message":"Global AuthenticationManager configured with an AuthenticationProvider bean. UserDetailsService beans will not be used by Spring Security for automatically configuring username/password login. Consider removing the AuthenticationProvider bean. Alternatively, consider using the UserDetailsService in a manually instantiated DaoAuthenticationProvider. If the current configuration is intentional, to turn off this warning, increase the logging level of 'org.springframework.security.config.annotation.authentication.configuration.InitializeUserDetailsBeanManagerConfigurer' to ERROR","exception":""}
{"timestamp":"2026-06-10 19:49:43.881","level":"DEBUG","thread":"main","correlationId":"","logger":"o.s.w.s.m.m.a.RequestMappingHandlerMapping","message":"42 mappings in 'requestMappingHandlerMapping'","exception":""}
{"timestamp":"2026-06-10 19:49:43.897","level":"DEBUG","thread":"main","correlationId":"","logger":"o.s.w.s.h.SimpleUrlHandlerMapping","message":"Patterns [/webjars/**, /**, /swagger-ui*/*swagger-initializer.js, /swagger-ui*/**] in 'resourceHandlerMapping'","exception":""}
{"timestamp":"2026-06-10 19:49:43.924","level":"INFO","thread":"main","correlationId":"","logger":"o.s.b.a.e.web.EndpointLinksResolver","message":"Exposing 13 endpoints beneath base path '/actuator'","exception":""}
{"timestamp":"2026-06-10 19:49:43.952","level":"DEBUG","thread":"main","correlationId":"","logger":"o.s.s.web.DefaultSecurityFilterChain","message":"Will secure any request with filters: DisableEncodeUrlFilter, WebAsyncManagerIntegrationFilter, SecurityContextHolderFilter, HeaderWriterFilter, CorsFilter, LogoutFilter, JwtAuthenticationFilter, RequestCacheAwareFilter, SecurityContextHolderAwareRequestFilter, AnonymousAuthenticationFilter, SessionManagementFilter, ExceptionTranslationFilter, AuthorizationFilter","exception":""}
{"timestamp":"2026-06-10 19:49:43.972","level":"DEBUG","thread":"main","correlationId":"","logger":"o.s.w.s.m.m.a.RequestMappingHandlerAdapter","message":"ControllerAdvice beans: 0 @ModelAttribute, 0 @InitBinder, 1 RequestBodyAdvice, 1 ResponseBodyAdvice","exception":""}
{"timestamp":"2026-06-10 19:49:43.976","level":"DEBUG","thread":"main","correlationId":"","logger":"o.s.w.s.m.m.a.ExceptionHandlerExceptionResolver","message":"ControllerAdvice beans: 2 @ExceptionHandler, 1 ResponseBodyAdvice","exception":""}
{"timestamp":"2026-06-10 19:49:44.001","level":"INFO","thread":"main","correlationId":"","logger":"o.s.b.a.h.H2ConsoleAutoConfiguration","message":"H2 console available at '/h2-console'. Database available at 'jdbc:h2:mem:deliverydb'","exception":""}
{"timestamp":"2026-06-10 19:49:44.010","level":"DEBUG","thread":"main","correlationId":"","logger":"o.s.w.f.ServerHttpObservationFilter","message":"Filter 'webMvcObservationFilter' configured for use","exception":""}
{"timestamp":"2026-06-10 19:49:44.010","level":"INFO","thread":"main","correlationId":"","logger":"o.s.b.t.m.w.SpringBootMockServletContext","message":"Initializing Spring TestDispatcherServlet ''","exception":""}
{"timestamp":"2026-06-10 19:49:44.010","level":"INFO","thread":"main","correlationId":"","logger":"o.s.t.w.s.TestDispatcherServlet","message":"Initializing Servlet ''","exception":""}
{"timestamp":"2026-06-10 19:49:44.011","level":"INFO","thread":"main","correlationId":"","logger":"o.s.t.w.s.TestDispatcherServlet","message":"Completed initialization in 1 ms","exception":""}
{"timestamp":"2026-06-10 19:49:44.017","level":"INFO","thread":"main","correlationId":"","logger":"c.d.d.c.PedidoControllerTest","message":"Started PedidoControllerTest in 0.495 seconds (process running for 24.365)","exception":""}
{"timestamp":"2026-06-10 19:49:44.039","level":"DEBUG","thread":"main","correlationId":"","logger":"o.s.security.web.FilterChainProxy","message":"Securing POST /api/pedidos","exception":""}
{"timestamp":"2026-06-10 19:49:44.039","level":"WARN","thread":"main","correlationId":"","logger":"c.d.d.s.JwtAuthenticationFilter","message":"JWT Token não começa com Bearer String","exception":""}
{"timestamp":"2026-06-10 19:49:44.041","level":"DEBUG","thread":"main","correlationId":"","logger":"o.s.security.web.FilterChainProxy","message":"Secured POST /api/pedidos","exception":""}
{"timestamp":"2026-06-10 19:49:44.041","level":"DEBUG","thread":"main","correlationId":"0052b8698ec149c2","logger":"o.s.w.s.m.m.a.RequestMappingHandlerMapping","message":"Mapped to com.deliverytech.delivery_api.controller.PedidoController#criarPedido(PedidoReqDTO)","exception":""}
{"timestamp":"2026-06-10 19:49:44.043","level":"DEBUG","thread":"main","correlationId":"0052b8698ec149c2","logger":"o.s.w.s.m.m.a.RequestResponseBodyMethodProcessor","message":"Read "application/json;charset=UTF-8" to [com.deliverytech.delivery_api.dto.req.PedidoReqDTO@61c440e0]","exception":""}
{"timestamp":"2026-06-10 19:49:44.051","level":"DEBUG","thread":"main","correlationId":"0052b8698ec149c2","logger":"o.s.w.s.m.m.a.ExceptionHandlerExceptionResolver","message":"Using @ExceptionHandler com.deliverytech.delivery_api.exception.GlobalExceptionHandler#handleBusinessException(BusinessException, HttpServletRequest)","exception":""}
{"timestamp":"2026-06-10 19:49:44.053","level":"DEBUG","thread":"main","correlationId":"0052b8698ec149c2","logger":"o.s.w.s.m.m.a.HttpEntityMethodProcessor","message":"Using 'application/json', given [*/*] and supported [application/json, application/*+json, application/yaml]","exception":""}
{"timestamp":"2026-06-10 19:49:44.053","level":"DEBUG","thread":"main","correlationId":"0052b8698ec149c2","logger":"o.s.w.s.m.m.a.HttpEntityMethodProcessor","message":"Writing [com.deliverytech.delivery_api.dto.ErrorResponse@69419894]","exception":""}
{"timestamp":"2026-06-10 19:49:44.054","level":"DEBUG","thread":"main","correlationId":"0052b8698ec149c2","logger":"o.s.w.s.m.m.a.ExceptionHandlerExceptionResolver","message":"Resolved [com.deliverytech.delivery_api.exception.BusinessException: Produto não pertence ao restaurante selecionado]","exception":""}
{"timestamp":"2026-06-10 19:49:44.058","level":"DEBUG","thread":"main","correlationId":"","logger":"o.s.w.c.s.GenericWebApplicationContext","message":"Closing org.springframework.web.context.support.GenericWebApplicationContext@28f23a4c, started on Wed Jun 10 19:49:43 BRT 2026","exception":""}
{"timestamp":"2026-06-10 19:49:44.059","level":"INFO","thread":"main","correlationId":"","logger":"o.s.o.j.LocalContainerEntityManagerFactoryBean","message":"Closing JPA EntityManagerFactory for persistence unit 'default'","exception":""}
{"timestamp":"2026-06-10 19:49:44.061","level":"INFO","thread":"main","correlationId":"","logger":"com.zaxxer.hikari.HikariDataSource","message":"HikariPool-22 - Shutdown initiated...","exception":""}
{"timestamp":"2026-06-10 19:49:44.073","level":"INFO","thread":"main","correlationId":"","logger":"com.zaxxer.hikari.HikariDataSource","message":"HikariPool-22 - Shutdown completed.","exception":""}
{"timestamp":"2026-06-10 19:49:44.075","level":"INFO","thread":"main","correlationId":"","logger":"o.s.b.d.r.RestartApplicationListener","message":"Restart disabled due to context in which it is running","exception":""}
{"timestamp":"2026-06-10 19:49:44.090","level":"INFO","thread":"main","correlationId":"","logger":"c.d.d.c.PedidoControllerTest","message":"Starting PedidoControllerTest using Java 21.0.11 with PID 18360 (started by Santana in C:\Pasta Códiguinhos\arquitetura de sistemas fat\delivery-api\delivery-api)","exception":""}
{"timestamp":"2026-06-10 19:49:44.090","level":"INFO","thread":"main","correlationId":"","logger":"c.d.d.c.PedidoControllerTest","message":"The following 1 profile is active: "test"","exception":""}
{"timestamp":"2026-06-10 19:49:44.090","level":"DEBUG","thread":"main","correlationId":"","logger":"o.s.w.c.s.GenericWebApplicationContext","message":"Refreshing org.springframework.web.context.support.GenericWebApplicationContext@171031a7","exception":""}
{"timestamp":"2026-06-10 19:49:44.258","level":"INFO","thread":"main","correlationId":"","logger":"o.s.d.r.c.RepositoryConfigurationDelegate","message":"Bootstrapping Spring Data JPA repositories in DEFAULT mode.","exception":""}
{"timestamp":"2026-06-10 19:49:44.289","level":"INFO","thread":"main","correlationId":"","logger":"o.s.d.r.c.RepositoryConfigurationDelegate","message":"Finished Spring Data repository scanning in 29 ms. Found 5 JPA repository interfaces.","exception":""}
{"timestamp":"2026-06-10 19:49:44.338","level":"INFO","thread":"main","correlationId":"","logger":"o.s.o.j.p.SpringPersistenceUnitInfo","message":"No LoadTimeWeaver setup: ignoring JPA class transformer","exception":""}
{"timestamp":"2026-06-10 19:49:44.339","level":"INFO","thread":"main","correlationId":"","logger":"com.zaxxer.hikari.HikariDataSource","message":"HikariPool-23 - Starting...","exception":""}
{"timestamp":"2026-06-10 19:49:44.342","level":"INFO","thread":"main","correlationId":"","logger":"com.zaxxer.hikari.pool.HikariPool","message":"HikariPool-23 - Added connection conn200: url=jdbc:h2:mem:deliverydb user=SA","exception":""}
{"timestamp":"2026-06-10 19:49:44.342","level":"INFO","thread":"main","correlationId":"","logger":"com.zaxxer.hikari.HikariDataSource","message":"HikariPool-23 - Start completed.","exception":""}
{"timestamp":"2026-06-10 19:49:44.342","level":"WARN","thread":"main","correlationId":"","logger":"org.hibernate.orm.deprecation","message":"HHH90000025: H2Dialect does not need to be specified explicitly using 'hibernate.dialect' (remove the property setting and it will be selected by default)","exception":""}
{"timestamp":"2026-06-10 19:49:44.396","level":"INFO","thread":"main","correlationId":"","logger":"o.s.o.j.LocalContainerEntityManagerFactoryBean","message":"Initialized JPA EntityManagerFactory for persistence unit 'default'","exception":""}
{"timestamp":"2026-06-10 19:49:44.422","level":"INFO","thread":"main","correlationId":"","logger":"o.s.s.c.a.a.c.InitializeAuthenticationProviderBeanManagerConfigurer$InitializeAuthenticationProviderManagerConfigurer","message":"Global AuthenticationManager configured with AuthenticationProvider bean with name authenticationProvider","exception":""}
{"timestamp":"2026-06-10 19:49:44.422","level":"WARN","thread":"main","correlationId":"","logger":"o.s.s.c.a.a.c.InitializeUserDetailsBeanManagerConfigurer$InitializeUserDetailsManagerConfigurer","message":"Global AuthenticationManager configured with an AuthenticationProvider bean. UserDetailsService beans will not be used by Spring Security for automatically configuring username/password login. Consider removing the AuthenticationProvider bean. Alternatively, consider using the UserDetailsService in a manually instantiated DaoAuthenticationProvider. If the current configuration is intentional, to turn off this warning, increase the logging level of 'org.springframework.security.config.annotation.authentication.configuration.InitializeUserDetailsBeanManagerConfigurer' to ERROR","exception":""}
{"timestamp":"2026-06-10 19:49:44.510","level":"DEBUG","thread":"main","correlationId":"","logger":"o.s.w.s.m.m.a.RequestMappingHandlerMapping","message":"42 mappings in 'requestMappingHandlerMapping'","exception":""}
{"timestamp":"2026-06-10 19:49:44.529","level":"DEBUG","thread":"main","correlationId":"","logger":"o.s.w.s.h.SimpleUrlHandlerMapping","message":"Patterns [/webjars/**, /**, /swagger-ui*/*swagger-initializer.js, /swagger-ui*/**] in 'resourceHandlerMapping'","exception":""}
{"timestamp":"2026-06-10 19:49:44.559","level":"INFO","thread":"main","correlationId":"","logger":"o.s.b.a.e.web.EndpointLinksResolver","message":"Exposing 13 endpoints beneath base path '/actuator'","exception":""}
{"timestamp":"2026-06-10 19:49:44.585","level":"DEBUG","thread":"main","correlationId":"","logger":"o.s.s.web.DefaultSecurityFilterChain","message":"Will secure any request with filters: DisableEncodeUrlFilter, WebAsyncManagerIntegrationFilter, SecurityContextHolderFilter, HeaderWriterFilter, CorsFilter, LogoutFilter, JwtAuthenticationFilter, RequestCacheAwareFilter, SecurityContextHolderAwareRequestFilter, AnonymousAuthenticationFilter, SessionManagementFilter, ExceptionTranslationFilter, AuthorizationFilter","exception":""}
{"timestamp":"2026-06-10 19:49:44.606","level":"DEBUG","thread":"main","correlationId":"","logger":"o.s.w.s.m.m.a.RequestMappingHandlerAdapter","message":"ControllerAdvice beans: 0 @ModelAttribute, 0 @InitBinder, 1 RequestBodyAdvice, 1 ResponseBodyAdvice","exception":""}
{"timestamp":"2026-06-10 19:49:44.610","level":"DEBUG","thread":"main","correlationId":"","logger":"o.s.w.s.m.m.a.ExceptionHandlerExceptionResolver","message":"ControllerAdvice beans: 2 @ExceptionHandler, 1 ResponseBodyAdvice","exception":""}
{"timestamp":"2026-06-10 19:49:44.640","level":"INFO","thread":"main","correlationId":"","logger":"o.s.b.a.h.H2ConsoleAutoConfiguration","message":"H2 console available at '/h2-console'. Database available at 'jdbc:h2:mem:deliverydb'","exception":""}
{"timestamp":"2026-06-10 19:49:44.654","level":"DEBUG","thread":"main","correlationId":"","logger":"o.s.w.f.ServerHttpObservationFilter","message":"Filter 'webMvcObservationFilter' configured for use","exception":""}
{"timestamp":"2026-06-10 19:49:44.654","level":"INFO","thread":"main","correlationId":"","logger":"o.s.b.t.m.w.SpringBootMockServletContext","message":"Initializing Spring TestDispatcherServlet ''","exception":""}
{"timestamp":"2026-06-10 19:49:44.654","level":"INFO","thread":"main","correlationId":"","logger":"o.s.t.w.s.TestDispatcherServlet","message":"Initializing Servlet ''","exception":""}
{"timestamp":"2026-06-10 19:49:44.655","level":"INFO","thread":"main","correlationId":"","logger":"o.s.t.w.s.TestDispatcherServlet","message":"Completed initialization in 1 ms","exception":""}
{"timestamp":"2026-06-10 19:49:44.664","level":"INFO","thread":"main","correlationId":"","logger":"c.d.d.c.PedidoControllerTest","message":"Started PedidoControllerTest in 0.59 seconds (process running for 25.011)","exception":""}
{"timestamp":"2026-06-10 19:49:44.694","level":"DEBUG","thread":"main","correlationId":"","logger":"o.s.security.web.FilterChainProxy","message":"Securing POST /api/pedidos","exception":""}
{"timestamp":"2026-06-10 19:49:44.695","level":"WARN","thread":"main","correlationId":"","logger":"c.d.d.s.JwtAuthenticationFilter","message":"JWT Token não começa com Bearer String","exception":""}
{"timestamp":"2026-06-10 19:49:44.696","level":"DEBUG","thread":"main","correlationId":"","logger":"o.s.security.web.FilterChainProxy","message":"Secured POST /api/pedidos","exception":""}
{"timestamp":"2026-06-10 19:49:44.696","level":"DEBUG","thread":"main","correlationId":"121a4fbef4ec4812","logger":"o.s.w.s.m.m.a.RequestMappingHandlerMapping","message":"Mapped to com.deliverytech.delivery_api.controller.PedidoController#criarPedido(PedidoReqDTO)","exception":""}
{"timestamp":"2026-06-10 19:49:44.698","level":"DEBUG","thread":"main","correlationId":"121a4fbef4ec4812","logger":"o.s.w.s.m.m.a.RequestResponseBodyMethodProcessor","message":"Read "application/json;charset=UTF-8" to [com.deliverytech.delivery_api.dto.req.PedidoReqDTO@54442f15]","exception":""}
{"timestamp":"2026-06-10 19:49:44.708","level":"DEBUG","thread":"main","correlationId":"121a4fbef4ec4812","logger":"o.s.w.s.m.m.a.HttpEntityMethodProcessor","message":"Using 'application/json', given [*/*] and supported [application/json, application/*+json, application/yaml]","exception":""}
{"timestamp":"2026-06-10 19:49:44.708","level":"DEBUG","thread":"main","correlationId":"121a4fbef4ec4812","logger":"o.s.w.s.m.m.a.HttpEntityMethodProcessor","message":"Writing [com.deliverytech.delivery_api.dto.res.PedidoResDTO@5d304479]","exception":""}
{"timestamp":"2026-06-10 19:49:44.713","level":"DEBUG","thread":"main","correlationId":"","logger":"o.s.security.web.FilterChainProxy","message":"Securing PATCH /api/pedidos/4/status","exception":""}
{"timestamp":"2026-06-10 19:49:44.713","level":"WARN","thread":"main","correlationId":"","logger":"c.d.d.s.JwtAuthenticationFilter","message":"JWT Token não começa com Bearer String","exception":""}
{"timestamp":"2026-06-10 19:49:44.714","level":"DEBUG","thread":"main","correlationId":"","logger":"o.s.security.web.FilterChainProxy","message":"Secured PATCH /api/pedidos/4/status","exception":""}
{"timestamp":"2026-06-10 19:49:44.714","level":"DEBUG","thread":"main","correlationId":"53d8d849fd854767","logger":"o.s.w.s.m.m.a.RequestMappingHandlerMapping","message":"Mapped to com.deliverytech.delivery_api.controller.PedidoController#atualizarStatus(Long, StatusPedidoDTO)","exception":""}
{"timestamp":"2026-06-10 19:49:44.718","level":"DEBUG","thread":"main","correlationId":"53d8d849fd854767","logger":"o.s.w.s.m.m.a.RequestResponseBodyMethodProcessor","message":"Read "application/json;charset=UTF-8" to [com.deliverytech.delivery_api.dto.StatusPedidoDTO@7c88b309]","exception":""}
{"timestamp":"2026-06-10 19:49:44.720","level":"DEBUG","thread":"main","correlationId":"53d8d849fd854767","logger":"o.s.w.s.m.m.a.HttpEntityMethodProcessor","message":"Using 'application/json', given [*/*] and supported [application/json, application/*+json, application/yaml]","exception":""}
{"timestamp":"2026-06-10 19:49:44.720","level":"DEBUG","thread":"main","correlationId":"53d8d849fd854767","logger":"o.s.w.s.m.m.a.HttpEntityMethodProcessor","message":"Writing [com.deliverytech.delivery_api.dto.res.PedidoResDTO@60ee01cb]","exception":""}
{"timestamp":"2026-06-10 19:49:44.725","level":"DEBUG","thread":"main","correlationId":"","logger":"o.s.w.c.s.GenericWebApplicationContext","message":"Closing org.springframework.web.context.support.GenericWebApplicationContext@171031a7, started on Wed Jun 10 19:49:44 BRT 2026","exception":""}
{"timestamp":"2026-06-10 19:49:44.727","level":"INFO","thread":"main","correlationId":"","logger":"o.s.o.j.LocalContainerEntityManagerFactoryBean","message":"Closing JPA EntityManagerFactory for persistence unit 'default'","exception":""}
{"timestamp":"2026-06-10 19:49:44.728","level":"INFO","thread":"main","correlationId":"","logger":"com.zaxxer.hikari.HikariDataSource","message":"HikariPool-23 - Shutdown initiated...","exception":""}
{"timestamp":"2026-06-10 19:49:44.730","level":"INFO","thread":"main","correlationId":"","logger":"com.zaxxer.hikari.HikariDataSource","message":"HikariPool-23 - Shutdown completed.","exception":""}
{"timestamp":"2026-06-10 19:49:44.732","level":"INFO","thread":"main","correlationId":"","logger":"o.s.b.d.r.RestartApplicationListener","message":"Restart disabled due to context in which it is running","exception":""}
{"timestamp":"2026-06-10 19:49:44.746","level":"INFO","thread":"main","correlationId":"","logger":"c.d.d.c.PedidoControllerTest","message":"Starting PedidoControllerTest using Java 21.0.11 with PID 18360 (started by Santana in C:\Pasta Códiguinhos\arquitetura de sistemas fat\delivery-api\delivery-api)","exception":""}
{"timestamp":"2026-06-10 19:49:44.746","level":"INFO","thread":"main","correlationId":"","logger":"c.d.d.c.PedidoControllerTest","message":"The following 1 profile is active: "test"","exception":""}
{"timestamp":"2026-06-10 19:49:44.747","level":"DEBUG","thread":"main","correlationId":"","logger":"o.s.w.c.s.GenericWebApplicationContext","message":"Refreshing org.springframework.web.context.support.GenericWebApplicationContext@78b3aae3","exception":""}
{"timestamp":"2026-06-10 19:49:44.898","level":"INFO","thread":"main","correlationId":"","logger":"o.s.d.r.c.RepositoryConfigurationDelegate","message":"Bootstrapping Spring Data JPA repositories in DEFAULT mode.","exception":""}
{"timestamp":"2026-06-10 19:49:44.912","level":"INFO","thread":"main","correlationId":"","logger":"o.s.d.r.c.RepositoryConfigurationDelegate","message":"Finished Spring Data repository scanning in 13 ms. Found 5 JPA repository interfaces.","exception":""}
{"timestamp":"2026-06-10 19:49:44.956","level":"INFO","thread":"main","correlationId":"","logger":"o.s.o.j.p.SpringPersistenceUnitInfo","message":"No LoadTimeWeaver setup: ignoring JPA class transformer","exception":""}
{"timestamp":"2026-06-10 19:49:44.957","level":"INFO","thread":"main","correlationId":"","logger":"com.zaxxer.hikari.HikariDataSource","message":"HikariPool-24 - Starting...","exception":""}
{"timestamp":"2026-06-10 19:49:44.958","level":"INFO","thread":"main","correlationId":"","logger":"com.zaxxer.hikari.pool.HikariPool","message":"HikariPool-24 - Added connection conn210: url=jdbc:h2:mem:deliverydb user=SA","exception":""}
{"timestamp":"2026-06-10 19:49:44.958","level":"INFO","thread":"main","correlationId":"","logger":"com.zaxxer.hikari.HikariDataSource","message":"HikariPool-24 - Start completed.","exception":""}
{"timestamp":"2026-06-10 19:49:44.958","level":"WARN","thread":"main","correlationId":"","logger":"org.hibernate.orm.deprecation","message":"HHH90000025: H2Dialect does not need to be specified explicitly using 'hibernate.dialect' (remove the property setting and it will be selected by default)","exception":""}
{"timestamp":"2026-06-10 19:49:44.986","level":"INFO","thread":"main","correlationId":"","logger":"o.s.o.j.LocalContainerEntityManagerFactoryBean","message":"Initialized JPA EntityManagerFactory for persistence unit 'default'","exception":""}
{"timestamp":"2026-06-10 19:49:45.003","level":"INFO","thread":"main","correlationId":"","logger":"o.s.s.c.a.a.c.InitializeAuthenticationProviderBeanManagerConfigurer$InitializeAuthenticationProviderManagerConfigurer","message":"Global AuthenticationManager configured with AuthenticationProvider bean with name authenticationProvider","exception":""}
{"timestamp":"2026-06-10 19:49:45.003","level":"WARN","thread":"main","correlationId":"","logger":"o.s.s.c.a.a.c.InitializeUserDetailsBeanManagerConfigurer$InitializeUserDetailsManagerConfigurer","message":"Global AuthenticationManager configured with an AuthenticationProvider bean. UserDetailsService beans will not be used by Spring Security for automatically configuring username/password login. Consider removing the AuthenticationProvider bean. Alternatively, consider using the UserDetailsService in a manually instantiated DaoAuthenticationProvider. If the current configuration is intentional, to turn off this warning, increase the logging level of 'org.springframework.security.config.annotation.authentication.configuration.InitializeUserDetailsBeanManagerConfigurer' to ERROR","exception":""}
{"timestamp":"2026-06-10 19:49:45.080","level":"DEBUG","thread":"main","correlationId":"","logger":"o.s.w.s.m.m.a.RequestMappingHandlerMapping","message":"42 mappings in 'requestMappingHandlerMapping'","exception":""}
{"timestamp":"2026-06-10 19:49:45.104","level":"DEBUG","thread":"main","correlationId":"","logger":"o.s.w.s.h.SimpleUrlHandlerMapping","message":"Patterns [/webjars/**, /**, /swagger-ui*/*swagger-initializer.js, /swagger-ui*/**] in 'resourceHandlerMapping'","exception":""}
{"timestamp":"2026-06-10 19:49:45.129","level":"INFO","thread":"main","correlationId":"","logger":"o.s.b.a.e.web.EndpointLinksResolver","message":"Exposing 13 endpoints beneath base path '/actuator'","exception":""}
{"timestamp":"2026-06-10 19:49:45.154","level":"DEBUG","thread":"main","correlationId":"","logger":"o.s.s.web.DefaultSecurityFilterChain","message":"Will secure any request with filters: DisableEncodeUrlFilter, WebAsyncManagerIntegrationFilter, SecurityContextHolderFilter, HeaderWriterFilter, CorsFilter, LogoutFilter, JwtAuthenticationFilter, RequestCacheAwareFilter, SecurityContextHolderAwareRequestFilter, AnonymousAuthenticationFilter, SessionManagementFilter, ExceptionTranslationFilter, AuthorizationFilter","exception":""}
{"timestamp":"2026-06-10 19:49:45.172","level":"DEBUG","thread":"main","correlationId":"","logger":"o.s.w.s.m.m.a.RequestMappingHandlerAdapter","message":"ControllerAdvice beans: 0 @ModelAttribute, 0 @InitBinder, 1 RequestBodyAdvice, 1 ResponseBodyAdvice","exception":""}
{"timestamp":"2026-06-10 19:49:45.176","level":"DEBUG","thread":"main","correlationId":"","logger":"o.s.w.s.m.m.a.ExceptionHandlerExceptionResolver","message":"ControllerAdvice beans: 2 @ExceptionHandler, 1 ResponseBodyAdvice","exception":""}
{"timestamp":"2026-06-10 19:49:45.200","level":"INFO","thread":"main","correlationId":"","logger":"o.s.b.a.h.H2ConsoleAutoConfiguration","message":"H2 console available at '/h2-console'. Database available at 'jdbc:h2:mem:deliverydb'","exception":""}
{"timestamp":"2026-06-10 19:49:45.209","level":"DEBUG","thread":"main","correlationId":"","logger":"o.s.w.f.ServerHttpObservationFilter","message":"Filter 'webMvcObservationFilter' configured for use","exception":""}
{"timestamp":"2026-06-10 19:49:45.209","level":"INFO","thread":"main","correlationId":"","logger":"o.s.b.t.m.w.SpringBootMockServletContext","message":"Initializing Spring TestDispatcherServlet ''","exception":""}
{"timestamp":"2026-06-10 19:49:45.209","level":"INFO","thread":"main","correlationId":"","logger":"o.s.t.w.s.TestDispatcherServlet","message":"Initializing Servlet ''","exception":""}
{"timestamp":"2026-06-10 19:49:45.210","level":"INFO","thread":"main","correlationId":"","logger":"o.s.t.w.s.TestDispatcherServlet","message":"Completed initialization in 1 ms","exception":""}
{"timestamp":"2026-06-10 19:49:45.217","level":"INFO","thread":"main","correlationId":"","logger":"c.d.d.c.PedidoControllerTest","message":"Started PedidoControllerTest in 0.487 seconds (process running for 25.564)","exception":""}
{"timestamp":"2026-06-10 19:49:45.236","level":"DEBUG","thread":"main","correlationId":"","logger":"o.s.security.web.FilterChainProxy","message":"Securing POST /api/pedidos","exception":""}
{"timestamp":"2026-06-10 19:49:45.236","level":"WARN","thread":"main","correlationId":"","logger":"c.d.d.s.JwtAuthenticationFilter","message":"JWT Token não começa com Bearer String","exception":""}
{"timestamp":"2026-06-10 19:49:45.237","level":"DEBUG","thread":"main","correlationId":"","logger":"o.s.security.web.FilterChainProxy","message":"Secured POST /api/pedidos","exception":""}
{"timestamp":"2026-06-10 19:49:45.237","level":"DEBUG","thread":"main","correlationId":"23249a7343fd4282","logger":"o.s.w.s.m.m.a.RequestMappingHandlerMapping","message":"Mapped to com.deliverytech.delivery_api.controller.PedidoController#criarPedido(PedidoReqDTO)","exception":""}
{"timestamp":"2026-06-10 19:49:45.239","level":"DEBUG","thread":"main","correlationId":"23249a7343fd4282","logger":"o.s.w.s.m.m.a.RequestResponseBodyMethodProcessor","message":"Read "application/json;charset=UTF-8" to [com.deliverytech.delivery_api.dto.req.PedidoReqDTO@2c928072]","exception":""}
{"timestamp":"2026-06-10 19:49:45.247","level":"DEBUG","thread":"main","correlationId":"23249a7343fd4282","logger":"o.s.w.s.m.m.a.HttpEntityMethodProcessor","message":"Using 'application/json', given [*/*] and supported [application/json, application/*+json, application/yaml]","exception":""}
{"timestamp":"2026-06-10 19:49:45.248","level":"DEBUG","thread":"main","correlationId":"23249a7343fd4282","logger":"o.s.w.s.m.m.a.HttpEntityMethodProcessor","message":"Writing [com.deliverytech.delivery_api.dto.res.PedidoResDTO@5b6957ba]","exception":""}
{"timestamp":"2026-06-10 19:49:45.251","level":"DEBUG","thread":"main","correlationId":"","logger":"o.s.security.web.FilterChainProxy","message":"Securing PATCH /api/pedidos/4/status","exception":""}
{"timestamp":"2026-06-10 19:49:45.251","level":"WARN","thread":"main","correlationId":"","logger":"c.d.d.s.JwtAuthenticationFilter","message":"JWT Token não começa com Bearer String","exception":""}
{"timestamp":"2026-06-10 19:49:45.251","level":"DEBUG","thread":"main","correlationId":"","logger":"o.s.security.web.FilterChainProxy","message":"Secured PATCH /api/pedidos/4/status","exception":""}
{"timestamp":"2026-06-10 19:49:45.251","level":"DEBUG","thread":"main","correlationId":"a536b15f81724b75","logger":"o.s.w.s.m.m.a.RequestMappingHandlerMapping","message":"Mapped to com.deliverytech.delivery_api.controller.PedidoController#atualizarStatus(Long, StatusPedidoDTO)","exception":""}
{"timestamp":"2026-06-10 19:49:45.252","level":"DEBUG","thread":"main","correlationId":"a536b15f81724b75","logger":"o.s.w.s.m.m.a.RequestResponseBodyMethodProcessor","message":"Read "application/json;charset=UTF-8" to [com.deliverytech.delivery_api.dto.StatusPedidoDTO@3a881bb3]","exception":""}
{"timestamp":"2026-06-10 19:49:45.255","level":"DEBUG","thread":"main","correlationId":"a536b15f81724b75","logger":"o.s.w.s.m.m.a.ExceptionHandlerExceptionResolver","message":"Using @ExceptionHandler com.deliverytech.delivery_api.exception.GlobalExceptionHandler#handleBusinessException(BusinessException, HttpServletRequest)","exception":""}
{"timestamp":"2026-06-10 19:49:45.257","level":"DEBUG","thread":"main","correlationId":"a536b15f81724b75","logger":"o.s.w.s.m.m.a.HttpEntityMethodProcessor","message":"Using 'application/json', given [*/*] and supported [application/json, application/*+json, application/yaml]","exception":""}
{"timestamp":"2026-06-10 19:49:45.257","level":"DEBUG","thread":"main","correlationId":"a536b15f81724b75","logger":"o.s.w.s.m.m.a.HttpEntityMethodProcessor","message":"Writing [com.deliverytech.delivery_api.dto.ErrorResponse@94a8396]","exception":""}
{"timestamp":"2026-06-10 19:49:45.257","level":"DEBUG","thread":"main","correlationId":"a536b15f81724b75","logger":"o.s.w.s.m.m.a.ExceptionHandlerExceptionResolver","message":"Resolved [com.deliverytech.delivery_api.exception.BusinessException: Transição de status inválida: PENDENTE -> ENTREGUE]","exception":""}
{"timestamp":"2026-06-10 19:49:45.261","level":"DEBUG","thread":"main","correlationId":"","logger":"o.s.w.c.s.GenericWebApplicationContext","message":"Closing org.springframework.web.context.support.GenericWebApplicationContext@78b3aae3, started on Wed Jun 10 19:49:44 BRT 2026","exception":""}
{"timestamp":"2026-06-10 19:49:45.262","level":"INFO","thread":"main","correlationId":"","logger":"o.s.o.j.LocalContainerEntityManagerFactoryBean","message":"Closing JPA EntityManagerFactory for persistence unit 'default'","exception":""}
{"timestamp":"2026-06-10 19:49:45.262","level":"INFO","thread":"main","correlationId":"","logger":"com.zaxxer.hikari.HikariDataSource","message":"HikariPool-24 - Shutdown initiated...","exception":""}
{"timestamp":"2026-06-10 19:49:45.265","level":"INFO","thread":"main","correlationId":"","logger":"com.zaxxer.hikari.HikariDataSource","message":"HikariPool-24 - Shutdown completed.","exception":""}
{"timestamp":"2026-06-10 19:49:45.266","level":"INFO","thread":"main","correlationId":"","logger":"o.s.b.d.r.RestartApplicationListener","message":"Restart disabled due to context in which it is running","exception":""}
{"timestamp":"2026-06-10 19:49:45.280","level":"INFO","thread":"main","correlationId":"","logger":"c.d.d.c.PedidoControllerTest","message":"Starting PedidoControllerTest using Java 21.0.11 with PID 18360 (started by Santana in C:\Pasta Códiguinhos\arquitetura de sistemas fat\delivery-api\delivery-api)","exception":""}
{"timestamp":"2026-06-10 19:49:45.280","level":"INFO","thread":"main","correlationId":"","logger":"c.d.d.c.PedidoControllerTest","message":"The following 1 profile is active: "test"","exception":""}
{"timestamp":"2026-06-10 19:49:45.281","level":"DEBUG","thread":"main","correlationId":"","logger":"o.s.w.c.s.GenericWebApplicationContext","message":"Refreshing org.springframework.web.context.support.GenericWebApplicationContext@6f4dcf89","exception":""}
{"timestamp":"2026-06-10 19:49:45.424","level":"INFO","thread":"main","correlationId":"","logger":"o.s.d.r.c.RepositoryConfigurationDelegate","message":"Bootstrapping Spring Data JPA repositories in DEFAULT mode.","exception":""}
{"timestamp":"2026-06-10 19:49:45.438","level":"INFO","thread":"main","correlationId":"","logger":"o.s.d.r.c.RepositoryConfigurationDelegate","message":"Finished Spring Data repository scanning in 13 ms. Found 5 JPA repository interfaces.","exception":""}
{"timestamp":"2026-06-10 19:49:45.489","level":"INFO","thread":"main","correlationId":"","logger":"o.s.o.j.p.SpringPersistenceUnitInfo","message":"No LoadTimeWeaver setup: ignoring JPA class transformer","exception":""}
{"timestamp":"2026-06-10 19:49:45.489","level":"INFO","thread":"main","correlationId":"","logger":"com.zaxxer.hikari.HikariDataSource","message":"HikariPool-25 - Starting...","exception":""}
{"timestamp":"2026-06-10 19:49:45.491","level":"INFO","thread":"main","correlationId":"","logger":"com.zaxxer.hikari.pool.HikariPool","message":"HikariPool-25 - Added connection conn217: url=jdbc:h2:mem:deliverydb user=SA","exception":""}
{"timestamp":"2026-06-10 19:49:45.491","level":"INFO","thread":"main","correlationId":"","logger":"com.zaxxer.hikari.HikariDataSource","message":"HikariPool-25 - Start completed.","exception":""}
{"timestamp":"2026-06-10 19:49:45.491","level":"WARN","thread":"main","correlationId":"","logger":"org.hibernate.orm.deprecation","message":"HHH90000025: H2Dialect does not need to be specified explicitly using 'hibernate.dialect' (remove the property setting and it will be selected by default)","exception":""}
{"timestamp":"2026-06-10 19:49:45.541","level":"INFO","thread":"main","correlationId":"","logger":"o.s.o.j.LocalContainerEntityManagerFactoryBean","message":"Initialized JPA EntityManagerFactory for persistence unit 'default'","exception":""}
{"timestamp":"2026-06-10 19:49:45.563","level":"INFO","thread":"main","correlationId":"","logger":"o.s.s.c.a.a.c.InitializeAuthenticationProviderBeanManagerConfigurer$InitializeAuthenticationProviderManagerConfigurer","message":"Global AuthenticationManager configured with AuthenticationProvider bean with name authenticationProvider","exception":""}
{"timestamp":"2026-06-10 19:49:45.564","level":"WARN","thread":"main","correlationId":"","logger":"o.s.s.c.a.a.c.InitializeUserDetailsBeanManagerConfigurer$InitializeUserDetailsManagerConfigurer","message":"Global AuthenticationManager configured with an AuthenticationProvider bean. UserDetailsService beans will not be used by Spring Security for automatically configuring username/password login. Consider removing the AuthenticationProvider bean. Alternatively, consider using the UserDetailsService in a manually instantiated DaoAuthenticationProvider. If the current configuration is intentional, to turn off this warning, increase the logging level of 'org.springframework.security.config.annotation.authentication.configuration.InitializeUserDetailsBeanManagerConfigurer' to ERROR","exception":""}
{"timestamp":"2026-06-10 19:49:45.641","level":"DEBUG","thread":"main","correlationId":"","logger":"o.s.w.s.m.m.a.RequestMappingHandlerMapping","message":"42 mappings in 'requestMappingHandlerMapping'","exception":""}
{"timestamp":"2026-06-10 19:49:45.661","level":"DEBUG","thread":"main","correlationId":"","logger":"o.s.w.s.h.SimpleUrlHandlerMapping","message":"Patterns [/webjars/**, /**, /swagger-ui*/*swagger-initializer.js, /swagger-ui*/**] in 'resourceHandlerMapping'","exception":""}
{"timestamp":"2026-06-10 19:49:45.691","level":"INFO","thread":"main","correlationId":"","logger":"o.s.b.a.e.web.EndpointLinksResolver","message":"Exposing 13 endpoints beneath base path '/actuator'","exception":""}
{"timestamp":"2026-06-10 19:49:45.717","level":"DEBUG","thread":"main","correlationId":"","logger":"o.s.s.web.DefaultSecurityFilterChain","message":"Will secure any request with filters: DisableEncodeUrlFilter, WebAsyncManagerIntegrationFilter, SecurityContextHolderFilter, HeaderWriterFilter, CorsFilter, LogoutFilter, JwtAuthenticationFilter, RequestCacheAwareFilter, SecurityContextHolderAwareRequestFilter, AnonymousAuthenticationFilter, SessionManagementFilter, ExceptionTranslationFilter, AuthorizationFilter","exception":""}
{"timestamp":"2026-06-10 19:49:45.736","level":"DEBUG","thread":"main","correlationId":"","logger":"o.s.w.s.m.m.a.RequestMappingHandlerAdapter","message":"ControllerAdvice beans: 0 @ModelAttribute, 0 @InitBinder, 1 RequestBodyAdvice, 1 ResponseBodyAdvice","exception":""}
{"timestamp":"2026-06-10 19:49:45.739","level":"DEBUG","thread":"main","correlationId":"","logger":"o.s.w.s.m.m.a.ExceptionHandlerExceptionResolver","message":"ControllerAdvice beans: 2 @ExceptionHandler, 1 ResponseBodyAdvice","exception":""}
{"timestamp":"2026-06-10 19:49:45.764","level":"INFO","thread":"main","correlationId":"","logger":"o.s.b.a.h.H2ConsoleAutoConfiguration","message":"H2 console available at '/h2-console'. Database available at 'jdbc:h2:mem:deliverydb'","exception":""}
{"timestamp":"2026-06-10 19:49:45.772","level":"DEBUG","thread":"main","correlationId":"","logger":"o.s.w.f.ServerHttpObservationFilter","message":"Filter 'webMvcObservationFilter' configured for use","exception":""}
{"timestamp":"2026-06-10 19:49:45.772","level":"INFO","thread":"main","correlationId":"","logger":"o.s.b.t.m.w.SpringBootMockServletContext","message":"Initializing Spring TestDispatcherServlet ''","exception":""}
{"timestamp":"2026-06-10 19:49:45.772","level":"INFO","thread":"main","correlationId":"","logger":"o.s.t.w.s.TestDispatcherServlet","message":"Initializing Servlet ''","exception":""}
{"timestamp":"2026-06-10 19:49:45.772","level":"INFO","thread":"main","correlationId":"","logger":"o.s.t.w.s.TestDispatcherServlet","message":"Completed initialization in 0 ms","exception":""}
{"timestamp":"2026-06-10 19:49:45.779","level":"INFO","thread":"main","correlationId":"","logger":"c.d.d.c.PedidoControllerTest","message":"Started PedidoControllerTest in 0.513 seconds (process running for 26.127)","exception":""}
{"timestamp":"2026-06-10 19:49:45.798","level":"DEBUG","thread":"main","correlationId":"","logger":"o.s.security.web.FilterChainProxy","message":"Securing POST /api/pedidos/calcular","exception":""}
{"timestamp":"2026-06-10 19:49:45.799","level":"WARN","thread":"main","correlationId":"","logger":"c.d.d.s.JwtAuthenticationFilter","message":"JWT Token não começa com Bearer String","exception":""}
{"timestamp":"2026-06-10 19:49:45.799","level":"DEBUG","thread":"main","correlationId":"","logger":"o.s.security.web.FilterChainProxy","message":"Secured POST /api/pedidos/calcular","exception":""}
{"timestamp":"2026-06-10 19:49:45.800","level":"DEBUG","thread":"main","correlationId":"5243dbd3ac79467f","logger":"o.s.w.s.m.m.a.RequestMappingHandlerMapping","message":"Mapped to com.deliverytech.delivery_api.controller.PedidoController#calcularTotal(List)","exception":""}
{"timestamp":"2026-06-10 19:49:45.801","level":"DEBUG","thread":"main","correlationId":"5243dbd3ac79467f","logger":"o.s.w.s.m.m.a.RequestResponseBodyMethodProcessor","message":"Read "application/json;charset=UTF-8" to [[com.deliverytech.delivery_api.dto.ItemPedidoDTO@59a0529c]]","exception":""}
{"timestamp":"2026-06-10 19:49:45.813","level":"DEBUG","thread":"main","correlationId":"5243dbd3ac79467f","logger":"o.s.w.s.m.m.a.HttpEntityMethodProcessor","message":"Using 'application/json', given [*/*] and supported [application/json, application/*+json, application/yaml]","exception":""}
{"timestamp":"2026-06-10 19:49:45.814","level":"DEBUG","thread":"main","correlationId":"5243dbd3ac79467f","logger":"o.s.w.s.m.m.a.HttpEntityMethodProcessor","message":"Writing [89.7]","exception":""}
{"timestamp":"2026-06-10 19:49:45.819","level":"DEBUG","thread":"main","correlationId":"","logger":"o.s.w.c.s.GenericWebApplicationContext","message":"Closing org.springframework.web.context.support.GenericWebApplicationContext@6f4dcf89, started on Wed Jun 10 19:49:45 BRT 2026","exception":""}
{"timestamp":"2026-06-10 19:49:45.820","level":"INFO","thread":"main","correlationId":"","logger":"o.s.o.j.LocalContainerEntityManagerFactoryBean","message":"Closing JPA EntityManagerFactory for persistence unit 'default'","exception":""}
{"timestamp":"2026-06-10 19:49:45.821","level":"INFO","thread":"main","correlationId":"","logger":"com.zaxxer.hikari.HikariDataSource","message":"HikariPool-25 - Shutdown initiated...","exception":""}
{"timestamp":"2026-06-10 19:49:45.848","level":"INFO","thread":"main","correlationId":"","logger":"com.zaxxer.hikari.HikariDataSource","message":"HikariPool-25 - Shutdown completed.","exception":""}
{"timestamp":"2026-06-10 19:49:45.850","level":"INFO","thread":"main","correlationId":"","logger":"o.s.b.d.r.RestartApplicationListener","message":"Restart disabled due to context in which it is running","exception":""}
{"timestamp":"2026-06-10 19:49:45.865","level":"INFO","thread":"main","correlationId":"","logger":"c.d.d.c.PedidoControllerTest","message":"Starting PedidoControllerTest using Java 21.0.11 with PID 18360 (started by Santana in C:\Pasta Códiguinhos\arquitetura de sistemas fat\delivery-api\delivery-api)","exception":""}
{"timestamp":"2026-06-10 19:49:45.865","level":"INFO","thread":"main","correlationId":"","logger":"c.d.d.c.PedidoControllerTest","message":"The following 1 profile is active: "test"","exception":""}
{"timestamp":"2026-06-10 19:49:45.866","level":"DEBUG","thread":"main","correlationId":"","logger":"o.s.w.c.s.GenericWebApplicationContext","message":"Refreshing org.springframework.web.context.support.GenericWebApplicationContext@4102dc0e","exception":""}
{"timestamp":"2026-06-10 19:49:46.006","level":"INFO","thread":"main","correlationId":"","logger":"o.s.d.r.c.RepositoryConfigurationDelegate","message":"Bootstrapping Spring Data JPA repositories in DEFAULT mode.","exception":""}
{"timestamp":"2026-06-10 19:49:46.020","level":"INFO","thread":"main","correlationId":"","logger":"o.s.d.r.c.RepositoryConfigurationDelegate","message":"Finished Spring Data repository scanning in 13 ms. Found 5 JPA repository interfaces.","exception":""}
{"timestamp":"2026-06-10 19:49:46.061","level":"INFO","thread":"main","correlationId":"","logger":"o.s.o.j.p.SpringPersistenceUnitInfo","message":"No LoadTimeWeaver setup: ignoring JPA class transformer","exception":""}
{"timestamp":"2026-06-10 19:49:46.061","level":"INFO","thread":"main","correlationId":"","logger":"com.zaxxer.hikari.HikariDataSource","message":"HikariPool-26 - Starting...","exception":""}
{"timestamp":"2026-06-10 19:49:46.062","level":"INFO","thread":"main","correlationId":"","logger":"com.zaxxer.hikari.pool.HikariPool","message":"HikariPool-26 - Added connection conn226: url=jdbc:h2:mem:deliverydb user=SA","exception":""}
{"timestamp":"2026-06-10 19:49:46.062","level":"INFO","thread":"main","correlationId":"","logger":"com.zaxxer.hikari.HikariDataSource","message":"HikariPool-26 - Start completed.","exception":""}
{"timestamp":"2026-06-10 19:49:46.062","level":"WARN","thread":"main","correlationId":"","logger":"org.hibernate.orm.deprecation","message":"HHH90000025: H2Dialect does not need to be specified explicitly using 'hibernate.dialect' (remove the property setting and it will be selected by default)","exception":""}
{"timestamp":"2026-06-10 19:49:46.099","level":"INFO","thread":"main","correlationId":"","logger":"o.s.o.j.LocalContainerEntityManagerFactoryBean","message":"Initialized JPA EntityManagerFactory for persistence unit 'default'","exception":""}
{"timestamp":"2026-06-10 19:49:46.117","level":"INFO","thread":"main","correlationId":"","logger":"o.s.s.c.a.a.c.InitializeAuthenticationProviderBeanManagerConfigurer$InitializeAuthenticationProviderManagerConfigurer","message":"Global AuthenticationManager configured with AuthenticationProvider bean with name authenticationProvider","exception":""}
{"timestamp":"2026-06-10 19:49:46.117","level":"WARN","thread":"main","correlationId":"","logger":"o.s.s.c.a.a.c.InitializeUserDetailsBeanManagerConfigurer$InitializeUserDetailsManagerConfigurer","message":"Global AuthenticationManager configured with an AuthenticationProvider bean. UserDetailsService beans will not be used by Spring Security for automatically configuring username/password login. Consider removing the AuthenticationProvider bean. Alternatively, consider using the UserDetailsService in a manually instantiated DaoAuthenticationProvider. If the current configuration is intentional, to turn off this warning, increase the logging level of 'org.springframework.security.config.annotation.authentication.configuration.InitializeUserDetailsBeanManagerConfigurer' to ERROR","exception":""}
{"timestamp":"2026-06-10 19:49:46.188","level":"DEBUG","thread":"main","correlationId":"","logger":"o.s.w.s.m.m.a.RequestMappingHandlerMapping","message":"42 mappings in 'requestMappingHandlerMapping'","exception":""}
{"timestamp":"2026-06-10 19:49:46.205","level":"DEBUG","thread":"main","correlationId":"","logger":"o.s.w.s.h.SimpleUrlHandlerMapping","message":"Patterns [/webjars/**, /**, /swagger-ui*/*swagger-initializer.js, /swagger-ui*/**] in 'resourceHandlerMapping'","exception":""}
{"timestamp":"2026-06-10 19:49:46.232","level":"INFO","thread":"main","correlationId":"","logger":"o.s.b.a.e.web.EndpointLinksResolver","message":"Exposing 13 endpoints beneath base path '/actuator'","exception":""}
{"timestamp":"2026-06-10 19:49:46.257","level":"DEBUG","thread":"main","correlationId":"","logger":"o.s.s.web.DefaultSecurityFilterChain","message":"Will secure any request with filters: DisableEncodeUrlFilter, WebAsyncManagerIntegrationFilter, SecurityContextHolderFilter, HeaderWriterFilter, CorsFilter, LogoutFilter, JwtAuthenticationFilter, RequestCacheAwareFilter, SecurityContextHolderAwareRequestFilter, AnonymousAuthenticationFilter, SessionManagementFilter, ExceptionTranslationFilter, AuthorizationFilter","exception":""}
{"timestamp":"2026-06-10 19:49:46.277","level":"DEBUG","thread":"main","correlationId":"","logger":"o.s.w.s.m.m.a.RequestMappingHandlerAdapter","message":"ControllerAdvice beans: 0 @ModelAttribute, 0 @InitBinder, 1 RequestBodyAdvice, 1 ResponseBodyAdvice","exception":""}
{"timestamp":"2026-06-10 19:49:46.280","level":"DEBUG","thread":"main","correlationId":"","logger":"o.s.w.s.m.m.a.ExceptionHandlerExceptionResolver","message":"ControllerAdvice beans: 2 @ExceptionHandler, 1 ResponseBodyAdvice","exception":""}
{"timestamp":"2026-06-10 19:49:46.305","level":"INFO","thread":"main","correlationId":"","logger":"o.s.b.a.h.H2ConsoleAutoConfiguration","message":"H2 console available at '/h2-console'. Database available at 'jdbc:h2:mem:deliverydb'","exception":""}
{"timestamp":"2026-06-10 19:49:46.314","level":"DEBUG","thread":"main","correlationId":"","logger":"o.s.w.f.ServerHttpObservationFilter","message":"Filter 'webMvcObservationFilter' configured for use","exception":""}
{"timestamp":"2026-06-10 19:49:46.314","level":"INFO","thread":"main","correlationId":"","logger":"o.s.b.t.m.w.SpringBootMockServletContext","message":"Initializing Spring TestDispatcherServlet ''","exception":""}
{"timestamp":"2026-06-10 19:49:46.314","level":"INFO","thread":"main","correlationId":"","logger":"o.s.t.w.s.TestDispatcherServlet","message":"Initializing Servlet ''","exception":""}
{"timestamp":"2026-06-10 19:49:46.314","level":"INFO","thread":"main","correlationId":"","logger":"o.s.t.w.s.TestDispatcherServlet","message":"Completed initialization in 0 ms","exception":""}
{"timestamp":"2026-06-10 19:49:46.322","level":"INFO","thread":"main","correlationId":"","logger":"c.d.d.c.PedidoControllerTest","message":"Started PedidoControllerTest in 0.472 seconds (process running for 26.67)","exception":""}
{"timestamp":"2026-06-10 19:49:46.338","level":"DEBUG","thread":"main","correlationId":"","logger":"o.s.security.web.FilterChainProxy","message":"Securing GET /api/pedidos/999999","exception":""}
{"timestamp":"2026-06-10 19:49:46.338","level":"WARN","thread":"main","correlationId":"","logger":"c.d.d.s.JwtAuthenticationFilter","message":"JWT Token não começa com Bearer String","exception":""}
{"timestamp":"2026-06-10 19:49:46.339","level":"DEBUG","thread":"main","correlationId":"","logger":"o.s.security.web.FilterChainProxy","message":"Secured GET /api/pedidos/999999","exception":""}
{"timestamp":"2026-06-10 19:49:46.339","level":"DEBUG","thread":"main","correlationId":"601e428174834a7a","logger":"o.s.w.s.m.m.a.RequestMappingHandlerMapping","message":"Mapped to com.deliverytech.delivery_api.controller.PedidoController#buscarPorId(Long)","exception":""}
{"timestamp":"2026-06-10 19:49:46.341","level":"DEBUG","thread":"main","correlationId":"601e428174834a7a","logger":"o.s.w.s.m.m.a.ExceptionHandlerExceptionResolver","message":"Using @ExceptionHandler com.deliverytech.delivery_api.exception.GlobalExceptionHandler#handleEntityNotFound(EntityNotFoundException, HttpServletRequest)","exception":""}
{"timestamp":"2026-06-10 19:49:46.343","level":"DEBUG","thread":"main","correlationId":"601e428174834a7a","logger":"o.s.w.s.m.m.a.HttpEntityMethodProcessor","message":"Using 'application/json', given [*/*] and supported [application/json, application/*+json, application/yaml]","exception":""}
{"timestamp":"2026-06-10 19:49:46.343","level":"DEBUG","thread":"main","correlationId":"601e428174834a7a","logger":"o.s.w.s.m.m.a.HttpEntityMethodProcessor","message":"Writing [com.deliverytech.delivery_api.dto.ErrorResponse@16abc]","exception":""}
{"timestamp":"2026-06-10 19:49:46.344","level":"DEBUG","thread":"main","correlationId":"601e428174834a7a","logger":"o.s.w.s.m.m.a.ExceptionHandlerExceptionResolver","message":"Resolved [com.deliverytech.delivery_api.exception.EntityNotFoundException: Pedido não encontrado com ID: 999999]","exception":""}
{"timestamp":"2026-06-10 19:49:46.351","level":"INFO","thread":"main","correlationId":"","logger":"o.s.t.c.s.AnnotationConfigContextLoaderUtils","message":"Could not detect default configuration classes for test class [com.deliverytech.delivery_api.controller.RestauranteControllerTest]: RestauranteControllerTest does not declare any static, non-private, non-final, nested classes annotated with @Configuration.","exception":""}
{"timestamp":"2026-06-10 19:49:46.359","level":"INFO","thread":"main","correlationId":"","logger":"o.s.b.t.c.SpringBootTestContextBootstrapper","message":"Found @SpringBootConfiguration com.deliverytech.delivery_api.DeliveryApiApplication for test class com.deliverytech.delivery_api.controller.RestauranteControllerTest","exception":""}
{"timestamp":"2026-06-10 19:49:46.361","level":"INFO","thread":"main","correlationId":"","logger":"o.s.b.d.r.RestartApplicationListener","message":"Restart disabled due to context in which it is running","exception":""}
{"timestamp":"2026-06-10 19:49:46.371","level":"INFO","thread":"main","correlationId":"","logger":"c.d.d.c.RestauranteControllerTest","message":"Starting RestauranteControllerTest using Java 21.0.11 with PID 18360 (started by Santana in C:\Pasta Códiguinhos\arquitetura de sistemas fat\delivery-api\delivery-api)","exception":""}
{"timestamp":"2026-06-10 19:49:46.371","level":"INFO","thread":"main","correlationId":"","logger":"c.d.d.c.RestauranteControllerTest","message":"No active profile set, falling back to 1 default profile: "default"","exception":""}
{"timestamp":"2026-06-10 19:49:46.372","level":"DEBUG","thread":"main","correlationId":"","logger":"o.s.w.c.s.GenericWebApplicationContext","message":"Refreshing org.springframework.web.context.support.GenericWebApplicationContext@5939de63","exception":""}
{"timestamp":"2026-06-10 19:49:46.748","level":"DEBUG","thread":"main","correlationId":"","logger":"o.s.w.s.m.m.a.RequestMappingHandlerMapping","message":"11 mappings in 'requestMappingHandlerMapping'","exception":""}
{"timestamp":"2026-06-10 19:49:46.757","level":"DEBUG","thread":"main","correlationId":"","logger":"o.s.w.s.h.SimpleUrlHandlerMapping","message":"Patterns [/webjars/**, /**] in 'resourceHandlerMapping'","exception":""}
{"timestamp":"2026-06-10 19:49:46.758","level":"DEBUG","thread":"main","correlationId":"","logger":"o.s.w.s.m.m.a.RequestMappingHandlerAdapter","message":"ControllerAdvice beans: 0 @ModelAttribute, 0 @InitBinder, 1 RequestBodyAdvice, 1 ResponseBodyAdvice","exception":""}
{"timestamp":"2026-06-10 19:49:46.759","level":"DEBUG","thread":"main","correlationId":"","logger":"o.s.w.s.m.m.a.ExceptionHandlerExceptionResolver","message":"ControllerAdvice beans: 1 @ExceptionHandler, 1 ResponseBodyAdvice","exception":""}
{"timestamp":"2026-06-10 19:49:46.763","level":"WARN","thread":"main","correlationId":"","logger":"o.s.s.c.a.a.c.InitializeUserDetailsBeanManagerConfigurer$InitializeUserDetailsManagerConfigurer","message":"Found 2 UserDetailsService beans, with names [inMemoryUserDetailsManager, com.deliverytech.delivery_api.service.AuthService#0]. Global Authentication Manager will not use a UserDetailsService for username/password login. Consider publishing a single UserDetailsService bean.","exception":""}
{"timestamp":"2026-06-10 19:49:46.763","level":"DEBUG","thread":"main","correlationId":"","logger":"o.s.s.c.a.a.c.AuthenticationConfiguration$DefaultPasswordEncoderAuthenticationManagerBuilder","message":"No authenticationProviders and no parentAuthenticationManager defined. Returning null.","exception":""}
{"timestamp":"2026-06-10 19:49:46.777","level":"DEBUG","thread":"main","correlationId":"","logger":"o.s.s.web.DefaultSecurityFilterChain","message":"Will secure any request with filters: DisableEncodeUrlFilter, WebAsyncManagerIntegrationFilter, SecurityContextHolderFilter, HeaderWriterFilter, CsrfFilter, LogoutFilter, UsernamePasswordAuthenticationFilter, DefaultResourcesFilter, DefaultLoginPageGeneratingFilter, DefaultLogoutPageGeneratingFilter, BasicAuthenticationFilter, RequestCacheAwareFilter, SecurityContextHolderAwareRequestFilter, AnonymousAuthenticationFilter, ExceptionTranslationFilter, AuthorizationFilter","exception":""}
{"timestamp":"2026-06-10 19:49:46.782","level":"INFO","thread":"main","correlationId":"","logger":"o.s.b.t.m.w.SpringBootMockServletContext","message":"Initializing Spring TestDispatcherServlet ''","exception":""}
{"timestamp":"2026-06-10 19:49:46.782","level":"INFO","thread":"main","correlationId":"","logger":"o.s.t.w.s.TestDispatcherServlet","message":"Initializing Servlet ''","exception":""}
{"timestamp":"2026-06-10 19:49:46.782","level":"INFO","thread":"main","correlationId":"","logger":"o.s.t.w.s.TestDispatcherServlet","message":"Completed initialization in 0 ms","exception":""}
{"timestamp":"2026-06-10 19:49:46.785","level":"INFO","thread":"main","correlationId":"","logger":"c.d.d.c.RestauranteControllerTest","message":"Started RestauranteControllerTest in 0.424 seconds (process running for 27.132)","exception":""}
{"timestamp":"2026-06-10 19:49:46.790","level":"DEBUG","thread":"main","correlationId":"","logger":"o.s.w.s.m.m.a.RequestMappingHandlerMapping","message":"Mapped to com.deliverytech.delivery_api.controller.RestauranteController#buscarPorId(Long)","exception":""}
{"timestamp":"2026-06-10 19:49:46.795","level":"DEBUG","thread":"main","correlationId":"","logger":"o.s.w.s.m.m.a.HttpEntityMethodProcessor","message":"Using 'application/json', given [*/*] and supported [application/json, application/*+json, application/yaml]","exception":""}
{"timestamp":"2026-06-10 19:49:46.796","level":"DEBUG","thread":"main","correlationId":"","logger":"o.s.w.s.m.m.a.HttpEntityMethodProcessor","message":"Writing [com.deliverytech.delivery_api.dto.ApiResponseWrapper@65d4933f]","exception":""}
{"timestamp":"2026-06-10 19:49:46.801","level":"DEBUG","thread":"main","correlationId":"","logger":"o.s.w.s.m.m.a.RequestMappingHandlerMapping","message":"Mapped to com.deliverytech.delivery_api.controller.RestauranteController#calcularTaxaEntrega(Long, String)","exception":""}
{"timestamp":"2026-06-10 19:49:46.802","level":"DEBUG","thread":"main","correlationId":"","logger":"o.s.w.s.m.m.a.HttpEntityMethodProcessor","message":"Using 'application/json', given [*/*] and supported [application/json, application/*+json, application/yaml]","exception":""}
{"timestamp":"2026-06-10 19:49:46.802","level":"DEBUG","thread":"main","correlationId":"","logger":"o.s.w.s.m.m.a.HttpEntityMethodProcessor","message":"Writing [com.deliverytech.delivery_api.dto.ApiResponseWrapper@2df3e28]","exception":""}
{"timestamp":"2026-06-10 19:49:46.809","level":"DEBUG","thread":"main","correlationId":"","logger":"o.s.w.s.m.m.a.RequestMappingHandlerMapping","message":"Mapped to com.deliverytech.delivery_api.controller.RestauranteController#alterarStatus(Long)","exception":""}
{"timestamp":"2026-06-10 19:49:46.809","level":"DEBUG","thread":"main","correlationId":"","logger":"o.s.w.s.m.m.a.HttpEntityMethodProcessor","message":"Using 'application/json', given [*/*] and supported [application/json, application/*+json, application/yaml]","exception":""}
{"timestamp":"2026-06-10 19:49:46.810","level":"DEBUG","thread":"main","correlationId":"","logger":"o.s.w.s.m.m.a.HttpEntityMethodProcessor","message":"Writing [com.deliverytech.delivery_api.dto.ApiResponseWrapper@cc26344]","exception":""}
{"timestamp":"2026-06-10 19:49:46.812","level":"DEBUG","thread":"main","correlationId":"","logger":"o.s.w.s.m.m.a.RequestMappingHandlerMapping","message":"Mapped to com.deliverytech.delivery_api.controller.RestauranteController#buscarPorCategoria(String)","exception":""}
{"timestamp":"2026-06-10 19:49:46.814","level":"DEBUG","thread":"main","correlationId":"","logger":"o.s.w.s.m.m.a.HttpEntityMethodProcessor","message":"Using 'application/json', given [*/*] and supported [application/json, application/*+json, application/yaml]","exception":""}
{"timestamp":"2026-06-10 19:49:46.815","level":"DEBUG","thread":"main","correlationId":"","logger":"o.s.w.s.m.m.a.HttpEntityMethodProcessor","message":"Writing [com.deliverytech.delivery_api.dto.ApiResponseWrapper@c3f9ae0]","exception":""}
{"timestamp":"2026-06-10 19:49:46.820","level":"INFO","thread":"main","correlationId":"","logger":"o.s.t.c.s.AnnotationConfigContextLoaderUtils","message":"Could not detect default configuration classes for test class [com.deliverytech.delivery_api.DeliveryApiApplicationTests]: DeliveryApiApplicationTests does not declare any static, non-private, non-final, nested classes annotated with @Configuration.","exception":""}
{"timestamp":"2026-06-10 19:49:46.827","level":"INFO","thread":"main","correlationId":"","logger":"o.s.b.t.c.SpringBootTestContextBootstrapper","message":"Found @SpringBootConfiguration com.deliverytech.delivery_api.DeliveryApiApplication for test class com.deliverytech.delivery_api.DeliveryApiApplicationTests","exception":""}
{"timestamp":"2026-06-10 19:49:46.830","level":"INFO","thread":"main","correlationId":"","logger":"o.s.b.d.r.RestartApplicationListener","message":"Restart disabled due to context in which it is running","exception":""}
{"timestamp":"2026-06-10 19:49:46.842","level":"INFO","thread":"main","correlationId":"","logger":"c.d.d.DeliveryApiApplicationTests","message":"Starting DeliveryApiApplicationTests using Java 21.0.11 with PID 18360 (started by Santana in C:\Pasta Códiguinhos\arquitetura de sistemas fat\delivery-api\delivery-api)","exception":""}
{"timestamp":"2026-06-10 19:49:46.842","level":"INFO","thread":"main","correlationId":"","logger":"c.d.d.DeliveryApiApplicationTests","message":"No active profile set, falling back to 1 default profile: "default"","exception":""}
{"timestamp":"2026-06-10 19:49:46.843","level":"DEBUG","thread":"main","correlationId":"","logger":"o.s.w.c.s.GenericWebApplicationContext","message":"Refreshing org.springframework.web.context.support.GenericWebApplicationContext@64363dbb","exception":""}
{"timestamp":"2026-06-10 19:49:46.992","level":"INFO","thread":"main","correlationId":"","logger":"o.s.d.r.c.RepositoryConfigurationDelegate","message":"Bootstrapping Spring Data JPA repositories in DEFAULT mode.","exception":""}
{"timestamp":"2026-06-10 19:49:47.004","level":"INFO","thread":"main","correlationId":"","logger":"o.s.d.r.c.RepositoryConfigurationDelegate","message":"Finished Spring Data repository scanning in 12 ms. Found 5 JPA repository interfaces.","exception":""}
{"timestamp":"2026-06-10 19:49:47.049","level":"INFO","thread":"main","correlationId":"","logger":"o.s.o.j.p.SpringPersistenceUnitInfo","message":"No LoadTimeWeaver setup: ignoring JPA class transformer","exception":""}
{"timestamp":"2026-06-10 19:49:47.049","level":"INFO","thread":"main","correlationId":"","logger":"com.zaxxer.hikari.HikariDataSource","message":"HikariPool-27 - Starting...","exception":""}
{"timestamp":"2026-06-10 19:49:47.050","level":"INFO","thread":"main","correlationId":"","logger":"com.zaxxer.hikari.pool.HikariPool","message":"HikariPool-27 - Added connection conn236: url=jdbc:h2:mem:deliverydb user=SA","exception":""}
{"timestamp":"2026-06-10 19:49:47.050","level":"INFO","thread":"main","correlationId":"","logger":"com.zaxxer.hikari.HikariDataSource","message":"HikariPool-27 - Start completed.","exception":""}
{"timestamp":"2026-06-10 19:49:47.050","level":"WARN","thread":"main","correlationId":"","logger":"org.hibernate.orm.deprecation","message":"HHH90000025: H2Dialect does not need to be specified explicitly using 'hibernate.dialect' (remove the property setting and it will be selected by default)","exception":""}
{"timestamp":"2026-06-10 19:49:47.082","level":"INFO","thread":"main","correlationId":"","logger":"o.s.o.j.LocalContainerEntityManagerFactoryBean","message":"Initialized JPA EntityManagerFactory for persistence unit 'default'","exception":""}
{"timestamp":"2026-06-10 19:49:47.099","level":"INFO","thread":"main","correlationId":"","logger":"o.s.s.c.a.a.c.InitializeAuthenticationProviderBeanManagerConfigurer$InitializeAuthenticationProviderManagerConfigurer","message":"Global AuthenticationManager configured with AuthenticationProvider bean with name authenticationProvider","exception":""}
{"timestamp":"2026-06-10 19:49:47.099","level":"WARN","thread":"main","correlationId":"","logger":"o.s.s.c.a.a.c.InitializeUserDetailsBeanManagerConfigurer$InitializeUserDetailsManagerConfigurer","message":"Global AuthenticationManager configured with an AuthenticationProvider bean. UserDetailsService beans will not be used by Spring Security for automatically configuring username/password login. Consider removing the AuthenticationProvider bean. Alternatively, consider using the UserDetailsService in a manually instantiated DaoAuthenticationProvider. If the current configuration is intentional, to turn off this warning, increase the logging level of 'org.springframework.security.config.annotation.authentication.configuration.InitializeUserDetailsBeanManagerConfigurer' to ERROR","exception":""}
{"timestamp":"2026-06-10 19:49:47.169","level":"DEBUG","thread":"main","correlationId":"","logger":"o.s.w.s.m.m.a.RequestMappingHandlerMapping","message":"42 mappings in 'requestMappingHandlerMapping'","exception":""}
{"timestamp":"2026-06-10 19:49:47.188","level":"DEBUG","thread":"main","correlationId":"","logger":"o.s.w.s.h.SimpleUrlHandlerMapping","message":"Patterns [/webjars/**, /**, /swagger-ui*/*swagger-initializer.js, /swagger-ui*/**] in 'resourceHandlerMapping'","exception":""}
{"timestamp":"2026-06-10 19:49:47.220","level":"INFO","thread":"main","correlationId":"","logger":"o.s.b.a.e.web.EndpointLinksResolver","message":"Exposing 13 endpoints beneath base path '/actuator'","exception":""}
{"timestamp":"2026-06-10 19:49:47.247","level":"DEBUG","thread":"main","correlationId":"","logger":"o.s.s.web.DefaultSecurityFilterChain","message":"Will secure any request with filters: DisableEncodeUrlFilter, WebAsyncManagerIntegrationFilter, SecurityContextHolderFilter, HeaderWriterFilter, CorsFilter, LogoutFilter, JwtAuthenticationFilter, RequestCacheAwareFilter, SecurityContextHolderAwareRequestFilter, AnonymousAuthenticationFilter, SessionManagementFilter, ExceptionTranslationFilter, AuthorizationFilter","exception":""}
{"timestamp":"2026-06-10 19:49:47.267","level":"DEBUG","thread":"main","correlationId":"","logger":"o.s.w.s.m.m.a.RequestMappingHandlerAdapter","message":"ControllerAdvice beans: 0 @ModelAttribute, 0 @InitBinder, 1 RequestBodyAdvice, 1 ResponseBodyAdvice","exception":""}
{"timestamp":"2026-06-10 19:49:47.271","level":"DEBUG","thread":"main","correlationId":"","logger":"o.s.w.s.m.m.a.ExceptionHandlerExceptionResolver","message":"ControllerAdvice beans: 2 @ExceptionHandler, 1 ResponseBodyAdvice","exception":""}
{"timestamp":"2026-06-10 19:49:47.295","level":"INFO","thread":"main","correlationId":"","logger":"o.s.b.a.h.H2ConsoleAutoConfiguration","message":"H2 console available at '/h2-console'. Database available at 'jdbc:h2:mem:deliverydb'","exception":""}
{"timestamp":"2026-06-10 19:49:47.310","level":"INFO","thread":"main","correlationId":"","logger":"c.d.d.DeliveryApiApplicationTests","message":"Started DeliveryApiApplicationTests in 0.48 seconds (process running for 27.658)","exception":""}
{"timestamp":"2026-06-10 19:49:47.382","level":"DEBUG","thread":"SpringApplicationShutdownHook","correlationId":"","logger":"o.s.w.c.s.GenericWebApplicationContext","message":"Closing org.springframework.web.context.support.GenericWebApplicationContext@4102dc0e, started on Wed Jun 10 19:49:45 BRT 2026","exception":""}
{"timestamp":"2026-06-10 19:49:47.384","level":"INFO","thread":"SpringApplicationShutdownHook","correlationId":"","logger":"o.s.o.j.LocalContainerEntityManagerFactoryBean","message":"Closing JPA EntityManagerFactory for persistence unit 'default'","exception":""}
{"timestamp":"2026-06-10 19:49:47.385","level":"INFO","thread":"SpringApplicationShutdownHook","correlationId":"","logger":"com.zaxxer.hikari.HikariDataSource","message":"HikariPool-26 - Shutdown initiated...","exception":""}
{"timestamp":"2026-06-10 19:49:47.385","level":"INFO","thread":"SpringApplicationShutdownHook","correlationId":"","logger":"com.zaxxer.hikari.HikariDataSource","message":"HikariPool-26 - Shutdown completed.","exception":""}
{"timestamp":"2026-06-10 19:49:47.386","level":"DEBUG","thread":"SpringApplicationShutdownHook","correlationId":"","logger":"o.s.w.c.s.GenericWebApplicationContext","message":"Closing org.springframework.web.context.support.GenericWebApplicationContext@5939de63, started on Wed Jun 10 19:49:46 BRT 2026","exception":""}
{"timestamp":"2026-06-10 19:49:47.386","level":"DEBUG","thread":"SpringApplicationShutdownHook","correlationId":"","logger":"o.s.w.c.s.GenericWebApplicationContext","message":"Closing org.springframework.web.context.support.GenericWebApplicationContext@64363dbb, started on Wed Jun 10 19:49:46 BRT 2026","exception":""}
{"timestamp":"2026-06-10 19:49:47.387","level":"INFO","thread":"SpringApplicationShutdownHook","correlationId":"","logger":"o.s.o.j.LocalContainerEntityManagerFactoryBean","message":"Closing JPA EntityManagerFactory for persistence unit 'default'","exception":""}
{"timestamp":"2026-06-10 19:49:47.388","level":"INFO","thread":"SpringApplicationShutdownHook","correlationId":"","logger":"com.zaxxer.hikari.HikariDataSource","message":"HikariPool-27 - Shutdown initiated...","exception":""}
{"timestamp":"2026-06-10 19:49:47.403","level":"INFO","thread":"SpringApplicationShutdownHook","correlationId":"","logger":"com.zaxxer.hikari.HikariDataSource","message":"HikariPool-27 - Shutdown completed.","exception":""}
