2026-06-10 19:13:03.638 [main] INFO  [] c.d.d.c.ClienteControllerTest - Starting ClienteControllerTest using Java 21.0.11 with PID 25592 (started by Santana in C:\Pasta Códiguinhos\arquitetura de sistemas fat\delivery-api\delivery-api)
2026-06-10 19:13:03.645 [main] INFO  [] c.d.d.c.ClienteControllerTest - The following 1 profile is active: "test"
2026-06-10 19:13:03.676 [main] DEBUG [] o.s.w.c.s.GenericWebApplicationContext - Refreshing org.springframework.web.context.support.GenericWebApplicationContext@3f7b15bb
2026-06-10 19:13:12.577 [main] INFO  [] o.s.d.r.c.RepositoryConfigurationDelegate - Bootstrapping Spring Data JPA repositories in DEFAULT mode.
2026-06-10 19:13:12.661 [main] INFO  [] o.s.d.r.c.RepositoryConfigurationDelegate - Finished Spring Data repository scanning in 71 ms. Found 5 JPA repository interfaces.
2026-06-10 19:13:13.690 [main] INFO  [] o.s.o.j.p.SpringPersistenceUnitInfo - No LoadTimeWeaver setup: ignoring JPA class transformer
2026-06-10 19:13:13.736 [main] INFO  [] com.zaxxer.hikari.HikariDataSource - HikariPool-1 - Starting...
2026-06-10 19:13:14.082 [main] INFO  [] com.zaxxer.hikari.pool.HikariPool - HikariPool-1 - Added connection conn0: url=jdbc:h2:mem:deliverydb user=SA
2026-06-10 19:13:14.085 [main] INFO  [] com.zaxxer.hikari.HikariDataSource - HikariPool-1 - Start completed.
2026-06-10 19:13:14.124 [main] WARN  [] org.hibernate.orm.deprecation - HHH90000025: H2Dialect does not need to be specified explicitly using 'hibernate.dialect' (remove the property setting and it will be selected by default)
2026-06-10 19:13:17.104 [main] INFO  [] o.s.o.j.LocalContainerEntityManagerFactoryBean - Initialized JPA EntityManagerFactory for persistence unit 'default'
2026-06-10 19:13:19.205 [main] INFO  [] o.s.s.c.a.a.c.InitializeAuthenticationProviderBeanManagerConfigurer$InitializeAuthenticationProviderManagerConfigurer - Global AuthenticationManager configured with AuthenticationProvider bean with name authenticationProvider
2026-06-10 19:13:19.206 [main] WARN  [] o.s.s.c.a.a.c.InitializeUserDetailsBeanManagerConfigurer$InitializeUserDetailsManagerConfigurer - Global AuthenticationManager configured with an AuthenticationProvider bean. UserDetailsService beans will not be used by Spring Security for automatically configuring username/password login. Consider removing the AuthenticationProvider bean. Alternatively, consider using the UserDetailsService in a manually instantiated DaoAuthenticationProvider. If the current configuration is intentional, to turn off this warning, increase the logging level of 'org.springframework.security.config.annotation.authentication.configuration.InitializeUserDetailsBeanManagerConfigurer' to ERROR
2026-06-10 19:13:19.252 [main] INFO  [] o.s.d.j.r.query.QueryEnhancerFactory - Hibernate is in classpath; If applicable, HQL parser will be used.
2026-06-10 19:13:20.500 [main] DEBUG [] o.s.w.s.m.m.a.RequestMappingHandlerMapping - 42 mappings in 'requestMappingHandlerMapping'
2026-06-10 19:13:20.631 [main] DEBUG [] o.s.w.s.h.SimpleUrlHandlerMapping - Patterns [/webjars/**, /**, /swagger-ui*/*swagger-initializer.js, /swagger-ui*/**] in 'resourceHandlerMapping'
2026-06-10 19:13:20.792 [main] INFO  [] o.s.b.a.e.web.EndpointLinksResolver - Exposing 13 endpoints beneath base path '/actuator'
2026-06-10 19:13:20.942 [main] DEBUG [] o.s.s.web.DefaultSecurityFilterChain - Will secure any request with filters: DisableEncodeUrlFilter, WebAsyncManagerIntegrationFilter, SecurityContextHolderFilter, HeaderWriterFilter, CorsFilter, LogoutFilter, JwtAuthenticationFilter, RequestCacheAwareFilter, SecurityContextHolderAwareRequestFilter, AnonymousAuthenticationFilter, SessionManagementFilter, ExceptionTranslationFilter, AuthorizationFilter
2026-06-10 19:13:21.091 [main] DEBUG [] o.s.w.s.m.m.a.RequestMappingHandlerAdapter - ControllerAdvice beans: 0 @ModelAttribute, 0 @InitBinder, 1 RequestBodyAdvice, 1 ResponseBodyAdvice
2026-06-10 19:13:21.162 [main] DEBUG [] o.s.w.s.m.m.a.ExceptionHandlerExceptionResolver - ControllerAdvice beans: 2 @ExceptionHandler, 1 ResponseBodyAdvice
2026-06-10 19:13:21.331 [main] INFO  [] o.s.b.a.h.H2ConsoleAutoConfiguration - H2 console available at '/h2-console'. Database available at 'jdbc:h2:mem:deliverydb'
2026-06-10 19:13:21.417 [main] DEBUG [] o.s.w.f.ServerHttpObservationFilter - Filter 'webMvcObservationFilter' configured for use
2026-06-10 19:13:21.418 [main] INFO  [] o.s.b.t.m.w.SpringBootMockServletContext - Initializing Spring TestDispatcherServlet ''
2026-06-10 19:13:21.419 [main] INFO  [] o.s.t.w.s.TestDispatcherServlet - Initializing Servlet ''
2026-06-10 19:13:21.420 [main] INFO  [] o.s.t.w.s.TestDispatcherServlet - Completed initialization in 1 ms
2026-06-10 19:13:21.476 [main] INFO  [] c.d.d.c.ClienteControllerTest - Started ClienteControllerTest in 18.528 seconds (process running for 23.206)
2026-06-10 19:13:21.577 [main] DEBUG [] o.s.w.c.s.GenericWebApplicationContext - Closing org.springframework.web.context.support.GenericWebApplicationContext@3f7b15bb, started on Wed Jun 10 19:13:03 BRT 2026
2026-06-10 19:13:21.583 [main] INFO  [] o.s.o.j.LocalContainerEntityManagerFactoryBean - Closing JPA EntityManagerFactory for persistence unit 'default'
2026-06-10 19:13:21.590 [main] INFO  [] com.zaxxer.hikari.HikariDataSource - HikariPool-1 - Shutdown initiated...
2026-06-10 19:13:21.592 [main] INFO  [] com.zaxxer.hikari.HikariDataSource - HikariPool-1 - Shutdown completed.
2026-06-10 19:13:21.594 [main] INFO  [] o.s.b.d.r.RestartApplicationListener - Restart disabled due to context in which it is running
2026-06-10 19:13:21.625 [main] INFO  [] c.d.d.c.ClienteControllerTest - Starting ClienteControllerTest using Java 21.0.11 with PID 25592 (started by Santana in C:\Pasta Códiguinhos\arquitetura de sistemas fat\delivery-api\delivery-api)
2026-06-10 19:13:21.626 [main] INFO  [] c.d.d.c.ClienteControllerTest - The following 1 profile is active: "test"
2026-06-10 19:13:21.627 [main] DEBUG [] o.s.w.c.s.GenericWebApplicationContext - Refreshing org.springframework.web.context.support.GenericWebApplicationContext@69ef2dcb
2026-06-10 19:13:21.892 [main] INFO  [] o.s.d.r.c.RepositoryConfigurationDelegate - Bootstrapping Spring Data JPA repositories in DEFAULT mode.
2026-06-10 19:13:21.914 [main] INFO  [] o.s.d.r.c.RepositoryConfigurationDelegate - Finished Spring Data repository scanning in 19 ms. Found 5 JPA repository interfaces.
2026-06-10 19:13:21.999 [main] INFO  [] o.s.o.j.p.SpringPersistenceUnitInfo - No LoadTimeWeaver setup: ignoring JPA class transformer
2026-06-10 19:13:22.001 [main] INFO  [] com.zaxxer.hikari.HikariDataSource - HikariPool-2 - Starting...
2026-06-10 19:13:22.003 [main] INFO  [] com.zaxxer.hikari.pool.HikariPool - HikariPool-2 - Added connection conn10: url=jdbc:h2:mem:deliverydb user=SA
2026-06-10 19:13:22.003 [main] INFO  [] com.zaxxer.hikari.HikariDataSource - HikariPool-2 - Start completed.
2026-06-10 19:13:22.003 [main] WARN  [] org.hibernate.orm.deprecation - HHH90000025: H2Dialect does not need to be specified explicitly using 'hibernate.dialect' (remove the property setting and it will be selected by default)
2026-06-10 19:13:22.071 [main] INFO  [] o.s.o.j.LocalContainerEntityManagerFactoryBean - Initialized JPA EntityManagerFactory for persistence unit 'default'
2026-06-10 19:13:22.099 [main] INFO  [] o.s.s.c.a.a.c.InitializeAuthenticationProviderBeanManagerConfigurer$InitializeAuthenticationProviderManagerConfigurer - Global AuthenticationManager configured with AuthenticationProvider bean with name authenticationProvider
2026-06-10 19:13:22.099 [main] WARN  [] o.s.s.c.a.a.c.InitializeUserDetailsBeanManagerConfigurer$InitializeUserDetailsManagerConfigurer - Global AuthenticationManager configured with an AuthenticationProvider bean. UserDetailsService beans will not be used by Spring Security for automatically configuring username/password login. Consider removing the AuthenticationProvider bean. Alternatively, consider using the UserDetailsService in a manually instantiated DaoAuthenticationProvider. If the current configuration is intentional, to turn off this warning, increase the logging level of 'org.springframework.security.config.annotation.authentication.configuration.InitializeUserDetailsBeanManagerConfigurer' to ERROR
2026-06-10 19:13:22.224 [main] DEBUG [] o.s.w.s.m.m.a.RequestMappingHandlerMapping - 42 mappings in 'requestMappingHandlerMapping'
2026-06-10 19:13:22.250 [main] DEBUG [] o.s.w.s.h.SimpleUrlHandlerMapping - Patterns [/webjars/**, /**, /swagger-ui*/*swagger-initializer.js, /swagger-ui*/**] in 'resourceHandlerMapping'
2026-06-10 19:13:22.296 [main] INFO  [] o.s.b.a.e.web.EndpointLinksResolver - Exposing 13 endpoints beneath base path '/actuator'
2026-06-10 19:13:22.328 [main] DEBUG [] o.s.s.web.DefaultSecurityFilterChain - Will secure any request with filters: DisableEncodeUrlFilter, WebAsyncManagerIntegrationFilter, SecurityContextHolderFilter, HeaderWriterFilter, CorsFilter, LogoutFilter, JwtAuthenticationFilter, RequestCacheAwareFilter, SecurityContextHolderAwareRequestFilter, AnonymousAuthenticationFilter, SessionManagementFilter, ExceptionTranslationFilter, AuthorizationFilter
2026-06-10 19:13:22.357 [main] DEBUG [] o.s.w.s.m.m.a.RequestMappingHandlerAdapter - ControllerAdvice beans: 0 @ModelAttribute, 0 @InitBinder, 1 RequestBodyAdvice, 1 ResponseBodyAdvice
2026-06-10 19:13:22.362 [main] DEBUG [] o.s.w.s.m.m.a.ExceptionHandlerExceptionResolver - ControllerAdvice beans: 2 @ExceptionHandler, 1 ResponseBodyAdvice
2026-06-10 19:13:22.408 [main] INFO  [] o.s.b.a.h.H2ConsoleAutoConfiguration - H2 console available at '/h2-console'. Database available at 'jdbc:h2:mem:deliverydb'
2026-06-10 19:13:22.427 [main] DEBUG [] o.s.w.f.ServerHttpObservationFilter - Filter 'webMvcObservationFilter' configured for use
2026-06-10 19:13:22.427 [main] INFO  [] o.s.b.t.m.w.SpringBootMockServletContext - Initializing Spring TestDispatcherServlet ''
2026-06-10 19:13:22.427 [main] INFO  [] o.s.t.w.s.TestDispatcherServlet - Initializing Servlet ''
2026-06-10 19:13:22.428 [main] INFO  [] o.s.t.w.s.TestDispatcherServlet - Completed initialization in 1 ms
2026-06-10 19:13:22.440 [main] INFO  [] c.d.d.c.ClienteControllerTest - Started ClienteControllerTest in 0.846 seconds (process running for 24.169)
2026-06-10 19:13:22.630 [main] DEBUG [] o.s.security.web.FilterChainProxy - Securing POST /api/clientes
2026-06-10 19:13:22.642 [main] WARN  [] c.d.d.s.JwtAuthenticationFilter - JWT Token não começa com Bearer String
2026-06-10 19:13:22.652 [main] DEBUG [] o.s.security.web.FilterChainProxy - Secured POST /api/clientes
2026-06-10 19:13:22.656 [main] DEBUG [78296fd5674449af] o.s.w.s.m.m.a.RequestMappingHandlerMapping - Mapped to com.deliverytech.delivery_api.controller.ClienteController#cadastrarCliente(ClienteReqDTO)
2026-06-10 19:13:22.705 [main] DEBUG [78296fd5674449af] o.s.w.s.m.m.a.RequestResponseBodyMethodProcessor - Read "application/json;charset=UTF-8" to [com.deliverytech.delivery_api.dto.req.ClienteReqDTO@7d6d4aab]
2026-06-10 19:13:22.864 [main] DEBUG [78296fd5674449af] o.s.w.s.m.m.a.HttpEntityMethodProcessor - Using 'application/json', given [*/*] and supported [application/json, application/*+json, application/yaml]
2026-06-10 19:13:22.865 [main] DEBUG [78296fd5674449af] o.s.w.s.m.m.a.HttpEntityMethodProcessor - Writing [com.deliverytech.delivery_api.dto.res.ClienteResDTO@8bc3fed]
2026-06-10 19:13:22.933 [main] DEBUG [] o.s.w.c.s.GenericWebApplicationContext - Closing org.springframework.web.context.support.GenericWebApplicationContext@69ef2dcb, started on Wed Jun 10 19:13:21 BRT 2026
2026-06-10 19:13:22.935 [main] INFO  [] o.s.o.j.LocalContainerEntityManagerFactoryBean - Closing JPA EntityManagerFactory for persistence unit 'default'
2026-06-10 19:13:22.937 [main] INFO  [] com.zaxxer.hikari.HikariDataSource - HikariPool-2 - Shutdown initiated...
2026-06-10 19:13:22.938 [main] INFO  [] com.zaxxer.hikari.HikariDataSource - HikariPool-2 - Shutdown completed.
2026-06-10 19:13:22.940 [main] INFO  [] o.s.b.d.r.RestartApplicationListener - Restart disabled due to context in which it is running
2026-06-10 19:13:22.968 [main] INFO  [] c.d.d.c.ClienteControllerTest - Starting ClienteControllerTest using Java 21.0.11 with PID 25592 (started by Santana in C:\Pasta Códiguinhos\arquitetura de sistemas fat\delivery-api\delivery-api)
2026-06-10 19:13:22.968 [main] INFO  [] c.d.d.c.ClienteControllerTest - The following 1 profile is active: "test"
2026-06-10 19:13:22.969 [main] DEBUG [] o.s.w.c.s.GenericWebApplicationContext - Refreshing org.springframework.web.context.support.GenericWebApplicationContext@70266f04
2026-06-10 19:13:23.183 [main] INFO  [] o.s.d.r.c.RepositoryConfigurationDelegate - Bootstrapping Spring Data JPA repositories in DEFAULT mode.
2026-06-10 19:13:23.202 [main] INFO  [] o.s.d.r.c.RepositoryConfigurationDelegate - Finished Spring Data repository scanning in 18 ms. Found 5 JPA repository interfaces.
2026-06-10 19:13:23.264 [main] INFO  [] o.s.o.j.p.SpringPersistenceUnitInfo - No LoadTimeWeaver setup: ignoring JPA class transformer
2026-06-10 19:13:23.265 [main] INFO  [] com.zaxxer.hikari.HikariDataSource - HikariPool-3 - Starting...
2026-06-10 19:13:23.266 [main] INFO  [] com.zaxxer.hikari.pool.HikariPool - HikariPool-3 - Added connection conn20: url=jdbc:h2:mem:deliverydb user=SA
2026-06-10 19:13:23.267 [main] INFO  [] com.zaxxer.hikari.HikariDataSource - HikariPool-3 - Start completed.
2026-06-10 19:13:23.267 [main] WARN  [] org.hibernate.orm.deprecation - HHH90000025: H2Dialect does not need to be specified explicitly using 'hibernate.dialect' (remove the property setting and it will be selected by default)
2026-06-10 19:13:23.326 [main] INFO  [] o.s.o.j.LocalContainerEntityManagerFactoryBean - Initialized JPA EntityManagerFactory for persistence unit 'default'
2026-06-10 19:13:23.352 [main] INFO  [] o.s.s.c.a.a.c.InitializeAuthenticationProviderBeanManagerConfigurer$InitializeAuthenticationProviderManagerConfigurer - Global AuthenticationManager configured with AuthenticationProvider bean with name authenticationProvider
2026-06-10 19:13:23.352 [main] WARN  [] o.s.s.c.a.a.c.InitializeUserDetailsBeanManagerConfigurer$InitializeUserDetailsManagerConfigurer - Global AuthenticationManager configured with an AuthenticationProvider bean. UserDetailsService beans will not be used by Spring Security for automatically configuring username/password login. Consider removing the AuthenticationProvider bean. Alternatively, consider using the UserDetailsService in a manually instantiated DaoAuthenticationProvider. If the current configuration is intentional, to turn off this warning, increase the logging level of 'org.springframework.security.config.annotation.authentication.configuration.InitializeUserDetailsBeanManagerConfigurer' to ERROR
2026-06-10 19:13:23.468 [main] DEBUG [] o.s.w.s.m.m.a.RequestMappingHandlerMapping - 42 mappings in 'requestMappingHandlerMapping'
2026-06-10 19:13:23.489 [main] DEBUG [] o.s.w.s.h.SimpleUrlHandlerMapping - Patterns [/webjars/**, /**, /swagger-ui*/*swagger-initializer.js, /swagger-ui*/**] in 'resourceHandlerMapping'
2026-06-10 19:13:23.527 [main] INFO  [] o.s.b.a.e.web.EndpointLinksResolver - Exposing 13 endpoints beneath base path '/actuator'
2026-06-10 19:13:23.557 [main] DEBUG [] o.s.s.web.DefaultSecurityFilterChain - Will secure any request with filters: DisableEncodeUrlFilter, WebAsyncManagerIntegrationFilter, SecurityContextHolderFilter, HeaderWriterFilter, CorsFilter, LogoutFilter, JwtAuthenticationFilter, RequestCacheAwareFilter, SecurityContextHolderAwareRequestFilter, AnonymousAuthenticationFilter, SessionManagementFilter, ExceptionTranslationFilter, AuthorizationFilter
2026-06-10 19:13:23.581 [main] DEBUG [] o.s.w.s.m.m.a.RequestMappingHandlerAdapter - ControllerAdvice beans: 0 @ModelAttribute, 0 @InitBinder, 1 RequestBodyAdvice, 1 ResponseBodyAdvice
2026-06-10 19:13:23.586 [main] DEBUG [] o.s.w.s.m.m.a.ExceptionHandlerExceptionResolver - ControllerAdvice beans: 2 @ExceptionHandler, 1 ResponseBodyAdvice
2026-06-10 19:13:23.617 [main] INFO  [] o.s.b.a.h.H2ConsoleAutoConfiguration - H2 console available at '/h2-console'. Database available at 'jdbc:h2:mem:deliverydb'
2026-06-10 19:13:23.633 [main] DEBUG [] o.s.w.f.ServerHttpObservationFilter - Filter 'webMvcObservationFilter' configured for use
2026-06-10 19:13:23.633 [main] INFO  [] o.s.b.t.m.w.SpringBootMockServletContext - Initializing Spring TestDispatcherServlet ''
2026-06-10 19:13:23.633 [main] INFO  [] o.s.t.w.s.TestDispatcherServlet - Initializing Servlet ''
2026-06-10 19:13:23.634 [main] INFO  [] o.s.t.w.s.TestDispatcherServlet - Completed initialization in 1 ms
2026-06-10 19:13:23.643 [main] INFO  [] c.d.d.c.ClienteControllerTest - Started ClienteControllerTest in 0.703 seconds (process running for 25.374)
2026-06-10 19:13:23.652 [main] DEBUG [] o.s.security.web.FilterChainProxy - Securing PATCH /api/clientes/4/status
2026-06-10 19:13:23.654 [main] WARN  [] c.d.d.s.JwtAuthenticationFilter - JWT Token não começa com Bearer String
2026-06-10 19:13:23.656 [main] DEBUG [] o.s.security.web.FilterChainProxy - Secured PATCH /api/clientes/4/status
2026-06-10 19:13:23.656 [main] DEBUG [9d8212f2d1e84ba8] o.s.w.s.m.m.a.RequestMappingHandlerMapping - Mapped to com.deliverytech.delivery_api.controller.ClienteController#ativarDesativarCliente(Long)
2026-06-10 19:13:23.670 [main] DEBUG [9d8212f2d1e84ba8] o.s.w.s.m.m.a.HttpEntityMethodProcessor - Using 'application/json', given [*/*] and supported [application/json, application/*+json, application/yaml]
2026-06-10 19:13:23.670 [main] DEBUG [9d8212f2d1e84ba8] o.s.w.s.m.m.a.HttpEntityMethodProcessor - Writing [com.deliverytech.delivery_api.dto.res.ClienteResDTO@7b0d782c]
2026-06-10 19:13:23.674 [main] DEBUG [] o.s.security.web.FilterChainProxy - Securing PATCH /api/clientes/4/status
2026-06-10 19:13:23.674 [main] WARN  [] c.d.d.s.JwtAuthenticationFilter - JWT Token não começa com Bearer String
2026-06-10 19:13:23.675 [main] DEBUG [] o.s.security.web.FilterChainProxy - Secured PATCH /api/clientes/4/status
2026-06-10 19:13:23.675 [main] DEBUG [2642253ba7c74fcb] o.s.w.s.m.m.a.RequestMappingHandlerMapping - Mapped to com.deliverytech.delivery_api.controller.ClienteController#ativarDesativarCliente(Long)
2026-06-10 19:13:23.676 [main] DEBUG [2642253ba7c74fcb] o.s.w.s.m.m.a.HttpEntityMethodProcessor - Using 'application/json', given [*/*] and supported [application/json, application/*+json, application/yaml]
2026-06-10 19:13:23.677 [main] DEBUG [2642253ba7c74fcb] o.s.w.s.m.m.a.HttpEntityMethodProcessor - Writing [com.deliverytech.delivery_api.dto.res.ClienteResDTO@50440d2e]
2026-06-10 19:13:23.681 [main] DEBUG [] o.s.w.c.s.GenericWebApplicationContext - Closing org.springframework.web.context.support.GenericWebApplicationContext@70266f04, started on Wed Jun 10 19:13:22 BRT 2026
2026-06-10 19:13:23.684 [main] INFO  [] o.s.o.j.LocalContainerEntityManagerFactoryBean - Closing JPA EntityManagerFactory for persistence unit 'default'
2026-06-10 19:13:23.686 [main] INFO  [] com.zaxxer.hikari.HikariDataSource - HikariPool-3 - Shutdown initiated...
2026-06-10 19:13:23.686 [main] INFO  [] com.zaxxer.hikari.HikariDataSource - HikariPool-3 - Shutdown completed.
2026-06-10 19:13:23.688 [main] INFO  [] o.s.b.d.r.RestartApplicationListener - Restart disabled due to context in which it is running
2026-06-10 19:13:23.715 [main] INFO  [] c.d.d.c.ClienteControllerTest - Starting ClienteControllerTest using Java 21.0.11 with PID 25592 (started by Santana in C:\Pasta Códiguinhos\arquitetura de sistemas fat\delivery-api\delivery-api)
2026-06-10 19:13:23.715 [main] INFO  [] c.d.d.c.ClienteControllerTest - The following 1 profile is active: "test"
2026-06-10 19:13:23.716 [main] DEBUG [] o.s.w.c.s.GenericWebApplicationContext - Refreshing org.springframework.web.context.support.GenericWebApplicationContext@7cf560ae
2026-06-10 19:13:23.927 [main] INFO  [] o.s.d.r.c.RepositoryConfigurationDelegate - Bootstrapping Spring Data JPA repositories in DEFAULT mode.
2026-06-10 19:13:23.943 [main] INFO  [] o.s.d.r.c.RepositoryConfigurationDelegate - Finished Spring Data repository scanning in 15 ms. Found 5 JPA repository interfaces.
2026-06-10 19:13:23.998 [main] INFO  [] o.s.o.j.p.SpringPersistenceUnitInfo - No LoadTimeWeaver setup: ignoring JPA class transformer
2026-06-10 19:13:23.999 [main] INFO  [] com.zaxxer.hikari.HikariDataSource - HikariPool-4 - Starting...
2026-06-10 19:13:24.000 [main] INFO  [] com.zaxxer.hikari.pool.HikariPool - HikariPool-4 - Added connection conn30: url=jdbc:h2:mem:deliverydb user=SA
2026-06-10 19:13:24.001 [main] INFO  [] com.zaxxer.hikari.HikariDataSource - HikariPool-4 - Start completed.
2026-06-10 19:13:24.001 [main] WARN  [] org.hibernate.orm.deprecation - HHH90000025: H2Dialect does not need to be specified explicitly using 'hibernate.dialect' (remove the property setting and it will be selected by default)
2026-06-10 19:13:24.048 [main] INFO  [] o.s.o.j.LocalContainerEntityManagerFactoryBean - Initialized JPA EntityManagerFactory for persistence unit 'default'
2026-06-10 19:13:24.070 [main] INFO  [] o.s.s.c.a.a.c.InitializeAuthenticationProviderBeanManagerConfigurer$InitializeAuthenticationProviderManagerConfigurer - Global AuthenticationManager configured with AuthenticationProvider bean with name authenticationProvider
2026-06-10 19:13:24.070 [main] WARN  [] o.s.s.c.a.a.c.InitializeUserDetailsBeanManagerConfigurer$InitializeUserDetailsManagerConfigurer - Global AuthenticationManager configured with an AuthenticationProvider bean. UserDetailsService beans will not be used by Spring Security for automatically configuring username/password login. Consider removing the AuthenticationProvider bean. Alternatively, consider using the UserDetailsService in a manually instantiated DaoAuthenticationProvider. If the current configuration is intentional, to turn off this warning, increase the logging level of 'org.springframework.security.config.annotation.authentication.configuration.InitializeUserDetailsBeanManagerConfigurer' to ERROR
2026-06-10 19:13:24.174 [main] DEBUG [] o.s.w.s.m.m.a.RequestMappingHandlerMapping - 42 mappings in 'requestMappingHandlerMapping'
2026-06-10 19:13:24.196 [main] DEBUG [] o.s.w.s.h.SimpleUrlHandlerMapping - Patterns [/webjars/**, /**, /swagger-ui*/*swagger-initializer.js, /swagger-ui*/**] in 'resourceHandlerMapping'
2026-06-10 19:13:24.232 [main] INFO  [] o.s.b.a.e.web.EndpointLinksResolver - Exposing 13 endpoints beneath base path '/actuator'
2026-06-10 19:13:24.261 [main] DEBUG [] o.s.s.web.DefaultSecurityFilterChain - Will secure any request with filters: DisableEncodeUrlFilter, WebAsyncManagerIntegrationFilter, SecurityContextHolderFilter, HeaderWriterFilter, CorsFilter, LogoutFilter, JwtAuthenticationFilter, RequestCacheAwareFilter, SecurityContextHolderAwareRequestFilter, AnonymousAuthenticationFilter, SessionManagementFilter, ExceptionTranslationFilter, AuthorizationFilter
2026-06-10 19:13:24.284 [main] DEBUG [] o.s.w.s.m.m.a.RequestMappingHandlerAdapter - ControllerAdvice beans: 0 @ModelAttribute, 0 @InitBinder, 1 RequestBodyAdvice, 1 ResponseBodyAdvice
2026-06-10 19:13:24.289 [main] DEBUG [] o.s.w.s.m.m.a.ExceptionHandlerExceptionResolver - ControllerAdvice beans: 2 @ExceptionHandler, 1 ResponseBodyAdvice
2026-06-10 19:13:24.342 [main] INFO  [] o.s.b.a.h.H2ConsoleAutoConfiguration - H2 console available at '/h2-console'. Database available at 'jdbc:h2:mem:deliverydb'
2026-06-10 19:13:24.361 [main] DEBUG [] o.s.w.f.ServerHttpObservationFilter - Filter 'webMvcObservationFilter' configured for use
2026-06-10 19:13:24.361 [main] INFO  [] o.s.b.t.m.w.SpringBootMockServletContext - Initializing Spring TestDispatcherServlet ''
2026-06-10 19:13:24.361 [main] INFO  [] o.s.t.w.s.TestDispatcherServlet - Initializing Servlet ''
2026-06-10 19:13:24.361 [main] INFO  [] o.s.t.w.s.TestDispatcherServlet - Completed initialization in 0 ms
2026-06-10 19:13:24.372 [main] INFO  [] c.d.d.c.ClienteControllerTest - Started ClienteControllerTest in 0.684 seconds (process running for 26.103)
2026-06-10 19:13:38.221 [main] DEBUG [] o.s.security.web.FilterChainProxy - Securing GET /api/clientes/email/naoexiste@email.com
2026-06-10 19:13:38.221 [main] WARN  [] c.d.d.s.JwtAuthenticationFilter - JWT Token não começa com Bearer String
2026-06-10 19:13:38.222 [main] DEBUG [] o.s.security.web.FilterChainProxy - Secured GET /api/clientes/email/naoexiste@email.com
2026-06-10 19:13:38.224 [main] DEBUG [da4a0422044e4091] o.s.w.s.m.m.a.RequestMappingHandlerMapping - Mapped to com.deliverytech.delivery_api.controller.ClienteController#buscarPorEmail(String)
2026-06-10 19:13:41.764 [main] DEBUG [da4a0422044e4091] o.s.w.s.m.m.a.ExceptionHandlerExceptionResolver - Using @ExceptionHandler com.deliverytech.delivery_api.exception.GlobalExceptionHandler#handleEntityNotFound(EntityNotFoundException, HttpServletRequest)
2026-06-10 19:13:41.770 [main] DEBUG [da4a0422044e4091] o.s.w.s.m.m.a.HttpEntityMethodProcessor - Using 'application/json', given [*/*] and supported [application/json, application/*+json, application/yaml]
2026-06-10 19:13:41.771 [main] DEBUG [da4a0422044e4091] o.s.w.s.m.m.a.HttpEntityMethodProcessor - Writing [com.deliverytech.delivery_api.dto.ErrorResponse@175a3b98]
2026-06-10 19:13:42.668 [main] DEBUG [da4a0422044e4091] o.s.w.s.m.m.a.ExceptionHandlerExceptionResolver - Resolved [com.deliverytech.delivery_api.exception.EntityNotFoundException: Cliente não encontrado com email: naoexiste@email.com]
2026-06-10 19:13:42.674 [main] DEBUG [] o.s.w.c.s.GenericWebApplicationContext - Closing org.springframework.web.context.support.GenericWebApplicationContext@7cf560ae, started on Wed Jun 10 19:13:23 BRT 2026
2026-06-10 19:13:42.676 [main] INFO  [] o.s.o.j.LocalContainerEntityManagerFactoryBean - Closing JPA EntityManagerFactory for persistence unit 'default'
2026-06-10 19:13:42.678 [main] INFO  [] com.zaxxer.hikari.HikariDataSource - HikariPool-4 - Shutdown initiated...
2026-06-10 19:13:42.679 [main] INFO  [] com.zaxxer.hikari.HikariDataSource - HikariPool-4 - Shutdown completed.
2026-06-10 19:13:42.680 [main] INFO  [] o.s.b.d.r.RestartApplicationListener - Restart disabled due to context in which it is running
2026-06-10 19:13:42.753 [main] INFO  [] c.d.d.c.ClienteControllerTest - Starting ClienteControllerTest using Java 21.0.11 with PID 25592 (started by Santana in C:\Pasta Códiguinhos\arquitetura de sistemas fat\delivery-api\delivery-api)
2026-06-10 19:13:42.753 [main] INFO  [] c.d.d.c.ClienteControllerTest - The following 1 profile is active: "test"
2026-06-10 19:13:42.754 [main] DEBUG [] o.s.w.c.s.GenericWebApplicationContext - Refreshing org.springframework.web.context.support.GenericWebApplicationContext@794ce954
2026-06-10 19:13:42.946 [main] INFO  [] o.s.d.r.c.RepositoryConfigurationDelegate - Bootstrapping Spring Data JPA repositories in DEFAULT mode.
2026-06-10 19:13:42.970 [main] INFO  [] o.s.d.r.c.RepositoryConfigurationDelegate - Finished Spring Data repository scanning in 23 ms. Found 5 JPA repository interfaces.
2026-06-10 19:13:43.053 [main] INFO  [] o.s.o.j.p.SpringPersistenceUnitInfo - No LoadTimeWeaver setup: ignoring JPA class transformer
2026-06-10 19:13:43.055 [main] INFO  [] com.zaxxer.hikari.HikariDataSource - HikariPool-5 - Starting...
2026-06-10 19:13:43.056 [main] INFO  [] com.zaxxer.hikari.pool.HikariPool - HikariPool-5 - Added connection conn40: url=jdbc:h2:mem:deliverydb user=SA
2026-06-10 19:13:43.057 [main] INFO  [] com.zaxxer.hikari.HikariDataSource - HikariPool-5 - Start completed.
2026-06-10 19:13:43.057 [main] WARN  [] org.hibernate.orm.deprecation - HHH90000025: H2Dialect does not need to be specified explicitly using 'hibernate.dialect' (remove the property setting and it will be selected by default)
2026-06-10 19:13:43.111 [main] INFO  [] o.s.o.j.LocalContainerEntityManagerFactoryBean - Initialized JPA EntityManagerFactory for persistence unit 'default'
2026-06-10 19:13:43.144 [main] INFO  [] o.s.s.c.a.a.c.InitializeAuthenticationProviderBeanManagerConfigurer$InitializeAuthenticationProviderManagerConfigurer - Global AuthenticationManager configured with AuthenticationProvider bean with name authenticationProvider
2026-06-10 19:13:43.144 [main] WARN  [] o.s.s.c.a.a.c.InitializeUserDetailsBeanManagerConfigurer$InitializeUserDetailsManagerConfigurer - Global AuthenticationManager configured with an AuthenticationProvider bean. UserDetailsService beans will not be used by Spring Security for automatically configuring username/password login. Consider removing the AuthenticationProvider bean. Alternatively, consider using the UserDetailsService in a manually instantiated DaoAuthenticationProvider. If the current configuration is intentional, to turn off this warning, increase the logging level of 'org.springframework.security.config.annotation.authentication.configuration.InitializeUserDetailsBeanManagerConfigurer' to ERROR
2026-06-10 19:13:43.250 [main] DEBUG [] o.s.w.s.m.m.a.RequestMappingHandlerMapping - 42 mappings in 'requestMappingHandlerMapping'
2026-06-10 19:13:43.271 [main] DEBUG [] o.s.w.s.h.SimpleUrlHandlerMapping - Patterns [/webjars/**, /**, /swagger-ui*/*swagger-initializer.js, /swagger-ui*/**] in 'resourceHandlerMapping'
2026-06-10 19:13:43.307 [main] INFO  [] o.s.b.a.e.web.EndpointLinksResolver - Exposing 13 endpoints beneath base path '/actuator'
2026-06-10 19:13:43.338 [main] DEBUG [] o.s.s.web.DefaultSecurityFilterChain - Will secure any request with filters: DisableEncodeUrlFilter, WebAsyncManagerIntegrationFilter, SecurityContextHolderFilter, HeaderWriterFilter, CorsFilter, LogoutFilter, JwtAuthenticationFilter, RequestCacheAwareFilter, SecurityContextHolderAwareRequestFilter, AnonymousAuthenticationFilter, SessionManagementFilter, ExceptionTranslationFilter, AuthorizationFilter
2026-06-10 19:13:43.364 [main] DEBUG [] o.s.w.s.m.m.a.RequestMappingHandlerAdapter - ControllerAdvice beans: 0 @ModelAttribute, 0 @InitBinder, 1 RequestBodyAdvice, 1 ResponseBodyAdvice
2026-06-10 19:13:43.369 [main] DEBUG [] o.s.w.s.m.m.a.ExceptionHandlerExceptionResolver - ControllerAdvice beans: 2 @ExceptionHandler, 1 ResponseBodyAdvice
2026-06-10 19:13:43.401 [main] INFO  [] o.s.b.a.h.H2ConsoleAutoConfiguration - H2 console available at '/h2-console'. Database available at 'jdbc:h2:mem:deliverydb'
2026-06-10 19:13:43.413 [main] DEBUG [] o.s.w.f.ServerHttpObservationFilter - Filter 'webMvcObservationFilter' configured for use
2026-06-10 19:13:43.421 [main] INFO  [] o.s.b.t.m.w.SpringBootMockServletContext - Initializing Spring TestDispatcherServlet ''
2026-06-10 19:13:43.421 [main] INFO  [] o.s.t.w.s.TestDispatcherServlet - Initializing Servlet ''
2026-06-10 19:13:43.422 [main] INFO  [] o.s.t.w.s.TestDispatcherServlet - Completed initialization in 1 ms
2026-06-10 19:13:43.431 [main] INFO  [] c.d.d.c.ClienteControllerTest - Started ClienteControllerTest in 0.751 seconds (process running for 45.161)
2026-06-10 19:13:43.439 [main] DEBUG [] o.s.security.web.FilterChainProxy - Securing GET /api/clientes/4
2026-06-10 19:13:43.440 [main] WARN  [] c.d.d.s.JwtAuthenticationFilter - JWT Token não começa com Bearer String
2026-06-10 19:13:43.441 [main] DEBUG [] o.s.security.web.FilterChainProxy - Secured GET /api/clientes/4
2026-06-10 19:13:43.441 [main] DEBUG [9fc64a8ce0ca4723] o.s.w.s.m.m.a.RequestMappingHandlerMapping - Mapped to com.deliverytech.delivery_api.controller.ClienteController#buscarPorId(Long)
2026-06-10 19:13:43.446 [main] DEBUG [9fc64a8ce0ca4723] o.s.w.s.m.m.a.HttpEntityMethodProcessor - Using 'application/json', given [*/*] and supported [application/json, application/*+json, application/yaml]
2026-06-10 19:13:43.446 [main] DEBUG [9fc64a8ce0ca4723] o.s.w.s.m.m.a.HttpEntityMethodProcessor - Writing [com.deliverytech.delivery_api.dto.res.ClienteResDTO@6ed52345]
2026-06-10 19:13:43.451 [main] DEBUG [] o.s.w.c.s.GenericWebApplicationContext - Closing org.springframework.web.context.support.GenericWebApplicationContext@794ce954, started on Wed Jun 10 19:13:42 BRT 2026
2026-06-10 19:13:43.453 [main] INFO  [] o.s.o.j.LocalContainerEntityManagerFactoryBean - Closing JPA EntityManagerFactory for persistence unit 'default'
2026-06-10 19:13:43.455 [main] INFO  [] com.zaxxer.hikari.HikariDataSource - HikariPool-5 - Shutdown initiated...
2026-06-10 19:13:43.455 [main] INFO  [] com.zaxxer.hikari.HikariDataSource - HikariPool-5 - Shutdown completed.
2026-06-10 19:13:43.457 [main] INFO  [] o.s.b.d.r.RestartApplicationListener - Restart disabled due to context in which it is running
2026-06-10 19:13:43.477 [main] INFO  [] c.d.d.c.ClienteControllerTest - Starting ClienteControllerTest using Java 21.0.11 with PID 25592 (started by Santana in C:\Pasta Códiguinhos\arquitetura de sistemas fat\delivery-api\delivery-api)
2026-06-10 19:13:43.477 [main] INFO  [] c.d.d.c.ClienteControllerTest - The following 1 profile is active: "test"
2026-06-10 19:13:43.478 [main] DEBUG [] o.s.w.c.s.GenericWebApplicationContext - Refreshing org.springframework.web.context.support.GenericWebApplicationContext@27f616b1
2026-06-10 19:13:43.698 [main] INFO  [] o.s.d.r.c.RepositoryConfigurationDelegate - Bootstrapping Spring Data JPA repositories in DEFAULT mode.
2026-06-10 19:13:43.716 [main] INFO  [] o.s.d.r.c.RepositoryConfigurationDelegate - Finished Spring Data repository scanning in 16 ms. Found 5 JPA repository interfaces.
2026-06-10 19:13:43.780 [main] INFO  [] o.s.o.j.p.SpringPersistenceUnitInfo - No LoadTimeWeaver setup: ignoring JPA class transformer
2026-06-10 19:13:43.781 [main] INFO  [] com.zaxxer.hikari.HikariDataSource - HikariPool-6 - Starting...
2026-06-10 19:13:43.782 [main] INFO  [] com.zaxxer.hikari.pool.HikariPool - HikariPool-6 - Added connection conn50: url=jdbc:h2:mem:deliverydb user=SA
2026-06-10 19:13:43.783 [main] INFO  [] com.zaxxer.hikari.HikariDataSource - HikariPool-6 - Start completed.
2026-06-10 19:13:43.784 [main] WARN  [] org.hibernate.orm.deprecation - HHH90000025: H2Dialect does not need to be specified explicitly using 'hibernate.dialect' (remove the property setting and it will be selected by default)
2026-06-10 19:13:43.862 [main] INFO  [] o.s.o.j.LocalContainerEntityManagerFactoryBean - Initialized JPA EntityManagerFactory for persistence unit 'default'
2026-06-10 19:13:43.905 [main] INFO  [] o.s.s.c.a.a.c.InitializeAuthenticationProviderBeanManagerConfigurer$InitializeAuthenticationProviderManagerConfigurer - Global AuthenticationManager configured with AuthenticationProvider bean with name authenticationProvider
2026-06-10 19:13:43.905 [main] WARN  [] o.s.s.c.a.a.c.InitializeUserDetailsBeanManagerConfigurer$InitializeUserDetailsManagerConfigurer - Global AuthenticationManager configured with an AuthenticationProvider bean. UserDetailsService beans will not be used by Spring Security for automatically configuring username/password login. Consider removing the AuthenticationProvider bean. Alternatively, consider using the UserDetailsService in a manually instantiated DaoAuthenticationProvider. If the current configuration is intentional, to turn off this warning, increase the logging level of 'org.springframework.security.config.annotation.authentication.configuration.InitializeUserDetailsBeanManagerConfigurer' to ERROR
2026-06-10 19:13:44.015 [main] DEBUG [] o.s.w.s.m.m.a.RequestMappingHandlerMapping - 42 mappings in 'requestMappingHandlerMapping'
2026-06-10 19:13:44.038 [main] DEBUG [] o.s.w.s.h.SimpleUrlHandlerMapping - Patterns [/webjars/**, /**, /swagger-ui*/*swagger-initializer.js, /swagger-ui*/**] in 'resourceHandlerMapping'
2026-06-10 19:13:44.104 [main] INFO  [] o.s.b.a.e.web.EndpointLinksResolver - Exposing 13 endpoints beneath base path '/actuator'
2026-06-10 19:13:44.131 [main] DEBUG [] o.s.s.web.DefaultSecurityFilterChain - Will secure any request with filters: DisableEncodeUrlFilter, WebAsyncManagerIntegrationFilter, SecurityContextHolderFilter, HeaderWriterFilter, CorsFilter, LogoutFilter, JwtAuthenticationFilter, RequestCacheAwareFilter, SecurityContextHolderAwareRequestFilter, AnonymousAuthenticationFilter, SessionManagementFilter, ExceptionTranslationFilter, AuthorizationFilter
2026-06-10 19:13:44.155 [main] DEBUG [] o.s.w.s.m.m.a.RequestMappingHandlerAdapter - ControllerAdvice beans: 0 @ModelAttribute, 0 @InitBinder, 1 RequestBodyAdvice, 1 ResponseBodyAdvice
2026-06-10 19:13:44.159 [main] DEBUG [] o.s.w.s.m.m.a.ExceptionHandlerExceptionResolver - ControllerAdvice beans: 2 @ExceptionHandler, 1 ResponseBodyAdvice
2026-06-10 19:13:44.191 [main] INFO  [] o.s.b.a.h.H2ConsoleAutoConfiguration - H2 console available at '/h2-console'. Database available at 'jdbc:h2:mem:deliverydb'
2026-06-10 19:13:44.206 [main] DEBUG [] o.s.w.f.ServerHttpObservationFilter - Filter 'webMvcObservationFilter' configured for use
2026-06-10 19:13:44.206 [main] INFO  [] o.s.b.t.m.w.SpringBootMockServletContext - Initializing Spring TestDispatcherServlet ''
2026-06-10 19:13:44.207 [main] INFO  [] o.s.t.w.s.TestDispatcherServlet - Initializing Servlet ''
2026-06-10 19:13:44.207 [main] INFO  [] o.s.t.w.s.TestDispatcherServlet - Completed initialization in 0 ms
2026-06-10 19:13:44.217 [main] INFO  [] c.d.d.c.ClienteControllerTest - Started ClienteControllerTest in 0.76 seconds (process running for 45.946)
2026-06-10 19:13:44.226 [main] DEBUG [] o.s.security.web.FilterChainProxy - Securing PUT /api/clientes/4
2026-06-10 19:13:44.227 [main] WARN  [] c.d.d.s.JwtAuthenticationFilter - JWT Token não começa com Bearer String
2026-06-10 19:13:44.228 [main] DEBUG [] o.s.security.web.FilterChainProxy - Secured PUT /api/clientes/4
2026-06-10 19:13:44.228 [main] DEBUG [24217664b0114742] o.s.w.s.m.m.a.RequestMappingHandlerMapping - Mapped to com.deliverytech.delivery_api.controller.ClienteController#atualizarCliente(Long, ClienteReqDTO)
2026-06-10 19:13:44.230 [main] DEBUG [24217664b0114742] o.s.w.s.m.m.a.RequestResponseBodyMethodProcessor - Read "application/json;charset=UTF-8" to [com.deliverytech.delivery_api.dto.req.ClienteReqDTO@55c32dcb]
2026-06-10 19:13:44.237 [main] DEBUG [24217664b0114742] o.s.w.s.m.m.a.HttpEntityMethodProcessor - Using 'application/json', given [*/*] and supported [application/json, application/*+json, application/yaml]
2026-06-10 19:13:44.237 [main] DEBUG [24217664b0114742] o.s.w.s.m.m.a.HttpEntityMethodProcessor - Writing [com.deliverytech.delivery_api.dto.res.ClienteResDTO@30fe9817]
2026-06-10 19:13:44.243 [main] DEBUG [] o.s.w.c.s.GenericWebApplicationContext - Closing org.springframework.web.context.support.GenericWebApplicationContext@27f616b1, started on Wed Jun 10 19:13:43 BRT 2026
2026-06-10 19:13:44.245 [main] INFO  [] o.s.o.j.LocalContainerEntityManagerFactoryBean - Closing JPA EntityManagerFactory for persistence unit 'default'
2026-06-10 19:13:44.246 [main] INFO  [] com.zaxxer.hikari.HikariDataSource - HikariPool-6 - Shutdown initiated...
2026-06-10 19:13:44.247 [main] INFO  [] com.zaxxer.hikari.HikariDataSource - HikariPool-6 - Shutdown completed.
2026-06-10 19:13:44.249 [main] INFO  [] o.s.b.d.r.RestartApplicationListener - Restart disabled due to context in which it is running
2026-06-10 19:13:44.270 [main] INFO  [] c.d.d.c.ClienteControllerTest - Starting ClienteControllerTest using Java 21.0.11 with PID 25592 (started by Santana in C:\Pasta Códiguinhos\arquitetura de sistemas fat\delivery-api\delivery-api)
2026-06-10 19:13:44.270 [main] INFO  [] c.d.d.c.ClienteControllerTest - The following 1 profile is active: "test"
2026-06-10 19:13:44.271 [main] DEBUG [] o.s.w.c.s.GenericWebApplicationContext - Refreshing org.springframework.web.context.support.GenericWebApplicationContext@1746638d
2026-06-10 19:13:44.457 [main] INFO  [] o.s.d.r.c.RepositoryConfigurationDelegate - Bootstrapping Spring Data JPA repositories in DEFAULT mode.
2026-06-10 19:13:44.478 [main] INFO  [] o.s.d.r.c.RepositoryConfigurationDelegate - Finished Spring Data repository scanning in 20 ms. Found 5 JPA repository interfaces.
2026-06-10 19:13:44.525 [main] INFO  [] o.s.o.j.p.SpringPersistenceUnitInfo - No LoadTimeWeaver setup: ignoring JPA class transformer
2026-06-10 19:13:44.525 [main] INFO  [] com.zaxxer.hikari.HikariDataSource - HikariPool-7 - Starting...
2026-06-10 19:13:44.527 [main] INFO  [] com.zaxxer.hikari.pool.HikariPool - HikariPool-7 - Added connection conn60: url=jdbc:h2:mem:deliverydb user=SA
2026-06-10 19:13:44.527 [main] INFO  [] com.zaxxer.hikari.HikariDataSource - HikariPool-7 - Start completed.
2026-06-10 19:13:44.527 [main] WARN  [] org.hibernate.orm.deprecation - HHH90000025: H2Dialect does not need to be specified explicitly using 'hibernate.dialect' (remove the property setting and it will be selected by default)
2026-06-10 19:13:44.571 [main] INFO  [] o.s.o.j.LocalContainerEntityManagerFactoryBean - Initialized JPA EntityManagerFactory for persistence unit 'default'
2026-06-10 19:13:44.594 [main] INFO  [] o.s.s.c.a.a.c.InitializeAuthenticationProviderBeanManagerConfigurer$InitializeAuthenticationProviderManagerConfigurer - Global AuthenticationManager configured with AuthenticationProvider bean with name authenticationProvider
2026-06-10 19:13:44.594 [main] WARN  [] o.s.s.c.a.a.c.InitializeUserDetailsBeanManagerConfigurer$InitializeUserDetailsManagerConfigurer - Global AuthenticationManager configured with an AuthenticationProvider bean. UserDetailsService beans will not be used by Spring Security for automatically configuring username/password login. Consider removing the AuthenticationProvider bean. Alternatively, consider using the UserDetailsService in a manually instantiated DaoAuthenticationProvider. If the current configuration is intentional, to turn off this warning, increase the logging level of 'org.springframework.security.config.annotation.authentication.configuration.InitializeUserDetailsBeanManagerConfigurer' to ERROR
2026-06-10 19:13:44.693 [main] DEBUG [] o.s.w.s.m.m.a.RequestMappingHandlerMapping - 42 mappings in 'requestMappingHandlerMapping'
2026-06-10 19:13:44.714 [main] DEBUG [] o.s.w.s.h.SimpleUrlHandlerMapping - Patterns [/webjars/**, /**, /swagger-ui*/*swagger-initializer.js, /swagger-ui*/**] in 'resourceHandlerMapping'
2026-06-10 19:13:44.753 [main] INFO  [] o.s.b.a.e.web.EndpointLinksResolver - Exposing 13 endpoints beneath base path '/actuator'
2026-06-10 19:13:44.782 [main] DEBUG [] o.s.s.web.DefaultSecurityFilterChain - Will secure any request with filters: DisableEncodeUrlFilter, WebAsyncManagerIntegrationFilter, SecurityContextHolderFilter, HeaderWriterFilter, CorsFilter, LogoutFilter, JwtAuthenticationFilter, RequestCacheAwareFilter, SecurityContextHolderAwareRequestFilter, AnonymousAuthenticationFilter, SessionManagementFilter, ExceptionTranslationFilter, AuthorizationFilter
2026-06-10 19:13:44.805 [main] DEBUG [] o.s.w.s.m.m.a.RequestMappingHandlerAdapter - ControllerAdvice beans: 0 @ModelAttribute, 0 @InitBinder, 1 RequestBodyAdvice, 1 ResponseBodyAdvice
2026-06-10 19:13:44.810 [main] DEBUG [] o.s.w.s.m.m.a.ExceptionHandlerExceptionResolver - ControllerAdvice beans: 2 @ExceptionHandler, 1 ResponseBodyAdvice
2026-06-10 19:13:44.847 [main] INFO  [] o.s.b.a.h.H2ConsoleAutoConfiguration - H2 console available at '/h2-console'. Database available at 'jdbc:h2:mem:deliverydb'
2026-06-10 19:13:44.860 [main] DEBUG [] o.s.w.f.ServerHttpObservationFilter - Filter 'webMvcObservationFilter' configured for use
2026-06-10 19:13:44.860 [main] INFO  [] o.s.b.t.m.w.SpringBootMockServletContext - Initializing Spring TestDispatcherServlet ''
2026-06-10 19:13:44.860 [main] INFO  [] o.s.t.w.s.TestDispatcherServlet - Initializing Servlet ''
2026-06-10 19:13:44.861 [main] INFO  [] o.s.t.w.s.TestDispatcherServlet - Completed initialization in 1 ms
2026-06-10 19:13:44.868 [main] INFO  [] c.d.d.c.ClienteControllerTest - Started ClienteControllerTest in 0.62 seconds (process running for 46.598)
2026-06-10 19:13:44.876 [main] DEBUG [] o.s.security.web.FilterChainProxy - Securing PUT /api/clientes/999999
2026-06-10 19:13:44.877 [main] WARN  [] c.d.d.s.JwtAuthenticationFilter - JWT Token não começa com Bearer String
2026-06-10 19:13:44.878 [main] DEBUG [] o.s.security.web.FilterChainProxy - Secured PUT /api/clientes/999999
2026-06-10 19:13:44.878 [main] DEBUG [2db35ebf69024572] o.s.w.s.m.m.a.RequestMappingHandlerMapping - Mapped to com.deliverytech.delivery_api.controller.ClienteController#atualizarCliente(Long, ClienteReqDTO)
2026-06-10 19:13:44.880 [main] DEBUG [2db35ebf69024572] o.s.w.s.m.m.a.RequestResponseBodyMethodProcessor - Read "application/json;charset=UTF-8" to [com.deliverytech.delivery_api.dto.req.ClienteReqDTO@498fe575]
2026-06-10 19:13:45.484 [main] DEBUG [2db35ebf69024572] o.s.w.s.m.m.a.ExceptionHandlerExceptionResolver - Using @ExceptionHandler com.deliverytech.delivery_api.exception.GlobalExceptionHandler#handleEntityNotFound(EntityNotFoundException, HttpServletRequest)
2026-06-10 19:13:45.488 [main] DEBUG [2db35ebf69024572] o.s.w.s.m.m.a.HttpEntityMethodProcessor - Using 'application/json', given [*/*] and supported [application/json, application/*+json, application/yaml]
2026-06-10 19:13:45.488 [main] DEBUG [2db35ebf69024572] o.s.w.s.m.m.a.HttpEntityMethodProcessor - Writing [com.deliverytech.delivery_api.dto.ErrorResponse@30c4393b]
2026-06-10 19:13:45.488 [main] DEBUG [2db35ebf69024572] o.s.w.s.m.m.a.ExceptionHandlerExceptionResolver - Resolved [com.deliverytech.delivery_api.exception.EntityNotFoundException: Cliente não encontrado com ID: 999999]
2026-06-10 19:13:45.493 [main] DEBUG [] o.s.w.c.s.GenericWebApplicationContext - Closing org.springframework.web.context.support.GenericWebApplicationContext@1746638d, started on Wed Jun 10 19:13:44 BRT 2026
2026-06-10 19:13:45.495 [main] INFO  [] o.s.o.j.LocalContainerEntityManagerFactoryBean - Closing JPA EntityManagerFactory for persistence unit 'default'
2026-06-10 19:13:45.496 [main] INFO  [] com.zaxxer.hikari.HikariDataSource - HikariPool-7 - Shutdown initiated...
2026-06-10 19:13:45.496 [main] INFO  [] com.zaxxer.hikari.HikariDataSource - HikariPool-7 - Shutdown completed.
2026-06-10 19:13:45.498 [main] INFO  [] o.s.b.d.r.RestartApplicationListener - Restart disabled due to context in which it is running
2026-06-10 19:13:45.517 [main] INFO  [] c.d.d.c.ClienteControllerTest - Starting ClienteControllerTest using Java 21.0.11 with PID 25592 (started by Santana in C:\Pasta Códiguinhos\arquitetura de sistemas fat\delivery-api\delivery-api)
2026-06-10 19:13:45.517 [main] INFO  [] c.d.d.c.ClienteControllerTest - The following 1 profile is active: "test"
2026-06-10 19:13:45.518 [main] DEBUG [] o.s.w.c.s.GenericWebApplicationContext - Refreshing org.springframework.web.context.support.GenericWebApplicationContext@459383d5
2026-06-10 19:13:45.694 [main] INFO  [] o.s.d.r.c.RepositoryConfigurationDelegate - Bootstrapping Spring Data JPA repositories in DEFAULT mode.
2026-06-10 19:13:45.710 [main] INFO  [] o.s.d.r.c.RepositoryConfigurationDelegate - Finished Spring Data repository scanning in 14 ms. Found 5 JPA repository interfaces.
2026-06-10 19:13:45.759 [main] INFO  [] o.s.o.j.p.SpringPersistenceUnitInfo - No LoadTimeWeaver setup: ignoring JPA class transformer
2026-06-10 19:13:45.759 [main] INFO  [] com.zaxxer.hikari.HikariDataSource - HikariPool-8 - Starting...
2026-06-10 19:13:45.761 [main] INFO  [] com.zaxxer.hikari.pool.HikariPool - HikariPool-8 - Added connection conn70: url=jdbc:h2:mem:deliverydb user=SA
2026-06-10 19:13:45.761 [main] INFO  [] com.zaxxer.hikari.HikariDataSource - HikariPool-8 - Start completed.
2026-06-10 19:13:45.761 [main] WARN  [] org.hibernate.orm.deprecation - HHH90000025: H2Dialect does not need to be specified explicitly using 'hibernate.dialect' (remove the property setting and it will be selected by default)
2026-06-10 19:13:45.801 [main] INFO  [] o.s.o.j.LocalContainerEntityManagerFactoryBean - Initialized JPA EntityManagerFactory for persistence unit 'default'
2026-06-10 19:13:45.821 [main] INFO  [] o.s.s.c.a.a.c.InitializeAuthenticationProviderBeanManagerConfigurer$InitializeAuthenticationProviderManagerConfigurer - Global AuthenticationManager configured with AuthenticationProvider bean with name authenticationProvider
2026-06-10 19:13:45.821 [main] WARN  [] o.s.s.c.a.a.c.InitializeUserDetailsBeanManagerConfigurer$InitializeUserDetailsManagerConfigurer - Global AuthenticationManager configured with an AuthenticationProvider bean. UserDetailsService beans will not be used by Spring Security for automatically configuring username/password login. Consider removing the AuthenticationProvider bean. Alternatively, consider using the UserDetailsService in a manually instantiated DaoAuthenticationProvider. If the current configuration is intentional, to turn off this warning, increase the logging level of 'org.springframework.security.config.annotation.authentication.configuration.InitializeUserDetailsBeanManagerConfigurer' to ERROR
2026-06-10 19:13:45.910 [main] DEBUG [] o.s.w.s.m.m.a.RequestMappingHandlerMapping - 42 mappings in 'requestMappingHandlerMapping'
2026-06-10 19:13:45.930 [main] DEBUG [] o.s.w.s.h.SimpleUrlHandlerMapping - Patterns [/webjars/**, /**, /swagger-ui*/*swagger-initializer.js, /swagger-ui*/**] in 'resourceHandlerMapping'
2026-06-10 19:13:45.970 [main] INFO  [] o.s.b.a.e.web.EndpointLinksResolver - Exposing 13 endpoints beneath base path '/actuator'
2026-06-10 19:13:45.996 [main] DEBUG [] o.s.s.web.DefaultSecurityFilterChain - Will secure any request with filters: DisableEncodeUrlFilter, WebAsyncManagerIntegrationFilter, SecurityContextHolderFilter, HeaderWriterFilter, CorsFilter, LogoutFilter, JwtAuthenticationFilter, RequestCacheAwareFilter, SecurityContextHolderAwareRequestFilter, AnonymousAuthenticationFilter, SessionManagementFilter, ExceptionTranslationFilter, AuthorizationFilter
2026-06-10 19:13:46.017 [main] DEBUG [] o.s.w.s.m.m.a.RequestMappingHandlerAdapter - ControllerAdvice beans: 0 @ModelAttribute, 0 @InitBinder, 1 RequestBodyAdvice, 1 ResponseBodyAdvice
2026-06-10 19:13:46.020 [main] DEBUG [] o.s.w.s.m.m.a.ExceptionHandlerExceptionResolver - ControllerAdvice beans: 2 @ExceptionHandler, 1 ResponseBodyAdvice
2026-06-10 19:13:46.049 [main] INFO  [] o.s.b.a.h.H2ConsoleAutoConfiguration - H2 console available at '/h2-console'. Database available at 'jdbc:h2:mem:deliverydb'
2026-06-10 19:13:46.061 [main] DEBUG [] o.s.w.f.ServerHttpObservationFilter - Filter 'webMvcObservationFilter' configured for use
2026-06-10 19:13:46.062 [main] INFO  [] o.s.b.t.m.w.SpringBootMockServletContext - Initializing Spring TestDispatcherServlet ''
2026-06-10 19:13:46.062 [main] INFO  [] o.s.t.w.s.TestDispatcherServlet - Initializing Servlet ''
2026-06-10 19:13:46.062 [main] INFO  [] o.s.t.w.s.TestDispatcherServlet - Completed initialization in 0 ms
2026-06-10 19:13:46.071 [main] INFO  [] c.d.d.c.ClienteControllerTest - Started ClienteControllerTest in 0.573 seconds (process running for 47.801)
2026-06-10 19:13:46.079 [main] DEBUG [] o.s.security.web.FilterChainProxy - Securing GET /api/clientes/email/joao.teste@email.com
2026-06-10 19:13:46.079 [main] WARN  [] c.d.d.s.JwtAuthenticationFilter - JWT Token não começa com Bearer String
2026-06-10 19:13:46.080 [main] DEBUG [] o.s.security.web.FilterChainProxy - Secured GET /api/clientes/email/joao.teste@email.com
2026-06-10 19:13:46.081 [main] DEBUG [98097ff362ef484d] o.s.w.s.m.m.a.RequestMappingHandlerMapping - Mapped to com.deliverytech.delivery_api.controller.ClienteController#buscarPorEmail(String)
2026-06-10 19:13:46.086 [main] DEBUG [98097ff362ef484d] o.s.w.s.m.m.a.HttpEntityMethodProcessor - Using 'application/json', given [*/*] and supported [application/json, application/*+json, application/yaml]
2026-06-10 19:13:46.086 [main] DEBUG [98097ff362ef484d] o.s.w.s.m.m.a.HttpEntityMethodProcessor - Writing [com.deliverytech.delivery_api.dto.res.ClienteResDTO@44b67069]
2026-06-10 19:13:46.091 [main] DEBUG [] o.s.w.c.s.GenericWebApplicationContext - Closing org.springframework.web.context.support.GenericWebApplicationContext@459383d5, started on Wed Jun 10 19:13:45 BRT 2026
2026-06-10 19:13:46.092 [main] INFO  [] o.s.o.j.LocalContainerEntityManagerFactoryBean - Closing JPA EntityManagerFactory for persistence unit 'default'
2026-06-10 19:13:46.094 [main] INFO  [] com.zaxxer.hikari.HikariDataSource - HikariPool-8 - Shutdown initiated...
2026-06-10 19:13:46.118 [main] INFO  [] com.zaxxer.hikari.HikariDataSource - HikariPool-8 - Shutdown completed.
2026-06-10 19:13:46.120 [main] INFO  [] o.s.b.d.r.RestartApplicationListener - Restart disabled due to context in which it is running
2026-06-10 19:13:46.138 [main] INFO  [] c.d.d.c.ClienteControllerTest - Starting ClienteControllerTest using Java 21.0.11 with PID 25592 (started by Santana in C:\Pasta Códiguinhos\arquitetura de sistemas fat\delivery-api\delivery-api)
2026-06-10 19:13:46.139 [main] INFO  [] c.d.d.c.ClienteControllerTest - The following 1 profile is active: "test"
2026-06-10 19:13:46.139 [main] DEBUG [] o.s.w.c.s.GenericWebApplicationContext - Refreshing org.springframework.web.context.support.GenericWebApplicationContext@6fc504c2
2026-06-10 19:13:46.325 [main] INFO  [] o.s.d.r.c.RepositoryConfigurationDelegate - Bootstrapping Spring Data JPA repositories in DEFAULT mode.
2026-06-10 19:13:46.341 [main] INFO  [] o.s.d.r.c.RepositoryConfigurationDelegate - Finished Spring Data repository scanning in 15 ms. Found 5 JPA repository interfaces.
2026-06-10 19:13:46.390 [main] INFO  [] o.s.o.j.p.SpringPersistenceUnitInfo - No LoadTimeWeaver setup: ignoring JPA class transformer
2026-06-10 19:13:46.390 [main] INFO  [] com.zaxxer.hikari.HikariDataSource - HikariPool-9 - Starting...
2026-06-10 19:13:46.391 [main] INFO  [] com.zaxxer.hikari.pool.HikariPool - HikariPool-9 - Added connection conn79: url=jdbc:h2:mem:deliverydb user=SA
2026-06-10 19:13:46.391 [main] INFO  [] com.zaxxer.hikari.HikariDataSource - HikariPool-9 - Start completed.
2026-06-10 19:13:46.391 [main] WARN  [] org.hibernate.orm.deprecation - HHH90000025: H2Dialect does not need to be specified explicitly using 'hibernate.dialect' (remove the property setting and it will be selected by default)
2026-06-10 19:13:46.431 [main] INFO  [] o.s.o.j.LocalContainerEntityManagerFactoryBean - Initialized JPA EntityManagerFactory for persistence unit 'default'
2026-06-10 19:13:46.451 [main] INFO  [] o.s.s.c.a.a.c.InitializeAuthenticationProviderBeanManagerConfigurer$InitializeAuthenticationProviderManagerConfigurer - Global AuthenticationManager configured with AuthenticationProvider bean with name authenticationProvider
2026-06-10 19:13:46.451 [main] WARN  [] o.s.s.c.a.a.c.InitializeUserDetailsBeanManagerConfigurer$InitializeUserDetailsManagerConfigurer - Global AuthenticationManager configured with an AuthenticationProvider bean. UserDetailsService beans will not be used by Spring Security for automatically configuring username/password login. Consider removing the AuthenticationProvider bean. Alternatively, consider using the UserDetailsService in a manually instantiated DaoAuthenticationProvider. If the current configuration is intentional, to turn off this warning, increase the logging level of 'org.springframework.security.config.annotation.authentication.configuration.InitializeUserDetailsBeanManagerConfigurer' to ERROR
2026-06-10 19:13:46.549 [main] DEBUG [] o.s.w.s.m.m.a.RequestMappingHandlerMapping - 42 mappings in 'requestMappingHandlerMapping'
2026-06-10 19:13:46.571 [main] DEBUG [] o.s.w.s.h.SimpleUrlHandlerMapping - Patterns [/webjars/**, /**, /swagger-ui*/*swagger-initializer.js, /swagger-ui*/**] in 'resourceHandlerMapping'
2026-06-10 19:13:46.606 [main] INFO  [] o.s.b.a.e.web.EndpointLinksResolver - Exposing 13 endpoints beneath base path '/actuator'
2026-06-10 19:13:46.633 [main] DEBUG [] o.s.s.web.DefaultSecurityFilterChain - Will secure any request with filters: DisableEncodeUrlFilter, WebAsyncManagerIntegrationFilter, SecurityContextHolderFilter, HeaderWriterFilter, CorsFilter, LogoutFilter, JwtAuthenticationFilter, RequestCacheAwareFilter, SecurityContextHolderAwareRequestFilter, AnonymousAuthenticationFilter, SessionManagementFilter, ExceptionTranslationFilter, AuthorizationFilter
2026-06-10 19:13:46.655 [main] DEBUG [] o.s.w.s.m.m.a.RequestMappingHandlerAdapter - ControllerAdvice beans: 0 @ModelAttribute, 0 @InitBinder, 1 RequestBodyAdvice, 1 ResponseBodyAdvice
2026-06-10 19:13:46.660 [main] DEBUG [] o.s.w.s.m.m.a.ExceptionHandlerExceptionResolver - ControllerAdvice beans: 2 @ExceptionHandler, 1 ResponseBodyAdvice
2026-06-10 19:13:46.691 [main] INFO  [] o.s.b.a.h.H2ConsoleAutoConfiguration - H2 console available at '/h2-console'. Database available at 'jdbc:h2:mem:deliverydb'
2026-06-10 19:13:46.702 [main] DEBUG [] o.s.w.f.ServerHttpObservationFilter - Filter 'webMvcObservationFilter' configured for use
2026-06-10 19:13:46.702 [main] INFO  [] o.s.b.t.m.w.SpringBootMockServletContext - Initializing Spring TestDispatcherServlet ''
2026-06-10 19:13:46.702 [main] INFO  [] o.s.t.w.s.TestDispatcherServlet - Initializing Servlet ''
2026-06-10 19:13:46.702 [main] INFO  [] o.s.t.w.s.TestDispatcherServlet - Completed initialization in 0 ms
2026-06-10 19:13:46.711 [main] INFO  [] c.d.d.c.ClienteControllerTest - Started ClienteControllerTest in 0.592 seconds (process running for 48.441)
2026-06-10 19:13:46.719 [main] DEBUG [] o.s.security.web.FilterChainProxy - Securing GET /api/clientes
2026-06-10 19:13:46.720 [main] WARN  [] c.d.d.s.JwtAuthenticationFilter - JWT Token não começa com Bearer String
2026-06-10 19:13:46.720 [main] DEBUG [] o.s.security.web.FilterChainProxy - Secured GET /api/clientes
2026-06-10 19:13:46.721 [main] DEBUG [0254135bd40e48f1] o.s.w.s.m.m.a.RequestMappingHandlerMapping - Mapped to com.deliverytech.delivery_api.controller.ClienteController#listarClientesAtivos()
2026-06-10 19:13:46.737 [main] DEBUG [0254135bd40e48f1] o.s.w.s.m.m.a.HttpEntityMethodProcessor - Using 'application/json', given [*/*] and supported [application/json, application/*+json, application/yaml]
2026-06-10 19:13:46.737 [main] DEBUG [0254135bd40e48f1] o.s.w.s.m.m.a.HttpEntityMethodProcessor - Writing [[com.deliverytech.delivery_api.dto.res.ClienteResDTO@4802c110, com.deliverytech.delivery_api.dto.res (truncated)...]
2026-06-10 19:13:48.170 [main] DEBUG [] o.s.w.c.s.GenericWebApplicationContext - Closing org.springframework.web.context.support.GenericWebApplicationContext@6fc504c2, started on Wed Jun 10 19:13:46 BRT 2026
2026-06-10 19:13:48.171 [main] INFO  [] o.s.o.j.LocalContainerEntityManagerFactoryBean - Closing JPA EntityManagerFactory for persistence unit 'default'
2026-06-10 19:13:48.172 [main] INFO  [] com.zaxxer.hikari.HikariDataSource - HikariPool-9 - Shutdown initiated...
2026-06-10 19:13:48.173 [main] INFO  [] com.zaxxer.hikari.HikariDataSource - HikariPool-9 - Shutdown completed.
2026-06-10 19:13:48.176 [main] INFO  [] o.s.b.d.r.RestartApplicationListener - Restart disabled due to context in which it is running
2026-06-10 19:13:48.195 [main] INFO  [] c.d.d.c.ClienteControllerTest - Starting ClienteControllerTest using Java 21.0.11 with PID 25592 (started by Santana in C:\Pasta Códiguinhos\arquitetura de sistemas fat\delivery-api\delivery-api)
2026-06-10 19:13:48.195 [main] INFO  [] c.d.d.c.ClienteControllerTest - The following 1 profile is active: "test"
2026-06-10 19:13:48.196 [main] DEBUG [] o.s.w.c.s.GenericWebApplicationContext - Refreshing org.springframework.web.context.support.GenericWebApplicationContext@78cd9c13
2026-06-10 19:13:49.181 [main] INFO  [] o.s.d.r.c.RepositoryConfigurationDelegate - Bootstrapping Spring Data JPA repositories in DEFAULT mode.
2026-06-10 19:13:49.212 [main] INFO  [] o.s.d.r.c.RepositoryConfigurationDelegate - Finished Spring Data repository scanning in 30 ms. Found 5 JPA repository interfaces.
2026-06-10 19:13:49.263 [main] INFO  [] o.s.o.j.p.SpringPersistenceUnitInfo - No LoadTimeWeaver setup: ignoring JPA class transformer
2026-06-10 19:13:49.263 [main] INFO  [] com.zaxxer.hikari.HikariDataSource - HikariPool-10 - Starting...
2026-06-10 19:13:49.266 [main] INFO  [] com.zaxxer.hikari.pool.HikariPool - HikariPool-10 - Added connection conn89: url=jdbc:h2:mem:deliverydb user=SA
2026-06-10 19:13:49.266 [main] INFO  [] com.zaxxer.hikari.HikariDataSource - HikariPool-10 - Start completed.
2026-06-10 19:13:49.267 [main] WARN  [] org.hibernate.orm.deprecation - HHH90000025: H2Dialect does not need to be specified explicitly using 'hibernate.dialect' (remove the property setting and it will be selected by default)
2026-06-10 19:13:49.478 [main] INFO  [] o.s.o.j.LocalContainerEntityManagerFactoryBean - Initialized JPA EntityManagerFactory for persistence unit 'default'
2026-06-10 19:13:49.498 [main] INFO  [] o.s.s.c.a.a.c.InitializeAuthenticationProviderBeanManagerConfigurer$InitializeAuthenticationProviderManagerConfigurer - Global AuthenticationManager configured with AuthenticationProvider bean with name authenticationProvider
2026-06-10 19:13:49.498 [main] WARN  [] o.s.s.c.a.a.c.InitializeUserDetailsBeanManagerConfigurer$InitializeUserDetailsManagerConfigurer - Global AuthenticationManager configured with an AuthenticationProvider bean. UserDetailsService beans will not be used by Spring Security for automatically configuring username/password login. Consider removing the AuthenticationProvider bean. Alternatively, consider using the UserDetailsService in a manually instantiated DaoAuthenticationProvider. If the current configuration is intentional, to turn off this warning, increase the logging level of 'org.springframework.security.config.annotation.authentication.configuration.InitializeUserDetailsBeanManagerConfigurer' to ERROR
2026-06-10 19:13:49.584 [main] DEBUG [] o.s.w.s.m.m.a.RequestMappingHandlerMapping - 42 mappings in 'requestMappingHandlerMapping'
2026-06-10 19:13:49.603 [main] DEBUG [] o.s.w.s.h.SimpleUrlHandlerMapping - Patterns [/webjars/**, /**, /swagger-ui*/*swagger-initializer.js, /swagger-ui*/**] in 'resourceHandlerMapping'
2026-06-10 19:13:49.634 [main] INFO  [] o.s.b.a.e.web.EndpointLinksResolver - Exposing 13 endpoints beneath base path '/actuator'
2026-06-10 19:13:49.660 [main] DEBUG [] o.s.s.web.DefaultSecurityFilterChain - Will secure any request with filters: DisableEncodeUrlFilter, WebAsyncManagerIntegrationFilter, SecurityContextHolderFilter, HeaderWriterFilter, CorsFilter, LogoutFilter, JwtAuthenticationFilter, RequestCacheAwareFilter, SecurityContextHolderAwareRequestFilter, AnonymousAuthenticationFilter, SessionManagementFilter, ExceptionTranslationFilter, AuthorizationFilter
2026-06-10 19:13:49.682 [main] DEBUG [] o.s.w.s.m.m.a.RequestMappingHandlerAdapter - ControllerAdvice beans: 0 @ModelAttribute, 0 @InitBinder, 1 RequestBodyAdvice, 1 ResponseBodyAdvice
2026-06-10 19:13:49.686 [main] DEBUG [] o.s.w.s.m.m.a.ExceptionHandlerExceptionResolver - ControllerAdvice beans: 2 @ExceptionHandler, 1 ResponseBodyAdvice
2026-06-10 19:13:49.713 [main] INFO  [] o.s.b.a.h.H2ConsoleAutoConfiguration - H2 console available at '/h2-console'. Database available at 'jdbc:h2:mem:deliverydb'
2026-06-10 19:13:49.724 [main] DEBUG [] o.s.w.f.ServerHttpObservationFilter - Filter 'webMvcObservationFilter' configured for use
2026-06-10 19:13:49.724 [main] INFO  [] o.s.b.t.m.w.SpringBootMockServletContext - Initializing Spring TestDispatcherServlet ''
2026-06-10 19:13:49.724 [main] INFO  [] o.s.t.w.s.TestDispatcherServlet - Initializing Servlet ''
2026-06-10 19:13:49.725 [main] INFO  [] o.s.t.w.s.TestDispatcherServlet - Completed initialization in 1 ms
2026-06-10 19:13:49.734 [main] INFO  [] c.d.d.c.ClienteControllerTest - Started ClienteControllerTest in 1.559 seconds (process running for 51.463)
2026-06-10 19:13:49.740 [main] DEBUG [] o.s.security.web.FilterChainProxy - Securing GET /api/clientes/999999
2026-06-10 19:13:49.740 [main] WARN  [] c.d.d.s.JwtAuthenticationFilter - JWT Token não começa com Bearer String
2026-06-10 19:13:49.741 [main] DEBUG [] o.s.security.web.FilterChainProxy - Secured GET /api/clientes/999999
2026-06-10 19:13:49.742 [main] DEBUG [57ebef209a924999] o.s.w.s.m.m.a.RequestMappingHandlerMapping - Mapped to com.deliverytech.delivery_api.controller.ClienteController#buscarPorId(Long)
2026-06-10 19:13:49.744 [main] DEBUG [57ebef209a924999] o.s.w.s.m.m.a.ExceptionHandlerExceptionResolver - Using @ExceptionHandler com.deliverytech.delivery_api.exception.GlobalExceptionHandler#handleEntityNotFound(EntityNotFoundException, HttpServletRequest)
2026-06-10 19:13:49.747 [main] DEBUG [57ebef209a924999] o.s.w.s.m.m.a.HttpEntityMethodProcessor - Using 'application/json', given [*/*] and supported [application/json, application/*+json, application/yaml]
2026-06-10 19:13:49.747 [main] DEBUG [57ebef209a924999] o.s.w.s.m.m.a.HttpEntityMethodProcessor - Writing [com.deliverytech.delivery_api.dto.ErrorResponse@5acea471]
2026-06-10 19:13:49.748 [main] DEBUG [57ebef209a924999] o.s.w.s.m.m.a.ExceptionHandlerExceptionResolver - Resolved [com.deliverytech.delivery_api.exception.EntityNotFoundException: Cliente não encontrado com ID: 999999]
2026-06-10 19:13:49.751 [main] DEBUG [] o.s.w.c.s.GenericWebApplicationContext - Closing org.springframework.web.context.support.GenericWebApplicationContext@78cd9c13, started on Wed Jun 10 19:13:48 BRT 2026
2026-06-10 19:13:49.752 [main] INFO  [] o.s.o.j.LocalContainerEntityManagerFactoryBean - Closing JPA EntityManagerFactory for persistence unit 'default'
2026-06-10 19:13:49.754 [main] INFO  [] com.zaxxer.hikari.HikariDataSource - HikariPool-10 - Shutdown initiated...
2026-06-10 19:13:49.755 [main] INFO  [] com.zaxxer.hikari.HikariDataSource - HikariPool-10 - Shutdown completed.
2026-06-10 19:13:49.756 [main] INFO  [] o.s.b.d.r.RestartApplicationListener - Restart disabled due to context in which it is running
2026-06-10 19:13:49.774 [main] INFO  [] c.d.d.c.ClienteControllerTest - Starting ClienteControllerTest using Java 21.0.11 with PID 25592 (started by Santana in C:\Pasta Códiguinhos\arquitetura de sistemas fat\delivery-api\delivery-api)
2026-06-10 19:13:49.774 [main] INFO  [] c.d.d.c.ClienteControllerTest - The following 1 profile is active: "test"
2026-06-10 19:13:49.775 [main] DEBUG [] o.s.w.c.s.GenericWebApplicationContext - Refreshing org.springframework.web.context.support.GenericWebApplicationContext@2e7533e0
2026-06-10 19:13:49.938 [main] INFO  [] o.s.d.r.c.RepositoryConfigurationDelegate - Bootstrapping Spring Data JPA repositories in DEFAULT mode.
2026-06-10 19:13:49.954 [main] INFO  [] o.s.d.r.c.RepositoryConfigurationDelegate - Finished Spring Data repository scanning in 14 ms. Found 5 JPA repository interfaces.
2026-06-10 19:13:50.000 [main] INFO  [] o.s.o.j.p.SpringPersistenceUnitInfo - No LoadTimeWeaver setup: ignoring JPA class transformer
2026-06-10 19:13:50.000 [main] INFO  [] com.zaxxer.hikari.HikariDataSource - HikariPool-11 - Starting...
2026-06-10 19:13:50.001 [main] INFO  [] com.zaxxer.hikari.pool.HikariPool - HikariPool-11 - Added connection conn99: url=jdbc:h2:mem:deliverydb user=SA
2026-06-10 19:13:50.002 [main] INFO  [] com.zaxxer.hikari.HikariDataSource - HikariPool-11 - Start completed.
2026-06-10 19:13:50.002 [main] WARN  [] org.hibernate.orm.deprecation - HHH90000025: H2Dialect does not need to be specified explicitly using 'hibernate.dialect' (remove the property setting and it will be selected by default)
2026-06-10 19:13:50.039 [main] INFO  [] o.s.o.j.LocalContainerEntityManagerFactoryBean - Initialized JPA EntityManagerFactory for persistence unit 'default'
2026-06-10 19:13:50.057 [main] INFO  [] o.s.s.c.a.a.c.InitializeAuthenticationProviderBeanManagerConfigurer$InitializeAuthenticationProviderManagerConfigurer - Global AuthenticationManager configured with AuthenticationProvider bean with name authenticationProvider
2026-06-10 19:13:50.057 [main] WARN  [] o.s.s.c.a.a.c.InitializeUserDetailsBeanManagerConfigurer$InitializeUserDetailsManagerConfigurer - Global AuthenticationManager configured with an AuthenticationProvider bean. UserDetailsService beans will not be used by Spring Security for automatically configuring username/password login. Consider removing the AuthenticationProvider bean. Alternatively, consider using the UserDetailsService in a manually instantiated DaoAuthenticationProvider. If the current configuration is intentional, to turn off this warning, increase the logging level of 'org.springframework.security.config.annotation.authentication.configuration.InitializeUserDetailsBeanManagerConfigurer' to ERROR
2026-06-10 19:13:50.138 [main] DEBUG [] o.s.w.s.m.m.a.RequestMappingHandlerMapping - 42 mappings in 'requestMappingHandlerMapping'
2026-06-10 19:13:50.159 [main] DEBUG [] o.s.w.s.h.SimpleUrlHandlerMapping - Patterns [/webjars/**, /**, /swagger-ui*/*swagger-initializer.js, /swagger-ui*/**] in 'resourceHandlerMapping'
2026-06-10 19:13:50.193 [main] INFO  [] o.s.b.a.e.web.EndpointLinksResolver - Exposing 13 endpoints beneath base path '/actuator'
2026-06-10 19:13:50.228 [main] DEBUG [] o.s.s.web.DefaultSecurityFilterChain - Will secure any request with filters: DisableEncodeUrlFilter, WebAsyncManagerIntegrationFilter, SecurityContextHolderFilter, HeaderWriterFilter, CorsFilter, LogoutFilter, JwtAuthenticationFilter, RequestCacheAwareFilter, SecurityContextHolderAwareRequestFilter, AnonymousAuthenticationFilter, SessionManagementFilter, ExceptionTranslationFilter, AuthorizationFilter
2026-06-10 19:13:50.249 [main] DEBUG [] o.s.w.s.m.m.a.RequestMappingHandlerAdapter - ControllerAdvice beans: 0 @ModelAttribute, 0 @InitBinder, 1 RequestBodyAdvice, 1 ResponseBodyAdvice
2026-06-10 19:13:50.253 [main] DEBUG [] o.s.w.s.m.m.a.ExceptionHandlerExceptionResolver - ControllerAdvice beans: 2 @ExceptionHandler, 1 ResponseBodyAdvice
2026-06-10 19:13:50.279 [main] INFO  [] o.s.b.a.h.H2ConsoleAutoConfiguration - H2 console available at '/h2-console'. Database available at 'jdbc:h2:mem:deliverydb'
2026-06-10 19:13:50.291 [main] DEBUG [] o.s.w.f.ServerHttpObservationFilter - Filter 'webMvcObservationFilter' configured for use
2026-06-10 19:13:50.291 [main] INFO  [] o.s.b.t.m.w.SpringBootMockServletContext - Initializing Spring TestDispatcherServlet ''
2026-06-10 19:13:50.291 [main] INFO  [] o.s.t.w.s.TestDispatcherServlet - Initializing Servlet ''
2026-06-10 19:13:50.292 [main] INFO  [] o.s.t.w.s.TestDispatcherServlet - Completed initialization in 1 ms
2026-06-10 19:13:50.301 [main] INFO  [] c.d.d.c.ClienteControllerTest - Started ClienteControllerTest in 0.545 seconds (process running for 52.03)
2026-06-10 19:13:50.307 [main] DEBUG [] o.s.security.web.FilterChainProxy - Securing POST /api/clientes
2026-06-10 19:13:50.308 [main] WARN  [] c.d.d.s.JwtAuthenticationFilter - JWT Token não começa com Bearer String
2026-06-10 19:13:50.309 [main] DEBUG [] o.s.security.web.FilterChainProxy - Secured POST /api/clientes
2026-06-10 19:13:50.309 [main] DEBUG [4117e29dd9db42da] o.s.w.s.m.m.a.RequestMappingHandlerMapping - Mapped to com.deliverytech.delivery_api.controller.ClienteController#cadastrarCliente(ClienteReqDTO)
2026-06-10 19:13:50.310 [main] DEBUG [4117e29dd9db42da] o.s.w.s.m.m.a.RequestResponseBodyMethodProcessor - Read "application/json;charset=UTF-8" to [com.deliverytech.delivery_api.dto.req.ClienteReqDTO@64750fcb]
2026-06-10 19:13:50.316 [main] DEBUG [4117e29dd9db42da] o.s.w.s.m.m.a.ExceptionHandlerExceptionResolver - Using @ExceptionHandler com.deliverytech.delivery_api.exception.GlobalExceptionHandler#handleBusinessException(BusinessException, HttpServletRequest)
2026-06-10 19:13:50.319 [main] DEBUG [4117e29dd9db42da] o.s.w.s.m.m.a.HttpEntityMethodProcessor - Using 'application/json', given [*/*] and supported [application/json, application/*+json, application/yaml]
2026-06-10 19:13:50.319 [main] DEBUG [4117e29dd9db42da] o.s.w.s.m.m.a.HttpEntityMethodProcessor - Writing [com.deliverytech.delivery_api.dto.ErrorResponse@196bbf97]
2026-06-10 19:13:50.320 [main] DEBUG [4117e29dd9db42da] o.s.w.s.m.m.a.ExceptionHandlerExceptionResolver - Resolved [com.deliverytech.delivery_api.exception.BusinessException: Email já cadastrado: joao.teste@email.com]
2026-06-10 19:13:50.324 [main] DEBUG [] o.s.w.c.s.GenericWebApplicationContext - Closing org.springframework.web.context.support.GenericWebApplicationContext@2e7533e0, started on Wed Jun 10 19:13:49 BRT 2026
2026-06-10 19:13:50.326 [main] INFO  [] o.s.o.j.LocalContainerEntityManagerFactoryBean - Closing JPA EntityManagerFactory for persistence unit 'default'
2026-06-10 19:13:50.327 [main] INFO  [] com.zaxxer.hikari.HikariDataSource - HikariPool-11 - Shutdown initiated...
2026-06-10 19:13:50.359 [main] INFO  [] com.zaxxer.hikari.HikariDataSource - HikariPool-11 - Shutdown completed.
2026-06-10 19:13:50.360 [main] INFO  [] o.s.b.d.r.RestartApplicationListener - Restart disabled due to context in which it is running
2026-06-10 19:13:50.377 [main] INFO  [] c.d.d.c.ClienteControllerTest - Starting ClienteControllerTest using Java 21.0.11 with PID 25592 (started by Santana in C:\Pasta Códiguinhos\arquitetura de sistemas fat\delivery-api\delivery-api)
2026-06-10 19:13:50.377 [main] INFO  [] c.d.d.c.ClienteControllerTest - The following 1 profile is active: "test"
2026-06-10 19:13:50.378 [main] DEBUG [] o.s.w.c.s.GenericWebApplicationContext - Refreshing org.springframework.web.context.support.GenericWebApplicationContext@6368f752
2026-06-10 19:13:50.532 [main] INFO  [] o.s.d.r.c.RepositoryConfigurationDelegate - Bootstrapping Spring Data JPA repositories in DEFAULT mode.
2026-06-10 19:13:50.547 [main] INFO  [] o.s.d.r.c.RepositoryConfigurationDelegate - Finished Spring Data repository scanning in 13 ms. Found 5 JPA repository interfaces.
2026-06-10 19:13:50.594 [main] INFO  [] o.s.o.j.p.SpringPersistenceUnitInfo - No LoadTimeWeaver setup: ignoring JPA class transformer
2026-06-10 19:13:50.595 [main] INFO  [] com.zaxxer.hikari.HikariDataSource - HikariPool-12 - Starting...
2026-06-10 19:13:50.596 [main] INFO  [] com.zaxxer.hikari.pool.HikariPool - HikariPool-12 - Added connection conn108: url=jdbc:h2:mem:deliverydb user=SA
2026-06-10 19:13:50.596 [main] INFO  [] com.zaxxer.hikari.HikariDataSource - HikariPool-12 - Start completed.
2026-06-10 19:13:50.596 [main] WARN  [] org.hibernate.orm.deprecation - HHH90000025: H2Dialect does not need to be specified explicitly using 'hibernate.dialect' (remove the property setting and it will be selected by default)
2026-06-10 19:13:50.633 [main] INFO  [] o.s.o.j.LocalContainerEntityManagerFactoryBean - Initialized JPA EntityManagerFactory for persistence unit 'default'
2026-06-10 19:13:50.665 [main] INFO  [] o.s.s.c.a.a.c.InitializeAuthenticationProviderBeanManagerConfigurer$InitializeAuthenticationProviderManagerConfigurer - Global AuthenticationManager configured with AuthenticationProvider bean with name authenticationProvider
2026-06-10 19:13:50.666 [main] WARN  [] o.s.s.c.a.a.c.InitializeUserDetailsBeanManagerConfigurer$InitializeUserDetailsManagerConfigurer - Global AuthenticationManager configured with an AuthenticationProvider bean. UserDetailsService beans will not be used by Spring Security for automatically configuring username/password login. Consider removing the AuthenticationProvider bean. Alternatively, consider using the UserDetailsService in a manually instantiated DaoAuthenticationProvider. If the current configuration is intentional, to turn off this warning, increase the logging level of 'org.springframework.security.config.annotation.authentication.configuration.InitializeUserDetailsBeanManagerConfigurer' to ERROR
2026-06-10 19:13:50.762 [main] DEBUG [] o.s.w.s.m.m.a.RequestMappingHandlerMapping - 42 mappings in 'requestMappingHandlerMapping'
2026-06-10 19:13:50.781 [main] DEBUG [] o.s.w.s.h.SimpleUrlHandlerMapping - Patterns [/webjars/**, /**, /swagger-ui*/*swagger-initializer.js, /swagger-ui*/**] in 'resourceHandlerMapping'
2026-06-10 19:13:50.810 [main] INFO  [] o.s.b.a.e.web.EndpointLinksResolver - Exposing 13 endpoints beneath base path '/actuator'
2026-06-10 19:13:50.837 [main] DEBUG [] o.s.s.web.DefaultSecurityFilterChain - Will secure any request with filters: DisableEncodeUrlFilter, WebAsyncManagerIntegrationFilter, SecurityContextHolderFilter, HeaderWriterFilter, CorsFilter, LogoutFilter, JwtAuthenticationFilter, RequestCacheAwareFilter, SecurityContextHolderAwareRequestFilter, AnonymousAuthenticationFilter, SessionManagementFilter, ExceptionTranslationFilter, AuthorizationFilter
2026-06-10 19:13:50.857 [main] DEBUG [] o.s.w.s.m.m.a.RequestMappingHandlerAdapter - ControllerAdvice beans: 0 @ModelAttribute, 0 @InitBinder, 1 RequestBodyAdvice, 1 ResponseBodyAdvice
2026-06-10 19:13:50.861 [main] DEBUG [] o.s.w.s.m.m.a.ExceptionHandlerExceptionResolver - ControllerAdvice beans: 2 @ExceptionHandler, 1 ResponseBodyAdvice
2026-06-10 19:13:50.887 [main] INFO  [] o.s.b.a.h.H2ConsoleAutoConfiguration - H2 console available at '/h2-console'. Database available at 'jdbc:h2:mem:deliverydb'
2026-06-10 19:13:50.897 [main] DEBUG [] o.s.w.f.ServerHttpObservationFilter - Filter 'webMvcObservationFilter' configured for use
2026-06-10 19:13:50.897 [main] INFO  [] o.s.b.t.m.w.SpringBootMockServletContext - Initializing Spring TestDispatcherServlet ''
2026-06-10 19:13:50.898 [main] INFO  [] o.s.t.w.s.TestDispatcherServlet - Initializing Servlet ''
2026-06-10 19:13:50.898 [main] INFO  [] o.s.t.w.s.TestDispatcherServlet - Completed initialization in 0 ms
2026-06-10 19:13:50.906 [main] INFO  [] c.d.d.c.ClienteControllerTest - Started ClienteControllerTest in 0.545 seconds (process running for 52.635)
2026-06-10 19:13:50.912 [main] DEBUG [] o.s.security.web.FilterChainProxy - Securing POST /api/clientes
2026-06-10 19:13:50.914 [main] WARN  [] c.d.d.s.JwtAuthenticationFilter - JWT Token não começa com Bearer String
2026-06-10 19:13:50.914 [main] DEBUG [] o.s.security.web.FilterChainProxy - Secured POST /api/clientes
2026-06-10 19:13:50.915 [main] DEBUG [878fab0fa1b047a3] o.s.w.s.m.m.a.RequestMappingHandlerMapping - Mapped to com.deliverytech.delivery_api.controller.ClienteController#cadastrarCliente(ClienteReqDTO)
2026-06-10 19:13:50.916 [main] DEBUG [878fab0fa1b047a3] o.s.w.s.m.m.a.RequestResponseBodyMethodProcessor - Read "application/json;charset=UTF-8" to [com.deliverytech.delivery_api.dto.req.ClienteReqDTO@48a65c87]
2026-06-10 19:13:50.924 [main] DEBUG [878fab0fa1b047a3] o.s.w.s.m.m.a.ExceptionHandlerExceptionResolver - Using @ExceptionHandler com.deliverytech.delivery_api.exception.GlobalExceptionHandler#handleValidationException(MethodArgumentNotValidException, HttpServletRequest)
2026-06-10 19:13:50.926 [main] DEBUG [878fab0fa1b047a3] o.s.w.s.m.m.a.HttpEntityMethodProcessor - Using 'application/json', given [*/*] and supported [application/json, application/*+json, application/yaml]
2026-06-10 19:13:50.927 [main] DEBUG [878fab0fa1b047a3] o.s.w.s.m.m.a.HttpEntityMethodProcessor - Writing [com.deliverytech.delivery_api.dto.ErrorResponse@7e11682d]
2026-06-10 19:13:50.930 [main] DEBUG [878fab0fa1b047a3] o.s.w.s.m.m.a.ExceptionHandlerExceptionResolver - Resolved [org.springframework.web.bind.MethodArgumentNotValidException: Validation failed for argument [0] in public org.springframework.http.ResponseEntity<com.deliverytech.delivery_api.dto.res.ClienteResDTO> com.deliverytech.delivery_api.controller.ClienteController.cadastrarCliente(com.deliverytech.delivery_api.dto.req.ClienteReqDTO) with 5 errors: [Field error in object 'clienteReqDTO' on field 'nome': rejected value []; codes [NotBlank.clienteReqDTO.nome,NotBlank.nome,NotBlank.java.lang.String,NotBlank]; arguments [org.springframework.context.support.DefaultMessageSourceResolvable: codes [clienteReqDTO.nome,nome]; arguments []; default message [nome]]; default message [Nome é obrigatório]] [Field error in object 'clienteReqDTO' on field 'email': rejected value [email-invalido]; codes [Email.clienteReqDTO.email,Email.email,Email.java.lang.String,Email]; arguments [org.springframework.context.support.DefaultMessageSourceResolvable: codes [clienteReqDTO.email,email]; arguments []; default message [email],[Ljakarta.validation.constraints.Pattern$Flag;@9293029,.*]; default message [Email deve ter formato válido]] [Field error in object 'clienteReqDTO' on field 'endereco': rejected value [null]; codes [NotBlank.clienteReqDTO.endereco,NotBlank.endereco,NotBlank.java.lang.String,NotBlank]; arguments [org.springframework.context.support.DefaultMessageSourceResolvable: codes [clienteReqDTO.endereco,endereco]; arguments []; default message [endereco]]; default message [Endereço é obrigatório]] [Field error in object 'clienteReqDTO' on field 'nome': rejected value []; codes [Size.clienteReqDTO.nome,Size.nome,Size.java.lang.String,Size]; arguments [org.springframework.context.support.DefaultMessageSourceResolvable: codes [clienteReqDTO.nome,nome]; arguments []; default message [nome],100,2]; default message [Nome deve ter entre 2 e 100 caracteres]] [Field error in object 'clienteReqDTO' on field 'telefone': rejected value [null]; codes [NotBlank.clienteReqDTO.telefone,NotBlank.telefone,NotBlank.java.lang.String,NotBlank]; arguments [org.springframework.context.support.DefaultMessageSourceResolvable: codes [clienteReqDTO.telefone,telefone]; arguments []; default message [telefone]]; default message [Telefone é obrigatório]] ]
2026-06-10 19:13:50.937 [main] INFO  [] o.s.t.c.s.AnnotationConfigContextLoaderUtils - Could not detect default configuration classes for test class [com.deliverytech.delivery_api.controller.PedidoControllerTest]: PedidoControllerTest does not declare any static, non-private, non-final, nested classes annotated with @Configuration.
2026-06-10 19:13:50.939 [main] INFO  [] o.s.b.t.c.SpringBootTestContextBootstrapper - Found @SpringBootConfiguration com.deliverytech.delivery_api.DeliveryApiApplication for test class com.deliverytech.delivery_api.controller.PedidoControllerTest
2026-06-10 19:13:50.942 [main] DEBUG [] o.s.w.c.s.GenericWebApplicationContext - Closing org.springframework.web.context.support.GenericWebApplicationContext@6368f752, started on Wed Jun 10 19:13:50 BRT 2026
2026-06-10 19:13:50.944 [main] INFO  [] o.s.o.j.LocalContainerEntityManagerFactoryBean - Closing JPA EntityManagerFactory for persistence unit 'default'
2026-06-10 19:13:50.945 [main] INFO  [] com.zaxxer.hikari.HikariDataSource - HikariPool-12 - Shutdown initiated...
2026-06-10 19:13:50.972 [main] INFO  [] com.zaxxer.hikari.HikariDataSource - HikariPool-12 - Shutdown completed.
2026-06-10 19:13:50.974 [main] INFO  [] o.s.b.d.r.RestartApplicationListener - Restart disabled due to context in which it is running
2026-06-10 19:13:50.991 [main] INFO  [] c.d.d.c.PedidoControllerTest - Starting PedidoControllerTest using Java 21.0.11 with PID 25592 (started by Santana in C:\Pasta Códiguinhos\arquitetura de sistemas fat\delivery-api\delivery-api)
2026-06-10 19:13:50.991 [main] INFO  [] c.d.d.c.PedidoControllerTest - The following 1 profile is active: "test"
2026-06-10 19:13:50.992 [main] DEBUG [] o.s.w.c.s.GenericWebApplicationContext - Refreshing org.springframework.web.context.support.GenericWebApplicationContext@34ad45e1
2026-06-10 19:13:51.169 [main] INFO  [] o.s.d.r.c.RepositoryConfigurationDelegate - Bootstrapping Spring Data JPA repositories in DEFAULT mode.
2026-06-10 19:13:51.185 [main] INFO  [] o.s.d.r.c.RepositoryConfigurationDelegate - Finished Spring Data repository scanning in 15 ms. Found 5 JPA repository interfaces.
2026-06-10 19:13:51.235 [main] INFO  [] o.s.o.j.p.SpringPersistenceUnitInfo - No LoadTimeWeaver setup: ignoring JPA class transformer
2026-06-10 19:13:51.236 [main] INFO  [] com.zaxxer.hikari.HikariDataSource - HikariPool-13 - Starting...
2026-06-10 19:13:51.237 [main] INFO  [] com.zaxxer.hikari.pool.HikariPool - HikariPool-13 - Added connection conn117: url=jdbc:h2:mem:deliverydb user=SA
2026-06-10 19:13:51.237 [main] INFO  [] com.zaxxer.hikari.HikariDataSource - HikariPool-13 - Start completed.
2026-06-10 19:13:51.237 [main] WARN  [] org.hibernate.orm.deprecation - HHH90000025: H2Dialect does not need to be specified explicitly using 'hibernate.dialect' (remove the property setting and it will be selected by default)
2026-06-10 19:13:51.276 [main] INFO  [] o.s.o.j.LocalContainerEntityManagerFactoryBean - Initialized JPA EntityManagerFactory for persistence unit 'default'
2026-06-10 19:13:51.295 [main] INFO  [] o.s.s.c.a.a.c.InitializeAuthenticationProviderBeanManagerConfigurer$InitializeAuthenticationProviderManagerConfigurer - Global AuthenticationManager configured with AuthenticationProvider bean with name authenticationProvider
2026-06-10 19:13:51.295 [main] WARN  [] o.s.s.c.a.a.c.InitializeUserDetailsBeanManagerConfigurer$InitializeUserDetailsManagerConfigurer - Global AuthenticationManager configured with an AuthenticationProvider bean. UserDetailsService beans will not be used by Spring Security for automatically configuring username/password login. Consider removing the AuthenticationProvider bean. Alternatively, consider using the UserDetailsService in a manually instantiated DaoAuthenticationProvider. If the current configuration is intentional, to turn off this warning, increase the logging level of 'org.springframework.security.config.annotation.authentication.configuration.InitializeUserDetailsBeanManagerConfigurer' to ERROR
2026-06-10 19:13:51.378 [main] DEBUG [] o.s.w.s.m.m.a.RequestMappingHandlerMapping - 42 mappings in 'requestMappingHandlerMapping'
2026-06-10 19:13:51.396 [main] DEBUG [] o.s.w.s.h.SimpleUrlHandlerMapping - Patterns [/webjars/**, /**, /swagger-ui*/*swagger-initializer.js, /swagger-ui*/**] in 'resourceHandlerMapping'
2026-06-10 19:13:51.426 [main] INFO  [] o.s.b.a.e.web.EndpointLinksResolver - Exposing 13 endpoints beneath base path '/actuator'
2026-06-10 19:13:51.460 [main] DEBUG [] o.s.s.web.DefaultSecurityFilterChain - Will secure any request with filters: DisableEncodeUrlFilter, WebAsyncManagerIntegrationFilter, SecurityContextHolderFilter, HeaderWriterFilter, CorsFilter, LogoutFilter, JwtAuthenticationFilter, RequestCacheAwareFilter, SecurityContextHolderAwareRequestFilter, AnonymousAuthenticationFilter, SessionManagementFilter, ExceptionTranslationFilter, AuthorizationFilter
2026-06-10 19:13:51.480 [main] DEBUG [] o.s.w.s.m.m.a.RequestMappingHandlerAdapter - ControllerAdvice beans: 0 @ModelAttribute, 0 @InitBinder, 1 RequestBodyAdvice, 1 ResponseBodyAdvice
2026-06-10 19:13:51.484 [main] DEBUG [] o.s.w.s.m.m.a.ExceptionHandlerExceptionResolver - ControllerAdvice beans: 2 @ExceptionHandler, 1 ResponseBodyAdvice
2026-06-10 19:13:51.509 [main] INFO  [] o.s.b.a.h.H2ConsoleAutoConfiguration - H2 console available at '/h2-console'. Database available at 'jdbc:h2:mem:deliverydb'
2026-06-10 19:13:51.519 [main] DEBUG [] o.s.w.f.ServerHttpObservationFilter - Filter 'webMvcObservationFilter' configured for use
2026-06-10 19:13:51.519 [main] INFO  [] o.s.b.t.m.w.SpringBootMockServletContext - Initializing Spring TestDispatcherServlet ''
2026-06-10 19:13:51.519 [main] INFO  [] o.s.t.w.s.TestDispatcherServlet - Initializing Servlet ''
2026-06-10 19:13:51.519 [main] INFO  [] o.s.t.w.s.TestDispatcherServlet - Completed initialization in 0 ms
2026-06-10 19:13:51.527 [main] INFO  [] c.d.d.c.PedidoControllerTest - Started PedidoControllerTest in 0.553 seconds (process running for 53.256)
2026-06-10 19:13:51.604 [main] DEBUG [] o.s.security.web.FilterChainProxy - Securing POST /api/pedidos
2026-06-10 19:13:51.605 [main] WARN  [] c.d.d.s.JwtAuthenticationFilter - JWT Token não começa com Bearer String
2026-06-10 19:13:51.606 [main] DEBUG [] o.s.security.web.FilterChainProxy - Secured POST /api/pedidos
2026-06-10 19:13:51.606 [main] DEBUG [3f6973d72b7244fd] o.s.w.s.m.m.a.RequestMappingHandlerMapping - Mapped to com.deliverytech.delivery_api.controller.PedidoController#criarPedido(PedidoReqDTO)
2026-06-10 19:13:51.609 [main] DEBUG [3f6973d72b7244fd] o.s.w.s.m.m.a.RequestResponseBodyMethodProcessor - Read "application/json;charset=UTF-8" to [com.deliverytech.delivery_api.dto.req.PedidoReqDTO@6839269d]
2026-06-10 19:13:51.641 [main] DEBUG [3f6973d72b7244fd] o.s.w.s.m.m.a.HttpEntityMethodProcessor - Using 'application/json', given [*/*] and supported [application/json, application/*+json, application/yaml]
2026-06-10 19:13:51.641 [main] DEBUG [3f6973d72b7244fd] o.s.w.s.m.m.a.HttpEntityMethodProcessor - Writing [com.deliverytech.delivery_api.dto.res.PedidoResDTO@3a5e173a]
2026-06-10 19:13:51.647 [main] DEBUG [] o.s.w.c.s.GenericWebApplicationContext - Closing org.springframework.web.context.support.GenericWebApplicationContext@34ad45e1, started on Wed Jun 10 19:13:50 BRT 2026
2026-06-10 19:13:51.648 [main] INFO  [] o.s.o.j.LocalContainerEntityManagerFactoryBean - Closing JPA EntityManagerFactory for persistence unit 'default'
2026-06-10 19:13:51.649 [main] INFO  [] com.zaxxer.hikari.HikariDataSource - HikariPool-13 - Shutdown initiated...
2026-06-10 19:13:51.650 [main] INFO  [] com.zaxxer.hikari.HikariDataSource - HikariPool-13 - Shutdown completed.
2026-06-10 19:13:51.651 [main] INFO  [] o.s.b.d.r.RestartApplicationListener - Restart disabled due to context in which it is running
2026-06-10 19:13:51.667 [main] INFO  [] c.d.d.c.PedidoControllerTest - Starting PedidoControllerTest using Java 21.0.11 with PID 25592 (started by Santana in C:\Pasta Códiguinhos\arquitetura de sistemas fat\delivery-api\delivery-api)
2026-06-10 19:13:51.668 [main] INFO  [] c.d.d.c.PedidoControllerTest - The following 1 profile is active: "test"
2026-06-10 19:13:51.669 [main] DEBUG [] o.s.w.c.s.GenericWebApplicationContext - Refreshing org.springframework.web.context.support.GenericWebApplicationContext@128bec8d
2026-06-10 19:13:51.823 [main] INFO  [] o.s.d.r.c.RepositoryConfigurationDelegate - Bootstrapping Spring Data JPA repositories in DEFAULT mode.
2026-06-10 19:13:51.837 [main] INFO  [] o.s.d.r.c.RepositoryConfigurationDelegate - Finished Spring Data repository scanning in 13 ms. Found 5 JPA repository interfaces.
2026-06-10 19:13:51.892 [main] INFO  [] o.s.o.j.p.SpringPersistenceUnitInfo - No LoadTimeWeaver setup: ignoring JPA class transformer
2026-06-10 19:13:51.894 [main] INFO  [] com.zaxxer.hikari.HikariDataSource - HikariPool-14 - Starting...
2026-06-10 19:13:51.896 [main] INFO  [] com.zaxxer.hikari.pool.HikariPool - HikariPool-14 - Added connection conn127: url=jdbc:h2:mem:deliverydb user=SA
2026-06-10 19:13:51.896 [main] INFO  [] com.zaxxer.hikari.HikariDataSource - HikariPool-14 - Start completed.
2026-06-10 19:13:51.896 [main] WARN  [] org.hibernate.orm.deprecation - HHH90000025: H2Dialect does not need to be specified explicitly using 'hibernate.dialect' (remove the property setting and it will be selected by default)
2026-06-10 19:13:51.954 [main] INFO  [] o.s.o.j.LocalContainerEntityManagerFactoryBean - Initialized JPA EntityManagerFactory for persistence unit 'default'
2026-06-10 19:13:51.976 [main] INFO  [] o.s.s.c.a.a.c.InitializeAuthenticationProviderBeanManagerConfigurer$InitializeAuthenticationProviderManagerConfigurer - Global AuthenticationManager configured with AuthenticationProvider bean with name authenticationProvider
2026-06-10 19:13:51.977 [main] WARN  [] o.s.s.c.a.a.c.InitializeUserDetailsBeanManagerConfigurer$InitializeUserDetailsManagerConfigurer - Global AuthenticationManager configured with an AuthenticationProvider bean. UserDetailsService beans will not be used by Spring Security for automatically configuring username/password login. Consider removing the AuthenticationProvider bean. Alternatively, consider using the UserDetailsService in a manually instantiated DaoAuthenticationProvider. If the current configuration is intentional, to turn off this warning, increase the logging level of 'org.springframework.security.config.annotation.authentication.configuration.InitializeUserDetailsBeanManagerConfigurer' to ERROR
2026-06-10 19:13:52.063 [main] DEBUG [] o.s.w.s.m.m.a.RequestMappingHandlerMapping - 42 mappings in 'requestMappingHandlerMapping'
2026-06-10 19:13:52.083 [main] DEBUG [] o.s.w.s.h.SimpleUrlHandlerMapping - Patterns [/webjars/**, /**, /swagger-ui*/*swagger-initializer.js, /swagger-ui*/**] in 'resourceHandlerMapping'
2026-06-10 19:13:52.113 [main] INFO  [] o.s.b.a.e.web.EndpointLinksResolver - Exposing 13 endpoints beneath base path '/actuator'
2026-06-10 19:13:52.140 [main] DEBUG [] o.s.s.web.DefaultSecurityFilterChain - Will secure any request with filters: DisableEncodeUrlFilter, WebAsyncManagerIntegrationFilter, SecurityContextHolderFilter, HeaderWriterFilter, CorsFilter, LogoutFilter, JwtAuthenticationFilter, RequestCacheAwareFilter, SecurityContextHolderAwareRequestFilter, AnonymousAuthenticationFilter, SessionManagementFilter, ExceptionTranslationFilter, AuthorizationFilter
2026-06-10 19:13:52.160 [main] DEBUG [] o.s.w.s.m.m.a.RequestMappingHandlerAdapter - ControllerAdvice beans: 0 @ModelAttribute, 0 @InitBinder, 1 RequestBodyAdvice, 1 ResponseBodyAdvice
2026-06-10 19:13:52.162 [main] DEBUG [] o.s.w.s.m.m.a.ExceptionHandlerExceptionResolver - ControllerAdvice beans: 2 @ExceptionHandler, 1 ResponseBodyAdvice
2026-06-10 19:13:52.189 [main] INFO  [] o.s.b.a.h.H2ConsoleAutoConfiguration - H2 console available at '/h2-console'. Database available at 'jdbc:h2:mem:deliverydb'
2026-06-10 19:13:52.200 [main] DEBUG [] o.s.w.f.ServerHttpObservationFilter - Filter 'webMvcObservationFilter' configured for use
2026-06-10 19:13:52.200 [main] INFO  [] o.s.b.t.m.w.SpringBootMockServletContext - Initializing Spring TestDispatcherServlet ''
2026-06-10 19:13:52.200 [main] INFO  [] o.s.t.w.s.TestDispatcherServlet - Initializing Servlet ''
2026-06-10 19:13:52.201 [main] INFO  [] o.s.t.w.s.TestDispatcherServlet - Completed initialization in 1 ms
2026-06-10 19:13:52.209 [main] INFO  [] c.d.d.c.PedidoControllerTest - Started PedidoControllerTest in 0.558 seconds (process running for 53.939)
2026-06-10 19:13:52.235 [main] DEBUG [] o.s.security.web.FilterChainProxy - Securing POST /api/pedidos
2026-06-10 19:13:52.236 [main] WARN  [] c.d.d.s.JwtAuthenticationFilter - JWT Token não começa com Bearer String
2026-06-10 19:13:52.236 [main] DEBUG [] o.s.security.web.FilterChainProxy - Secured POST /api/pedidos
2026-06-10 19:13:52.237 [main] DEBUG [02c9fec461cf4a46] o.s.w.s.m.m.a.RequestMappingHandlerMapping - Mapped to com.deliverytech.delivery_api.controller.PedidoController#criarPedido(PedidoReqDTO)
2026-06-10 19:13:52.238 [main] DEBUG [02c9fec461cf4a46] o.s.w.s.m.m.a.RequestResponseBodyMethodProcessor - Read "application/json;charset=UTF-8" to [com.deliverytech.delivery_api.dto.req.PedidoReqDTO@53cafb7c]
2026-06-10 19:13:52.254 [main] DEBUG [02c9fec461cf4a46] o.s.w.s.m.m.a.HttpEntityMethodProcessor - Using 'application/json', given [*/*] and supported [application/json, application/*+json, application/yaml]
2026-06-10 19:13:52.254 [main] DEBUG [02c9fec461cf4a46] o.s.w.s.m.m.a.HttpEntityMethodProcessor - Writing [com.deliverytech.delivery_api.dto.res.PedidoResDTO@267affe2]
2026-06-10 19:13:52.261 [main] DEBUG [] o.s.security.web.FilterChainProxy - Securing GET /api/pedidos/cliente/4
2026-06-10 19:13:52.262 [main] WARN  [] c.d.d.s.JwtAuthenticationFilter - JWT Token não começa com Bearer String
2026-06-10 19:13:52.262 [main] DEBUG [] o.s.security.web.FilterChainProxy - Secured GET /api/pedidos/cliente/4
2026-06-10 19:13:52.263 [main] DEBUG [21708aca3d34489f] o.s.w.s.m.m.a.RequestMappingHandlerMapping - Mapped to com.deliverytech.delivery_api.controller.PedidoController#buscarPorCliente(Long)
2026-06-10 19:13:52.287 [main] DEBUG [21708aca3d34489f] o.s.w.s.m.m.a.HttpEntityMethodProcessor - Using 'application/json', given [*/*] and supported [application/json, application/*+json, application/yaml]
2026-06-10 19:13:52.288 [main] DEBUG [21708aca3d34489f] o.s.w.s.m.m.a.HttpEntityMethodProcessor - Writing [[com.deliverytech.delivery_api.dto.res.PedidoResDTO@5755f0a6]]
2026-06-10 19:13:52.296 [main] DEBUG [] o.s.w.c.s.GenericWebApplicationContext - Closing org.springframework.web.context.support.GenericWebApplicationContext@128bec8d, started on Wed Jun 10 19:13:51 BRT 2026
2026-06-10 19:13:52.298 [main] INFO  [] o.s.o.j.LocalContainerEntityManagerFactoryBean - Closing JPA EntityManagerFactory for persistence unit 'default'
2026-06-10 19:13:52.300 [main] INFO  [] com.zaxxer.hikari.HikariDataSource - HikariPool-14 - Shutdown initiated...
2026-06-10 19:13:52.300 [main] INFO  [] com.zaxxer.hikari.HikariDataSource - HikariPool-14 - Shutdown completed.
2026-06-10 19:13:52.302 [main] INFO  [] o.s.b.d.r.RestartApplicationListener - Restart disabled due to context in which it is running
2026-06-10 19:13:52.318 [main] INFO  [] c.d.d.c.PedidoControllerTest - Starting PedidoControllerTest using Java 21.0.11 with PID 25592 (started by Santana in C:\Pasta Códiguinhos\arquitetura de sistemas fat\delivery-api\delivery-api)
2026-06-10 19:13:52.319 [main] INFO  [] c.d.d.c.PedidoControllerTest - The following 1 profile is active: "test"
2026-06-10 19:13:52.320 [main] DEBUG [] o.s.w.c.s.GenericWebApplicationContext - Refreshing org.springframework.web.context.support.GenericWebApplicationContext@3936145e
2026-06-10 19:13:52.485 [main] INFO  [] o.s.d.r.c.RepositoryConfigurationDelegate - Bootstrapping Spring Data JPA repositories in DEFAULT mode.
2026-06-10 19:13:52.499 [main] INFO  [] o.s.d.r.c.RepositoryConfigurationDelegate - Finished Spring Data repository scanning in 14 ms. Found 5 JPA repository interfaces.
2026-06-10 19:13:52.544 [main] INFO  [] o.s.o.j.p.SpringPersistenceUnitInfo - No LoadTimeWeaver setup: ignoring JPA class transformer
2026-06-10 19:13:52.746 [main] INFO  [] com.zaxxer.hikari.HikariDataSource - HikariPool-15 - Starting...
2026-06-10 19:13:56.107 [main] INFO  [] com.zaxxer.hikari.pool.HikariPool - HikariPool-15 - Added connection conn137: url=jdbc:h2:mem:deliverydb user=SA
2026-06-10 19:13:56.107 [main] INFO  [] com.zaxxer.hikari.HikariDataSource - HikariPool-15 - Start completed.
2026-06-10 19:13:56.107 [main] WARN  [] org.hibernate.orm.deprecation - HHH90000025: H2Dialect does not need to be specified explicitly using 'hibernate.dialect' (remove the property setting and it will be selected by default)
2026-06-10 19:13:56.146 [main] INFO  [] o.s.o.j.LocalContainerEntityManagerFactoryBean - Initialized JPA EntityManagerFactory for persistence unit 'default'
2026-06-10 19:13:56.167 [main] INFO  [] o.s.s.c.a.a.c.InitializeAuthenticationProviderBeanManagerConfigurer$InitializeAuthenticationProviderManagerConfigurer - Global AuthenticationManager configured with AuthenticationProvider bean with name authenticationProvider
2026-06-10 19:13:56.167 [main] WARN  [] o.s.s.c.a.a.c.InitializeUserDetailsBeanManagerConfigurer$InitializeUserDetailsManagerConfigurer - Global AuthenticationManager configured with an AuthenticationProvider bean. UserDetailsService beans will not be used by Spring Security for automatically configuring username/password login. Consider removing the AuthenticationProvider bean. Alternatively, consider using the UserDetailsService in a manually instantiated DaoAuthenticationProvider. If the current configuration is intentional, to turn off this warning, increase the logging level of 'org.springframework.security.config.annotation.authentication.configuration.InitializeUserDetailsBeanManagerConfigurer' to ERROR
2026-06-10 19:13:56.245 [main] DEBUG [] o.s.w.s.m.m.a.RequestMappingHandlerMapping - 42 mappings in 'requestMappingHandlerMapping'
2026-06-10 19:13:56.263 [main] DEBUG [] o.s.w.s.h.SimpleUrlHandlerMapping - Patterns [/webjars/**, /**, /swagger-ui*/*swagger-initializer.js, /swagger-ui*/**] in 'resourceHandlerMapping'
2026-06-10 19:13:56.296 [main] INFO  [] o.s.b.a.e.web.EndpointLinksResolver - Exposing 13 endpoints beneath base path '/actuator'
2026-06-10 19:13:56.321 [main] DEBUG [] o.s.s.web.DefaultSecurityFilterChain - Will secure any request with filters: DisableEncodeUrlFilter, WebAsyncManagerIntegrationFilter, SecurityContextHolderFilter, HeaderWriterFilter, CorsFilter, LogoutFilter, JwtAuthenticationFilter, RequestCacheAwareFilter, SecurityContextHolderAwareRequestFilter, AnonymousAuthenticationFilter, SessionManagementFilter, ExceptionTranslationFilter, AuthorizationFilter
2026-06-10 19:13:56.343 [main] DEBUG [] o.s.w.s.m.m.a.RequestMappingHandlerAdapter - ControllerAdvice beans: 0 @ModelAttribute, 0 @InitBinder, 1 RequestBodyAdvice, 1 ResponseBodyAdvice
2026-06-10 19:13:56.347 [main] DEBUG [] o.s.w.s.m.m.a.ExceptionHandlerExceptionResolver - ControllerAdvice beans: 2 @ExceptionHandler, 1 ResponseBodyAdvice
2026-06-10 19:13:56.375 [main] INFO  [] o.s.b.a.h.H2ConsoleAutoConfiguration - H2 console available at '/h2-console'. Database available at 'jdbc:h2:mem:deliverydb'
2026-06-10 19:13:56.386 [main] DEBUG [] o.s.w.f.ServerHttpObservationFilter - Filter 'webMvcObservationFilter' configured for use
2026-06-10 19:13:56.386 [main] INFO  [] o.s.b.t.m.w.SpringBootMockServletContext - Initializing Spring TestDispatcherServlet ''
2026-06-10 19:13:56.386 [main] INFO  [] o.s.t.w.s.TestDispatcherServlet - Initializing Servlet ''
2026-06-10 19:13:56.387 [main] INFO  [] o.s.t.w.s.TestDispatcherServlet - Completed initialization in 1 ms
2026-06-10 19:13:56.394 [main] INFO  [] c.d.d.c.PedidoControllerTest - Started PedidoControllerTest in 4.093 seconds (process running for 58.124)
2026-06-10 19:13:56.417 [main] DEBUG [] o.s.security.web.FilterChainProxy - Securing POST /api/pedidos
2026-06-10 19:13:56.418 [main] WARN  [] c.d.d.s.JwtAuthenticationFilter - JWT Token não começa com Bearer String
2026-06-10 19:13:56.418 [main] DEBUG [] o.s.security.web.FilterChainProxy - Secured POST /api/pedidos
2026-06-10 19:13:56.419 [main] DEBUG [4832454cc9034363] o.s.w.s.m.m.a.RequestMappingHandlerMapping - Mapped to com.deliverytech.delivery_api.controller.PedidoController#criarPedido(PedidoReqDTO)
2026-06-10 19:13:56.420 [main] DEBUG [4832454cc9034363] o.s.w.s.m.m.a.RequestResponseBodyMethodProcessor - Read "application/json;charset=UTF-8" to [com.deliverytech.delivery_api.dto.req.PedidoReqDTO@94e5883]
2026-06-10 19:13:56.430 [main] DEBUG [4832454cc9034363] o.s.w.s.m.m.a.ExceptionHandlerExceptionResolver - Using @ExceptionHandler com.deliverytech.delivery_api.exception.GlobalExceptionHandler#handleBusinessException(BusinessException, HttpServletRequest)
2026-06-10 19:13:56.432 [main] DEBUG [4832454cc9034363] o.s.w.s.m.m.a.HttpEntityMethodProcessor - Using 'application/json', given [*/*] and supported [application/json, application/*+json, application/yaml]
2026-06-10 19:13:56.432 [main] DEBUG [4832454cc9034363] o.s.w.s.m.m.a.HttpEntityMethodProcessor - Writing [com.deliverytech.delivery_api.dto.ErrorResponse@2976dd52]
2026-06-10 19:13:56.432 [main] DEBUG [4832454cc9034363] o.s.w.s.m.m.a.ExceptionHandlerExceptionResolver - Resolved [com.deliverytech.delivery_api.exception.BusinessException: Cliente inativo não pode fazer pedidos]
2026-06-10 19:13:56.439 [main] DEBUG [] o.s.w.c.s.GenericWebApplicationContext - Closing org.springframework.web.context.support.GenericWebApplicationContext@3936145e, started on Wed Jun 10 19:13:52 BRT 2026
2026-06-10 19:13:56.441 [main] INFO  [] o.s.o.j.LocalContainerEntityManagerFactoryBean - Closing JPA EntityManagerFactory for persistence unit 'default'
2026-06-10 19:13:56.441 [main] INFO  [] com.zaxxer.hikari.HikariDataSource - HikariPool-15 - Shutdown initiated...
2026-06-10 19:13:56.462 [main] INFO  [] com.zaxxer.hikari.HikariDataSource - HikariPool-15 - Shutdown completed.
2026-06-10 19:13:56.464 [main] INFO  [] o.s.b.d.r.RestartApplicationListener - Restart disabled due to context in which it is running
2026-06-10 19:13:56.479 [main] INFO  [] c.d.d.c.PedidoControllerTest - Starting PedidoControllerTest using Java 21.0.11 with PID 25592 (started by Santana in C:\Pasta Códiguinhos\arquitetura de sistemas fat\delivery-api\delivery-api)
2026-06-10 19:13:56.479 [main] INFO  [] c.d.d.c.PedidoControllerTest - The following 1 profile is active: "test"
2026-06-10 19:13:56.480 [main] DEBUG [] o.s.w.c.s.GenericWebApplicationContext - Refreshing org.springframework.web.context.support.GenericWebApplicationContext@5c1bcb48
2026-06-10 19:13:56.636 [main] INFO  [] o.s.d.r.c.RepositoryConfigurationDelegate - Bootstrapping Spring Data JPA repositories in DEFAULT mode.
2026-06-10 19:13:56.650 [main] INFO  [] o.s.d.r.c.RepositoryConfigurationDelegate - Finished Spring Data repository scanning in 13 ms. Found 5 JPA repository interfaces.
2026-06-10 19:13:56.695 [main] INFO  [] o.s.o.j.p.SpringPersistenceUnitInfo - No LoadTimeWeaver setup: ignoring JPA class transformer
2026-06-10 19:13:56.695 [main] INFO  [] com.zaxxer.hikari.HikariDataSource - HikariPool-16 - Starting...
2026-06-10 19:13:56.696 [main] INFO  [] com.zaxxer.hikari.pool.HikariPool - HikariPool-16 - Added connection conn146: url=jdbc:h2:mem:deliverydb user=SA
2026-06-10 19:13:56.696 [main] INFO  [] com.zaxxer.hikari.HikariDataSource - HikariPool-16 - Start completed.
2026-06-10 19:13:56.697 [main] WARN  [] org.hibernate.orm.deprecation - HHH90000025: H2Dialect does not need to be specified explicitly using 'hibernate.dialect' (remove the property setting and it will be selected by default)
2026-06-10 19:13:56.730 [main] INFO  [] o.s.o.j.LocalContainerEntityManagerFactoryBean - Initialized JPA EntityManagerFactory for persistence unit 'default'
2026-06-10 19:13:56.749 [main] INFO  [] o.s.s.c.a.a.c.InitializeAuthenticationProviderBeanManagerConfigurer$InitializeAuthenticationProviderManagerConfigurer - Global AuthenticationManager configured with AuthenticationProvider bean with name authenticationProvider
2026-06-10 19:13:56.749 [main] WARN  [] o.s.s.c.a.a.c.InitializeUserDetailsBeanManagerConfigurer$InitializeUserDetailsManagerConfigurer - Global AuthenticationManager configured with an AuthenticationProvider bean. UserDetailsService beans will not be used by Spring Security for automatically configuring username/password login. Consider removing the AuthenticationProvider bean. Alternatively, consider using the UserDetailsService in a manually instantiated DaoAuthenticationProvider. If the current configuration is intentional, to turn off this warning, increase the logging level of 'org.springframework.security.config.annotation.authentication.configuration.InitializeUserDetailsBeanManagerConfigurer' to ERROR
2026-06-10 19:13:56.828 [main] DEBUG [] o.s.w.s.m.m.a.RequestMappingHandlerMapping - 42 mappings in 'requestMappingHandlerMapping'
2026-06-10 19:13:56.847 [main] DEBUG [] o.s.w.s.h.SimpleUrlHandlerMapping - Patterns [/webjars/**, /**, /swagger-ui*/*swagger-initializer.js, /swagger-ui*/**] in 'resourceHandlerMapping'
2026-06-10 19:13:56.877 [main] INFO  [] o.s.b.a.e.web.EndpointLinksResolver - Exposing 13 endpoints beneath base path '/actuator'
2026-06-10 19:13:56.904 [main] DEBUG [] o.s.s.web.DefaultSecurityFilterChain - Will secure any request with filters: DisableEncodeUrlFilter, WebAsyncManagerIntegrationFilter, SecurityContextHolderFilter, HeaderWriterFilter, CorsFilter, LogoutFilter, JwtAuthenticationFilter, RequestCacheAwareFilter, SecurityContextHolderAwareRequestFilter, AnonymousAuthenticationFilter, SessionManagementFilter, ExceptionTranslationFilter, AuthorizationFilter
2026-06-10 19:13:56.925 [main] DEBUG [] o.s.w.s.m.m.a.RequestMappingHandlerAdapter - ControllerAdvice beans: 0 @ModelAttribute, 0 @InitBinder, 1 RequestBodyAdvice, 1 ResponseBodyAdvice
2026-06-10 19:13:57.285 [main] DEBUG [] o.s.w.s.m.m.a.ExceptionHandlerExceptionResolver - ControllerAdvice beans: 2 @ExceptionHandler, 1 ResponseBodyAdvice
2026-06-10 19:13:57.312 [main] INFO  [] o.s.b.a.h.H2ConsoleAutoConfiguration - H2 console available at '/h2-console'. Database available at 'jdbc:h2:mem:deliverydb'
2026-06-10 19:13:57.324 [main] DEBUG [] o.s.w.f.ServerHttpObservationFilter - Filter 'webMvcObservationFilter' configured for use
2026-06-10 19:13:57.324 [main] INFO  [] o.s.b.t.m.w.SpringBootMockServletContext - Initializing Spring TestDispatcherServlet ''
2026-06-10 19:13:57.324 [main] INFO  [] o.s.t.w.s.TestDispatcherServlet - Initializing Servlet ''
2026-06-10 19:13:57.324 [main] INFO  [] o.s.t.w.s.TestDispatcherServlet - Completed initialization in 0 ms
2026-06-10 19:13:57.332 [main] INFO  [] c.d.d.c.PedidoControllerTest - Started PedidoControllerTest in 0.868 seconds (process running for 59.062)
2026-06-10 19:13:57.369 [main] DEBUG [] o.s.security.web.FilterChainProxy - Securing POST /api/pedidos
2026-06-10 19:13:57.370 [main] WARN  [] c.d.d.s.JwtAuthenticationFilter - JWT Token não começa com Bearer String
2026-06-10 19:13:57.370 [main] DEBUG [] o.s.security.web.FilterChainProxy - Secured POST /api/pedidos
2026-06-10 19:13:57.371 [main] DEBUG [977583e10fc44a5a] o.s.w.s.m.m.a.RequestMappingHandlerMapping - Mapped to com.deliverytech.delivery_api.controller.PedidoController#criarPedido(PedidoReqDTO)
2026-06-10 19:13:57.372 [main] DEBUG [977583e10fc44a5a] o.s.w.s.m.m.a.RequestResponseBodyMethodProcessor - Read "application/json;charset=UTF-8" to [com.deliverytech.delivery_api.dto.req.PedidoReqDTO@61221f18]
2026-06-10 19:13:57.388 [main] DEBUG [977583e10fc44a5a] o.s.w.s.m.m.a.HttpEntityMethodProcessor - Using 'application/json', given [*/*] and supported [application/json, application/*+json, application/yaml]
2026-06-10 19:13:57.389 [main] DEBUG [977583e10fc44a5a] o.s.w.s.m.m.a.HttpEntityMethodProcessor - Writing [com.deliverytech.delivery_api.dto.res.PedidoResDTO@2227fd3a]
2026-06-10 19:13:57.403 [main] DEBUG [] o.s.security.web.FilterChainProxy - Securing DELETE /api/pedidos/4
2026-06-10 19:13:57.404 [main] WARN  [] c.d.d.s.JwtAuthenticationFilter - JWT Token não começa com Bearer String
2026-06-10 19:13:57.405 [main] DEBUG [] o.s.security.web.FilterChainProxy - Secured DELETE /api/pedidos/4
2026-06-10 19:13:57.405 [main] DEBUG [aa5a4e9726f5493a] o.s.w.s.m.m.a.RequestMappingHandlerMapping - Mapped to com.deliverytech.delivery_api.controller.PedidoController#cancelarPedido(Long)
2026-06-10 19:13:57.413 [main] DEBUG [aa5a4e9726f5493a] o.s.w.s.m.m.a.HttpEntityMethodProcessor - Using 'application/json', given [*/*] and supported [application/json, application/*+json, application/yaml]
2026-06-10 19:13:57.415 [main] DEBUG [aa5a4e9726f5493a] o.s.w.s.m.m.a.HttpEntityMethodProcessor - Nothing to write: null body
2026-06-10 19:13:57.417 [main] DEBUG [] o.s.security.web.FilterChainProxy - Securing GET /api/pedidos/4
2026-06-10 19:13:57.417 [main] WARN  [] c.d.d.s.JwtAuthenticationFilter - JWT Token não começa com Bearer String
2026-06-10 19:13:57.418 [main] DEBUG [] o.s.security.web.FilterChainProxy - Secured GET /api/pedidos/4
2026-06-10 19:13:57.418 [main] DEBUG [6d82cac9f699485e] o.s.w.s.m.m.a.RequestMappingHandlerMapping - Mapped to com.deliverytech.delivery_api.controller.PedidoController#buscarPorId(Long)
2026-06-10 19:13:57.419 [main] DEBUG [6d82cac9f699485e] o.s.w.s.m.m.a.HttpEntityMethodProcessor - Using 'application/json', given [*/*] and supported [application/json, application/*+json, application/yaml]
2026-06-10 19:13:57.419 [main] DEBUG [6d82cac9f699485e] o.s.w.s.m.m.a.HttpEntityMethodProcessor - Writing [com.deliverytech.delivery_api.dto.res.PedidoResDTO@16c111c3]
2026-06-10 19:13:57.424 [main] DEBUG [] o.s.w.c.s.GenericWebApplicationContext - Closing org.springframework.web.context.support.GenericWebApplicationContext@5c1bcb48, started on Wed Jun 10 19:13:56 BRT 2026
2026-06-10 19:13:57.426 [main] INFO  [] o.s.o.j.LocalContainerEntityManagerFactoryBean - Closing JPA EntityManagerFactory for persistence unit 'default'
2026-06-10 19:13:57.427 [main] INFO  [] com.zaxxer.hikari.HikariDataSource - HikariPool-16 - Shutdown initiated...
2026-06-10 19:13:57.427 [main] INFO  [] com.zaxxer.hikari.HikariDataSource - HikariPool-16 - Shutdown completed.
2026-06-10 19:13:57.429 [main] INFO  [] o.s.b.d.r.RestartApplicationListener - Restart disabled due to context in which it is running
2026-06-10 19:13:57.447 [main] INFO  [] c.d.d.c.PedidoControllerTest - Starting PedidoControllerTest using Java 21.0.11 with PID 25592 (started by Santana in C:\Pasta Códiguinhos\arquitetura de sistemas fat\delivery-api\delivery-api)
2026-06-10 19:13:57.447 [main] INFO  [] c.d.d.c.PedidoControllerTest - The following 1 profile is active: "test"
2026-06-10 19:13:57.448 [main] DEBUG [] o.s.w.c.s.GenericWebApplicationContext - Refreshing org.springframework.web.context.support.GenericWebApplicationContext@5ee073bc
2026-06-10 19:13:57.607 [main] INFO  [] o.s.d.r.c.RepositoryConfigurationDelegate - Bootstrapping Spring Data JPA repositories in DEFAULT mode.
2026-06-10 19:13:57.624 [main] INFO  [] o.s.d.r.c.RepositoryConfigurationDelegate - Finished Spring Data repository scanning in 15 ms. Found 5 JPA repository interfaces.
2026-06-10 19:13:57.672 [main] INFO  [] o.s.o.j.p.SpringPersistenceUnitInfo - No LoadTimeWeaver setup: ignoring JPA class transformer
2026-06-10 19:13:57.672 [main] INFO  [] com.zaxxer.hikari.HikariDataSource - HikariPool-17 - Starting...
2026-06-10 19:13:57.674 [main] INFO  [] com.zaxxer.hikari.pool.HikariPool - HikariPool-17 - Added connection conn156: url=jdbc:h2:mem:deliverydb user=SA
2026-06-10 19:13:57.674 [main] INFO  [] com.zaxxer.hikari.HikariDataSource - HikariPool-17 - Start completed.
2026-06-10 19:13:57.674 [main] WARN  [] org.hibernate.orm.deprecation - HHH90000025: H2Dialect does not need to be specified explicitly using 'hibernate.dialect' (remove the property setting and it will be selected by default)
2026-06-10 19:13:57.711 [main] INFO  [] o.s.o.j.LocalContainerEntityManagerFactoryBean - Initialized JPA EntityManagerFactory for persistence unit 'default'
2026-06-10 19:13:59.750 [main] INFO  [] o.s.s.c.a.a.c.InitializeAuthenticationProviderBeanManagerConfigurer$InitializeAuthenticationProviderManagerConfigurer - Global AuthenticationManager configured with AuthenticationProvider bean with name authenticationProvider
2026-06-10 19:13:59.750 [main] WARN  [] o.s.s.c.a.a.c.InitializeUserDetailsBeanManagerConfigurer$InitializeUserDetailsManagerConfigurer - Global AuthenticationManager configured with an AuthenticationProvider bean. UserDetailsService beans will not be used by Spring Security for automatically configuring username/password login. Consider removing the AuthenticationProvider bean. Alternatively, consider using the UserDetailsService in a manually instantiated DaoAuthenticationProvider. If the current configuration is intentional, to turn off this warning, increase the logging level of 'org.springframework.security.config.annotation.authentication.configuration.InitializeUserDetailsBeanManagerConfigurer' to ERROR
2026-06-10 19:13:59.828 [main] DEBUG [] o.s.w.s.m.m.a.RequestMappingHandlerMapping - 42 mappings in 'requestMappingHandlerMapping'
2026-06-10 19:13:59.847 [main] DEBUG [] o.s.w.s.h.SimpleUrlHandlerMapping - Patterns [/webjars/**, /**, /swagger-ui*/*swagger-initializer.js, /swagger-ui*/**] in 'resourceHandlerMapping'
2026-06-10 19:13:59.877 [main] INFO  [] o.s.b.a.e.web.EndpointLinksResolver - Exposing 13 endpoints beneath base path '/actuator'
2026-06-10 19:13:59.910 [main] DEBUG [] o.s.s.web.DefaultSecurityFilterChain - Will secure any request with filters: DisableEncodeUrlFilter, WebAsyncManagerIntegrationFilter, SecurityContextHolderFilter, HeaderWriterFilter, CorsFilter, LogoutFilter, JwtAuthenticationFilter, RequestCacheAwareFilter, SecurityContextHolderAwareRequestFilter, AnonymousAuthenticationFilter, SessionManagementFilter, ExceptionTranslationFilter, AuthorizationFilter
2026-06-10 19:13:59.930 [main] DEBUG [] o.s.w.s.m.m.a.RequestMappingHandlerAdapter - ControllerAdvice beans: 0 @ModelAttribute, 0 @InitBinder, 1 RequestBodyAdvice, 1 ResponseBodyAdvice
2026-06-10 19:13:59.932 [main] DEBUG [] o.s.w.s.m.m.a.ExceptionHandlerExceptionResolver - ControllerAdvice beans: 2 @ExceptionHandler, 1 ResponseBodyAdvice
2026-06-10 19:13:59.959 [main] INFO  [] o.s.b.a.h.H2ConsoleAutoConfiguration - H2 console available at '/h2-console'. Database available at 'jdbc:h2:mem:deliverydb'
2026-06-10 19:13:59.968 [main] DEBUG [] o.s.w.f.ServerHttpObservationFilter - Filter 'webMvcObservationFilter' configured for use
2026-06-10 19:13:59.968 [main] INFO  [] o.s.b.t.m.w.SpringBootMockServletContext - Initializing Spring TestDispatcherServlet ''
2026-06-10 19:13:59.968 [main] INFO  [] o.s.t.w.s.TestDispatcherServlet - Initializing Servlet ''
2026-06-10 19:13:59.969 [main] INFO  [] o.s.t.w.s.TestDispatcherServlet - Completed initialization in 1 ms
2026-06-10 19:13:59.977 [main] INFO  [] c.d.d.c.PedidoControllerTest - Started PedidoControllerTest in 2.548 seconds (process running for 61.706)
2026-06-10 19:13:59.998 [main] DEBUG [] o.s.security.web.FilterChainProxy - Securing POST /api/pedidos
2026-06-10 19:13:59.999 [main] WARN  [] c.d.d.s.JwtAuthenticationFilter - JWT Token não começa com Bearer String
2026-06-10 19:13:59.999 [main] DEBUG [] o.s.security.web.FilterChainProxy - Secured POST /api/pedidos
2026-06-10 19:14:00.000 [main] DEBUG [4297817e792e44f8] o.s.w.s.m.m.a.RequestMappingHandlerMapping - Mapped to com.deliverytech.delivery_api.controller.PedidoController#criarPedido(PedidoReqDTO)
2026-06-10 19:14:00.001 [main] DEBUG [4297817e792e44f8] o.s.w.s.m.m.a.RequestResponseBodyMethodProcessor - Read "application/json;charset=UTF-8" to [com.deliverytech.delivery_api.dto.req.PedidoReqDTO@6a0c4bb4]
2026-06-10 19:14:00.006 [main] DEBUG [4297817e792e44f8] o.s.w.s.m.m.a.ExceptionHandlerExceptionResolver - Using @ExceptionHandler com.deliverytech.delivery_api.exception.GlobalExceptionHandler#handleValidationException(MethodArgumentNotValidException, HttpServletRequest)
2026-06-10 19:14:00.008 [main] DEBUG [4297817e792e44f8] o.s.w.s.m.m.a.HttpEntityMethodProcessor - Using 'application/json', given [*/*] and supported [application/json, application/*+json, application/yaml]
2026-06-10 19:14:00.008 [main] DEBUG [4297817e792e44f8] o.s.w.s.m.m.a.HttpEntityMethodProcessor - Writing [com.deliverytech.delivery_api.dto.ErrorResponse@6d9dff60]
2026-06-10 19:14:00.009 [main] DEBUG [4297817e792e44f8] o.s.w.s.m.m.a.ExceptionHandlerExceptionResolver - Resolved [org.springframework.web.bind.MethodArgumentNotValidException: Validation failed for argument [0] in public org.springframework.http.ResponseEntity<com.deliverytech.delivery_api.dto.res.PedidoResDTO> com.deliverytech.delivery_api.controller.PedidoController.criarPedido(com.deliverytech.delivery_api.dto.req.PedidoReqDTO): [Field error in object 'pedidoReqDTO' on field 'itens': rejected value [[]]; codes [NotEmpty.pedidoReqDTO.itens,NotEmpty.itens,NotEmpty.java.util.List,NotEmpty]; arguments [org.springframework.context.support.DefaultMessageSourceResolvable: codes [pedidoReqDTO.itens,itens]; arguments []; default message [itens]]; default message [Pedido deve ter pelo menos um item]] ]
2026-06-10 19:14:00.013 [main] DEBUG [] o.s.w.c.s.GenericWebApplicationContext - Closing org.springframework.web.context.support.GenericWebApplicationContext@5ee073bc, started on Wed Jun 10 19:13:57 BRT 2026
2026-06-10 19:14:00.015 [main] INFO  [] o.s.o.j.LocalContainerEntityManagerFactoryBean - Closing JPA EntityManagerFactory for persistence unit 'default'
2026-06-10 19:14:00.017 [main] INFO  [] com.zaxxer.hikari.HikariDataSource - HikariPool-17 - Shutdown initiated...
2026-06-10 19:14:00.018 [main] INFO  [] com.zaxxer.hikari.HikariDataSource - HikariPool-17 - Shutdown completed.
2026-06-10 19:14:00.019 [main] INFO  [] o.s.b.d.r.RestartApplicationListener - Restart disabled due to context in which it is running
2026-06-10 19:14:00.038 [main] INFO  [] c.d.d.c.PedidoControllerTest - Starting PedidoControllerTest using Java 21.0.11 with PID 25592 (started by Santana in C:\Pasta Códiguinhos\arquitetura de sistemas fat\delivery-api\delivery-api)
2026-06-10 19:14:00.038 [main] INFO  [] c.d.d.c.PedidoControllerTest - The following 1 profile is active: "test"
2026-06-10 19:14:00.039 [main] DEBUG [] o.s.w.c.s.GenericWebApplicationContext - Refreshing org.springframework.web.context.support.GenericWebApplicationContext@7e22ec83
2026-06-10 19:14:00.202 [main] INFO  [] o.s.d.r.c.RepositoryConfigurationDelegate - Bootstrapping Spring Data JPA repositories in DEFAULT mode.
2026-06-10 19:14:00.218 [main] INFO  [] o.s.d.r.c.RepositoryConfigurationDelegate - Finished Spring Data repository scanning in 14 ms. Found 5 JPA repository interfaces.
2026-06-10 19:14:00.262 [main] INFO  [] o.s.o.j.p.SpringPersistenceUnitInfo - No LoadTimeWeaver setup: ignoring JPA class transformer
2026-06-10 19:14:00.262 [main] INFO  [] com.zaxxer.hikari.HikariDataSource - HikariPool-18 - Starting...
2026-06-10 19:14:00.264 [main] INFO  [] com.zaxxer.hikari.pool.HikariPool - HikariPool-18 - Added connection conn166: url=jdbc:h2:mem:deliverydb user=SA
2026-06-10 19:14:00.264 [main] INFO  [] com.zaxxer.hikari.HikariDataSource - HikariPool-18 - Start completed.
2026-06-10 19:14:00.264 [main] WARN  [] org.hibernate.orm.deprecation - HHH90000025: H2Dialect does not need to be specified explicitly using 'hibernate.dialect' (remove the property setting and it will be selected by default)
2026-06-10 19:14:00.295 [main] INFO  [] o.s.o.j.LocalContainerEntityManagerFactoryBean - Initialized JPA EntityManagerFactory for persistence unit 'default'
2026-06-10 19:14:00.315 [main] INFO  [] o.s.s.c.a.a.c.InitializeAuthenticationProviderBeanManagerConfigurer$InitializeAuthenticationProviderManagerConfigurer - Global AuthenticationManager configured with AuthenticationProvider bean with name authenticationProvider
2026-06-10 19:14:00.315 [main] WARN  [] o.s.s.c.a.a.c.InitializeUserDetailsBeanManagerConfigurer$InitializeUserDetailsManagerConfigurer - Global AuthenticationManager configured with an AuthenticationProvider bean. UserDetailsService beans will not be used by Spring Security for automatically configuring username/password login. Consider removing the AuthenticationProvider bean. Alternatively, consider using the UserDetailsService in a manually instantiated DaoAuthenticationProvider. If the current configuration is intentional, to turn off this warning, increase the logging level of 'org.springframework.security.config.annotation.authentication.configuration.InitializeUserDetailsBeanManagerConfigurer' to ERROR
2026-06-10 19:14:00.399 [main] DEBUG [] o.s.w.s.m.m.a.RequestMappingHandlerMapping - 42 mappings in 'requestMappingHandlerMapping'
2026-06-10 19:14:00.418 [main] DEBUG [] o.s.w.s.h.SimpleUrlHandlerMapping - Patterns [/webjars/**, /**, /swagger-ui*/*swagger-initializer.js, /swagger-ui*/**] in 'resourceHandlerMapping'
2026-06-10 19:14:00.449 [main] INFO  [] o.s.b.a.e.web.EndpointLinksResolver - Exposing 13 endpoints beneath base path '/actuator'
2026-06-10 19:14:00.474 [main] DEBUG [] o.s.s.web.DefaultSecurityFilterChain - Will secure any request with filters: DisableEncodeUrlFilter, WebAsyncManagerIntegrationFilter, SecurityContextHolderFilter, HeaderWriterFilter, CorsFilter, LogoutFilter, JwtAuthenticationFilter, RequestCacheAwareFilter, SecurityContextHolderAwareRequestFilter, AnonymousAuthenticationFilter, SessionManagementFilter, ExceptionTranslationFilter, AuthorizationFilter
2026-06-10 19:14:00.496 [main] DEBUG [] o.s.w.s.m.m.a.RequestMappingHandlerAdapter - ControllerAdvice beans: 0 @ModelAttribute, 0 @InitBinder, 1 RequestBodyAdvice, 1 ResponseBodyAdvice
2026-06-10 19:14:00.500 [main] DEBUG [] o.s.w.s.m.m.a.ExceptionHandlerExceptionResolver - ControllerAdvice beans: 2 @ExceptionHandler, 1 ResponseBodyAdvice
2026-06-10 19:14:00.527 [main] INFO  [] o.s.b.a.h.H2ConsoleAutoConfiguration - H2 console available at '/h2-console'. Database available at 'jdbc:h2:mem:deliverydb'
2026-06-10 19:14:00.537 [main] DEBUG [] o.s.w.f.ServerHttpObservationFilter - Filter 'webMvcObservationFilter' configured for use
2026-06-10 19:14:00.537 [main] INFO  [] o.s.b.t.m.w.SpringBootMockServletContext - Initializing Spring TestDispatcherServlet ''
2026-06-10 19:14:00.538 [main] INFO  [] o.s.t.w.s.TestDispatcherServlet - Initializing Servlet ''
2026-06-10 19:14:00.538 [main] INFO  [] o.s.t.w.s.TestDispatcherServlet - Completed initialization in 0 ms
2026-06-10 19:14:00.546 [main] INFO  [] c.d.d.c.PedidoControllerTest - Started PedidoControllerTest in 0.527 seconds (process running for 62.275)
2026-06-10 19:14:00.566 [main] DEBUG [] o.s.security.web.FilterChainProxy - Securing POST /api/pedidos
2026-06-10 19:14:00.567 [main] WARN  [] c.d.d.s.JwtAuthenticationFilter - JWT Token não começa com Bearer String
2026-06-10 19:14:00.568 [main] DEBUG [] o.s.security.web.FilterChainProxy - Secured POST /api/pedidos
2026-06-10 19:14:00.568 [main] DEBUG [2ca5b11bf33740a3] o.s.w.s.m.m.a.RequestMappingHandlerMapping - Mapped to com.deliverytech.delivery_api.controller.PedidoController#criarPedido(PedidoReqDTO)
2026-06-10 19:14:00.569 [main] DEBUG [2ca5b11bf33740a3] o.s.w.s.m.m.a.RequestResponseBodyMethodProcessor - Read "application/json;charset=UTF-8" to [com.deliverytech.delivery_api.dto.req.PedidoReqDTO@19f76837]
2026-06-10 19:14:00.577 [main] DEBUG [2ca5b11bf33740a3] o.s.w.s.m.m.a.ExceptionHandlerExceptionResolver - Using @ExceptionHandler com.deliverytech.delivery_api.exception.GlobalExceptionHandler#handleEntityNotFound(EntityNotFoundException, HttpServletRequest)
2026-06-10 19:14:00.579 [main] DEBUG [2ca5b11bf33740a3] o.s.w.s.m.m.a.HttpEntityMethodProcessor - Using 'application/json', given [*/*] and supported [application/json, application/*+json, application/yaml]
2026-06-10 19:14:00.579 [main] DEBUG [2ca5b11bf33740a3] o.s.w.s.m.m.a.HttpEntityMethodProcessor - Writing [com.deliverytech.delivery_api.dto.ErrorResponse@7d2ac311]
2026-06-10 19:14:00.579 [main] DEBUG [2ca5b11bf33740a3] o.s.w.s.m.m.a.ExceptionHandlerExceptionResolver - Resolved [com.deliverytech.delivery_api.exception.EntityNotFoundException: Produto não encontrado: 999999]
2026-06-10 19:14:00.585 [main] DEBUG [] o.s.w.c.s.GenericWebApplicationContext - Closing org.springframework.web.context.support.GenericWebApplicationContext@7e22ec83, started on Wed Jun 10 19:14:00 BRT 2026
2026-06-10 19:14:00.586 [main] INFO  [] o.s.o.j.LocalContainerEntityManagerFactoryBean - Closing JPA EntityManagerFactory for persistence unit 'default'
2026-06-10 19:14:00.587 [main] INFO  [] com.zaxxer.hikari.HikariDataSource - HikariPool-18 - Shutdown initiated...
2026-06-10 19:14:00.608 [main] INFO  [] com.zaxxer.hikari.HikariDataSource - HikariPool-18 - Shutdown completed.
2026-06-10 19:14:00.609 [main] INFO  [] o.s.b.d.r.RestartApplicationListener - Restart disabled due to context in which it is running
2026-06-10 19:14:00.624 [main] INFO  [] c.d.d.c.PedidoControllerTest - Starting PedidoControllerTest using Java 21.0.11 with PID 25592 (started by Santana in C:\Pasta Códiguinhos\arquitetura de sistemas fat\delivery-api\delivery-api)
2026-06-10 19:14:00.624 [main] INFO  [] c.d.d.c.PedidoControllerTest - The following 1 profile is active: "test"
2026-06-10 19:14:00.625 [main] DEBUG [] o.s.w.c.s.GenericWebApplicationContext - Refreshing org.springframework.web.context.support.GenericWebApplicationContext@33d67e2
2026-06-10 19:14:00.774 [main] INFO  [] o.s.d.r.c.RepositoryConfigurationDelegate - Bootstrapping Spring Data JPA repositories in DEFAULT mode.
2026-06-10 19:14:00.788 [main] INFO  [] o.s.d.r.c.RepositoryConfigurationDelegate - Finished Spring Data repository scanning in 14 ms. Found 5 JPA repository interfaces.
2026-06-10 19:14:00.841 [main] INFO  [] o.s.o.j.p.SpringPersistenceUnitInfo - No LoadTimeWeaver setup: ignoring JPA class transformer
2026-06-10 19:14:00.842 [main] INFO  [] com.zaxxer.hikari.HikariDataSource - HikariPool-19 - Starting...
2026-06-10 19:14:00.844 [main] INFO  [] com.zaxxer.hikari.pool.HikariPool - HikariPool-19 - Added connection conn174: url=jdbc:h2:mem:deliverydb user=SA
2026-06-10 19:14:00.844 [main] INFO  [] com.zaxxer.hikari.HikariDataSource - HikariPool-19 - Start completed.
2026-06-10 19:14:00.844 [main] WARN  [] org.hibernate.orm.deprecation - HHH90000025: H2Dialect does not need to be specified explicitly using 'hibernate.dialect' (remove the property setting and it will be selected by default)
2026-06-10 19:14:00.900 [main] INFO  [] o.s.o.j.LocalContainerEntityManagerFactoryBean - Initialized JPA EntityManagerFactory for persistence unit 'default'
2026-06-10 19:14:00.920 [main] INFO  [] o.s.s.c.a.a.c.InitializeAuthenticationProviderBeanManagerConfigurer$InitializeAuthenticationProviderManagerConfigurer - Global AuthenticationManager configured with AuthenticationProvider bean with name authenticationProvider
2026-06-10 19:14:00.921 [main] WARN  [] o.s.s.c.a.a.c.InitializeUserDetailsBeanManagerConfigurer$InitializeUserDetailsManagerConfigurer - Global AuthenticationManager configured with an AuthenticationProvider bean. UserDetailsService beans will not be used by Spring Security for automatically configuring username/password login. Consider removing the AuthenticationProvider bean. Alternatively, consider using the UserDetailsService in a manually instantiated DaoAuthenticationProvider. If the current configuration is intentional, to turn off this warning, increase the logging level of 'org.springframework.security.config.annotation.authentication.configuration.InitializeUserDetailsBeanManagerConfigurer' to ERROR
2026-06-10 19:14:01.000 [main] DEBUG [] o.s.w.s.m.m.a.RequestMappingHandlerMapping - 42 mappings in 'requestMappingHandlerMapping'
2026-06-10 19:14:01.020 [main] DEBUG [] o.s.w.s.h.SimpleUrlHandlerMapping - Patterns [/webjars/**, /**, /swagger-ui*/*swagger-initializer.js, /swagger-ui*/**] in 'resourceHandlerMapping'
2026-06-10 19:14:01.048 [main] INFO  [] o.s.b.a.e.web.EndpointLinksResolver - Exposing 13 endpoints beneath base path '/actuator'
2026-06-10 19:14:01.073 [main] DEBUG [] o.s.s.web.DefaultSecurityFilterChain - Will secure any request with filters: DisableEncodeUrlFilter, WebAsyncManagerIntegrationFilter, SecurityContextHolderFilter, HeaderWriterFilter, CorsFilter, LogoutFilter, JwtAuthenticationFilter, RequestCacheAwareFilter, SecurityContextHolderAwareRequestFilter, AnonymousAuthenticationFilter, SessionManagementFilter, ExceptionTranslationFilter, AuthorizationFilter
2026-06-10 19:14:01.093 [main] DEBUG [] o.s.w.s.m.m.a.RequestMappingHandlerAdapter - ControllerAdvice beans: 0 @ModelAttribute, 0 @InitBinder, 1 RequestBodyAdvice, 1 ResponseBodyAdvice
2026-06-10 19:14:01.097 [main] DEBUG [] o.s.w.s.m.m.a.ExceptionHandlerExceptionResolver - ControllerAdvice beans: 2 @ExceptionHandler, 1 ResponseBodyAdvice
2026-06-10 19:14:01.124 [main] INFO  [] o.s.b.a.h.H2ConsoleAutoConfiguration - H2 console available at '/h2-console'. Database available at 'jdbc:h2:mem:deliverydb'
2026-06-10 19:14:01.137 [main] DEBUG [] o.s.w.f.ServerHttpObservationFilter - Filter 'webMvcObservationFilter' configured for use
2026-06-10 19:14:01.137 [main] INFO  [] o.s.b.t.m.w.SpringBootMockServletContext - Initializing Spring TestDispatcherServlet ''
2026-06-10 19:14:01.137 [main] INFO  [] o.s.t.w.s.TestDispatcherServlet - Initializing Servlet ''
2026-06-10 19:14:01.138 [main] INFO  [] o.s.t.w.s.TestDispatcherServlet - Completed initialization in 1 ms
2026-06-10 19:14:01.147 [main] INFO  [] c.d.d.c.PedidoControllerTest - Started PedidoControllerTest in 0.538 seconds (process running for 62.876)
2026-06-10 19:14:01.175 [main] DEBUG [] o.s.security.web.FilterChainProxy - Securing DELETE /api/pedidos/999999
2026-06-10 19:14:01.176 [main] WARN  [] c.d.d.s.JwtAuthenticationFilter - JWT Token não começa com Bearer String
2026-06-10 19:14:01.177 [main] DEBUG [] o.s.security.web.FilterChainProxy - Secured DELETE /api/pedidos/999999
2026-06-10 19:14:01.177 [main] DEBUG [c5987cb8b7324557] o.s.w.s.m.m.a.RequestMappingHandlerMapping - Mapped to com.deliverytech.delivery_api.controller.PedidoController#cancelarPedido(Long)
2026-06-10 19:14:01.180 [main] DEBUG [c5987cb8b7324557] o.s.w.s.m.m.a.ExceptionHandlerExceptionResolver - Using @ExceptionHandler com.deliverytech.delivery_api.exception.GlobalExceptionHandler#handleEntityNotFound(EntityNotFoundException, HttpServletRequest)
2026-06-10 19:14:01.182 [main] DEBUG [c5987cb8b7324557] o.s.w.s.m.m.a.HttpEntityMethodProcessor - Using 'application/json', given [*/*] and supported [application/json, application/*+json, application/yaml]
2026-06-10 19:14:01.182 [main] DEBUG [c5987cb8b7324557] o.s.w.s.m.m.a.HttpEntityMethodProcessor - Writing [com.deliverytech.delivery_api.dto.ErrorResponse@497e299d]
2026-06-10 19:14:01.184 [main] DEBUG [c5987cb8b7324557] o.s.w.s.m.m.a.ExceptionHandlerExceptionResolver - Resolved [com.deliverytech.delivery_api.exception.EntityNotFoundException: Pedido não encontrado]
2026-06-10 19:14:01.191 [main] DEBUG [] o.s.w.c.s.GenericWebApplicationContext - Closing org.springframework.web.context.support.GenericWebApplicationContext@33d67e2, started on Wed Jun 10 19:14:00 BRT 2026
2026-06-10 19:14:01.192 [main] INFO  [] o.s.o.j.LocalContainerEntityManagerFactoryBean - Closing JPA EntityManagerFactory for persistence unit 'default'
2026-06-10 19:14:01.192 [main] INFO  [] com.zaxxer.hikari.HikariDataSource - HikariPool-19 - Shutdown initiated...
2026-06-10 19:14:01.204 [main] INFO  [] com.zaxxer.hikari.HikariDataSource - HikariPool-19 - Shutdown completed.
2026-06-10 19:14:01.206 [main] INFO  [] o.s.b.d.r.RestartApplicationListener - Restart disabled due to context in which it is running
2026-06-10 19:14:01.222 [main] INFO  [] c.d.d.c.PedidoControllerTest - Starting PedidoControllerTest using Java 21.0.11 with PID 25592 (started by Santana in C:\Pasta Códiguinhos\arquitetura de sistemas fat\delivery-api\delivery-api)
2026-06-10 19:14:01.224 [main] INFO  [] c.d.d.c.PedidoControllerTest - The following 1 profile is active: "test"
2026-06-10 19:14:01.224 [main] DEBUG [] o.s.w.c.s.GenericWebApplicationContext - Refreshing org.springframework.web.context.support.GenericWebApplicationContext@66d49261
2026-06-10 19:14:01.386 [main] INFO  [] o.s.d.r.c.RepositoryConfigurationDelegate - Bootstrapping Spring Data JPA repositories in DEFAULT mode.
2026-06-10 19:14:01.400 [main] INFO  [] o.s.d.r.c.RepositoryConfigurationDelegate - Finished Spring Data repository scanning in 14 ms. Found 5 JPA repository interfaces.
2026-06-10 19:14:01.539 [main] INFO  [] o.s.o.j.p.SpringPersistenceUnitInfo - No LoadTimeWeaver setup: ignoring JPA class transformer
2026-06-10 19:14:01.540 [main] INFO  [] com.zaxxer.hikari.HikariDataSource - HikariPool-20 - Starting...
2026-06-10 19:14:01.541 [main] INFO  [] com.zaxxer.hikari.pool.HikariPool - HikariPool-20 - Added connection conn183: url=jdbc:h2:mem:deliverydb user=SA
2026-06-10 19:14:01.541 [main] INFO  [] com.zaxxer.hikari.HikariDataSource - HikariPool-20 - Start completed.
2026-06-10 19:14:01.541 [main] WARN  [] org.hibernate.orm.deprecation - HHH90000025: H2Dialect does not need to be specified explicitly using 'hibernate.dialect' (remove the property setting and it will be selected by default)
2026-06-10 19:14:01.576 [main] INFO  [] o.s.o.j.LocalContainerEntityManagerFactoryBean - Initialized JPA EntityManagerFactory for persistence unit 'default'
2026-06-10 19:14:01.596 [main] INFO  [] o.s.s.c.a.a.c.InitializeAuthenticationProviderBeanManagerConfigurer$InitializeAuthenticationProviderManagerConfigurer - Global AuthenticationManager configured with AuthenticationProvider bean with name authenticationProvider
2026-06-10 19:14:01.596 [main] WARN  [] o.s.s.c.a.a.c.InitializeUserDetailsBeanManagerConfigurer$InitializeUserDetailsManagerConfigurer - Global AuthenticationManager configured with an AuthenticationProvider bean. UserDetailsService beans will not be used by Spring Security for automatically configuring username/password login. Consider removing the AuthenticationProvider bean. Alternatively, consider using the UserDetailsService in a manually instantiated DaoAuthenticationProvider. If the current configuration is intentional, to turn off this warning, increase the logging level of 'org.springframework.security.config.annotation.authentication.configuration.InitializeUserDetailsBeanManagerConfigurer' to ERROR
2026-06-10 19:14:01.676 [main] DEBUG [] o.s.w.s.m.m.a.RequestMappingHandlerMapping - 42 mappings in 'requestMappingHandlerMapping'
2026-06-10 19:14:01.698 [main] DEBUG [] o.s.w.s.h.SimpleUrlHandlerMapping - Patterns [/webjars/**, /**, /swagger-ui*/*swagger-initializer.js, /swagger-ui*/**] in 'resourceHandlerMapping'
2026-06-10 19:14:01.736 [main] INFO  [] o.s.b.a.e.web.EndpointLinksResolver - Exposing 13 endpoints beneath base path '/actuator'
2026-06-10 19:14:01.766 [main] DEBUG [] o.s.s.web.DefaultSecurityFilterChain - Will secure any request with filters: DisableEncodeUrlFilter, WebAsyncManagerIntegrationFilter, SecurityContextHolderFilter, HeaderWriterFilter, CorsFilter, LogoutFilter, JwtAuthenticationFilter, RequestCacheAwareFilter, SecurityContextHolderAwareRequestFilter, AnonymousAuthenticationFilter, SessionManagementFilter, ExceptionTranslationFilter, AuthorizationFilter
2026-06-10 19:14:01.786 [main] DEBUG [] o.s.w.s.m.m.a.RequestMappingHandlerAdapter - ControllerAdvice beans: 0 @ModelAttribute, 0 @InitBinder, 1 RequestBodyAdvice, 1 ResponseBodyAdvice
2026-06-10 19:14:01.791 [main] DEBUG [] o.s.w.s.m.m.a.ExceptionHandlerExceptionResolver - ControllerAdvice beans: 2 @ExceptionHandler, 1 ResponseBodyAdvice
2026-06-10 19:14:01.822 [main] INFO  [] o.s.b.a.h.H2ConsoleAutoConfiguration - H2 console available at '/h2-console'. Database available at 'jdbc:h2:mem:deliverydb'
2026-06-10 19:14:01.831 [main] DEBUG [] o.s.w.f.ServerHttpObservationFilter - Filter 'webMvcObservationFilter' configured for use
2026-06-10 19:14:01.832 [main] INFO  [] o.s.b.t.m.w.SpringBootMockServletContext - Initializing Spring TestDispatcherServlet ''
2026-06-10 19:14:01.832 [main] INFO  [] o.s.t.w.s.TestDispatcherServlet - Initializing Servlet ''
2026-06-10 19:14:01.832 [main] INFO  [] o.s.t.w.s.TestDispatcherServlet - Completed initialization in 0 ms
2026-06-10 19:14:01.840 [main] INFO  [] c.d.d.c.PedidoControllerTest - Started PedidoControllerTest in 0.634 seconds (process running for 63.569)
2026-06-10 19:14:01.860 [main] DEBUG [] o.s.security.web.FilterChainProxy - Securing POST /api/pedidos
2026-06-10 19:14:01.861 [main] WARN  [] c.d.d.s.JwtAuthenticationFilter - JWT Token não começa com Bearer String
2026-06-10 19:14:01.861 [main] DEBUG [] o.s.security.web.FilterChainProxy - Secured POST /api/pedidos
2026-06-10 19:14:01.861 [main] DEBUG [f1ffb887c8484c31] o.s.w.s.m.m.a.RequestMappingHandlerMapping - Mapped to com.deliverytech.delivery_api.controller.PedidoController#criarPedido(PedidoReqDTO)
2026-06-10 19:14:01.863 [main] DEBUG [f1ffb887c8484c31] o.s.w.s.m.m.a.RequestResponseBodyMethodProcessor - Read "application/json;charset=UTF-8" to [com.deliverytech.delivery_api.dto.req.PedidoReqDTO@5a4ffe0d]
2026-06-10 19:14:01.874 [main] DEBUG [f1ffb887c8484c31] o.s.w.s.m.m.a.HttpEntityMethodProcessor - Using 'application/json', given [*/*] and supported [application/json, application/*+json, application/yaml]
2026-06-10 19:14:01.874 [main] DEBUG [f1ffb887c8484c31] o.s.w.s.m.m.a.HttpEntityMethodProcessor - Writing [com.deliverytech.delivery_api.dto.res.PedidoResDTO@5b9070af]
2026-06-10 19:14:01.877 [main] DEBUG [] o.s.security.web.FilterChainProxy - Securing GET /api/pedidos/4
2026-06-10 19:14:01.877 [main] WARN  [] c.d.d.s.JwtAuthenticationFilter - JWT Token não começa com Bearer String
2026-06-10 19:14:01.877 [main] DEBUG [] o.s.security.web.FilterChainProxy - Secured GET /api/pedidos/4
2026-06-10 19:14:01.878 [main] DEBUG [446dd3930ac7488c] o.s.w.s.m.m.a.RequestMappingHandlerMapping - Mapped to com.deliverytech.delivery_api.controller.PedidoController#buscarPorId(Long)
2026-06-10 19:14:01.879 [main] DEBUG [446dd3930ac7488c] o.s.w.s.m.m.a.HttpEntityMethodProcessor - Using 'application/json', given [*/*] and supported [application/json, application/*+json, application/yaml]
2026-06-10 19:14:01.879 [main] DEBUG [446dd3930ac7488c] o.s.w.s.m.m.a.HttpEntityMethodProcessor - Writing [com.deliverytech.delivery_api.dto.res.PedidoResDTO@1224cfdb]
2026-06-10 19:14:01.883 [main] DEBUG [] o.s.w.c.s.GenericWebApplicationContext - Closing org.springframework.web.context.support.GenericWebApplicationContext@66d49261, started on Wed Jun 10 19:14:01 BRT 2026
2026-06-10 19:14:01.884 [main] INFO  [] o.s.o.j.LocalContainerEntityManagerFactoryBean - Closing JPA EntityManagerFactory for persistence unit 'default'
2026-06-10 19:14:01.885 [main] INFO  [] com.zaxxer.hikari.HikariDataSource - HikariPool-20 - Shutdown initiated...
2026-06-10 19:14:01.895 [main] INFO  [] com.zaxxer.hikari.HikariDataSource - HikariPool-20 - Shutdown completed.
2026-06-10 19:14:01.897 [main] INFO  [] o.s.b.d.r.RestartApplicationListener - Restart disabled due to context in which it is running
2026-06-10 19:14:01.912 [main] INFO  [] c.d.d.c.PedidoControllerTest - Starting PedidoControllerTest using Java 21.0.11 with PID 25592 (started by Santana in C:\Pasta Códiguinhos\arquitetura de sistemas fat\delivery-api\delivery-api)
2026-06-10 19:14:01.912 [main] INFO  [] c.d.d.c.PedidoControllerTest - The following 1 profile is active: "test"
2026-06-10 19:14:01.913 [main] DEBUG [] o.s.w.c.s.GenericWebApplicationContext - Refreshing org.springframework.web.context.support.GenericWebApplicationContext@39e8b7b7
2026-06-10 19:14:02.077 [main] INFO  [] o.s.d.r.c.RepositoryConfigurationDelegate - Bootstrapping Spring Data JPA repositories in DEFAULT mode.
2026-06-10 19:14:02.092 [main] INFO  [] o.s.d.r.c.RepositoryConfigurationDelegate - Finished Spring Data repository scanning in 13 ms. Found 5 JPA repository interfaces.
2026-06-10 19:14:02.134 [main] INFO  [] o.s.o.j.p.SpringPersistenceUnitInfo - No LoadTimeWeaver setup: ignoring JPA class transformer
2026-06-10 19:14:02.135 [main] INFO  [] com.zaxxer.hikari.HikariDataSource - HikariPool-21 - Starting...
2026-06-10 19:14:02.136 [main] INFO  [] com.zaxxer.hikari.pool.HikariPool - HikariPool-21 - Added connection conn192: url=jdbc:h2:mem:deliverydb user=SA
2026-06-10 19:14:02.136 [main] INFO  [] com.zaxxer.hikari.HikariDataSource - HikariPool-21 - Start completed.
2026-06-10 19:14:02.136 [main] WARN  [] org.hibernate.orm.deprecation - HHH90000025: H2Dialect does not need to be specified explicitly using 'hibernate.dialect' (remove the property setting and it will be selected by default)
2026-06-10 19:14:02.166 [main] INFO  [] o.s.o.j.LocalContainerEntityManagerFactoryBean - Initialized JPA EntityManagerFactory for persistence unit 'default'
2026-06-10 19:14:02.185 [main] INFO  [] o.s.s.c.a.a.c.InitializeAuthenticationProviderBeanManagerConfigurer$InitializeAuthenticationProviderManagerConfigurer - Global AuthenticationManager configured with AuthenticationProvider bean with name authenticationProvider
2026-06-10 19:14:02.185 [main] WARN  [] o.s.s.c.a.a.c.InitializeUserDetailsBeanManagerConfigurer$InitializeUserDetailsManagerConfigurer - Global AuthenticationManager configured with an AuthenticationProvider bean. UserDetailsService beans will not be used by Spring Security for automatically configuring username/password login. Consider removing the AuthenticationProvider bean. Alternatively, consider using the UserDetailsService in a manually instantiated DaoAuthenticationProvider. If the current configuration is intentional, to turn off this warning, increase the logging level of 'org.springframework.security.config.annotation.authentication.configuration.InitializeUserDetailsBeanManagerConfigurer' to ERROR
2026-06-10 19:14:02.289 [main] DEBUG [] o.s.w.s.m.m.a.RequestMappingHandlerMapping - 42 mappings in 'requestMappingHandlerMapping'
2026-06-10 19:14:02.309 [main] DEBUG [] o.s.w.s.h.SimpleUrlHandlerMapping - Patterns [/webjars/**, /**, /swagger-ui*/*swagger-initializer.js, /swagger-ui*/**] in 'resourceHandlerMapping'
2026-06-10 19:14:02.342 [main] INFO  [] o.s.b.a.e.web.EndpointLinksResolver - Exposing 13 endpoints beneath base path '/actuator'
2026-06-10 19:14:02.371 [main] DEBUG [] o.s.s.web.DefaultSecurityFilterChain - Will secure any request with filters: DisableEncodeUrlFilter, WebAsyncManagerIntegrationFilter, SecurityContextHolderFilter, HeaderWriterFilter, CorsFilter, LogoutFilter, JwtAuthenticationFilter, RequestCacheAwareFilter, SecurityContextHolderAwareRequestFilter, AnonymousAuthenticationFilter, SessionManagementFilter, ExceptionTranslationFilter, AuthorizationFilter
2026-06-10 19:14:02.392 [main] DEBUG [] o.s.w.s.m.m.a.RequestMappingHandlerAdapter - ControllerAdvice beans: 0 @ModelAttribute, 0 @InitBinder, 1 RequestBodyAdvice, 1 ResponseBodyAdvice
2026-06-10 19:14:02.396 [main] DEBUG [] o.s.w.s.m.m.a.ExceptionHandlerExceptionResolver - ControllerAdvice beans: 2 @ExceptionHandler, 1 ResponseBodyAdvice
2026-06-10 19:14:02.422 [main] INFO  [] o.s.b.a.h.H2ConsoleAutoConfiguration - H2 console available at '/h2-console'. Database available at 'jdbc:h2:mem:deliverydb'
2026-06-10 19:14:02.432 [main] DEBUG [] o.s.w.f.ServerHttpObservationFilter - Filter 'webMvcObservationFilter' configured for use
2026-06-10 19:14:02.432 [main] INFO  [] o.s.b.t.m.w.SpringBootMockServletContext - Initializing Spring TestDispatcherServlet ''
2026-06-10 19:14:02.432 [main] INFO  [] o.s.t.w.s.TestDispatcherServlet - Initializing Servlet ''
2026-06-10 19:14:02.433 [main] INFO  [] o.s.t.w.s.TestDispatcherServlet - Completed initialization in 0 ms
2026-06-10 19:14:02.440 [main] INFO  [] c.d.d.c.PedidoControllerTest - Started PedidoControllerTest in 0.543 seconds (process running for 64.17)
2026-06-10 19:14:02.460 [main] DEBUG [] o.s.security.web.FilterChainProxy - Securing GET /api/pedidos/cliente/4
2026-06-10 19:14:02.460 [main] WARN  [] c.d.d.s.JwtAuthenticationFilter - JWT Token não começa com Bearer String
2026-06-10 19:14:02.461 [main] DEBUG [] o.s.security.web.FilterChainProxy - Secured GET /api/pedidos/cliente/4
2026-06-10 19:14:02.461 [main] DEBUG [5747dfd059ca429d] o.s.w.s.m.m.a.RequestMappingHandlerMapping - Mapped to com.deliverytech.delivery_api.controller.PedidoController#buscarPorCliente(Long)
2026-06-10 19:14:02.468 [main] DEBUG [5747dfd059ca429d] o.s.w.s.m.m.a.HttpEntityMethodProcessor - Using 'application/json', given [*/*] and supported [application/json, application/*+json, application/yaml]
2026-06-10 19:14:02.469 [main] DEBUG [5747dfd059ca429d] o.s.w.s.m.m.a.HttpEntityMethodProcessor - Writing [[]]
2026-06-10 19:14:02.473 [main] DEBUG [] o.s.w.c.s.GenericWebApplicationContext - Closing org.springframework.web.context.support.GenericWebApplicationContext@39e8b7b7, started on Wed Jun 10 19:14:01 BRT 2026
2026-06-10 19:14:02.475 [main] INFO  [] o.s.o.j.LocalContainerEntityManagerFactoryBean - Closing JPA EntityManagerFactory for persistence unit 'default'
2026-06-10 19:14:02.476 [main] INFO  [] com.zaxxer.hikari.HikariDataSource - HikariPool-21 - Shutdown initiated...
2026-06-10 19:14:02.503 [main] INFO  [] com.zaxxer.hikari.HikariDataSource - HikariPool-21 - Shutdown completed.
2026-06-10 19:14:02.505 [main] INFO  [] o.s.b.d.r.RestartApplicationListener - Restart disabled due to context in which it is running
2026-06-10 19:14:02.520 [main] INFO  [] c.d.d.c.PedidoControllerTest - Starting PedidoControllerTest using Java 21.0.11 with PID 25592 (started by Santana in C:\Pasta Códiguinhos\arquitetura de sistemas fat\delivery-api\delivery-api)
2026-06-10 19:14:02.520 [main] INFO  [] c.d.d.c.PedidoControllerTest - The following 1 profile is active: "test"
2026-06-10 19:14:02.522 [main] DEBUG [] o.s.w.c.s.GenericWebApplicationContext - Refreshing org.springframework.web.context.support.GenericWebApplicationContext@49d06245
2026-06-10 19:14:02.688 [main] INFO  [] o.s.d.r.c.RepositoryConfigurationDelegate - Bootstrapping Spring Data JPA repositories in DEFAULT mode.
2026-06-10 19:14:02.702 [main] INFO  [] o.s.d.r.c.RepositoryConfigurationDelegate - Finished Spring Data repository scanning in 13 ms. Found 5 JPA repository interfaces.
2026-06-10 19:14:02.749 [main] INFO  [] o.s.o.j.p.SpringPersistenceUnitInfo - No LoadTimeWeaver setup: ignoring JPA class transformer
2026-06-10 19:14:02.749 [main] INFO  [] com.zaxxer.hikari.HikariDataSource - HikariPool-22 - Starting...
2026-06-10 19:14:02.750 [main] INFO  [] com.zaxxer.hikari.pool.HikariPool - HikariPool-22 - Added connection conn201: url=jdbc:h2:mem:deliverydb user=SA
2026-06-10 19:14:02.750 [main] INFO  [] com.zaxxer.hikari.HikariDataSource - HikariPool-22 - Start completed.
2026-06-10 19:14:02.750 [main] WARN  [] org.hibernate.orm.deprecation - HHH90000025: H2Dialect does not need to be specified explicitly using 'hibernate.dialect' (remove the property setting and it will be selected by default)
2026-06-10 19:14:02.785 [main] INFO  [] o.s.o.j.LocalContainerEntityManagerFactoryBean - Initialized JPA EntityManagerFactory for persistence unit 'default'
2026-06-10 19:14:02.804 [main] INFO  [] o.s.s.c.a.a.c.InitializeAuthenticationProviderBeanManagerConfigurer$InitializeAuthenticationProviderManagerConfigurer - Global AuthenticationManager configured with AuthenticationProvider bean with name authenticationProvider
2026-06-10 19:14:02.805 [main] WARN  [] o.s.s.c.a.a.c.InitializeUserDetailsBeanManagerConfigurer$InitializeUserDetailsManagerConfigurer - Global AuthenticationManager configured with an AuthenticationProvider bean. UserDetailsService beans will not be used by Spring Security for automatically configuring username/password login. Consider removing the AuthenticationProvider bean. Alternatively, consider using the UserDetailsService in a manually instantiated DaoAuthenticationProvider. If the current configuration is intentional, to turn off this warning, increase the logging level of 'org.springframework.security.config.annotation.authentication.configuration.InitializeUserDetailsBeanManagerConfigurer' to ERROR
2026-06-10 19:14:02.881 [main] DEBUG [] o.s.w.s.m.m.a.RequestMappingHandlerMapping - 42 mappings in 'requestMappingHandlerMapping'
2026-06-10 19:14:02.899 [main] DEBUG [] o.s.w.s.h.SimpleUrlHandlerMapping - Patterns [/webjars/**, /**, /swagger-ui*/*swagger-initializer.js, /swagger-ui*/**] in 'resourceHandlerMapping'
2026-06-10 19:14:02.929 [main] INFO  [] o.s.b.a.e.web.EndpointLinksResolver - Exposing 13 endpoints beneath base path '/actuator'
2026-06-10 19:14:02.957 [main] DEBUG [] o.s.s.web.DefaultSecurityFilterChain - Will secure any request with filters: DisableEncodeUrlFilter, WebAsyncManagerIntegrationFilter, SecurityContextHolderFilter, HeaderWriterFilter, CorsFilter, LogoutFilter, JwtAuthenticationFilter, RequestCacheAwareFilter, SecurityContextHolderAwareRequestFilter, AnonymousAuthenticationFilter, SessionManagementFilter, ExceptionTranslationFilter, AuthorizationFilter
2026-06-10 19:14:02.978 [main] DEBUG [] o.s.w.s.m.m.a.RequestMappingHandlerAdapter - ControllerAdvice beans: 0 @ModelAttribute, 0 @InitBinder, 1 RequestBodyAdvice, 1 ResponseBodyAdvice
2026-06-10 19:14:02.982 [main] DEBUG [] o.s.w.s.m.m.a.ExceptionHandlerExceptionResolver - ControllerAdvice beans: 2 @ExceptionHandler, 1 ResponseBodyAdvice
2026-06-10 19:14:03.010 [main] INFO  [] o.s.b.a.h.H2ConsoleAutoConfiguration - H2 console available at '/h2-console'. Database available at 'jdbc:h2:mem:deliverydb'
2026-06-10 19:14:03.025 [main] DEBUG [] o.s.w.f.ServerHttpObservationFilter - Filter 'webMvcObservationFilter' configured for use
2026-06-10 19:14:03.026 [main] INFO  [] o.s.b.t.m.w.SpringBootMockServletContext - Initializing Spring TestDispatcherServlet ''
2026-06-10 19:14:03.026 [main] INFO  [] o.s.t.w.s.TestDispatcherServlet - Initializing Servlet ''
2026-06-10 19:14:03.026 [main] INFO  [] o.s.t.w.s.TestDispatcherServlet - Completed initialization in 0 ms
2026-06-10 19:14:03.032 [main] INFO  [] c.d.d.c.PedidoControllerTest - Started PedidoControllerTest in 0.527 seconds (process running for 64.763)
2026-06-10 19:14:03.055 [main] DEBUG [] o.s.security.web.FilterChainProxy - Securing POST /api/pedidos
2026-06-10 19:14:03.055 [main] WARN  [] c.d.d.s.JwtAuthenticationFilter - JWT Token não começa com Bearer String
2026-06-10 19:14:03.057 [main] DEBUG [] o.s.security.web.FilterChainProxy - Secured POST /api/pedidos
2026-06-10 19:14:03.057 [main] DEBUG [cb0b895a07b24b60] o.s.w.s.m.m.a.RequestMappingHandlerMapping - Mapped to com.deliverytech.delivery_api.controller.PedidoController#criarPedido(PedidoReqDTO)
2026-06-10 19:14:03.059 [main] DEBUG [cb0b895a07b24b60] o.s.w.s.m.m.a.RequestResponseBodyMethodProcessor - Read "application/json;charset=UTF-8" to [com.deliverytech.delivery_api.dto.req.PedidoReqDTO@7f5bf9c8]
2026-06-10 19:14:03.066 [main] DEBUG [cb0b895a07b24b60] o.s.w.s.m.m.a.ExceptionHandlerExceptionResolver - Using @ExceptionHandler com.deliverytech.delivery_api.exception.GlobalExceptionHandler#handleBusinessException(BusinessException, HttpServletRequest)
2026-06-10 19:14:03.067 [main] DEBUG [cb0b895a07b24b60] o.s.w.s.m.m.a.HttpEntityMethodProcessor - Using 'application/json', given [*/*] and supported [application/json, application/*+json, application/yaml]
2026-06-10 19:14:03.068 [main] DEBUG [cb0b895a07b24b60] o.s.w.s.m.m.a.HttpEntityMethodProcessor - Writing [com.deliverytech.delivery_api.dto.ErrorResponse@814a5d6]
2026-06-10 19:14:03.068 [main] DEBUG [cb0b895a07b24b60] o.s.w.s.m.m.a.ExceptionHandlerExceptionResolver - Resolved [com.deliverytech.delivery_api.exception.BusinessException: Produto não pertence ao restaurante selecionado]
2026-06-10 19:14:03.072 [main] DEBUG [] o.s.w.c.s.GenericWebApplicationContext - Closing org.springframework.web.context.support.GenericWebApplicationContext@49d06245, started on Wed Jun 10 19:14:02 BRT 2026
2026-06-10 19:14:03.074 [main] INFO  [] o.s.o.j.LocalContainerEntityManagerFactoryBean - Closing JPA EntityManagerFactory for persistence unit 'default'
2026-06-10 19:14:03.075 [main] INFO  [] com.zaxxer.hikari.HikariDataSource - HikariPool-22 - Shutdown initiated...
2026-06-10 19:14:03.103 [main] INFO  [] com.zaxxer.hikari.HikariDataSource - HikariPool-22 - Shutdown completed.
2026-06-10 19:14:03.105 [main] INFO  [] o.s.b.d.r.RestartApplicationListener - Restart disabled due to context in which it is running
2026-06-10 19:14:03.120 [main] INFO  [] c.d.d.c.PedidoControllerTest - Starting PedidoControllerTest using Java 21.0.11 with PID 25592 (started by Santana in C:\Pasta Códiguinhos\arquitetura de sistemas fat\delivery-api\delivery-api)
2026-06-10 19:14:03.120 [main] INFO  [] c.d.d.c.PedidoControllerTest - The following 1 profile is active: "test"
2026-06-10 19:14:03.121 [main] DEBUG [] o.s.w.c.s.GenericWebApplicationContext - Refreshing org.springframework.web.context.support.GenericWebApplicationContext@20542ed6
2026-06-10 19:14:03.283 [main] INFO  [] o.s.d.r.c.RepositoryConfigurationDelegate - Bootstrapping Spring Data JPA repositories in DEFAULT mode.
2026-06-10 19:14:03.299 [main] INFO  [] o.s.d.r.c.RepositoryConfigurationDelegate - Finished Spring Data repository scanning in 14 ms. Found 5 JPA repository interfaces.
2026-06-10 19:14:03.342 [main] INFO  [] o.s.o.j.p.SpringPersistenceUnitInfo - No LoadTimeWeaver setup: ignoring JPA class transformer
2026-06-10 19:14:03.343 [main] INFO  [] com.zaxxer.hikari.HikariDataSource - HikariPool-23 - Starting...
2026-06-10 19:14:03.344 [main] INFO  [] com.zaxxer.hikari.pool.HikariPool - HikariPool-23 - Added connection conn210: url=jdbc:h2:mem:deliverydb user=SA
2026-06-10 19:14:03.344 [main] INFO  [] com.zaxxer.hikari.HikariDataSource - HikariPool-23 - Start completed.
2026-06-10 19:14:03.344 [main] WARN  [] org.hibernate.orm.deprecation - HHH90000025: H2Dialect does not need to be specified explicitly using 'hibernate.dialect' (remove the property setting and it will be selected by default)
2026-06-10 19:14:03.374 [main] INFO  [] o.s.o.j.LocalContainerEntityManagerFactoryBean - Initialized JPA EntityManagerFactory for persistence unit 'default'
2026-06-10 19:14:03.393 [main] INFO  [] o.s.s.c.a.a.c.InitializeAuthenticationProviderBeanManagerConfigurer$InitializeAuthenticationProviderManagerConfigurer - Global AuthenticationManager configured with AuthenticationProvider bean with name authenticationProvider
2026-06-10 19:14:03.394 [main] WARN  [] o.s.s.c.a.a.c.InitializeUserDetailsBeanManagerConfigurer$InitializeUserDetailsManagerConfigurer - Global AuthenticationManager configured with an AuthenticationProvider bean. UserDetailsService beans will not be used by Spring Security for automatically configuring username/password login. Consider removing the AuthenticationProvider bean. Alternatively, consider using the UserDetailsService in a manually instantiated DaoAuthenticationProvider. If the current configuration is intentional, to turn off this warning, increase the logging level of 'org.springframework.security.config.annotation.authentication.configuration.InitializeUserDetailsBeanManagerConfigurer' to ERROR
2026-06-10 19:14:03.489 [main] DEBUG [] o.s.w.s.m.m.a.RequestMappingHandlerMapping - 42 mappings in 'requestMappingHandlerMapping'
2026-06-10 19:14:03.526 [main] DEBUG [] o.s.w.s.h.SimpleUrlHandlerMapping - Patterns [/webjars/**, /**, /swagger-ui*/*swagger-initializer.js, /swagger-ui*/**] in 'resourceHandlerMapping'
2026-06-10 19:14:03.564 [main] INFO  [] o.s.b.a.e.web.EndpointLinksResolver - Exposing 13 endpoints beneath base path '/actuator'
2026-06-10 19:14:03.592 [main] DEBUG [] o.s.s.web.DefaultSecurityFilterChain - Will secure any request with filters: DisableEncodeUrlFilter, WebAsyncManagerIntegrationFilter, SecurityContextHolderFilter, HeaderWriterFilter, CorsFilter, LogoutFilter, JwtAuthenticationFilter, RequestCacheAwareFilter, SecurityContextHolderAwareRequestFilter, AnonymousAuthenticationFilter, SessionManagementFilter, ExceptionTranslationFilter, AuthorizationFilter
2026-06-10 19:14:03.614 [main] DEBUG [] o.s.w.s.m.m.a.RequestMappingHandlerAdapter - ControllerAdvice beans: 0 @ModelAttribute, 0 @InitBinder, 1 RequestBodyAdvice, 1 ResponseBodyAdvice
2026-06-10 19:14:03.618 [main] DEBUG [] o.s.w.s.m.m.a.ExceptionHandlerExceptionResolver - ControllerAdvice beans: 2 @ExceptionHandler, 1 ResponseBodyAdvice
2026-06-10 19:14:03.646 [main] INFO  [] o.s.b.a.h.H2ConsoleAutoConfiguration - H2 console available at '/h2-console'. Database available at 'jdbc:h2:mem:deliverydb'
2026-06-10 19:14:03.657 [main] DEBUG [] o.s.w.f.ServerHttpObservationFilter - Filter 'webMvcObservationFilter' configured for use
2026-06-10 19:14:03.657 [main] INFO  [] o.s.b.t.m.w.SpringBootMockServletContext - Initializing Spring TestDispatcherServlet ''
2026-06-10 19:14:03.657 [main] INFO  [] o.s.t.w.s.TestDispatcherServlet - Initializing Servlet ''
2026-06-10 19:14:03.657 [main] INFO  [] o.s.t.w.s.TestDispatcherServlet - Completed initialization in 0 ms
2026-06-10 19:14:03.665 [main] INFO  [] c.d.d.c.PedidoControllerTest - Started PedidoControllerTest in 0.561 seconds (process running for 65.395)
2026-06-10 19:14:03.778 [main] DEBUG [] o.s.security.web.FilterChainProxy - Securing POST /api/pedidos
2026-06-10 19:14:03.778 [main] WARN  [] c.d.d.s.JwtAuthenticationFilter - JWT Token não começa com Bearer String
2026-06-10 19:14:03.779 [main] DEBUG [] o.s.security.web.FilterChainProxy - Secured POST /api/pedidos
2026-06-10 19:14:03.779 [main] DEBUG [7e6623c65686433b] o.s.w.s.m.m.a.RequestMappingHandlerMapping - Mapped to com.deliverytech.delivery_api.controller.PedidoController#criarPedido(PedidoReqDTO)
2026-06-10 19:14:03.781 [main] DEBUG [7e6623c65686433b] o.s.w.s.m.m.a.RequestResponseBodyMethodProcessor - Read "application/json;charset=UTF-8" to [com.deliverytech.delivery_api.dto.req.PedidoReqDTO@353bb1c0]
2026-06-10 19:14:03.792 [main] DEBUG [7e6623c65686433b] o.s.w.s.m.m.a.HttpEntityMethodProcessor - Using 'application/json', given [*/*] and supported [application/json, application/*+json, application/yaml]
2026-06-10 19:14:03.792 [main] DEBUG [7e6623c65686433b] o.s.w.s.m.m.a.HttpEntityMethodProcessor - Writing [com.deliverytech.delivery_api.dto.res.PedidoResDTO@2553b53f]
2026-06-10 19:14:03.798 [main] DEBUG [] o.s.security.web.FilterChainProxy - Securing PATCH /api/pedidos/4/status
2026-06-10 19:14:03.798 [main] WARN  [] c.d.d.s.JwtAuthenticationFilter - JWT Token não começa com Bearer String
2026-06-10 19:14:03.798 [main] DEBUG [] o.s.security.web.FilterChainProxy - Secured PATCH /api/pedidos/4/status
2026-06-10 19:14:03.799 [main] DEBUG [b256d85e0a8344a0] o.s.w.s.m.m.a.RequestMappingHandlerMapping - Mapped to com.deliverytech.delivery_api.controller.PedidoController#atualizarStatus(Long, StatusPedidoDTO)
2026-06-10 19:14:03.802 [main] DEBUG [b256d85e0a8344a0] o.s.w.s.m.m.a.RequestResponseBodyMethodProcessor - Read "application/json;charset=UTF-8" to [com.deliverytech.delivery_api.dto.StatusPedidoDTO@39aae383]
2026-06-10 19:14:03.806 [main] DEBUG [b256d85e0a8344a0] o.s.w.s.m.m.a.HttpEntityMethodProcessor - Using 'application/json', given [*/*] and supported [application/json, application/*+json, application/yaml]
2026-06-10 19:14:03.806 [main] DEBUG [b256d85e0a8344a0] o.s.w.s.m.m.a.HttpEntityMethodProcessor - Writing [com.deliverytech.delivery_api.dto.res.PedidoResDTO@20de6ac6]
2026-06-10 19:14:03.810 [main] DEBUG [] o.s.w.c.s.GenericWebApplicationContext - Closing org.springframework.web.context.support.GenericWebApplicationContext@20542ed6, started on Wed Jun 10 19:14:03 BRT 2026
2026-06-10 19:14:03.811 [main] INFO  [] o.s.o.j.LocalContainerEntityManagerFactoryBean - Closing JPA EntityManagerFactory for persistence unit 'default'
2026-06-10 19:14:03.812 [main] INFO  [] com.zaxxer.hikari.HikariDataSource - HikariPool-23 - Shutdown initiated...
2026-06-10 19:14:03.813 [main] INFO  [] com.zaxxer.hikari.HikariDataSource - HikariPool-23 - Shutdown completed.
2026-06-10 19:14:03.814 [main] INFO  [] o.s.b.d.r.RestartApplicationListener - Restart disabled due to context in which it is running
2026-06-10 19:14:03.832 [main] INFO  [] c.d.d.c.PedidoControllerTest - Starting PedidoControllerTest using Java 21.0.11 with PID 25592 (started by Santana in C:\Pasta Códiguinhos\arquitetura de sistemas fat\delivery-api\delivery-api)
2026-06-10 19:14:03.833 [main] INFO  [] c.d.d.c.PedidoControllerTest - The following 1 profile is active: "test"
2026-06-10 19:14:03.834 [main] DEBUG [] o.s.w.c.s.GenericWebApplicationContext - Refreshing org.springframework.web.context.support.GenericWebApplicationContext@19fe6df
2026-06-10 19:14:03.995 [main] INFO  [] o.s.d.r.c.RepositoryConfigurationDelegate - Bootstrapping Spring Data JPA repositories in DEFAULT mode.
2026-06-10 19:14:04.011 [main] INFO  [] o.s.d.r.c.RepositoryConfigurationDelegate - Finished Spring Data repository scanning in 14 ms. Found 5 JPA repository interfaces.
2026-06-10 19:14:04.058 [main] INFO  [] o.s.o.j.p.SpringPersistenceUnitInfo - No LoadTimeWeaver setup: ignoring JPA class transformer
2026-06-10 19:14:04.058 [main] INFO  [] com.zaxxer.hikari.HikariDataSource - HikariPool-24 - Starting...
2026-06-10 19:14:04.060 [main] INFO  [] com.zaxxer.hikari.pool.HikariPool - HikariPool-24 - Added connection conn220: url=jdbc:h2:mem:deliverydb user=SA
2026-06-10 19:14:04.060 [main] INFO  [] com.zaxxer.hikari.HikariDataSource - HikariPool-24 - Start completed.
2026-06-10 19:14:04.060 [main] WARN  [] org.hibernate.orm.deprecation - HHH90000025: H2Dialect does not need to be specified explicitly using 'hibernate.dialect' (remove the property setting and it will be selected by default)
2026-06-10 19:14:04.092 [main] INFO  [] o.s.o.j.LocalContainerEntityManagerFactoryBean - Initialized JPA EntityManagerFactory for persistence unit 'default'
2026-06-10 19:14:04.111 [main] INFO  [] o.s.s.c.a.a.c.InitializeAuthenticationProviderBeanManagerConfigurer$InitializeAuthenticationProviderManagerConfigurer - Global AuthenticationManager configured with AuthenticationProvider bean with name authenticationProvider
2026-06-10 19:14:04.111 [main] WARN  [] o.s.s.c.a.a.c.InitializeUserDetailsBeanManagerConfigurer$InitializeUserDetailsManagerConfigurer - Global AuthenticationManager configured with an AuthenticationProvider bean. UserDetailsService beans will not be used by Spring Security for automatically configuring username/password login. Consider removing the AuthenticationProvider bean. Alternatively, consider using the UserDetailsService in a manually instantiated DaoAuthenticationProvider. If the current configuration is intentional, to turn off this warning, increase the logging level of 'org.springframework.security.config.annotation.authentication.configuration.InitializeUserDetailsBeanManagerConfigurer' to ERROR
2026-06-10 19:14:04.195 [main] DEBUG [] o.s.w.s.m.m.a.RequestMappingHandlerMapping - 42 mappings in 'requestMappingHandlerMapping'
2026-06-10 19:14:04.211 [main] DEBUG [] o.s.w.s.h.SimpleUrlHandlerMapping - Patterns [/webjars/**, /**, /swagger-ui*/*swagger-initializer.js, /swagger-ui*/**] in 'resourceHandlerMapping'
2026-06-10 19:14:04.237 [main] INFO  [] o.s.b.a.e.web.EndpointLinksResolver - Exposing 13 endpoints beneath base path '/actuator'
2026-06-10 19:14:04.262 [main] DEBUG [] o.s.s.web.DefaultSecurityFilterChain - Will secure any request with filters: DisableEncodeUrlFilter, WebAsyncManagerIntegrationFilter, SecurityContextHolderFilter, HeaderWriterFilter, CorsFilter, LogoutFilter, JwtAuthenticationFilter, RequestCacheAwareFilter, SecurityContextHolderAwareRequestFilter, AnonymousAuthenticationFilter, SessionManagementFilter, ExceptionTranslationFilter, AuthorizationFilter
2026-06-10 19:14:04.280 [main] DEBUG [] o.s.w.s.m.m.a.RequestMappingHandlerAdapter - ControllerAdvice beans: 0 @ModelAttribute, 0 @InitBinder, 1 RequestBodyAdvice, 1 ResponseBodyAdvice
2026-06-10 19:14:04.284 [main] DEBUG [] o.s.w.s.m.m.a.ExceptionHandlerExceptionResolver - ControllerAdvice beans: 2 @ExceptionHandler, 1 ResponseBodyAdvice
2026-06-10 19:14:04.308 [main] INFO  [] o.s.b.a.h.H2ConsoleAutoConfiguration - H2 console available at '/h2-console'. Database available at 'jdbc:h2:mem:deliverydb'
2026-06-10 19:14:04.318 [main] DEBUG [] o.s.w.f.ServerHttpObservationFilter - Filter 'webMvcObservationFilter' configured for use
2026-06-10 19:14:04.318 [main] INFO  [] o.s.b.t.m.w.SpringBootMockServletContext - Initializing Spring TestDispatcherServlet ''
2026-06-10 19:14:04.318 [main] INFO  [] o.s.t.w.s.TestDispatcherServlet - Initializing Servlet ''
2026-06-10 19:14:04.319 [main] INFO  [] o.s.t.w.s.TestDispatcherServlet - Completed initialization in 1 ms
2026-06-10 19:14:04.326 [main] INFO  [] c.d.d.c.PedidoControllerTest - Started PedidoControllerTest in 0.512 seconds (process running for 66.055)
2026-06-10 19:14:04.344 [main] DEBUG [] o.s.security.web.FilterChainProxy - Securing POST /api/pedidos
2026-06-10 19:14:04.344 [main] WARN  [] c.d.d.s.JwtAuthenticationFilter - JWT Token não começa com Bearer String
2026-06-10 19:14:04.345 [main] DEBUG [] o.s.security.web.FilterChainProxy - Secured POST /api/pedidos
2026-06-10 19:14:04.345 [main] DEBUG [2bca76fd2d064645] o.s.w.s.m.m.a.RequestMappingHandlerMapping - Mapped to com.deliverytech.delivery_api.controller.PedidoController#criarPedido(PedidoReqDTO)
2026-06-10 19:14:04.347 [main] DEBUG [2bca76fd2d064645] o.s.w.s.m.m.a.RequestResponseBodyMethodProcessor - Read "application/json;charset=UTF-8" to [com.deliverytech.delivery_api.dto.req.PedidoReqDTO@43902601]
2026-06-10 19:14:04.356 [main] DEBUG [2bca76fd2d064645] o.s.w.s.m.m.a.HttpEntityMethodProcessor - Using 'application/json', given [*/*] and supported [application/json, application/*+json, application/yaml]
2026-06-10 19:14:04.357 [main] DEBUG [2bca76fd2d064645] o.s.w.s.m.m.a.HttpEntityMethodProcessor - Writing [com.deliverytech.delivery_api.dto.res.PedidoResDTO@6dc94fa0]
2026-06-10 19:14:04.359 [main] DEBUG [] o.s.security.web.FilterChainProxy - Securing PATCH /api/pedidos/4/status
2026-06-10 19:14:04.360 [main] WARN  [] c.d.d.s.JwtAuthenticationFilter - JWT Token não começa com Bearer String
2026-06-10 19:14:04.360 [main] DEBUG [] o.s.security.web.FilterChainProxy - Secured PATCH /api/pedidos/4/status
2026-06-10 19:14:04.361 [main] DEBUG [a0c76dd9727a4e13] o.s.w.s.m.m.a.RequestMappingHandlerMapping - Mapped to com.deliverytech.delivery_api.controller.PedidoController#atualizarStatus(Long, StatusPedidoDTO)
2026-06-10 19:14:04.361 [main] DEBUG [a0c76dd9727a4e13] o.s.w.s.m.m.a.RequestResponseBodyMethodProcessor - Read "application/json;charset=UTF-8" to [com.deliverytech.delivery_api.dto.StatusPedidoDTO@46748980]
2026-06-10 19:14:04.362 [main] DEBUG [a0c76dd9727a4e13] o.s.w.s.m.m.a.ExceptionHandlerExceptionResolver - Using @ExceptionHandler com.deliverytech.delivery_api.exception.GlobalExceptionHandler#handleBusinessException(BusinessException, HttpServletRequest)
2026-06-10 19:14:04.365 [main] DEBUG [a0c76dd9727a4e13] o.s.w.s.m.m.a.HttpEntityMethodProcessor - Using 'application/json', given [*/*] and supported [application/json, application/*+json, application/yaml]
2026-06-10 19:14:04.365 [main] DEBUG [a0c76dd9727a4e13] o.s.w.s.m.m.a.HttpEntityMethodProcessor - Writing [com.deliverytech.delivery_api.dto.ErrorResponse@5e657974]
2026-06-10 19:14:04.365 [main] DEBUG [a0c76dd9727a4e13] o.s.w.s.m.m.a.ExceptionHandlerExceptionResolver - Resolved [com.deliverytech.delivery_api.exception.BusinessException: Transição de status inválida: PENDENTE -> ENTREGUE]
2026-06-10 19:14:04.369 [main] DEBUG [] o.s.w.c.s.GenericWebApplicationContext - Closing org.springframework.web.context.support.GenericWebApplicationContext@19fe6df, started on Wed Jun 10 19:14:03 BRT 2026
2026-06-10 19:14:04.371 [main] INFO  [] o.s.o.j.LocalContainerEntityManagerFactoryBean - Closing JPA EntityManagerFactory for persistence unit 'default'
2026-06-10 19:14:04.371 [main] INFO  [] com.zaxxer.hikari.HikariDataSource - HikariPool-24 - Shutdown initiated...
2026-06-10 19:14:04.385 [main] INFO  [] com.zaxxer.hikari.HikariDataSource - HikariPool-24 - Shutdown completed.
2026-06-10 19:14:04.386 [main] INFO  [] o.s.b.d.r.RestartApplicationListener - Restart disabled due to context in which it is running
2026-06-10 19:14:04.400 [main] INFO  [] c.d.d.c.PedidoControllerTest - Starting PedidoControllerTest using Java 21.0.11 with PID 25592 (started by Santana in C:\Pasta Códiguinhos\arquitetura de sistemas fat\delivery-api\delivery-api)
2026-06-10 19:14:04.401 [main] INFO  [] c.d.d.c.PedidoControllerTest - The following 1 profile is active: "test"
2026-06-10 19:14:04.401 [main] DEBUG [] o.s.w.c.s.GenericWebApplicationContext - Refreshing org.springframework.web.context.support.GenericWebApplicationContext@37d773fa
2026-06-10 19:14:04.547 [main] INFO  [] o.s.d.r.c.RepositoryConfigurationDelegate - Bootstrapping Spring Data JPA repositories in DEFAULT mode.
2026-06-10 19:14:04.562 [main] INFO  [] o.s.d.r.c.RepositoryConfigurationDelegate - Finished Spring Data repository scanning in 14 ms. Found 5 JPA repository interfaces.
2026-06-10 19:14:04.604 [main] INFO  [] o.s.o.j.p.SpringPersistenceUnitInfo - No LoadTimeWeaver setup: ignoring JPA class transformer
2026-06-10 19:14:04.605 [main] INFO  [] com.zaxxer.hikari.HikariDataSource - HikariPool-25 - Starting...
2026-06-10 19:14:04.606 [main] INFO  [] com.zaxxer.hikari.pool.HikariPool - HikariPool-25 - Added connection conn228: url=jdbc:h2:mem:deliverydb user=SA
2026-06-10 19:14:04.606 [main] INFO  [] com.zaxxer.hikari.HikariDataSource - HikariPool-25 - Start completed.
2026-06-10 19:14:04.606 [main] WARN  [] org.hibernate.orm.deprecation - HHH90000025: H2Dialect does not need to be specified explicitly using 'hibernate.dialect' (remove the property setting and it will be selected by default)
2026-06-10 19:14:04.636 [main] INFO  [] o.s.o.j.LocalContainerEntityManagerFactoryBean - Initialized JPA EntityManagerFactory for persistence unit 'default'
2026-06-10 19:14:04.659 [main] INFO  [] o.s.s.c.a.a.c.InitializeAuthenticationProviderBeanManagerConfigurer$InitializeAuthenticationProviderManagerConfigurer - Global AuthenticationManager configured with AuthenticationProvider bean with name authenticationProvider
2026-06-10 19:14:04.659 [main] WARN  [] o.s.s.c.a.a.c.InitializeUserDetailsBeanManagerConfigurer$InitializeUserDetailsManagerConfigurer - Global AuthenticationManager configured with an AuthenticationProvider bean. UserDetailsService beans will not be used by Spring Security for automatically configuring username/password login. Consider removing the AuthenticationProvider bean. Alternatively, consider using the UserDetailsService in a manually instantiated DaoAuthenticationProvider. If the current configuration is intentional, to turn off this warning, increase the logging level of 'org.springframework.security.config.annotation.authentication.configuration.InitializeUserDetailsBeanManagerConfigurer' to ERROR
2026-06-10 19:14:04.730 [main] DEBUG [] o.s.w.s.m.m.a.RequestMappingHandlerMapping - 42 mappings in 'requestMappingHandlerMapping'
2026-06-10 19:14:04.748 [main] DEBUG [] o.s.w.s.h.SimpleUrlHandlerMapping - Patterns [/webjars/**, /**, /swagger-ui*/*swagger-initializer.js, /swagger-ui*/**] in 'resourceHandlerMapping'
2026-06-10 19:14:04.775 [main] INFO  [] o.s.b.a.e.web.EndpointLinksResolver - Exposing 13 endpoints beneath base path '/actuator'
2026-06-10 19:14:04.800 [main] DEBUG [] o.s.s.web.DefaultSecurityFilterChain - Will secure any request with filters: DisableEncodeUrlFilter, WebAsyncManagerIntegrationFilter, SecurityContextHolderFilter, HeaderWriterFilter, CorsFilter, LogoutFilter, JwtAuthenticationFilter, RequestCacheAwareFilter, SecurityContextHolderAwareRequestFilter, AnonymousAuthenticationFilter, SessionManagementFilter, ExceptionTranslationFilter, AuthorizationFilter
2026-06-10 19:14:04.819 [main] DEBUG [] o.s.w.s.m.m.a.RequestMappingHandlerAdapter - ControllerAdvice beans: 0 @ModelAttribute, 0 @InitBinder, 1 RequestBodyAdvice, 1 ResponseBodyAdvice
2026-06-10 19:14:04.822 [main] DEBUG [] o.s.w.s.m.m.a.ExceptionHandlerExceptionResolver - ControllerAdvice beans: 2 @ExceptionHandler, 1 ResponseBodyAdvice
2026-06-10 19:14:04.846 [main] INFO  [] o.s.b.a.h.H2ConsoleAutoConfiguration - H2 console available at '/h2-console'. Database available at 'jdbc:h2:mem:deliverydb'
2026-06-10 19:14:05.296 [main] DEBUG [] o.s.w.f.ServerHttpObservationFilter - Filter 'webMvcObservationFilter' configured for use
2026-06-10 19:14:05.296 [main] INFO  [] o.s.b.t.m.w.SpringBootMockServletContext - Initializing Spring TestDispatcherServlet ''
2026-06-10 19:14:05.296 [main] INFO  [] o.s.t.w.s.TestDispatcherServlet - Initializing Servlet ''
2026-06-10 19:14:05.297 [main] INFO  [] o.s.t.w.s.TestDispatcherServlet - Completed initialization in 1 ms
2026-06-10 19:14:05.306 [main] INFO  [] c.d.d.c.PedidoControllerTest - Started PedidoControllerTest in 0.92 seconds (process running for 67.035)
2026-06-10 19:14:05.325 [main] DEBUG [] o.s.security.web.FilterChainProxy - Securing POST /api/pedidos/calcular
2026-06-10 19:14:05.325 [main] WARN  [] c.d.d.s.JwtAuthenticationFilter - JWT Token não começa com Bearer String
2026-06-10 19:14:05.326 [main] DEBUG [] o.s.security.web.FilterChainProxy - Secured POST /api/pedidos/calcular
2026-06-10 19:14:05.326 [main] DEBUG [a33b904f38ce4fa8] o.s.w.s.m.m.a.RequestMappingHandlerMapping - Mapped to com.deliverytech.delivery_api.controller.PedidoController#calcularTotal(List)
2026-06-10 19:14:05.328 [main] DEBUG [a33b904f38ce4fa8] o.s.w.s.m.m.a.RequestResponseBodyMethodProcessor - Read "application/json;charset=UTF-8" to [[com.deliverytech.delivery_api.dto.ItemPedidoDTO@3dc3e908]]
2026-06-10 19:14:05.339 [main] DEBUG [a33b904f38ce4fa8] o.s.w.s.m.m.a.HttpEntityMethodProcessor - Using 'application/json', given [*/*] and supported [application/json, application/*+json, application/yaml]
2026-06-10 19:14:06.170 [main] DEBUG [a33b904f38ce4fa8] o.s.w.s.m.m.a.HttpEntityMethodProcessor - Writing [89.7]
2026-06-10 19:14:06.175 [main] DEBUG [] o.s.w.c.s.GenericWebApplicationContext - Closing org.springframework.web.context.support.GenericWebApplicationContext@37d773fa, started on Wed Jun 10 19:14:04 BRT 2026
2026-06-10 19:14:06.176 [main] INFO  [] o.s.o.j.LocalContainerEntityManagerFactoryBean - Closing JPA EntityManagerFactory for persistence unit 'default'
2026-06-10 19:14:06.177 [main] INFO  [] com.zaxxer.hikari.HikariDataSource - HikariPool-25 - Shutdown initiated...
2026-06-10 19:14:06.177 [main] INFO  [] com.zaxxer.hikari.HikariDataSource - HikariPool-25 - Shutdown completed.
2026-06-10 19:14:06.178 [main] INFO  [] o.s.b.d.r.RestartApplicationListener - Restart disabled due to context in which it is running
2026-06-10 19:14:06.406 [main] INFO  [] c.d.d.c.PedidoControllerTest - Starting PedidoControllerTest using Java 21.0.11 with PID 25592 (started by Santana in C:\Pasta Códiguinhos\arquitetura de sistemas fat\delivery-api\delivery-api)
2026-06-10 19:14:06.407 [main] INFO  [] c.d.d.c.PedidoControllerTest - The following 1 profile is active: "test"
2026-06-10 19:14:07.427 [main] DEBUG [] o.s.w.c.s.GenericWebApplicationContext - Refreshing org.springframework.web.context.support.GenericWebApplicationContext@961aa9e
2026-06-10 19:14:07.578 [main] INFO  [] o.s.d.r.c.RepositoryConfigurationDelegate - Bootstrapping Spring Data JPA repositories in DEFAULT mode.
2026-06-10 19:14:07.592 [main] INFO  [] o.s.d.r.c.RepositoryConfigurationDelegate - Finished Spring Data repository scanning in 13 ms. Found 5 JPA repository interfaces.
2026-06-10 19:14:07.637 [main] INFO  [] o.s.o.j.p.SpringPersistenceUnitInfo - No LoadTimeWeaver setup: ignoring JPA class transformer
2026-06-10 19:14:07.637 [main] INFO  [] com.zaxxer.hikari.HikariDataSource - HikariPool-26 - Starting...
2026-06-10 19:14:07.638 [main] INFO  [] com.zaxxer.hikari.pool.HikariPool - HikariPool-26 - Added connection conn238: url=jdbc:h2:mem:deliverydb user=SA
2026-06-10 19:14:07.638 [main] INFO  [] com.zaxxer.hikari.HikariDataSource - HikariPool-26 - Start completed.
2026-06-10 19:14:07.638 [main] WARN  [] org.hibernate.orm.deprecation - HHH90000025: H2Dialect does not need to be specified explicitly using 'hibernate.dialect' (remove the property setting and it will be selected by default)
2026-06-10 19:14:07.679 [main] INFO  [] o.s.o.j.LocalContainerEntityManagerFactoryBean - Initialized JPA EntityManagerFactory for persistence unit 'default'
2026-06-10 19:14:07.701 [main] INFO  [] o.s.s.c.a.a.c.InitializeAuthenticationProviderBeanManagerConfigurer$InitializeAuthenticationProviderManagerConfigurer - Global AuthenticationManager configured with AuthenticationProvider bean with name authenticationProvider
2026-06-10 19:14:07.702 [main] WARN  [] o.s.s.c.a.a.c.InitializeUserDetailsBeanManagerConfigurer$InitializeUserDetailsManagerConfigurer - Global AuthenticationManager configured with an AuthenticationProvider bean. UserDetailsService beans will not be used by Spring Security for automatically configuring username/password login. Consider removing the AuthenticationProvider bean. Alternatively, consider using the UserDetailsService in a manually instantiated DaoAuthenticationProvider. If the current configuration is intentional, to turn off this warning, increase the logging level of 'org.springframework.security.config.annotation.authentication.configuration.InitializeUserDetailsBeanManagerConfigurer' to ERROR
2026-06-10 19:14:07.794 [main] DEBUG [] o.s.w.s.m.m.a.RequestMappingHandlerMapping - 42 mappings in 'requestMappingHandlerMapping'
2026-06-10 19:14:07.812 [main] DEBUG [] o.s.w.s.h.SimpleUrlHandlerMapping - Patterns [/webjars/**, /**, /swagger-ui*/*swagger-initializer.js, /swagger-ui*/**] in 'resourceHandlerMapping'
2026-06-10 19:14:07.842 [main] INFO  [] o.s.b.a.e.web.EndpointLinksResolver - Exposing 13 endpoints beneath base path '/actuator'
2026-06-10 19:14:07.868 [main] DEBUG [] o.s.s.web.DefaultSecurityFilterChain - Will secure any request with filters: DisableEncodeUrlFilter, WebAsyncManagerIntegrationFilter, SecurityContextHolderFilter, HeaderWriterFilter, CorsFilter, LogoutFilter, JwtAuthenticationFilter, RequestCacheAwareFilter, SecurityContextHolderAwareRequestFilter, AnonymousAuthenticationFilter, SessionManagementFilter, ExceptionTranslationFilter, AuthorizationFilter
2026-06-10 19:14:07.887 [main] DEBUG [] o.s.w.s.m.m.a.RequestMappingHandlerAdapter - ControllerAdvice beans: 0 @ModelAttribute, 0 @InitBinder, 1 RequestBodyAdvice, 1 ResponseBodyAdvice
2026-06-10 19:14:07.891 [main] DEBUG [] o.s.w.s.m.m.a.ExceptionHandlerExceptionResolver - ControllerAdvice beans: 2 @ExceptionHandler, 1 ResponseBodyAdvice
2026-06-10 19:14:07.916 [main] INFO  [] o.s.b.a.h.H2ConsoleAutoConfiguration - H2 console available at '/h2-console'. Database available at 'jdbc:h2:mem:deliverydb'
2026-06-10 19:14:07.926 [main] DEBUG [] o.s.w.f.ServerHttpObservationFilter - Filter 'webMvcObservationFilter' configured for use
2026-06-10 19:14:07.926 [main] INFO  [] o.s.b.t.m.w.SpringBootMockServletContext - Initializing Spring TestDispatcherServlet ''
2026-06-10 19:14:07.926 [main] INFO  [] o.s.t.w.s.TestDispatcherServlet - Initializing Servlet ''
2026-06-10 19:14:07.926 [main] INFO  [] o.s.t.w.s.TestDispatcherServlet - Completed initialization in 0 ms
2026-06-10 19:14:07.934 [main] INFO  [] c.d.d.c.PedidoControllerTest - Started PedidoControllerTest in 1.756 seconds (process running for 69.663)
2026-06-10 19:14:07.952 [main] DEBUG [] o.s.security.web.FilterChainProxy - Securing GET /api/pedidos/999999
2026-06-10 19:14:07.952 [main] WARN  [] c.d.d.s.JwtAuthenticationFilter - JWT Token não começa com Bearer String
2026-06-10 19:14:07.952 [main] DEBUG [] o.s.security.web.FilterChainProxy - Secured GET /api/pedidos/999999
2026-06-10 19:14:07.952 [main] DEBUG [b6b92368a2af4047] o.s.w.s.m.m.a.RequestMappingHandlerMapping - Mapped to com.deliverytech.delivery_api.controller.PedidoController#buscarPorId(Long)
2026-06-10 19:14:07.955 [main] DEBUG [b6b92368a2af4047] o.s.w.s.m.m.a.ExceptionHandlerExceptionResolver - Using @ExceptionHandler com.deliverytech.delivery_api.exception.GlobalExceptionHandler#handleEntityNotFound(EntityNotFoundException, HttpServletRequest)
2026-06-10 19:14:07.957 [main] DEBUG [b6b92368a2af4047] o.s.w.s.m.m.a.HttpEntityMethodProcessor - Using 'application/json', given [*/*] and supported [application/json, application/*+json, application/yaml]
2026-06-10 19:14:07.958 [main] DEBUG [b6b92368a2af4047] o.s.w.s.m.m.a.HttpEntityMethodProcessor - Writing [com.deliverytech.delivery_api.dto.ErrorResponse@7fcc957e]
2026-06-10 19:14:07.958 [main] DEBUG [b6b92368a2af4047] o.s.w.s.m.m.a.ExceptionHandlerExceptionResolver - Resolved [com.deliverytech.delivery_api.exception.EntityNotFoundException: Pedido não encontrado com ID: 999999]
2026-06-10 19:14:07.964 [main] INFO  [] o.s.t.c.s.AnnotationConfigContextLoaderUtils - Could not detect default configuration classes for test class [com.deliverytech.delivery_api.controller.RestauranteControllerTest]: RestauranteControllerTest does not declare any static, non-private, non-final, nested classes annotated with @Configuration.
2026-06-10 19:14:07.971 [main] INFO  [] o.s.b.t.c.SpringBootTestContextBootstrapper - Found @SpringBootConfiguration com.deliverytech.delivery_api.DeliveryApiApplication for test class com.deliverytech.delivery_api.controller.RestauranteControllerTest
2026-06-10 19:14:07.974 [main] INFO  [] o.s.b.d.r.RestartApplicationListener - Restart disabled due to context in which it is running
2026-06-10 19:14:07.983 [main] INFO  [] c.d.d.c.RestauranteControllerTest - Starting RestauranteControllerTest using Java 21.0.11 with PID 25592 (started by Santana in C:\Pasta Códiguinhos\arquitetura de sistemas fat\delivery-api\delivery-api)
2026-06-10 19:14:07.983 [main] INFO  [] c.d.d.c.RestauranteControllerTest - No active profile set, falling back to 1 default profile: "default"
2026-06-10 19:14:07.984 [main] DEBUG [] o.s.w.c.s.GenericWebApplicationContext - Refreshing org.springframework.web.context.support.GenericWebApplicationContext@5436da31
2026-06-10 19:14:08.617 [main] DEBUG [] o.s.w.s.m.m.a.RequestMappingHandlerMapping - 11 mappings in 'requestMappingHandlerMapping'
2026-06-10 19:14:08.632 [main] DEBUG [] o.s.w.s.h.SimpleUrlHandlerMapping - Patterns [/webjars/**, /**] in 'resourceHandlerMapping'
2026-06-10 19:14:08.634 [main] DEBUG [] o.s.w.s.m.m.a.RequestMappingHandlerAdapter - ControllerAdvice beans: 0 @ModelAttribute, 0 @InitBinder, 1 RequestBodyAdvice, 1 ResponseBodyAdvice
2026-06-10 19:14:08.637 [main] DEBUG [] o.s.w.s.m.m.a.ExceptionHandlerExceptionResolver - ControllerAdvice beans: 1 @ExceptionHandler, 1 ResponseBodyAdvice
2026-06-10 19:14:08.642 [main] WARN  [] o.s.s.c.a.a.c.InitializeUserDetailsBeanManagerConfigurer$InitializeUserDetailsManagerConfigurer - Found 2 UserDetailsService beans, with names [inMemoryUserDetailsManager, com.deliverytech.delivery_api.service.AuthService#0]. Global Authentication Manager will not use a UserDetailsService for username/password login. Consider publishing a single UserDetailsService bean.
2026-06-10 19:14:08.642 [main] DEBUG [] o.s.s.c.a.a.c.AuthenticationConfiguration$DefaultPasswordEncoderAuthenticationManagerBuilder - No authenticationProviders and no parentAuthenticationManager defined. Returning null.
2026-06-10 19:14:08.661 [main] DEBUG [] o.s.s.web.DefaultSecurityFilterChain - Will secure any request with filters: DisableEncodeUrlFilter, WebAsyncManagerIntegrationFilter, SecurityContextHolderFilter, HeaderWriterFilter, CsrfFilter, LogoutFilter, UsernamePasswordAuthenticationFilter, DefaultResourcesFilter, DefaultLoginPageGeneratingFilter, DefaultLogoutPageGeneratingFilter, BasicAuthenticationFilter, RequestCacheAwareFilter, SecurityContextHolderAwareRequestFilter, AnonymousAuthenticationFilter, ExceptionTranslationFilter, AuthorizationFilter
2026-06-10 19:14:08.668 [main] INFO  [] o.s.b.t.m.w.SpringBootMockServletContext - Initializing Spring TestDispatcherServlet ''
2026-06-10 19:14:08.668 [main] INFO  [] o.s.t.w.s.TestDispatcherServlet - Initializing Servlet ''
2026-06-10 19:14:08.668 [main] INFO  [] o.s.t.w.s.TestDispatcherServlet - Completed initialization in 0 ms
2026-06-10 19:14:08.671 [main] INFO  [] c.d.d.c.RestauranteControllerTest - Started RestauranteControllerTest in 0.697 seconds (process running for 70.4)
2026-06-10 19:14:08.678 [main] DEBUG [] o.s.w.s.m.m.a.RequestMappingHandlerMapping - Mapped to com.deliverytech.delivery_api.controller.RestauranteController#buscarPorId(Long)
2026-06-10 19:14:08.686 [main] DEBUG [] o.s.w.s.m.m.a.HttpEntityMethodProcessor - Using 'application/json', given [*/*] and supported [application/json, application/*+json, application/yaml]
2026-06-10 19:14:08.686 [main] DEBUG [] o.s.w.s.m.m.a.HttpEntityMethodProcessor - Writing [com.deliverytech.delivery_api.dto.ApiResponseWrapper@26e676b1]
2026-06-10 19:14:08.692 [main] DEBUG [] o.s.w.s.m.m.a.RequestMappingHandlerMapping - Mapped to com.deliverytech.delivery_api.controller.RestauranteController#calcularTaxaEntrega(Long, String)
2026-06-10 19:14:08.694 [main] DEBUG [] o.s.w.s.m.m.a.HttpEntityMethodProcessor - Using 'application/json', given [*/*] and supported [application/json, application/*+json, application/yaml]
2026-06-10 19:14:08.694 [main] DEBUG [] o.s.w.s.m.m.a.HttpEntityMethodProcessor - Writing [com.deliverytech.delivery_api.dto.ApiResponseWrapper@7cd74389]
2026-06-10 19:14:08.702 [main] DEBUG [] o.s.w.s.m.m.a.RequestMappingHandlerMapping - Mapped to com.deliverytech.delivery_api.controller.RestauranteController#alterarStatus(Long)
2026-06-10 19:14:08.703 [main] DEBUG [] o.s.w.s.m.m.a.HttpEntityMethodProcessor - Using 'application/json', given [*/*] and supported [application/json, application/*+json, application/yaml]
2026-06-10 19:14:08.704 [main] DEBUG [] o.s.w.s.m.m.a.HttpEntityMethodProcessor - Writing [com.deliverytech.delivery_api.dto.ApiResponseWrapper@6875e7ba]
2026-06-10 19:14:08.709 [main] DEBUG [] o.s.w.s.m.m.a.RequestMappingHandlerMapping - Mapped to com.deliverytech.delivery_api.controller.RestauranteController#buscarPorCategoria(String)
2026-06-10 19:14:08.711 [main] DEBUG [] o.s.w.s.m.m.a.HttpEntityMethodProcessor - Using 'application/json', given [*/*] and supported [application/json, application/*+json, application/yaml]
2026-06-10 19:14:08.711 [main] DEBUG [] o.s.w.s.m.m.a.HttpEntityMethodProcessor - Writing [com.deliverytech.delivery_api.dto.ApiResponseWrapper@671d6735]
2026-06-10 19:14:08.719 [main] INFO  [] o.s.t.c.s.AnnotationConfigContextLoaderUtils - Could not detect default configuration classes for test class [com.deliverytech.delivery_api.DeliveryApiApplicationTests]: DeliveryApiApplicationTests does not declare any static, non-private, non-final, nested classes annotated with @Configuration.
2026-06-10 19:14:08.731 [main] INFO  [] o.s.b.t.c.SpringBootTestContextBootstrapper - Found @SpringBootConfiguration com.deliverytech.delivery_api.DeliveryApiApplication for test class com.deliverytech.delivery_api.DeliveryApiApplicationTests
2026-06-10 19:14:08.735 [main] INFO  [] o.s.b.d.r.RestartApplicationListener - Restart disabled due to context in which it is running
2026-06-10 19:14:08.746 [main] INFO  [] c.d.d.DeliveryApiApplicationTests - Starting DeliveryApiApplicationTests using Java 21.0.11 with PID 25592 (started by Santana in C:\Pasta Códiguinhos\arquitetura de sistemas fat\delivery-api\delivery-api)
2026-06-10 19:14:08.746 [main] INFO  [] c.d.d.DeliveryApiApplicationTests - No active profile set, falling back to 1 default profile: "default"
2026-06-10 19:14:08.747 [main] DEBUG [] o.s.w.c.s.GenericWebApplicationContext - Refreshing org.springframework.web.context.support.GenericWebApplicationContext@38e68afa
2026-06-10 19:14:08.908 [main] INFO  [] o.s.d.r.c.RepositoryConfigurationDelegate - Bootstrapping Spring Data JPA repositories in DEFAULT mode.
2026-06-10 19:14:08.923 [main] INFO  [] o.s.d.r.c.RepositoryConfigurationDelegate - Finished Spring Data repository scanning in 13 ms. Found 5 JPA repository interfaces.
2026-06-10 19:14:08.964 [main] INFO  [] o.s.o.j.p.SpringPersistenceUnitInfo - No LoadTimeWeaver setup: ignoring JPA class transformer
2026-06-10 19:14:08.965 [main] INFO  [] com.zaxxer.hikari.HikariDataSource - HikariPool-27 - Starting...
2026-06-10 19:14:08.965 [main] INFO  [] com.zaxxer.hikari.pool.HikariPool - HikariPool-27 - Added connection conn248: url=jdbc:h2:mem:deliverydb user=SA
2026-06-10 19:14:08.965 [main] INFO  [] com.zaxxer.hikari.HikariDataSource - HikariPool-27 - Start completed.
2026-06-10 19:14:08.965 [main] WARN  [] org.hibernate.orm.deprecation - HHH90000025: H2Dialect does not need to be specified explicitly using 'hibernate.dialect' (remove the property setting and it will be selected by default)
2026-06-10 19:14:08.996 [main] INFO  [] o.s.o.j.LocalContainerEntityManagerFactoryBean - Initialized JPA EntityManagerFactory for persistence unit 'default'
2026-06-10 19:14:09.013 [main] INFO  [] o.s.s.c.a.a.c.InitializeAuthenticationProviderBeanManagerConfigurer$InitializeAuthenticationProviderManagerConfigurer - Global AuthenticationManager configured with AuthenticationProvider bean with name authenticationProvider
2026-06-10 19:14:09.014 [main] WARN  [] o.s.s.c.a.a.c.InitializeUserDetailsBeanManagerConfigurer$InitializeUserDetailsManagerConfigurer - Global AuthenticationManager configured with an AuthenticationProvider bean. UserDetailsService beans will not be used by Spring Security for automatically configuring username/password login. Consider removing the AuthenticationProvider bean. Alternatively, consider using the UserDetailsService in a manually instantiated DaoAuthenticationProvider. If the current configuration is intentional, to turn off this warning, increase the logging level of 'org.springframework.security.config.annotation.authentication.configuration.InitializeUserDetailsBeanManagerConfigurer' to ERROR
2026-06-10 19:14:09.083 [main] DEBUG [] o.s.w.s.m.m.a.RequestMappingHandlerMapping - 42 mappings in 'requestMappingHandlerMapping'
2026-06-10 19:14:09.102 [main] DEBUG [] o.s.w.s.h.SimpleUrlHandlerMapping - Patterns [/webjars/**, /**, /swagger-ui*/*swagger-initializer.js, /swagger-ui*/**] in 'resourceHandlerMapping'
2026-06-10 19:14:09.131 [main] INFO  [] o.s.b.a.e.web.EndpointLinksResolver - Exposing 13 endpoints beneath base path '/actuator'
2026-06-10 19:14:09.156 [main] DEBUG [] o.s.s.web.DefaultSecurityFilterChain - Will secure any request with filters: DisableEncodeUrlFilter, WebAsyncManagerIntegrationFilter, SecurityContextHolderFilter, HeaderWriterFilter, CorsFilter, LogoutFilter, JwtAuthenticationFilter, RequestCacheAwareFilter, SecurityContextHolderAwareRequestFilter, AnonymousAuthenticationFilter, SessionManagementFilter, ExceptionTranslationFilter, AuthorizationFilter
2026-06-10 19:14:09.177 [main] DEBUG [] o.s.w.s.m.m.a.RequestMappingHandlerAdapter - ControllerAdvice beans: 0 @ModelAttribute, 0 @InitBinder, 1 RequestBodyAdvice, 1 ResponseBodyAdvice
2026-06-10 19:14:09.181 [main] DEBUG [] o.s.w.s.m.m.a.ExceptionHandlerExceptionResolver - ControllerAdvice beans: 2 @ExceptionHandler, 1 ResponseBodyAdvice
2026-06-10 19:14:09.207 [main] INFO  [] o.s.b.a.h.H2ConsoleAutoConfiguration - H2 console available at '/h2-console'. Database available at 'jdbc:h2:mem:deliverydb'
2026-06-10 19:14:09.221 [main] INFO  [] c.d.d.DeliveryApiApplicationTests - Started DeliveryApiApplicationTests in 0.487 seconds (process running for 70.951)
2026-06-10 19:14:10.030 [SpringApplicationShutdownHook] DEBUG [] o.s.w.c.s.GenericWebApplicationContext - Closing org.springframework.web.context.support.GenericWebApplicationContext@961aa9e, started on Wed Jun 10 19:14:07 BRT 2026
2026-06-10 19:14:10.031 [SpringApplicationShutdownHook] INFO  [] o.s.o.j.LocalContainerEntityManagerFactoryBean - Closing JPA EntityManagerFactory for persistence unit 'default'
2026-06-10 19:14:10.032 [SpringApplicationShutdownHook] INFO  [] com.zaxxer.hikari.HikariDataSource - HikariPool-26 - Shutdown initiated...
2026-06-10 19:14:10.032 [SpringApplicationShutdownHook] INFO  [] com.zaxxer.hikari.HikariDataSource - HikariPool-26 - Shutdown completed.
2026-06-10 19:14:10.032 [SpringApplicationShutdownHook] DEBUG [] o.s.w.c.s.GenericWebApplicationContext - Closing org.springframework.web.context.support.GenericWebApplicationContext@5436da31, started on Wed Jun 10 19:14:07 BRT 2026
2026-06-10 19:14:10.032 [SpringApplicationShutdownHook] DEBUG [] o.s.w.c.s.GenericWebApplicationContext - Closing org.springframework.web.context.support.GenericWebApplicationContext@38e68afa, started on Wed Jun 10 19:14:08 BRT 2026
2026-06-10 19:14:10.034 [SpringApplicationShutdownHook] INFO  [] o.s.o.j.LocalContainerEntityManagerFactoryBean - Closing JPA EntityManagerFactory for persistence unit 'default'
2026-06-10 19:14:10.034 [SpringApplicationShutdownHook] INFO  [] com.zaxxer.hikari.HikariDataSource - HikariPool-27 - Shutdown initiated...
2026-06-10 19:14:10.035 [SpringApplicationShutdownHook] INFO  [] com.zaxxer.hikari.HikariDataSource - HikariPool-27 - Shutdown completed.
2026-06-10 19:31:03.081 [main] INFO  [] c.d.d.c.ClienteControllerTest - Starting ClienteControllerTest using Java 21.0.11 with PID 26828 (started by Santana in C:\Pasta Códiguinhos\arquitetura de sistemas fat\delivery-api\delivery-api)
2026-06-10 19:31:03.082 [main] INFO  [] c.d.d.c.ClienteControllerTest - The following 1 profile is active: "test"
2026-06-10 19:31:03.109 [main] DEBUG [] o.s.w.c.s.GenericWebApplicationContext - Refreshing org.springframework.web.context.support.GenericWebApplicationContext@3f7b15bb
2026-06-10 19:31:04.518 [main] INFO  [] o.s.d.r.c.RepositoryConfigurationDelegate - Bootstrapping Spring Data JPA repositories in DEFAULT mode.
2026-06-10 19:31:04.601 [main] INFO  [] o.s.d.r.c.RepositoryConfigurationDelegate - Finished Spring Data repository scanning in 68 ms. Found 5 JPA repository interfaces.
2026-06-10 19:31:05.576 [main] INFO  [] o.s.o.j.p.SpringPersistenceUnitInfo - No LoadTimeWeaver setup: ignoring JPA class transformer
2026-06-10 19:31:05.615 [main] INFO  [] com.zaxxer.hikari.HikariDataSource - HikariPool-1 - Starting...
2026-06-10 19:31:05.979 [main] INFO  [] com.zaxxer.hikari.pool.HikariPool - HikariPool-1 - Added connection conn0: url=jdbc:h2:mem:deliverydb user=SA
2026-06-10 19:31:05.981 [main] INFO  [] com.zaxxer.hikari.HikariDataSource - HikariPool-1 - Start completed.
2026-06-10 19:31:06.023 [main] WARN  [] org.hibernate.orm.deprecation - HHH90000025: H2Dialect does not need to be specified explicitly using 'hibernate.dialect' (remove the property setting and it will be selected by default)
2026-06-10 19:31:07.239 [main] INFO  [] o.s.o.j.LocalContainerEntityManagerFactoryBean - Initialized JPA EntityManagerFactory for persistence unit 'default'
2026-06-10 19:31:07.621 [main] INFO  [] o.s.s.c.a.a.c.InitializeAuthenticationProviderBeanManagerConfigurer$InitializeAuthenticationProviderManagerConfigurer - Global AuthenticationManager configured with AuthenticationProvider bean with name authenticationProvider
2026-06-10 19:31:07.622 [main] WARN  [] o.s.s.c.a.a.c.InitializeUserDetailsBeanManagerConfigurer$InitializeUserDetailsManagerConfigurer - Global AuthenticationManager configured with an AuthenticationProvider bean. UserDetailsService beans will not be used by Spring Security for automatically configuring username/password login. Consider removing the AuthenticationProvider bean. Alternatively, consider using the UserDetailsService in a manually instantiated DaoAuthenticationProvider. If the current configuration is intentional, to turn off this warning, increase the logging level of 'org.springframework.security.config.annotation.authentication.configuration.InitializeUserDetailsBeanManagerConfigurer' to ERROR
2026-06-10 19:31:07.676 [main] INFO  [] o.s.d.j.r.query.QueryEnhancerFactory - Hibernate is in classpath; If applicable, HQL parser will be used.
2026-06-10 19:31:08.936 [main] DEBUG [] o.s.w.s.m.m.a.RequestMappingHandlerMapping - 42 mappings in 'requestMappingHandlerMapping'
2026-06-10 19:31:09.072 [main] DEBUG [] o.s.w.s.h.SimpleUrlHandlerMapping - Patterns [/webjars/**, /**, /swagger-ui*/*swagger-initializer.js, /swagger-ui*/**] in 'resourceHandlerMapping'
2026-06-10 19:31:09.237 [main] INFO  [] o.s.b.a.e.web.EndpointLinksResolver - Exposing 13 endpoints beneath base path '/actuator'
2026-06-10 19:31:09.387 [main] DEBUG [] o.s.s.web.DefaultSecurityFilterChain - Will secure any request with filters: DisableEncodeUrlFilter, WebAsyncManagerIntegrationFilter, SecurityContextHolderFilter, HeaderWriterFilter, CorsFilter, LogoutFilter, JwtAuthenticationFilter, RequestCacheAwareFilter, SecurityContextHolderAwareRequestFilter, AnonymousAuthenticationFilter, SessionManagementFilter, ExceptionTranslationFilter, AuthorizationFilter
2026-06-10 19:31:09.542 [main] DEBUG [] o.s.w.s.m.m.a.RequestMappingHandlerAdapter - ControllerAdvice beans: 0 @ModelAttribute, 0 @InitBinder, 1 RequestBodyAdvice, 1 ResponseBodyAdvice
2026-06-10 19:31:09.606 [main] DEBUG [] o.s.w.s.m.m.a.ExceptionHandlerExceptionResolver - ControllerAdvice beans: 2 @ExceptionHandler, 1 ResponseBodyAdvice
2026-06-10 19:31:09.766 [main] INFO  [] o.s.b.a.h.H2ConsoleAutoConfiguration - H2 console available at '/h2-console'. Database available at 'jdbc:h2:mem:deliverydb'
2026-06-10 19:31:09.850 [main] DEBUG [] o.s.w.f.ServerHttpObservationFilter - Filter 'webMvcObservationFilter' configured for use
2026-06-10 19:31:09.852 [main] INFO  [] o.s.b.t.m.w.SpringBootMockServletContext - Initializing Spring TestDispatcherServlet ''
2026-06-10 19:31:09.852 [main] INFO  [] o.s.t.w.s.TestDispatcherServlet - Initializing Servlet ''
2026-06-10 19:31:09.853 [main] INFO  [] o.s.t.w.s.TestDispatcherServlet - Completed initialization in 1 ms
2026-06-10 19:31:09.908 [main] INFO  [] c.d.d.c.ClienteControllerTest - Started ClienteControllerTest in 7.527 seconds (process running for 11.378)
2026-06-10 19:31:10.008 [main] DEBUG [] o.s.w.c.s.GenericWebApplicationContext - Closing org.springframework.web.context.support.GenericWebApplicationContext@3f7b15bb, started on Wed Jun 10 19:31:03 BRT 2026
2026-06-10 19:31:10.014 [main] INFO  [] o.s.o.j.LocalContainerEntityManagerFactoryBean - Closing JPA EntityManagerFactory for persistence unit 'default'
2026-06-10 19:31:10.021 [main] INFO  [] com.zaxxer.hikari.HikariDataSource - HikariPool-1 - Shutdown initiated...
2026-06-10 19:31:10.022 [main] INFO  [] com.zaxxer.hikari.HikariDataSource - HikariPool-1 - Shutdown completed.
2026-06-10 19:31:10.026 [main] INFO  [] o.s.b.d.r.RestartApplicationListener - Restart disabled due to context in which it is running
2026-06-10 19:31:10.059 [main] INFO  [] c.d.d.c.ClienteControllerTest - Starting ClienteControllerTest using Java 21.0.11 with PID 26828 (started by Santana in C:\Pasta Códiguinhos\arquitetura de sistemas fat\delivery-api\delivery-api)
2026-06-10 19:31:10.059 [main] INFO  [] c.d.d.c.ClienteControllerTest - The following 1 profile is active: "test"
2026-06-10 19:31:10.060 [main] DEBUG [] o.s.w.c.s.GenericWebApplicationContext - Refreshing org.springframework.web.context.support.GenericWebApplicationContext@500c0dca
2026-06-10 19:31:10.340 [main] INFO  [] o.s.d.r.c.RepositoryConfigurationDelegate - Bootstrapping Spring Data JPA repositories in DEFAULT mode.
2026-06-10 19:31:10.360 [main] INFO  [] o.s.d.r.c.RepositoryConfigurationDelegate - Finished Spring Data repository scanning in 18 ms. Found 5 JPA repository interfaces.
2026-06-10 19:31:10.437 [main] INFO  [] o.s.o.j.p.SpringPersistenceUnitInfo - No LoadTimeWeaver setup: ignoring JPA class transformer
2026-06-10 19:31:10.439 [main] INFO  [] com.zaxxer.hikari.HikariDataSource - HikariPool-2 - Starting...
2026-06-10 19:31:10.441 [main] INFO  [] com.zaxxer.hikari.pool.HikariPool - HikariPool-2 - Added connection conn10: url=jdbc:h2:mem:deliverydb user=SA
2026-06-10 19:31:10.441 [main] INFO  [] com.zaxxer.hikari.HikariDataSource - HikariPool-2 - Start completed.
2026-06-10 19:31:10.441 [main] WARN  [] org.hibernate.orm.deprecation - HHH90000025: H2Dialect does not need to be specified explicitly using 'hibernate.dialect' (remove the property setting and it will be selected by default)
2026-06-10 19:31:10.515 [main] INFO  [] o.s.o.j.LocalContainerEntityManagerFactoryBean - Initialized JPA EntityManagerFactory for persistence unit 'default'
2026-06-10 19:31:10.554 [main] INFO  [] o.s.s.c.a.a.c.InitializeAuthenticationProviderBeanManagerConfigurer$InitializeAuthenticationProviderManagerConfigurer - Global AuthenticationManager configured with AuthenticationProvider bean with name authenticationProvider
2026-06-10 19:31:10.554 [main] WARN  [] o.s.s.c.a.a.c.InitializeUserDetailsBeanManagerConfigurer$InitializeUserDetailsManagerConfigurer - Global AuthenticationManager configured with an AuthenticationProvider bean. UserDetailsService beans will not be used by Spring Security for automatically configuring username/password login. Consider removing the AuthenticationProvider bean. Alternatively, consider using the UserDetailsService in a manually instantiated DaoAuthenticationProvider. If the current configuration is intentional, to turn off this warning, increase the logging level of 'org.springframework.security.config.annotation.authentication.configuration.InitializeUserDetailsBeanManagerConfigurer' to ERROR
2026-06-10 19:31:10.700 [main] DEBUG [] o.s.w.s.m.m.a.RequestMappingHandlerMapping - 42 mappings in 'requestMappingHandlerMapping'
2026-06-10 19:31:10.727 [main] DEBUG [] o.s.w.s.h.SimpleUrlHandlerMapping - Patterns [/webjars/**, /**, /swagger-ui*/*swagger-initializer.js, /swagger-ui*/**] in 'resourceHandlerMapping'
2026-06-10 19:31:10.776 [main] INFO  [] o.s.b.a.e.web.EndpointLinksResolver - Exposing 13 endpoints beneath base path '/actuator'
2026-06-10 19:31:10.807 [main] DEBUG [] o.s.s.web.DefaultSecurityFilterChain - Will secure any request with filters: DisableEncodeUrlFilter, WebAsyncManagerIntegrationFilter, SecurityContextHolderFilter, HeaderWriterFilter, CorsFilter, LogoutFilter, JwtAuthenticationFilter, RequestCacheAwareFilter, SecurityContextHolderAwareRequestFilter, AnonymousAuthenticationFilter, SessionManagementFilter, ExceptionTranslationFilter, AuthorizationFilter
2026-06-10 19:31:10.834 [main] DEBUG [] o.s.w.s.m.m.a.RequestMappingHandlerAdapter - ControllerAdvice beans: 0 @ModelAttribute, 0 @InitBinder, 1 RequestBodyAdvice, 1 ResponseBodyAdvice
2026-06-10 19:31:10.840 [main] DEBUG [] o.s.w.s.m.m.a.ExceptionHandlerExceptionResolver - ControllerAdvice beans: 2 @ExceptionHandler, 1 ResponseBodyAdvice
2026-06-10 19:31:10.883 [main] INFO  [] o.s.b.a.h.H2ConsoleAutoConfiguration - H2 console available at '/h2-console'. Database available at 'jdbc:h2:mem:deliverydb'
2026-06-10 19:31:10.903 [main] DEBUG [] o.s.w.f.ServerHttpObservationFilter - Filter 'webMvcObservationFilter' configured for use
2026-06-10 19:31:10.904 [main] INFO  [] o.s.b.t.m.w.SpringBootMockServletContext - Initializing Spring TestDispatcherServlet ''
2026-06-10 19:31:10.904 [main] INFO  [] o.s.t.w.s.TestDispatcherServlet - Initializing Servlet ''
2026-06-10 19:31:10.904 [main] INFO  [] o.s.t.w.s.TestDispatcherServlet - Completed initialization in 0 ms
2026-06-10 19:31:10.917 [main] INFO  [] c.d.d.c.ClienteControllerTest - Started ClienteControllerTest in 0.892 seconds (process running for 12.386)
2026-06-10 19:31:11.112 [main] DEBUG [] o.s.security.web.FilterChainProxy - Securing POST /api/clientes
2026-06-10 19:31:11.125 [main] WARN  [] c.d.d.s.JwtAuthenticationFilter - JWT Token não começa com Bearer String
2026-06-10 19:31:11.136 [main] DEBUG [] o.s.security.web.FilterChainProxy - Secured POST /api/clientes
2026-06-10 19:31:11.140 [main] DEBUG [bc328de40192457a] o.s.w.s.m.m.a.RequestMappingHandlerMapping - Mapped to com.deliverytech.delivery_api.controller.ClienteController#cadastrarCliente(ClienteReqDTO)
2026-06-10 19:31:11.195 [main] DEBUG [bc328de40192457a] o.s.w.s.m.m.a.RequestResponseBodyMethodProcessor - Read "application/json;charset=UTF-8" to [com.deliverytech.delivery_api.dto.req.ClienteReqDTO@70dd8888]
2026-06-10 19:31:11.412 [main] DEBUG [bc328de40192457a] o.s.w.s.m.m.a.HttpEntityMethodProcessor - Using 'application/json', given [*/*] and supported [application/json, application/*+json, application/yaml]
2026-06-10 19:31:11.412 [main] DEBUG [bc328de40192457a] o.s.w.s.m.m.a.HttpEntityMethodProcessor - Writing [com.deliverytech.delivery_api.dto.res.ClienteResDTO@7713b8b1]
2026-06-10 19:31:11.487 [main] DEBUG [] o.s.w.c.s.GenericWebApplicationContext - Closing org.springframework.web.context.support.GenericWebApplicationContext@500c0dca, started on Wed Jun 10 19:31:10 BRT 2026
2026-06-10 19:31:11.489 [main] INFO  [] o.s.o.j.LocalContainerEntityManagerFactoryBean - Closing JPA EntityManagerFactory for persistence unit 'default'
2026-06-10 19:31:11.493 [main] INFO  [] com.zaxxer.hikari.HikariDataSource - HikariPool-2 - Shutdown initiated...
2026-06-10 19:31:11.494 [main] INFO  [] com.zaxxer.hikari.HikariDataSource - HikariPool-2 - Shutdown completed.
2026-06-10 19:31:11.496 [main] INFO  [] o.s.b.d.r.RestartApplicationListener - Restart disabled due to context in which it is running
2026-06-10 19:31:11.532 [main] INFO  [] c.d.d.c.ClienteControllerTest - Starting ClienteControllerTest using Java 21.0.11 with PID 26828 (started by Santana in C:\Pasta Códiguinhos\arquitetura de sistemas fat\delivery-api\delivery-api)
2026-06-10 19:31:11.532 [main] INFO  [] c.d.d.c.ClienteControllerTest - The following 1 profile is active: "test"
2026-06-10 19:31:11.533 [main] DEBUG [] o.s.w.c.s.GenericWebApplicationContext - Refreshing org.springframework.web.context.support.GenericWebApplicationContext@171803ec
2026-06-10 19:31:11.787 [main] INFO  [] o.s.d.r.c.RepositoryConfigurationDelegate - Bootstrapping Spring Data JPA repositories in DEFAULT mode.
2026-06-10 19:31:11.808 [main] INFO  [] o.s.d.r.c.RepositoryConfigurationDelegate - Finished Spring Data repository scanning in 20 ms. Found 5 JPA repository interfaces.
2026-06-10 19:31:11.885 [main] INFO  [] o.s.o.j.p.SpringPersistenceUnitInfo - No LoadTimeWeaver setup: ignoring JPA class transformer
2026-06-10 19:31:11.886 [main] INFO  [] com.zaxxer.hikari.HikariDataSource - HikariPool-3 - Starting...
2026-06-10 19:31:11.888 [main] INFO  [] com.zaxxer.hikari.pool.HikariPool - HikariPool-3 - Added connection conn20: url=jdbc:h2:mem:deliverydb user=SA
2026-06-10 19:31:11.888 [main] INFO  [] com.zaxxer.hikari.HikariDataSource - HikariPool-3 - Start completed.
2026-06-10 19:31:11.889 [main] WARN  [] org.hibernate.orm.deprecation - HHH90000025: H2Dialect does not need to be specified explicitly using 'hibernate.dialect' (remove the property setting and it will be selected by default)
2026-06-10 19:31:11.956 [main] INFO  [] o.s.o.j.LocalContainerEntityManagerFactoryBean - Initialized JPA EntityManagerFactory for persistence unit 'default'
2026-06-10 19:31:11.985 [main] INFO  [] o.s.s.c.a.a.c.InitializeAuthenticationProviderBeanManagerConfigurer$InitializeAuthenticationProviderManagerConfigurer - Global AuthenticationManager configured with AuthenticationProvider bean with name authenticationProvider
2026-06-10 19:31:11.985 [main] WARN  [] o.s.s.c.a.a.c.InitializeUserDetailsBeanManagerConfigurer$InitializeUserDetailsManagerConfigurer - Global AuthenticationManager configured with an AuthenticationProvider bean. UserDetailsService beans will not be used by Spring Security for automatically configuring username/password login. Consider removing the AuthenticationProvider bean. Alternatively, consider using the UserDetailsService in a manually instantiated DaoAuthenticationProvider. If the current configuration is intentional, to turn off this warning, increase the logging level of 'org.springframework.security.config.annotation.authentication.configuration.InitializeUserDetailsBeanManagerConfigurer' to ERROR
2026-06-10 19:31:12.102 [main] DEBUG [] o.s.w.s.m.m.a.RequestMappingHandlerMapping - 42 mappings in 'requestMappingHandlerMapping'
2026-06-10 19:31:12.124 [main] DEBUG [] o.s.w.s.h.SimpleUrlHandlerMapping - Patterns [/webjars/**, /**, /swagger-ui*/*swagger-initializer.js, /swagger-ui*/**] in 'resourceHandlerMapping'
2026-06-10 19:31:12.167 [main] INFO  [] o.s.b.a.e.web.EndpointLinksResolver - Exposing 13 endpoints beneath base path '/actuator'
2026-06-10 19:31:12.196 [main] DEBUG [] o.s.s.web.DefaultSecurityFilterChain - Will secure any request with filters: DisableEncodeUrlFilter, WebAsyncManagerIntegrationFilter, SecurityContextHolderFilter, HeaderWriterFilter, CorsFilter, LogoutFilter, JwtAuthenticationFilter, RequestCacheAwareFilter, SecurityContextHolderAwareRequestFilter, AnonymousAuthenticationFilter, SessionManagementFilter, ExceptionTranslationFilter, AuthorizationFilter
2026-06-10 19:31:12.222 [main] DEBUG [] o.s.w.s.m.m.a.RequestMappingHandlerAdapter - ControllerAdvice beans: 0 @ModelAttribute, 0 @InitBinder, 1 RequestBodyAdvice, 1 ResponseBodyAdvice
2026-06-10 19:31:12.227 [main] DEBUG [] o.s.w.s.m.m.a.ExceptionHandlerExceptionResolver - ControllerAdvice beans: 2 @ExceptionHandler, 1 ResponseBodyAdvice
2026-06-10 19:31:12.282 [main] INFO  [] o.s.b.a.h.H2ConsoleAutoConfiguration - H2 console available at '/h2-console'. Database available at 'jdbc:h2:mem:deliverydb'
2026-06-10 19:31:12.315 [main] DEBUG [] o.s.w.f.ServerHttpObservationFilter - Filter 'webMvcObservationFilter' configured for use
2026-06-10 19:31:12.316 [main] INFO  [] o.s.b.t.m.w.SpringBootMockServletContext - Initializing Spring TestDispatcherServlet ''
2026-06-10 19:31:12.316 [main] INFO  [] o.s.t.w.s.TestDispatcherServlet - Initializing Servlet ''
2026-06-10 19:31:12.316 [main] INFO  [] o.s.t.w.s.TestDispatcherServlet - Completed initialization in 0 ms
2026-06-10 19:31:12.338 [main] INFO  [] c.d.d.c.ClienteControllerTest - Started ClienteControllerTest in 0.842 seconds (process running for 13.807)
2026-06-10 19:31:12.348 [main] DEBUG [] o.s.security.web.FilterChainProxy - Securing PATCH /api/clientes/4/status
2026-06-10 19:31:12.349 [main] WARN  [] c.d.d.s.JwtAuthenticationFilter - JWT Token não começa com Bearer String
2026-06-10 19:31:12.352 [main] DEBUG [] o.s.security.web.FilterChainProxy - Secured PATCH /api/clientes/4/status
2026-06-10 19:31:12.352 [main] DEBUG [2afc06087df24482] o.s.w.s.m.m.a.RequestMappingHandlerMapping - Mapped to com.deliverytech.delivery_api.controller.ClienteController#ativarDesativarCliente(Long)
2026-06-10 19:31:12.370 [main] DEBUG [2afc06087df24482] o.s.w.s.m.m.a.HttpEntityMethodProcessor - Using 'application/json', given [*/*] and supported [application/json, application/*+json, application/yaml]
2026-06-10 19:31:12.370 [main] DEBUG [2afc06087df24482] o.s.w.s.m.m.a.HttpEntityMethodProcessor - Writing [com.deliverytech.delivery_api.dto.res.ClienteResDTO@60790e91]
2026-06-10 19:31:12.375 [main] DEBUG [] o.s.security.web.FilterChainProxy - Securing PATCH /api/clientes/4/status
2026-06-10 19:31:12.376 [main] WARN  [] c.d.d.s.JwtAuthenticationFilter - JWT Token não começa com Bearer String
2026-06-10 19:31:12.377 [main] DEBUG [] o.s.security.web.FilterChainProxy - Secured PATCH /api/clientes/4/status
2026-06-10 19:31:12.377 [main] DEBUG [688bb904a08040e5] o.s.w.s.m.m.a.RequestMappingHandlerMapping - Mapped to com.deliverytech.delivery_api.controller.ClienteController#ativarDesativarCliente(Long)
2026-06-10 19:31:12.379 [main] DEBUG [688bb904a08040e5] o.s.w.s.m.m.a.HttpEntityMethodProcessor - Using 'application/json', given [*/*] and supported [application/json, application/*+json, application/yaml]
2026-06-10 19:31:12.380 [main] DEBUG [688bb904a08040e5] o.s.w.s.m.m.a.HttpEntityMethodProcessor - Writing [com.deliverytech.delivery_api.dto.res.ClienteResDTO@788178bd]
2026-06-10 19:31:12.388 [main] DEBUG [] o.s.w.c.s.GenericWebApplicationContext - Closing org.springframework.web.context.support.GenericWebApplicationContext@171803ec, started on Wed Jun 10 19:31:11 BRT 2026
2026-06-10 19:31:12.391 [main] INFO  [] o.s.o.j.LocalContainerEntityManagerFactoryBean - Closing JPA EntityManagerFactory for persistence unit 'default'
2026-06-10 19:31:12.394 [main] INFO  [] com.zaxxer.hikari.HikariDataSource - HikariPool-3 - Shutdown initiated...
2026-06-10 19:31:12.395 [main] INFO  [] com.zaxxer.hikari.HikariDataSource - HikariPool-3 - Shutdown completed.
2026-06-10 19:31:12.397 [main] INFO  [] o.s.b.d.r.RestartApplicationListener - Restart disabled due to context in which it is running
2026-06-10 19:31:12.430 [main] INFO  [] c.d.d.c.ClienteControllerTest - Starting ClienteControllerTest using Java 21.0.11 with PID 26828 (started by Santana in C:\Pasta Códiguinhos\arquitetura de sistemas fat\delivery-api\delivery-api)
2026-06-10 19:31:12.430 [main] INFO  [] c.d.d.c.ClienteControllerTest - The following 1 profile is active: "test"
2026-06-10 19:31:12.431 [main] DEBUG [] o.s.w.c.s.GenericWebApplicationContext - Refreshing org.springframework.web.context.support.GenericWebApplicationContext@446bec3f
2026-06-10 19:31:12.695 [main] INFO  [] o.s.d.r.c.RepositoryConfigurationDelegate - Bootstrapping Spring Data JPA repositories in DEFAULT mode.
2026-06-10 19:31:12.716 [main] INFO  [] o.s.d.r.c.RepositoryConfigurationDelegate - Finished Spring Data repository scanning in 20 ms. Found 5 JPA repository interfaces.
2026-06-10 19:31:12.802 [main] INFO  [] o.s.o.j.p.SpringPersistenceUnitInfo - No LoadTimeWeaver setup: ignoring JPA class transformer
2026-06-10 19:31:12.804 [main] INFO  [] com.zaxxer.hikari.HikariDataSource - HikariPool-4 - Starting...
2026-06-10 19:31:12.807 [main] INFO  [] com.zaxxer.hikari.pool.HikariPool - HikariPool-4 - Added connection conn30: url=jdbc:h2:mem:deliverydb user=SA
2026-06-10 19:31:12.807 [main] INFO  [] com.zaxxer.hikari.HikariDataSource - HikariPool-4 - Start completed.
2026-06-10 19:31:12.808 [main] WARN  [] org.hibernate.orm.deprecation - HHH90000025: H2Dialect does not need to be specified explicitly using 'hibernate.dialect' (remove the property setting and it will be selected by default)
2026-06-10 19:31:12.876 [main] INFO  [] o.s.o.j.LocalContainerEntityManagerFactoryBean - Initialized JPA EntityManagerFactory for persistence unit 'default'
2026-06-10 19:31:12.902 [main] INFO  [] o.s.s.c.a.a.c.InitializeAuthenticationProviderBeanManagerConfigurer$InitializeAuthenticationProviderManagerConfigurer - Global AuthenticationManager configured with AuthenticationProvider bean with name authenticationProvider
2026-06-10 19:31:12.902 [main] WARN  [] o.s.s.c.a.a.c.InitializeUserDetailsBeanManagerConfigurer$InitializeUserDetailsManagerConfigurer - Global AuthenticationManager configured with an AuthenticationProvider bean. UserDetailsService beans will not be used by Spring Security for automatically configuring username/password login. Consider removing the AuthenticationProvider bean. Alternatively, consider using the UserDetailsService in a manually instantiated DaoAuthenticationProvider. If the current configuration is intentional, to turn off this warning, increase the logging level of 'org.springframework.security.config.annotation.authentication.configuration.InitializeUserDetailsBeanManagerConfigurer' to ERROR
2026-06-10 19:31:13.032 [main] DEBUG [] o.s.w.s.m.m.a.RequestMappingHandlerMapping - 42 mappings in 'requestMappingHandlerMapping'
2026-06-10 19:31:13.060 [main] DEBUG [] o.s.w.s.h.SimpleUrlHandlerMapping - Patterns [/webjars/**, /**, /swagger-ui*/*swagger-initializer.js, /swagger-ui*/**] in 'resourceHandlerMapping'
2026-06-10 19:31:13.124 [main] INFO  [] o.s.b.a.e.web.EndpointLinksResolver - Exposing 13 endpoints beneath base path '/actuator'
2026-06-10 19:31:13.158 [main] DEBUG [] o.s.s.web.DefaultSecurityFilterChain - Will secure any request with filters: DisableEncodeUrlFilter, WebAsyncManagerIntegrationFilter, SecurityContextHolderFilter, HeaderWriterFilter, CorsFilter, LogoutFilter, JwtAuthenticationFilter, RequestCacheAwareFilter, SecurityContextHolderAwareRequestFilter, AnonymousAuthenticationFilter, SessionManagementFilter, ExceptionTranslationFilter, AuthorizationFilter
2026-06-10 19:31:13.189 [main] DEBUG [] o.s.w.s.m.m.a.RequestMappingHandlerAdapter - ControllerAdvice beans: 0 @ModelAttribute, 0 @InitBinder, 1 RequestBodyAdvice, 1 ResponseBodyAdvice
2026-06-10 19:31:13.195 [main] DEBUG [] o.s.w.s.m.m.a.ExceptionHandlerExceptionResolver - ControllerAdvice beans: 2 @ExceptionHandler, 1 ResponseBodyAdvice
2026-06-10 19:31:13.232 [main] INFO  [] o.s.b.a.h.H2ConsoleAutoConfiguration - H2 console available at '/h2-console'. Database available at 'jdbc:h2:mem:deliverydb'
2026-06-10 19:31:13.251 [main] DEBUG [] o.s.w.f.ServerHttpObservationFilter - Filter 'webMvcObservationFilter' configured for use
2026-06-10 19:31:13.252 [main] INFO  [] o.s.b.t.m.w.SpringBootMockServletContext - Initializing Spring TestDispatcherServlet ''
2026-06-10 19:31:13.252 [main] INFO  [] o.s.t.w.s.TestDispatcherServlet - Initializing Servlet ''
2026-06-10 19:31:13.252 [main] INFO  [] o.s.t.w.s.TestDispatcherServlet - Completed initialization in 0 ms
2026-06-10 19:31:13.267 [main] INFO  [] c.d.d.c.ClienteControllerTest - Started ClienteControllerTest in 0.869 seconds (process running for 14.735)
2026-06-10 19:31:13.280 [main] DEBUG [] o.s.security.web.FilterChainProxy - Securing GET /api/clientes/email/naoexiste@email.com
2026-06-10 19:31:13.281 [main] WARN  [] c.d.d.s.JwtAuthenticationFilter - JWT Token não começa com Bearer String
2026-06-10 19:31:13.282 [main] DEBUG [] o.s.security.web.FilterChainProxy - Secured GET /api/clientes/email/naoexiste@email.com
2026-06-10 19:31:13.282 [main] DEBUG [73220dbb174044c9] o.s.w.s.m.m.a.RequestMappingHandlerMapping - Mapped to com.deliverytech.delivery_api.controller.ClienteController#buscarPorEmail(String)
2026-06-10 19:31:13.318 [main] DEBUG [73220dbb174044c9] o.s.w.s.m.m.a.ExceptionHandlerExceptionResolver - Using @ExceptionHandler com.deliverytech.delivery_api.exception.GlobalExceptionHandler#handleEntityNotFound(EntityNotFoundException, HttpServletRequest)
2026-06-10 19:31:13.328 [main] DEBUG [73220dbb174044c9] o.s.w.s.m.m.a.HttpEntityMethodProcessor - Using 'application/json', given [*/*] and supported [application/json, application/*+json, application/yaml]
2026-06-10 19:31:13.329 [main] DEBUG [73220dbb174044c9] o.s.w.s.m.m.a.HttpEntityMethodProcessor - Writing [com.deliverytech.delivery_api.dto.ErrorResponse@633c4a60]
2026-06-10 19:31:13.341 [main] DEBUG [73220dbb174044c9] o.s.w.s.m.m.a.ExceptionHandlerExceptionResolver - Resolved [com.deliverytech.delivery_api.exception.EntityNotFoundException: Cliente não encontrado com email: naoexiste@email.com]
2026-06-10 19:31:13.350 [main] DEBUG [] o.s.w.c.s.GenericWebApplicationContext - Closing org.springframework.web.context.support.GenericWebApplicationContext@446bec3f, started on Wed Jun 10 19:31:12 BRT 2026
2026-06-10 19:31:13.353 [main] INFO  [] o.s.o.j.LocalContainerEntityManagerFactoryBean - Closing JPA EntityManagerFactory for persistence unit 'default'
2026-06-10 19:31:13.358 [main] INFO  [] com.zaxxer.hikari.HikariDataSource - HikariPool-4 - Shutdown initiated...
2026-06-10 19:31:13.359 [main] INFO  [] com.zaxxer.hikari.HikariDataSource - HikariPool-4 - Shutdown completed.
2026-06-10 19:31:13.361 [main] INFO  [] o.s.b.d.r.RestartApplicationListener - Restart disabled due to context in which it is running
2026-06-10 19:31:13.400 [main] INFO  [] c.d.d.c.ClienteControllerTest - Starting ClienteControllerTest using Java 21.0.11 with PID 26828 (started by Santana in C:\Pasta Códiguinhos\arquitetura de sistemas fat\delivery-api\delivery-api)
2026-06-10 19:31:13.401 [main] INFO  [] c.d.d.c.ClienteControllerTest - The following 1 profile is active: "test"
2026-06-10 19:31:13.402 [main] DEBUG [] o.s.w.c.s.GenericWebApplicationContext - Refreshing org.springframework.web.context.support.GenericWebApplicationContext@6eaa05cd
2026-06-10 19:31:13.643 [main] INFO  [] o.s.d.r.c.RepositoryConfigurationDelegate - Bootstrapping Spring Data JPA repositories in DEFAULT mode.
2026-06-10 19:31:13.665 [main] INFO  [] o.s.d.r.c.RepositoryConfigurationDelegate - Finished Spring Data repository scanning in 20 ms. Found 5 JPA repository interfaces.
2026-06-10 19:31:13.748 [main] INFO  [] o.s.o.j.p.SpringPersistenceUnitInfo - No LoadTimeWeaver setup: ignoring JPA class transformer
2026-06-10 19:31:13.749 [main] INFO  [] com.zaxxer.hikari.HikariDataSource - HikariPool-5 - Starting...
2026-06-10 19:31:13.750 [main] INFO  [] com.zaxxer.hikari.pool.HikariPool - HikariPool-5 - Added connection conn40: url=jdbc:h2:mem:deliverydb user=SA
2026-06-10 19:31:13.751 [main] INFO  [] com.zaxxer.hikari.HikariDataSource - HikariPool-5 - Start completed.
2026-06-10 19:31:13.751 [main] WARN  [] org.hibernate.orm.deprecation - HHH90000025: H2Dialect does not need to be specified explicitly using 'hibernate.dialect' (remove the property setting and it will be selected by default)
2026-06-10 19:31:13.809 [main] INFO  [] o.s.o.j.LocalContainerEntityManagerFactoryBean - Initialized JPA EntityManagerFactory for persistence unit 'default'
2026-06-10 19:31:13.837 [main] INFO  [] o.s.s.c.a.a.c.InitializeAuthenticationProviderBeanManagerConfigurer$InitializeAuthenticationProviderManagerConfigurer - Global AuthenticationManager configured with AuthenticationProvider bean with name authenticationProvider
2026-06-10 19:31:13.837 [main] WARN  [] o.s.s.c.a.a.c.InitializeUserDetailsBeanManagerConfigurer$InitializeUserDetailsManagerConfigurer - Global AuthenticationManager configured with an AuthenticationProvider bean. UserDetailsService beans will not be used by Spring Security for automatically configuring username/password login. Consider removing the AuthenticationProvider bean. Alternatively, consider using the UserDetailsService in a manually instantiated DaoAuthenticationProvider. If the current configuration is intentional, to turn off this warning, increase the logging level of 'org.springframework.security.config.annotation.authentication.configuration.InitializeUserDetailsBeanManagerConfigurer' to ERROR
2026-06-10 19:31:13.982 [main] DEBUG [] o.s.w.s.m.m.a.RequestMappingHandlerMapping - 42 mappings in 'requestMappingHandlerMapping'
2026-06-10 19:31:14.009 [main] DEBUG [] o.s.w.s.h.SimpleUrlHandlerMapping - Patterns [/webjars/**, /**, /swagger-ui*/*swagger-initializer.js, /swagger-ui*/**] in 'resourceHandlerMapping'
2026-06-10 19:31:14.051 [main] INFO  [] o.s.b.a.e.web.EndpointLinksResolver - Exposing 13 endpoints beneath base path '/actuator'
2026-06-10 19:31:14.088 [main] DEBUG [] o.s.s.web.DefaultSecurityFilterChain - Will secure any request with filters: DisableEncodeUrlFilter, WebAsyncManagerIntegrationFilter, SecurityContextHolderFilter, HeaderWriterFilter, CorsFilter, LogoutFilter, JwtAuthenticationFilter, RequestCacheAwareFilter, SecurityContextHolderAwareRequestFilter, AnonymousAuthenticationFilter, SessionManagementFilter, ExceptionTranslationFilter, AuthorizationFilter
2026-06-10 19:31:14.115 [main] DEBUG [] o.s.w.s.m.m.a.RequestMappingHandlerAdapter - ControllerAdvice beans: 0 @ModelAttribute, 0 @InitBinder, 1 RequestBodyAdvice, 1 ResponseBodyAdvice
2026-06-10 19:31:14.119 [main] DEBUG [] o.s.w.s.m.m.a.ExceptionHandlerExceptionResolver - ControllerAdvice beans: 2 @ExceptionHandler, 1 ResponseBodyAdvice
2026-06-10 19:31:14.149 [main] INFO  [] o.s.b.a.h.H2ConsoleAutoConfiguration - H2 console available at '/h2-console'. Database available at 'jdbc:h2:mem:deliverydb'
2026-06-10 19:31:14.163 [main] DEBUG [] o.s.w.f.ServerHttpObservationFilter - Filter 'webMvcObservationFilter' configured for use
2026-06-10 19:31:14.163 [main] INFO  [] o.s.b.t.m.w.SpringBootMockServletContext - Initializing Spring TestDispatcherServlet ''
2026-06-10 19:31:14.163 [main] INFO  [] o.s.t.w.s.TestDispatcherServlet - Initializing Servlet ''
2026-06-10 19:31:14.164 [main] INFO  [] o.s.t.w.s.TestDispatcherServlet - Completed initialization in 1 ms
2026-06-10 19:31:14.176 [main] INFO  [] c.d.d.c.ClienteControllerTest - Started ClienteControllerTest in 0.815 seconds (process running for 15.645)
2026-06-10 19:31:14.184 [main] DEBUG [] o.s.security.web.FilterChainProxy - Securing GET /api/clientes/4
2026-06-10 19:31:14.185 [main] WARN  [] c.d.d.s.JwtAuthenticationFilter - JWT Token não começa com Bearer String
2026-06-10 19:31:14.186 [main] DEBUG [] o.s.security.web.FilterChainProxy - Secured GET /api/clientes/4
2026-06-10 19:31:14.187 [main] DEBUG [d043476556304791] o.s.w.s.m.m.a.RequestMappingHandlerMapping - Mapped to com.deliverytech.delivery_api.controller.ClienteController#buscarPorId(Long)
2026-06-10 19:31:14.194 [main] DEBUG [d043476556304791] o.s.w.s.m.m.a.HttpEntityMethodProcessor - Using 'application/json', given [*/*] and supported [application/json, application/*+json, application/yaml]
2026-06-10 19:31:14.194 [main] DEBUG [d043476556304791] o.s.w.s.m.m.a.HttpEntityMethodProcessor - Writing [com.deliverytech.delivery_api.dto.res.ClienteResDTO@10dcef84]
2026-06-10 19:31:14.201 [main] DEBUG [] o.s.w.c.s.GenericWebApplicationContext - Closing org.springframework.web.context.support.GenericWebApplicationContext@6eaa05cd, started on Wed Jun 10 19:31:13 BRT 2026
2026-06-10 19:31:14.202 [main] INFO  [] o.s.o.j.LocalContainerEntityManagerFactoryBean - Closing JPA EntityManagerFactory for persistence unit 'default'
2026-06-10 19:31:14.204 [main] INFO  [] com.zaxxer.hikari.HikariDataSource - HikariPool-5 - Shutdown initiated...
2026-06-10 19:31:14.205 [main] INFO  [] com.zaxxer.hikari.HikariDataSource - HikariPool-5 - Shutdown completed.
2026-06-10 19:31:14.206 [main] INFO  [] o.s.b.d.r.RestartApplicationListener - Restart disabled due to context in which it is running
2026-06-10 19:31:14.230 [main] INFO  [] c.d.d.c.ClienteControllerTest - Starting ClienteControllerTest using Java 21.0.11 with PID 26828 (started by Santana in C:\Pasta Códiguinhos\arquitetura de sistemas fat\delivery-api\delivery-api)
2026-06-10 19:31:14.230 [main] INFO  [] c.d.d.c.ClienteControllerTest - The following 1 profile is active: "test"
2026-06-10 19:31:14.231 [main] DEBUG [] o.s.w.c.s.GenericWebApplicationContext - Refreshing org.springframework.web.context.support.GenericWebApplicationContext@1b17ef56
2026-06-10 19:31:14.459 [main] INFO  [] o.s.d.r.c.RepositoryConfigurationDelegate - Bootstrapping Spring Data JPA repositories in DEFAULT mode.
2026-06-10 19:31:14.475 [main] INFO  [] o.s.d.r.c.RepositoryConfigurationDelegate - Finished Spring Data repository scanning in 15 ms. Found 5 JPA repository interfaces.
2026-06-10 19:31:14.528 [main] INFO  [] o.s.o.j.p.SpringPersistenceUnitInfo - No LoadTimeWeaver setup: ignoring JPA class transformer
2026-06-10 19:31:14.528 [main] INFO  [] com.zaxxer.hikari.HikariDataSource - HikariPool-6 - Starting...
2026-06-10 19:31:14.530 [main] INFO  [] com.zaxxer.hikari.pool.HikariPool - HikariPool-6 - Added connection conn50: url=jdbc:h2:mem:deliverydb user=SA
2026-06-10 19:31:14.530 [main] INFO  [] com.zaxxer.hikari.HikariDataSource - HikariPool-6 - Start completed.
2026-06-10 19:31:14.530 [main] WARN  [] org.hibernate.orm.deprecation - HHH90000025: H2Dialect does not need to be specified explicitly using 'hibernate.dialect' (remove the property setting and it will be selected by default)
2026-06-10 19:31:14.592 [main] INFO  [] o.s.o.j.LocalContainerEntityManagerFactoryBean - Initialized JPA EntityManagerFactory for persistence unit 'default'
2026-06-10 19:31:14.621 [main] INFO  [] o.s.s.c.a.a.c.InitializeAuthenticationProviderBeanManagerConfigurer$InitializeAuthenticationProviderManagerConfigurer - Global AuthenticationManager configured with AuthenticationProvider bean with name authenticationProvider
2026-06-10 19:31:14.622 [main] WARN  [] o.s.s.c.a.a.c.InitializeUserDetailsBeanManagerConfigurer$InitializeUserDetailsManagerConfigurer - Global AuthenticationManager configured with an AuthenticationProvider bean. UserDetailsService beans will not be used by Spring Security for automatically configuring username/password login. Consider removing the AuthenticationProvider bean. Alternatively, consider using the UserDetailsService in a manually instantiated DaoAuthenticationProvider. If the current configuration is intentional, to turn off this warning, increase the logging level of 'org.springframework.security.config.annotation.authentication.configuration.InitializeUserDetailsBeanManagerConfigurer' to ERROR
2026-06-10 19:31:14.747 [main] DEBUG [] o.s.w.s.m.m.a.RequestMappingHandlerMapping - 42 mappings in 'requestMappingHandlerMapping'
2026-06-10 19:31:14.776 [main] DEBUG [] o.s.w.s.h.SimpleUrlHandlerMapping - Patterns [/webjars/**, /**, /swagger-ui*/*swagger-initializer.js, /swagger-ui*/**] in 'resourceHandlerMapping'
2026-06-10 19:31:14.848 [main] INFO  [] o.s.b.a.e.web.EndpointLinksResolver - Exposing 13 endpoints beneath base path '/actuator'
2026-06-10 19:31:14.888 [main] DEBUG [] o.s.s.web.DefaultSecurityFilterChain - Will secure any request with filters: DisableEncodeUrlFilter, WebAsyncManagerIntegrationFilter, SecurityContextHolderFilter, HeaderWriterFilter, CorsFilter, LogoutFilter, JwtAuthenticationFilter, RequestCacheAwareFilter, SecurityContextHolderAwareRequestFilter, AnonymousAuthenticationFilter, SessionManagementFilter, ExceptionTranslationFilter, AuthorizationFilter
2026-06-10 19:31:14.925 [main] DEBUG [] o.s.w.s.m.m.a.RequestMappingHandlerAdapter - ControllerAdvice beans: 0 @ModelAttribute, 0 @InitBinder, 1 RequestBodyAdvice, 1 ResponseBodyAdvice
2026-06-10 19:31:14.929 [main] DEBUG [] o.s.w.s.m.m.a.ExceptionHandlerExceptionResolver - ControllerAdvice beans: 2 @ExceptionHandler, 1 ResponseBodyAdvice
2026-06-10 19:31:14.967 [main] INFO  [] o.s.b.a.h.H2ConsoleAutoConfiguration - H2 console available at '/h2-console'. Database available at 'jdbc:h2:mem:deliverydb'
2026-06-10 19:31:14.983 [main] DEBUG [] o.s.w.f.ServerHttpObservationFilter - Filter 'webMvcObservationFilter' configured for use
2026-06-10 19:31:14.984 [main] INFO  [] o.s.b.t.m.w.SpringBootMockServletContext - Initializing Spring TestDispatcherServlet ''
2026-06-10 19:31:14.984 [main] INFO  [] o.s.t.w.s.TestDispatcherServlet - Initializing Servlet ''
2026-06-10 19:31:14.984 [main] INFO  [] o.s.t.w.s.TestDispatcherServlet - Completed initialization in 0 ms
2026-06-10 19:31:14.994 [main] INFO  [] c.d.d.c.ClienteControllerTest - Started ClienteControllerTest in 0.788 seconds (process running for 16.463)
2026-06-10 19:31:15.003 [main] DEBUG [] o.s.security.web.FilterChainProxy - Securing PUT /api/clientes/4
2026-06-10 19:31:15.004 [main] WARN  [] c.d.d.s.JwtAuthenticationFilter - JWT Token não começa com Bearer String
2026-06-10 19:31:15.005 [main] DEBUG [] o.s.security.web.FilterChainProxy - Secured PUT /api/clientes/4
2026-06-10 19:31:15.006 [main] DEBUG [c41312dc35454c7f] o.s.w.s.m.m.a.RequestMappingHandlerMapping - Mapped to com.deliverytech.delivery_api.controller.ClienteController#atualizarCliente(Long, ClienteReqDTO)
2026-06-10 19:31:15.007 [main] DEBUG [c41312dc35454c7f] o.s.w.s.m.m.a.RequestResponseBodyMethodProcessor - Read "application/json;charset=UTF-8" to [com.deliverytech.delivery_api.dto.req.ClienteReqDTO@68fff5ff]
2026-06-10 19:31:15.014 [main] DEBUG [c41312dc35454c7f] o.s.w.s.m.m.a.HttpEntityMethodProcessor - Using 'application/json', given [*/*] and supported [application/json, application/*+json, application/yaml]
2026-06-10 19:31:15.015 [main] DEBUG [c41312dc35454c7f] o.s.w.s.m.m.a.HttpEntityMethodProcessor - Writing [com.deliverytech.delivery_api.dto.res.ClienteResDTO@3d017b70]
2026-06-10 19:31:15.022 [main] DEBUG [] o.s.w.c.s.GenericWebApplicationContext - Closing org.springframework.web.context.support.GenericWebApplicationContext@1b17ef56, started on Wed Jun 10 19:31:14 BRT 2026
2026-06-10 19:31:15.024 [main] INFO  [] o.s.o.j.LocalContainerEntityManagerFactoryBean - Closing JPA EntityManagerFactory for persistence unit 'default'
2026-06-10 19:31:15.026 [main] INFO  [] com.zaxxer.hikari.HikariDataSource - HikariPool-6 - Shutdown initiated...
2026-06-10 19:31:15.027 [main] INFO  [] com.zaxxer.hikari.HikariDataSource - HikariPool-6 - Shutdown completed.
2026-06-10 19:31:15.028 [main] INFO  [] o.s.b.d.r.RestartApplicationListener - Restart disabled due to context in which it is running
2026-06-10 19:31:15.052 [main] INFO  [] c.d.d.c.ClienteControllerTest - Starting ClienteControllerTest using Java 21.0.11 with PID 26828 (started by Santana in C:\Pasta Códiguinhos\arquitetura de sistemas fat\delivery-api\delivery-api)
2026-06-10 19:31:15.052 [main] INFO  [] c.d.d.c.ClienteControllerTest - The following 1 profile is active: "test"
2026-06-10 19:31:15.053 [main] DEBUG [] o.s.w.c.s.GenericWebApplicationContext - Refreshing org.springframework.web.context.support.GenericWebApplicationContext@7d197ba3
2026-06-10 19:31:15.260 [main] INFO  [] o.s.d.r.c.RepositoryConfigurationDelegate - Bootstrapping Spring Data JPA repositories in DEFAULT mode.
2026-06-10 19:31:15.288 [main] INFO  [] o.s.d.r.c.RepositoryConfigurationDelegate - Finished Spring Data repository scanning in 26 ms. Found 5 JPA repository interfaces.
2026-06-10 19:31:15.340 [main] INFO  [] o.s.o.j.p.SpringPersistenceUnitInfo - No LoadTimeWeaver setup: ignoring JPA class transformer
2026-06-10 19:31:15.340 [main] INFO  [] com.zaxxer.hikari.HikariDataSource - HikariPool-7 - Starting...
2026-06-10 19:31:15.342 [main] INFO  [] com.zaxxer.hikari.pool.HikariPool - HikariPool-7 - Added connection conn60: url=jdbc:h2:mem:deliverydb user=SA
2026-06-10 19:31:15.342 [main] INFO  [] com.zaxxer.hikari.HikariDataSource - HikariPool-7 - Start completed.
2026-06-10 19:31:15.342 [main] WARN  [] org.hibernate.orm.deprecation - HHH90000025: H2Dialect does not need to be specified explicitly using 'hibernate.dialect' (remove the property setting and it will be selected by default)
2026-06-10 19:31:15.392 [main] INFO  [] o.s.o.j.LocalContainerEntityManagerFactoryBean - Initialized JPA EntityManagerFactory for persistence unit 'default'
2026-06-10 19:31:15.416 [main] INFO  [] o.s.s.c.a.a.c.InitializeAuthenticationProviderBeanManagerConfigurer$InitializeAuthenticationProviderManagerConfigurer - Global AuthenticationManager configured with AuthenticationProvider bean with name authenticationProvider
2026-06-10 19:31:15.417 [main] WARN  [] o.s.s.c.a.a.c.InitializeUserDetailsBeanManagerConfigurer$InitializeUserDetailsManagerConfigurer - Global AuthenticationManager configured with an AuthenticationProvider bean. UserDetailsService beans will not be used by Spring Security for automatically configuring username/password login. Consider removing the AuthenticationProvider bean. Alternatively, consider using the UserDetailsService in a manually instantiated DaoAuthenticationProvider. If the current configuration is intentional, to turn off this warning, increase the logging level of 'org.springframework.security.config.annotation.authentication.configuration.InitializeUserDetailsBeanManagerConfigurer' to ERROR
2026-06-10 19:31:15.540 [main] DEBUG [] o.s.w.s.m.m.a.RequestMappingHandlerMapping - 42 mappings in 'requestMappingHandlerMapping'
2026-06-10 19:31:15.570 [main] DEBUG [] o.s.w.s.h.SimpleUrlHandlerMapping - Patterns [/webjars/**, /**, /swagger-ui*/*swagger-initializer.js, /swagger-ui*/**] in 'resourceHandlerMapping'
2026-06-10 19:31:15.621 [main] INFO  [] o.s.b.a.e.web.EndpointLinksResolver - Exposing 13 endpoints beneath base path '/actuator'
2026-06-10 19:31:15.658 [main] DEBUG [] o.s.s.web.DefaultSecurityFilterChain - Will secure any request with filters: DisableEncodeUrlFilter, WebAsyncManagerIntegrationFilter, SecurityContextHolderFilter, HeaderWriterFilter, CorsFilter, LogoutFilter, JwtAuthenticationFilter, RequestCacheAwareFilter, SecurityContextHolderAwareRequestFilter, AnonymousAuthenticationFilter, SessionManagementFilter, ExceptionTranslationFilter, AuthorizationFilter
2026-06-10 19:31:15.682 [main] DEBUG [] o.s.w.s.m.m.a.RequestMappingHandlerAdapter - ControllerAdvice beans: 0 @ModelAttribute, 0 @InitBinder, 1 RequestBodyAdvice, 1 ResponseBodyAdvice
2026-06-10 19:31:15.687 [main] DEBUG [] o.s.w.s.m.m.a.ExceptionHandlerExceptionResolver - ControllerAdvice beans: 2 @ExceptionHandler, 1 ResponseBodyAdvice
2026-06-10 19:31:15.720 [main] INFO  [] o.s.b.a.h.H2ConsoleAutoConfiguration - H2 console available at '/h2-console'. Database available at 'jdbc:h2:mem:deliverydb'
2026-06-10 19:31:15.734 [main] DEBUG [] o.s.w.f.ServerHttpObservationFilter - Filter 'webMvcObservationFilter' configured for use
2026-06-10 19:31:15.734 [main] INFO  [] o.s.b.t.m.w.SpringBootMockServletContext - Initializing Spring TestDispatcherServlet ''
2026-06-10 19:31:15.734 [main] INFO  [] o.s.t.w.s.TestDispatcherServlet - Initializing Servlet ''
2026-06-10 19:31:15.735 [main] INFO  [] o.s.t.w.s.TestDispatcherServlet - Completed initialization in 1 ms
2026-06-10 19:31:15.744 [main] INFO  [] c.d.d.c.ClienteControllerTest - Started ClienteControllerTest in 0.716 seconds (process running for 17.214)
2026-06-10 19:31:15.752 [main] DEBUG [] o.s.security.web.FilterChainProxy - Securing PUT /api/clientes/999999
2026-06-10 19:31:15.754 [main] WARN  [] c.d.d.s.JwtAuthenticationFilter - JWT Token não começa com Bearer String
2026-06-10 19:31:15.755 [main] DEBUG [] o.s.security.web.FilterChainProxy - Secured PUT /api/clientes/999999
2026-06-10 19:31:15.755 [main] DEBUG [b2d29c5d91d84b5b] o.s.w.s.m.m.a.RequestMappingHandlerMapping - Mapped to com.deliverytech.delivery_api.controller.ClienteController#atualizarCliente(Long, ClienteReqDTO)
2026-06-10 19:31:15.757 [main] DEBUG [b2d29c5d91d84b5b] o.s.w.s.m.m.a.RequestResponseBodyMethodProcessor - Read "application/json;charset=UTF-8" to [com.deliverytech.delivery_api.dto.req.ClienteReqDTO@4d7f933c]
2026-06-10 19:31:15.762 [main] DEBUG [b2d29c5d91d84b5b] o.s.w.s.m.m.a.ExceptionHandlerExceptionResolver - Using @ExceptionHandler com.deliverytech.delivery_api.exception.GlobalExceptionHandler#handleEntityNotFound(EntityNotFoundException, HttpServletRequest)
2026-06-10 19:31:15.771 [main] DEBUG [b2d29c5d91d84b5b] o.s.w.s.m.m.a.HttpEntityMethodProcessor - Using 'application/json', given [*/*] and supported [application/json, application/*+json, application/yaml]
2026-06-10 19:31:15.771 [main] DEBUG [b2d29c5d91d84b5b] o.s.w.s.m.m.a.HttpEntityMethodProcessor - Writing [com.deliverytech.delivery_api.dto.ErrorResponse@58ed8b64]
2026-06-10 19:31:15.772 [main] DEBUG [b2d29c5d91d84b5b] o.s.w.s.m.m.a.ExceptionHandlerExceptionResolver - Resolved [com.deliverytech.delivery_api.exception.EntityNotFoundException: Cliente não encontrado com ID: 999999]
2026-06-10 19:31:15.778 [main] DEBUG [] o.s.w.c.s.GenericWebApplicationContext - Closing org.springframework.web.context.support.GenericWebApplicationContext@7d197ba3, started on Wed Jun 10 19:31:15 BRT 2026
2026-06-10 19:31:15.779 [main] INFO  [] o.s.o.j.LocalContainerEntityManagerFactoryBean - Closing JPA EntityManagerFactory for persistence unit 'default'
2026-06-10 19:31:15.781 [main] INFO  [] com.zaxxer.hikari.HikariDataSource - HikariPool-7 - Shutdown initiated...
2026-06-10 19:31:15.781 [main] INFO  [] com.zaxxer.hikari.HikariDataSource - HikariPool-7 - Shutdown completed.
2026-06-10 19:31:15.782 [main] INFO  [] o.s.b.d.r.RestartApplicationListener - Restart disabled due to context in which it is running
2026-06-10 19:31:15.806 [main] INFO  [] c.d.d.c.ClienteControllerTest - Starting ClienteControllerTest using Java 21.0.11 with PID 26828 (started by Santana in C:\Pasta Códiguinhos\arquitetura de sistemas fat\delivery-api\delivery-api)
2026-06-10 19:31:15.806 [main] INFO  [] c.d.d.c.ClienteControllerTest - The following 1 profile is active: "test"
2026-06-10 19:31:15.807 [main] DEBUG [] o.s.w.c.s.GenericWebApplicationContext - Refreshing org.springframework.web.context.support.GenericWebApplicationContext@7077f4e0
2026-06-10 19:31:16.042 [main] INFO  [] o.s.d.r.c.RepositoryConfigurationDelegate - Bootstrapping Spring Data JPA repositories in DEFAULT mode.
2026-06-10 19:31:16.062 [main] INFO  [] o.s.d.r.c.RepositoryConfigurationDelegate - Finished Spring Data repository scanning in 18 ms. Found 5 JPA repository interfaces.
2026-06-10 19:31:16.122 [main] INFO  [] o.s.o.j.p.SpringPersistenceUnitInfo - No LoadTimeWeaver setup: ignoring JPA class transformer
2026-06-10 19:31:16.122 [main] INFO  [] com.zaxxer.hikari.HikariDataSource - HikariPool-8 - Starting...
2026-06-10 19:31:16.126 [main] INFO  [] com.zaxxer.hikari.pool.HikariPool - HikariPool-8 - Added connection conn70: url=jdbc:h2:mem:deliverydb user=SA
2026-06-10 19:31:16.126 [main] INFO  [] com.zaxxer.hikari.HikariDataSource - HikariPool-8 - Start completed.
2026-06-10 19:31:16.127 [main] WARN  [] org.hibernate.orm.deprecation - HHH90000025: H2Dialect does not need to be specified explicitly using 'hibernate.dialect' (remove the property setting and it will be selected by default)
2026-06-10 19:31:16.187 [main] INFO  [] o.s.o.j.LocalContainerEntityManagerFactoryBean - Initialized JPA EntityManagerFactory for persistence unit 'default'
2026-06-10 19:31:16.220 [main] INFO  [] o.s.s.c.a.a.c.InitializeAuthenticationProviderBeanManagerConfigurer$InitializeAuthenticationProviderManagerConfigurer - Global AuthenticationManager configured with AuthenticationProvider bean with name authenticationProvider
2026-06-10 19:31:16.220 [main] WARN  [] o.s.s.c.a.a.c.InitializeUserDetailsBeanManagerConfigurer$InitializeUserDetailsManagerConfigurer - Global AuthenticationManager configured with an AuthenticationProvider bean. UserDetailsService beans will not be used by Spring Security for automatically configuring username/password login. Consider removing the AuthenticationProvider bean. Alternatively, consider using the UserDetailsService in a manually instantiated DaoAuthenticationProvider. If the current configuration is intentional, to turn off this warning, increase the logging level of 'org.springframework.security.config.annotation.authentication.configuration.InitializeUserDetailsBeanManagerConfigurer' to ERROR
2026-06-10 19:31:16.330 [main] DEBUG [] o.s.w.s.m.m.a.RequestMappingHandlerMapping - 42 mappings in 'requestMappingHandlerMapping'
2026-06-10 19:31:16.354 [main] DEBUG [] o.s.w.s.h.SimpleUrlHandlerMapping - Patterns [/webjars/**, /**, /swagger-ui*/*swagger-initializer.js, /swagger-ui*/**] in 'resourceHandlerMapping'
2026-06-10 19:31:16.394 [main] INFO  [] o.s.b.a.e.web.EndpointLinksResolver - Exposing 13 endpoints beneath base path '/actuator'
2026-06-10 19:31:16.426 [main] DEBUG [] o.s.s.web.DefaultSecurityFilterChain - Will secure any request with filters: DisableEncodeUrlFilter, WebAsyncManagerIntegrationFilter, SecurityContextHolderFilter, HeaderWriterFilter, CorsFilter, LogoutFilter, JwtAuthenticationFilter, RequestCacheAwareFilter, SecurityContextHolderAwareRequestFilter, AnonymousAuthenticationFilter, SessionManagementFilter, ExceptionTranslationFilter, AuthorizationFilter
2026-06-10 19:31:16.452 [main] DEBUG [] o.s.w.s.m.m.a.RequestMappingHandlerAdapter - ControllerAdvice beans: 0 @ModelAttribute, 0 @InitBinder, 1 RequestBodyAdvice, 1 ResponseBodyAdvice
2026-06-10 19:31:16.457 [main] DEBUG [] o.s.w.s.m.m.a.ExceptionHandlerExceptionResolver - ControllerAdvice beans: 2 @ExceptionHandler, 1 ResponseBodyAdvice
2026-06-10 19:31:16.502 [main] INFO  [] o.s.b.a.h.H2ConsoleAutoConfiguration - H2 console available at '/h2-console'. Database available at 'jdbc:h2:mem:deliverydb'
2026-06-10 19:31:16.517 [main] DEBUG [] o.s.w.f.ServerHttpObservationFilter - Filter 'webMvcObservationFilter' configured for use
2026-06-10 19:31:16.517 [main] INFO  [] o.s.b.t.m.w.SpringBootMockServletContext - Initializing Spring TestDispatcherServlet ''
2026-06-10 19:31:16.517 [main] INFO  [] o.s.t.w.s.TestDispatcherServlet - Initializing Servlet ''
2026-06-10 19:31:16.518 [main] INFO  [] o.s.t.w.s.TestDispatcherServlet - Completed initialization in 1 ms
2026-06-10 19:31:16.526 [main] INFO  [] c.d.d.c.ClienteControllerTest - Started ClienteControllerTest in 0.744 seconds (process running for 17.996)
2026-06-10 19:31:16.534 [main] DEBUG [] o.s.security.web.FilterChainProxy - Securing GET /api/clientes/email/joao.teste@email.com
2026-06-10 19:31:16.535 [main] WARN  [] c.d.d.s.JwtAuthenticationFilter - JWT Token não começa com Bearer String
2026-06-10 19:31:16.537 [main] DEBUG [] o.s.security.web.FilterChainProxy - Secured GET /api/clientes/email/joao.teste@email.com
2026-06-10 19:31:16.537 [main] DEBUG [ee17c142472747f9] o.s.w.s.m.m.a.RequestMappingHandlerMapping - Mapped to com.deliverytech.delivery_api.controller.ClienteController#buscarPorEmail(String)
2026-06-10 19:31:16.544 [main] DEBUG [ee17c142472747f9] o.s.w.s.m.m.a.HttpEntityMethodProcessor - Using 'application/json', given [*/*] and supported [application/json, application/*+json, application/yaml]
2026-06-10 19:31:16.544 [main] DEBUG [ee17c142472747f9] o.s.w.s.m.m.a.HttpEntityMethodProcessor - Writing [com.deliverytech.delivery_api.dto.res.ClienteResDTO@1faa9581]
2026-06-10 19:31:16.549 [main] DEBUG [] o.s.w.c.s.GenericWebApplicationContext - Closing org.springframework.web.context.support.GenericWebApplicationContext@7077f4e0, started on Wed Jun 10 19:31:15 BRT 2026
2026-06-10 19:31:16.550 [main] INFO  [] o.s.o.j.LocalContainerEntityManagerFactoryBean - Closing JPA EntityManagerFactory for persistence unit 'default'
2026-06-10 19:31:16.553 [main] INFO  [] com.zaxxer.hikari.HikariDataSource - HikariPool-8 - Shutdown initiated...
2026-06-10 19:31:16.554 [main] INFO  [] com.zaxxer.hikari.HikariDataSource - HikariPool-8 - Shutdown completed.
2026-06-10 19:31:16.555 [main] INFO  [] o.s.b.d.r.RestartApplicationListener - Restart disabled due to context in which it is running
2026-06-10 19:31:16.582 [main] INFO  [] c.d.d.c.ClienteControllerTest - Starting ClienteControllerTest using Java 21.0.11 with PID 26828 (started by Santana in C:\Pasta Códiguinhos\arquitetura de sistemas fat\delivery-api\delivery-api)
2026-06-10 19:31:16.582 [main] INFO  [] c.d.d.c.ClienteControllerTest - The following 1 profile is active: "test"
2026-06-10 19:31:16.583 [main] DEBUG [] o.s.w.c.s.GenericWebApplicationContext - Refreshing org.springframework.web.context.support.GenericWebApplicationContext@49c7421c
2026-06-10 19:31:16.799 [main] INFO  [] o.s.d.r.c.RepositoryConfigurationDelegate - Bootstrapping Spring Data JPA repositories in DEFAULT mode.
2026-06-10 19:31:16.813 [main] INFO  [] o.s.d.r.c.RepositoryConfigurationDelegate - Finished Spring Data repository scanning in 13 ms. Found 5 JPA repository interfaces.
2026-06-10 19:31:16.879 [main] INFO  [] o.s.o.j.p.SpringPersistenceUnitInfo - No LoadTimeWeaver setup: ignoring JPA class transformer
2026-06-10 19:31:16.879 [main] INFO  [] com.zaxxer.hikari.HikariDataSource - HikariPool-9 - Starting...
2026-06-10 19:31:16.880 [main] INFO  [] com.zaxxer.hikari.pool.HikariPool - HikariPool-9 - Added connection conn80: url=jdbc:h2:mem:deliverydb user=SA
2026-06-10 19:31:16.882 [main] INFO  [] com.zaxxer.hikari.HikariDataSource - HikariPool-9 - Start completed.
2026-06-10 19:31:16.882 [main] WARN  [] org.hibernate.orm.deprecation - HHH90000025: H2Dialect does not need to be specified explicitly using 'hibernate.dialect' (remove the property setting and it will be selected by default)
2026-06-10 19:31:16.934 [main] INFO  [] o.s.o.j.LocalContainerEntityManagerFactoryBean - Initialized JPA EntityManagerFactory for persistence unit 'default'
2026-06-10 19:31:16.952 [main] INFO  [] o.s.s.c.a.a.c.InitializeAuthenticationProviderBeanManagerConfigurer$InitializeAuthenticationProviderManagerConfigurer - Global AuthenticationManager configured with AuthenticationProvider bean with name authenticationProvider
2026-06-10 19:31:16.954 [main] WARN  [] o.s.s.c.a.a.c.InitializeUserDetailsBeanManagerConfigurer$InitializeUserDetailsManagerConfigurer - Global AuthenticationManager configured with an AuthenticationProvider bean. UserDetailsService beans will not be used by Spring Security for automatically configuring username/password login. Consider removing the AuthenticationProvider bean. Alternatively, consider using the UserDetailsService in a manually instantiated DaoAuthenticationProvider. If the current configuration is intentional, to turn off this warning, increase the logging level of 'org.springframework.security.config.annotation.authentication.configuration.InitializeUserDetailsBeanManagerConfigurer' to ERROR
2026-06-10 19:31:17.063 [main] DEBUG [] o.s.w.s.m.m.a.RequestMappingHandlerMapping - 42 mappings in 'requestMappingHandlerMapping'
2026-06-10 19:31:17.096 [main] DEBUG [] o.s.w.s.h.SimpleUrlHandlerMapping - Patterns [/webjars/**, /**, /swagger-ui*/*swagger-initializer.js, /swagger-ui*/**] in 'resourceHandlerMapping'
2026-06-10 19:31:17.135 [main] INFO  [] o.s.b.a.e.web.EndpointLinksResolver - Exposing 13 endpoints beneath base path '/actuator'
2026-06-10 19:31:17.165 [main] DEBUG [] o.s.s.web.DefaultSecurityFilterChain - Will secure any request with filters: DisableEncodeUrlFilter, WebAsyncManagerIntegrationFilter, SecurityContextHolderFilter, HeaderWriterFilter, CorsFilter, LogoutFilter, JwtAuthenticationFilter, RequestCacheAwareFilter, SecurityContextHolderAwareRequestFilter, AnonymousAuthenticationFilter, SessionManagementFilter, ExceptionTranslationFilter, AuthorizationFilter
2026-06-10 19:31:17.207 [main] DEBUG [] o.s.w.s.m.m.a.RequestMappingHandlerAdapter - ControllerAdvice beans: 0 @ModelAttribute, 0 @InitBinder, 1 RequestBodyAdvice, 1 ResponseBodyAdvice
2026-06-10 19:31:17.218 [main] DEBUG [] o.s.w.s.m.m.a.ExceptionHandlerExceptionResolver - ControllerAdvice beans: 2 @ExceptionHandler, 1 ResponseBodyAdvice
2026-06-10 19:31:17.277 [main] INFO  [] o.s.b.a.h.H2ConsoleAutoConfiguration - H2 console available at '/h2-console'. Database available at 'jdbc:h2:mem:deliverydb'
2026-06-10 19:31:17.297 [main] DEBUG [] o.s.w.f.ServerHttpObservationFilter - Filter 'webMvcObservationFilter' configured for use
2026-06-10 19:31:17.298 [main] INFO  [] o.s.b.t.m.w.SpringBootMockServletContext - Initializing Spring TestDispatcherServlet ''
2026-06-10 19:31:17.298 [main] INFO  [] o.s.t.w.s.TestDispatcherServlet - Initializing Servlet ''
2026-06-10 19:31:17.298 [main] INFO  [] o.s.t.w.s.TestDispatcherServlet - Completed initialization in 0 ms
2026-06-10 19:31:17.311 [main] INFO  [] c.d.d.c.ClienteControllerTest - Started ClienteControllerTest in 0.756 seconds (process running for 18.78)
2026-06-10 19:31:17.321 [main] DEBUG [] o.s.security.web.FilterChainProxy - Securing GET /api/clientes
2026-06-10 19:31:17.322 [main] WARN  [] c.d.d.s.JwtAuthenticationFilter - JWT Token não começa com Bearer String
2026-06-10 19:31:17.324 [main] DEBUG [] o.s.security.web.FilterChainProxy - Secured GET /api/clientes
2026-06-10 19:31:17.324 [main] DEBUG [ed37a50aaa5b4fbc] o.s.w.s.m.m.a.RequestMappingHandlerMapping - Mapped to com.deliverytech.delivery_api.controller.ClienteController#listarClientesAtivos()
2026-06-10 19:31:17.344 [main] DEBUG [ed37a50aaa5b4fbc] o.s.w.s.m.m.a.HttpEntityMethodProcessor - Using 'application/json', given [*/*] and supported [application/json, application/*+json, application/yaml]
2026-06-10 19:31:17.345 [main] DEBUG [ed37a50aaa5b4fbc] o.s.w.s.m.m.a.HttpEntityMethodProcessor - Writing [[com.deliverytech.delivery_api.dto.res.ClienteResDTO@5f7b0170, com.deliverytech.delivery_api.dto.res (truncated)...]
2026-06-10 19:31:17.360 [main] DEBUG [] o.s.w.c.s.GenericWebApplicationContext - Closing org.springframework.web.context.support.GenericWebApplicationContext@49c7421c, started on Wed Jun 10 19:31:16 BRT 2026
2026-06-10 19:31:17.362 [main] INFO  [] o.s.o.j.LocalContainerEntityManagerFactoryBean - Closing JPA EntityManagerFactory for persistence unit 'default'
2026-06-10 19:31:17.365 [main] INFO  [] com.zaxxer.hikari.HikariDataSource - HikariPool-9 - Shutdown initiated...
2026-06-10 19:31:17.365 [main] INFO  [] com.zaxxer.hikari.HikariDataSource - HikariPool-9 - Shutdown completed.
2026-06-10 19:31:17.367 [main] INFO  [] o.s.b.d.r.RestartApplicationListener - Restart disabled due to context in which it is running
2026-06-10 19:31:17.388 [main] INFO  [] c.d.d.c.ClienteControllerTest - Starting ClienteControllerTest using Java 21.0.11 with PID 26828 (started by Santana in C:\Pasta Códiguinhos\arquitetura de sistemas fat\delivery-api\delivery-api)
2026-06-10 19:31:17.389 [main] INFO  [] c.d.d.c.ClienteControllerTest - The following 1 profile is active: "test"
2026-06-10 19:31:17.389 [main] DEBUG [] o.s.w.c.s.GenericWebApplicationContext - Refreshing org.springframework.web.context.support.GenericWebApplicationContext@3421615d
2026-06-10 19:31:17.568 [main] INFO  [] o.s.d.r.c.RepositoryConfigurationDelegate - Bootstrapping Spring Data JPA repositories in DEFAULT mode.
2026-06-10 19:31:17.590 [main] INFO  [] o.s.d.r.c.RepositoryConfigurationDelegate - Finished Spring Data repository scanning in 19 ms. Found 5 JPA repository interfaces.
2026-06-10 19:31:17.645 [main] INFO  [] o.s.o.j.p.SpringPersistenceUnitInfo - No LoadTimeWeaver setup: ignoring JPA class transformer
2026-06-10 19:31:17.646 [main] INFO  [] com.zaxxer.hikari.HikariDataSource - HikariPool-10 - Starting...
2026-06-10 19:31:17.648 [main] INFO  [] com.zaxxer.hikari.pool.HikariPool - HikariPool-10 - Added connection conn90: url=jdbc:h2:mem:deliverydb user=SA
2026-06-10 19:31:17.648 [main] INFO  [] com.zaxxer.hikari.HikariDataSource - HikariPool-10 - Start completed.
2026-06-10 19:31:17.648 [main] WARN  [] org.hibernate.orm.deprecation - HHH90000025: H2Dialect does not need to be specified explicitly using 'hibernate.dialect' (remove the property setting and it will be selected by default)
2026-06-10 19:31:17.713 [main] INFO  [] o.s.o.j.LocalContainerEntityManagerFactoryBean - Initialized JPA EntityManagerFactory for persistence unit 'default'
2026-06-10 19:31:17.760 [main] INFO  [] o.s.s.c.a.a.c.InitializeAuthenticationProviderBeanManagerConfigurer$InitializeAuthenticationProviderManagerConfigurer - Global AuthenticationManager configured with AuthenticationProvider bean with name authenticationProvider
2026-06-10 19:31:17.760 [main] WARN  [] o.s.s.c.a.a.c.InitializeUserDetailsBeanManagerConfigurer$InitializeUserDetailsManagerConfigurer - Global AuthenticationManager configured with an AuthenticationProvider bean. UserDetailsService beans will not be used by Spring Security for automatically configuring username/password login. Consider removing the AuthenticationProvider bean. Alternatively, consider using the UserDetailsService in a manually instantiated DaoAuthenticationProvider. If the current configuration is intentional, to turn off this warning, increase the logging level of 'org.springframework.security.config.annotation.authentication.configuration.InitializeUserDetailsBeanManagerConfigurer' to ERROR
2026-06-10 19:31:17.934 [main] DEBUG [] o.s.w.s.m.m.a.RequestMappingHandlerMapping - 42 mappings in 'requestMappingHandlerMapping'
2026-06-10 19:31:17.956 [main] DEBUG [] o.s.w.s.h.SimpleUrlHandlerMapping - Patterns [/webjars/**, /**, /swagger-ui*/*swagger-initializer.js, /swagger-ui*/**] in 'resourceHandlerMapping'
2026-06-10 19:31:17.987 [main] INFO  [] o.s.b.a.e.web.EndpointLinksResolver - Exposing 13 endpoints beneath base path '/actuator'
2026-06-10 19:31:18.014 [main] DEBUG [] o.s.s.web.DefaultSecurityFilterChain - Will secure any request with filters: DisableEncodeUrlFilter, WebAsyncManagerIntegrationFilter, SecurityContextHolderFilter, HeaderWriterFilter, CorsFilter, LogoutFilter, JwtAuthenticationFilter, RequestCacheAwareFilter, SecurityContextHolderAwareRequestFilter, AnonymousAuthenticationFilter, SessionManagementFilter, ExceptionTranslationFilter, AuthorizationFilter
2026-06-10 19:31:18.035 [main] DEBUG [] o.s.w.s.m.m.a.RequestMappingHandlerAdapter - ControllerAdvice beans: 0 @ModelAttribute, 0 @InitBinder, 1 RequestBodyAdvice, 1 ResponseBodyAdvice
2026-06-10 19:31:18.039 [main] DEBUG [] o.s.w.s.m.m.a.ExceptionHandlerExceptionResolver - ControllerAdvice beans: 2 @ExceptionHandler, 1 ResponseBodyAdvice
2026-06-10 19:31:18.065 [main] INFO  [] o.s.b.a.h.H2ConsoleAutoConfiguration - H2 console available at '/h2-console'. Database available at 'jdbc:h2:mem:deliverydb'
2026-06-10 19:31:18.077 [main] DEBUG [] o.s.w.f.ServerHttpObservationFilter - Filter 'webMvcObservationFilter' configured for use
2026-06-10 19:31:18.077 [main] INFO  [] o.s.b.t.m.w.SpringBootMockServletContext - Initializing Spring TestDispatcherServlet ''
2026-06-10 19:31:18.077 [main] INFO  [] o.s.t.w.s.TestDispatcherServlet - Initializing Servlet ''
2026-06-10 19:31:18.078 [main] INFO  [] o.s.t.w.s.TestDispatcherServlet - Completed initialization in 1 ms
2026-06-10 19:31:18.085 [main] INFO  [] c.d.d.c.ClienteControllerTest - Started ClienteControllerTest in 0.717 seconds (process running for 19.553)
2026-06-10 19:31:18.091 [main] DEBUG [] o.s.security.web.FilterChainProxy - Securing GET /api/clientes/999999
2026-06-10 19:31:18.092 [main] WARN  [] c.d.d.s.JwtAuthenticationFilter - JWT Token não começa com Bearer String
2026-06-10 19:31:18.094 [main] DEBUG [] o.s.security.web.FilterChainProxy - Secured GET /api/clientes/999999
2026-06-10 19:31:18.094 [main] DEBUG [5ea98fd64f764e71] o.s.w.s.m.m.a.RequestMappingHandlerMapping - Mapped to com.deliverytech.delivery_api.controller.ClienteController#buscarPorId(Long)
2026-06-10 19:31:18.096 [main] DEBUG [5ea98fd64f764e71] o.s.w.s.m.m.a.ExceptionHandlerExceptionResolver - Using @ExceptionHandler com.deliverytech.delivery_api.exception.GlobalExceptionHandler#handleEntityNotFound(EntityNotFoundException, HttpServletRequest)
2026-06-10 19:31:18.099 [main] DEBUG [5ea98fd64f764e71] o.s.w.s.m.m.a.HttpEntityMethodProcessor - Using 'application/json', given [*/*] and supported [application/json, application/*+json, application/yaml]
2026-06-10 19:31:18.100 [main] DEBUG [5ea98fd64f764e71] o.s.w.s.m.m.a.HttpEntityMethodProcessor - Writing [com.deliverytech.delivery_api.dto.ErrorResponse@405f3422]
2026-06-10 19:31:18.100 [main] DEBUG [5ea98fd64f764e71] o.s.w.s.m.m.a.ExceptionHandlerExceptionResolver - Resolved [com.deliverytech.delivery_api.exception.EntityNotFoundException: Cliente não encontrado com ID: 999999]
2026-06-10 19:31:18.106 [main] DEBUG [] o.s.w.c.s.GenericWebApplicationContext - Closing org.springframework.web.context.support.GenericWebApplicationContext@3421615d, started on Wed Jun 10 19:31:17 BRT 2026
2026-06-10 19:31:18.108 [main] INFO  [] o.s.o.j.LocalContainerEntityManagerFactoryBean - Closing JPA EntityManagerFactory for persistence unit 'default'
2026-06-10 19:31:18.109 [main] INFO  [] com.zaxxer.hikari.HikariDataSource - HikariPool-10 - Shutdown initiated...
2026-06-10 19:31:18.110 [main] INFO  [] com.zaxxer.hikari.HikariDataSource - HikariPool-10 - Shutdown completed.
2026-06-10 19:31:18.111 [main] INFO  [] o.s.b.d.r.RestartApplicationListener - Restart disabled due to context in which it is running
2026-06-10 19:31:18.132 [main] INFO  [] c.d.d.c.ClienteControllerTest - Starting ClienteControllerTest using Java 21.0.11 with PID 26828 (started by Santana in C:\Pasta Códiguinhos\arquitetura de sistemas fat\delivery-api\delivery-api)
2026-06-10 19:31:18.132 [main] INFO  [] c.d.d.c.ClienteControllerTest - The following 1 profile is active: "test"
2026-06-10 19:31:18.134 [main] DEBUG [] o.s.w.c.s.GenericWebApplicationContext - Refreshing org.springframework.web.context.support.GenericWebApplicationContext@5674971b
2026-06-10 19:31:18.305 [main] INFO  [] o.s.d.r.c.RepositoryConfigurationDelegate - Bootstrapping Spring Data JPA repositories in DEFAULT mode.
2026-06-10 19:31:18.317 [main] INFO  [] o.s.d.r.c.RepositoryConfigurationDelegate - Finished Spring Data repository scanning in 12 ms. Found 5 JPA repository interfaces.
2026-06-10 19:31:18.364 [main] INFO  [] o.s.o.j.p.SpringPersistenceUnitInfo - No LoadTimeWeaver setup: ignoring JPA class transformer
2026-06-10 19:31:18.365 [main] INFO  [] com.zaxxer.hikari.HikariDataSource - HikariPool-11 - Starting...
2026-06-10 19:31:18.366 [main] INFO  [] com.zaxxer.hikari.pool.HikariPool - HikariPool-11 - Added connection conn100: url=jdbc:h2:mem:deliverydb user=SA
2026-06-10 19:31:18.366 [main] INFO  [] com.zaxxer.hikari.HikariDataSource - HikariPool-11 - Start completed.
2026-06-10 19:31:18.367 [main] WARN  [] org.hibernate.orm.deprecation - HHH90000025: H2Dialect does not need to be specified explicitly using 'hibernate.dialect' (remove the property setting and it will be selected by default)
2026-06-10 19:31:18.412 [main] INFO  [] o.s.o.j.LocalContainerEntityManagerFactoryBean - Initialized JPA EntityManagerFactory for persistence unit 'default'
2026-06-10 19:31:18.434 [main] INFO  [] o.s.s.c.a.a.c.InitializeAuthenticationProviderBeanManagerConfigurer$InitializeAuthenticationProviderManagerConfigurer - Global AuthenticationManager configured with AuthenticationProvider bean with name authenticationProvider
2026-06-10 19:31:18.435 [main] WARN  [] o.s.s.c.a.a.c.InitializeUserDetailsBeanManagerConfigurer$InitializeUserDetailsManagerConfigurer - Global AuthenticationManager configured with an AuthenticationProvider bean. UserDetailsService beans will not be used by Spring Security for automatically configuring username/password login. Consider removing the AuthenticationProvider bean. Alternatively, consider using the UserDetailsService in a manually instantiated DaoAuthenticationProvider. If the current configuration is intentional, to turn off this warning, increase the logging level of 'org.springframework.security.config.annotation.authentication.configuration.InitializeUserDetailsBeanManagerConfigurer' to ERROR
2026-06-10 19:31:18.531 [main] DEBUG [] o.s.w.s.m.m.a.RequestMappingHandlerMapping - 42 mappings in 'requestMappingHandlerMapping'
2026-06-10 19:31:18.565 [main] DEBUG [] o.s.w.s.h.SimpleUrlHandlerMapping - Patterns [/webjars/**, /**, /swagger-ui*/*swagger-initializer.js, /swagger-ui*/**] in 'resourceHandlerMapping'
2026-06-10 19:31:18.622 [main] INFO  [] o.s.b.a.e.web.EndpointLinksResolver - Exposing 13 endpoints beneath base path '/actuator'
2026-06-10 19:31:18.656 [main] DEBUG [] o.s.s.web.DefaultSecurityFilterChain - Will secure any request with filters: DisableEncodeUrlFilter, WebAsyncManagerIntegrationFilter, SecurityContextHolderFilter, HeaderWriterFilter, CorsFilter, LogoutFilter, JwtAuthenticationFilter, RequestCacheAwareFilter, SecurityContextHolderAwareRequestFilter, AnonymousAuthenticationFilter, SessionManagementFilter, ExceptionTranslationFilter, AuthorizationFilter
2026-06-10 19:31:18.689 [main] DEBUG [] o.s.w.s.m.m.a.RequestMappingHandlerAdapter - ControllerAdvice beans: 0 @ModelAttribute, 0 @InitBinder, 1 RequestBodyAdvice, 1 ResponseBodyAdvice
2026-06-10 19:31:18.694 [main] DEBUG [] o.s.w.s.m.m.a.ExceptionHandlerExceptionResolver - ControllerAdvice beans: 2 @ExceptionHandler, 1 ResponseBodyAdvice
2026-06-10 19:31:18.736 [main] INFO  [] o.s.b.a.h.H2ConsoleAutoConfiguration - H2 console available at '/h2-console'. Database available at 'jdbc:h2:mem:deliverydb'
2026-06-10 19:31:18.754 [main] DEBUG [] o.s.w.f.ServerHttpObservationFilter - Filter 'webMvcObservationFilter' configured for use
2026-06-10 19:31:18.754 [main] INFO  [] o.s.b.t.m.w.SpringBootMockServletContext - Initializing Spring TestDispatcherServlet ''
2026-06-10 19:31:18.754 [main] INFO  [] o.s.t.w.s.TestDispatcherServlet - Initializing Servlet ''
2026-06-10 19:31:18.755 [main] INFO  [] o.s.t.w.s.TestDispatcherServlet - Completed initialization in 1 ms
2026-06-10 19:31:18.767 [main] INFO  [] c.d.d.c.ClienteControllerTest - Started ClienteControllerTest in 0.656 seconds (process running for 20.236)
2026-06-10 19:31:18.776 [main] DEBUG [] o.s.security.web.FilterChainProxy - Securing POST /api/clientes
2026-06-10 19:31:18.777 [main] WARN  [] c.d.d.s.JwtAuthenticationFilter - JWT Token não começa com Bearer String
2026-06-10 19:31:18.779 [main] DEBUG [] o.s.security.web.FilterChainProxy - Secured POST /api/clientes
2026-06-10 19:31:18.779 [main] DEBUG [620e33dec1fb4be0] o.s.w.s.m.m.a.RequestMappingHandlerMapping - Mapped to com.deliverytech.delivery_api.controller.ClienteController#cadastrarCliente(ClienteReqDTO)
2026-06-10 19:31:18.781 [main] DEBUG [620e33dec1fb4be0] o.s.w.s.m.m.a.RequestResponseBodyMethodProcessor - Read "application/json;charset=UTF-8" to [com.deliverytech.delivery_api.dto.req.ClienteReqDTO@18b90bd5]
2026-06-10 19:31:18.789 [main] DEBUG [620e33dec1fb4be0] o.s.w.s.m.m.a.ExceptionHandlerExceptionResolver - Using @ExceptionHandler com.deliverytech.delivery_api.exception.GlobalExceptionHandler#handleBusinessException(BusinessException, HttpServletRequest)
2026-06-10 19:31:18.792 [main] DEBUG [620e33dec1fb4be0] o.s.w.s.m.m.a.HttpEntityMethodProcessor - Using 'application/json', given [*/*] and supported [application/json, application/*+json, application/yaml]
2026-06-10 19:31:18.792 [main] DEBUG [620e33dec1fb4be0] o.s.w.s.m.m.a.HttpEntityMethodProcessor - Writing [com.deliverytech.delivery_api.dto.ErrorResponse@67955a52]
2026-06-10 19:31:18.792 [main] DEBUG [620e33dec1fb4be0] o.s.w.s.m.m.a.ExceptionHandlerExceptionResolver - Resolved [com.deliverytech.delivery_api.exception.BusinessException: Email já cadastrado: joao.teste@email.com]
2026-06-10 19:31:18.801 [main] DEBUG [] o.s.w.c.s.GenericWebApplicationContext - Closing org.springframework.web.context.support.GenericWebApplicationContext@5674971b, started on Wed Jun 10 19:31:18 BRT 2026
2026-06-10 19:31:18.803 [main] INFO  [] o.s.o.j.LocalContainerEntityManagerFactoryBean - Closing JPA EntityManagerFactory for persistence unit 'default'
2026-06-10 19:31:18.806 [main] INFO  [] com.zaxxer.hikari.HikariDataSource - HikariPool-11 - Shutdown initiated...
2026-06-10 19:31:18.807 [main] INFO  [] com.zaxxer.hikari.HikariDataSource - HikariPool-11 - Shutdown completed.
2026-06-10 19:31:18.808 [main] INFO  [] o.s.b.d.r.RestartApplicationListener - Restart disabled due to context in which it is running
2026-06-10 19:31:18.832 [main] INFO  [] c.d.d.c.ClienteControllerTest - Starting ClienteControllerTest using Java 21.0.11 with PID 26828 (started by Santana in C:\Pasta Códiguinhos\arquitetura de sistemas fat\delivery-api\delivery-api)
2026-06-10 19:31:18.832 [main] INFO  [] c.d.d.c.ClienteControllerTest - The following 1 profile is active: "test"
2026-06-10 19:31:18.834 [main] DEBUG [] o.s.w.c.s.GenericWebApplicationContext - Refreshing org.springframework.web.context.support.GenericWebApplicationContext@3041e22b
2026-06-10 19:31:19.042 [main] INFO  [] o.s.d.r.c.RepositoryConfigurationDelegate - Bootstrapping Spring Data JPA repositories in DEFAULT mode.
2026-06-10 19:31:19.058 [main] INFO  [] o.s.d.r.c.RepositoryConfigurationDelegate - Finished Spring Data repository scanning in 15 ms. Found 5 JPA repository interfaces.
2026-06-10 19:31:19.121 [main] INFO  [] o.s.o.j.p.SpringPersistenceUnitInfo - No LoadTimeWeaver setup: ignoring JPA class transformer
2026-06-10 19:31:19.121 [main] INFO  [] com.zaxxer.hikari.HikariDataSource - HikariPool-12 - Starting...
2026-06-10 19:31:19.122 [main] INFO  [] com.zaxxer.hikari.pool.HikariPool - HikariPool-12 - Added connection conn110: url=jdbc:h2:mem:deliverydb user=SA
2026-06-10 19:31:19.122 [main] INFO  [] com.zaxxer.hikari.HikariDataSource - HikariPool-12 - Start completed.
2026-06-10 19:31:19.122 [main] WARN  [] org.hibernate.orm.deprecation - HHH90000025: H2Dialect does not need to be specified explicitly using 'hibernate.dialect' (remove the property setting and it will be selected by default)
2026-06-10 19:31:19.178 [main] INFO  [] o.s.o.j.LocalContainerEntityManagerFactoryBean - Initialized JPA EntityManagerFactory for persistence unit 'default'
2026-06-10 19:31:19.201 [main] INFO  [] o.s.s.c.a.a.c.InitializeAuthenticationProviderBeanManagerConfigurer$InitializeAuthenticationProviderManagerConfigurer - Global AuthenticationManager configured with AuthenticationProvider bean with name authenticationProvider
2026-06-10 19:31:19.202 [main] WARN  [] o.s.s.c.a.a.c.InitializeUserDetailsBeanManagerConfigurer$InitializeUserDetailsManagerConfigurer - Global AuthenticationManager configured with an AuthenticationProvider bean. UserDetailsService beans will not be used by Spring Security for automatically configuring username/password login. Consider removing the AuthenticationProvider bean. Alternatively, consider using the UserDetailsService in a manually instantiated DaoAuthenticationProvider. If the current configuration is intentional, to turn off this warning, increase the logging level of 'org.springframework.security.config.annotation.authentication.configuration.InitializeUserDetailsBeanManagerConfigurer' to ERROR
2026-06-10 19:31:19.292 [main] DEBUG [] o.s.w.s.m.m.a.RequestMappingHandlerMapping - 42 mappings in 'requestMappingHandlerMapping'
2026-06-10 19:31:19.314 [main] DEBUG [] o.s.w.s.h.SimpleUrlHandlerMapping - Patterns [/webjars/**, /**, /swagger-ui*/*swagger-initializer.js, /swagger-ui*/**] in 'resourceHandlerMapping'
2026-06-10 19:31:19.355 [main] INFO  [] o.s.b.a.e.web.EndpointLinksResolver - Exposing 13 endpoints beneath base path '/actuator'
2026-06-10 19:31:19.384 [main] DEBUG [] o.s.s.web.DefaultSecurityFilterChain - Will secure any request with filters: DisableEncodeUrlFilter, WebAsyncManagerIntegrationFilter, SecurityContextHolderFilter, HeaderWriterFilter, CorsFilter, LogoutFilter, JwtAuthenticationFilter, RequestCacheAwareFilter, SecurityContextHolderAwareRequestFilter, AnonymousAuthenticationFilter, SessionManagementFilter, ExceptionTranslationFilter, AuthorizationFilter
2026-06-10 19:31:19.413 [main] DEBUG [] o.s.w.s.m.m.a.RequestMappingHandlerAdapter - ControllerAdvice beans: 0 @ModelAttribute, 0 @InitBinder, 1 RequestBodyAdvice, 1 ResponseBodyAdvice
2026-06-10 19:31:19.417 [main] DEBUG [] o.s.w.s.m.m.a.ExceptionHandlerExceptionResolver - ControllerAdvice beans: 2 @ExceptionHandler, 1 ResponseBodyAdvice
2026-06-10 19:31:19.449 [main] INFO  [] o.s.b.a.h.H2ConsoleAutoConfiguration - H2 console available at '/h2-console'. Database available at 'jdbc:h2:mem:deliverydb'
2026-06-10 19:31:19.460 [main] DEBUG [] o.s.w.f.ServerHttpObservationFilter - Filter 'webMvcObservationFilter' configured for use
2026-06-10 19:31:19.460 [main] INFO  [] o.s.b.t.m.w.SpringBootMockServletContext - Initializing Spring TestDispatcherServlet ''
2026-06-10 19:31:19.460 [main] INFO  [] o.s.t.w.s.TestDispatcherServlet - Initializing Servlet ''
2026-06-10 19:31:19.461 [main] INFO  [] o.s.t.w.s.TestDispatcherServlet - Completed initialization in 1 ms
2026-06-10 19:31:19.470 [main] INFO  [] c.d.d.c.ClienteControllerTest - Started ClienteControllerTest in 0.662 seconds (process running for 20.939)
2026-06-10 19:31:19.477 [main] DEBUG [] o.s.security.web.FilterChainProxy - Securing POST /api/clientes
2026-06-10 19:31:19.477 [main] WARN  [] c.d.d.s.JwtAuthenticationFilter - JWT Token não começa com Bearer String
2026-06-10 19:31:19.478 [main] DEBUG [] o.s.security.web.FilterChainProxy - Secured POST /api/clientes
2026-06-10 19:31:19.479 [main] DEBUG [54a26d94dc504f53] o.s.w.s.m.m.a.RequestMappingHandlerMapping - Mapped to com.deliverytech.delivery_api.controller.ClienteController#cadastrarCliente(ClienteReqDTO)
2026-06-10 19:31:19.480 [main] DEBUG [54a26d94dc504f53] o.s.w.s.m.m.a.RequestResponseBodyMethodProcessor - Read "application/json;charset=UTF-8" to [com.deliverytech.delivery_api.dto.req.ClienteReqDTO@38a0fe8a]
2026-06-10 19:31:19.488 [main] DEBUG [54a26d94dc504f53] o.s.w.s.m.m.a.ExceptionHandlerExceptionResolver - Using @ExceptionHandler com.deliverytech.delivery_api.exception.GlobalExceptionHandler#handleValidationException(MethodArgumentNotValidException, HttpServletRequest)
2026-06-10 19:31:19.491 [main] DEBUG [54a26d94dc504f53] o.s.w.s.m.m.a.HttpEntityMethodProcessor - Using 'application/json', given [*/*] and supported [application/json, application/*+json, application/yaml]
2026-06-10 19:31:19.491 [main] DEBUG [54a26d94dc504f53] o.s.w.s.m.m.a.HttpEntityMethodProcessor - Writing [com.deliverytech.delivery_api.dto.ErrorResponse@58692800]
2026-06-10 19:31:19.494 [main] DEBUG [54a26d94dc504f53] o.s.w.s.m.m.a.ExceptionHandlerExceptionResolver - Resolved [org.springframework.web.bind.MethodArgumentNotValidException: Validation failed for argument [0] in public org.springframework.http.ResponseEntity<com.deliverytech.delivery_api.dto.res.ClienteResDTO> com.deliverytech.delivery_api.controller.ClienteController.cadastrarCliente(com.deliverytech.delivery_api.dto.req.ClienteReqDTO) with 5 errors: [Field error in object 'clienteReqDTO' on field 'endereco': rejected value [null]; codes [NotBlank.clienteReqDTO.endereco,NotBlank.endereco,NotBlank.java.lang.String,NotBlank]; arguments [org.springframework.context.support.DefaultMessageSourceResolvable: codes [clienteReqDTO.endereco,endereco]; arguments []; default message [endereco]]; default message [Endereço é obrigatório]] [Field error in object 'clienteReqDTO' on field 'nome': rejected value []; codes [NotBlank.clienteReqDTO.nome,NotBlank.nome,NotBlank.java.lang.String,NotBlank]; arguments [org.springframework.context.support.DefaultMessageSourceResolvable: codes [clienteReqDTO.nome,nome]; arguments []; default message [nome]]; default message [Nome é obrigatório]] [Field error in object 'clienteReqDTO' on field 'email': rejected value [email-invalido]; codes [Email.clienteReqDTO.email,Email.email,Email.java.lang.String,Email]; arguments [org.springframework.context.support.DefaultMessageSourceResolvable: codes [clienteReqDTO.email,email]; arguments []; default message [email],[Ljakarta.validation.constraints.Pattern$Flag;@42d59599,.*]; default message [Email deve ter formato válido]] [Field error in object 'clienteReqDTO' on field 'telefone': rejected value [null]; codes [NotBlank.clienteReqDTO.telefone,NotBlank.telefone,NotBlank.java.lang.String,NotBlank]; arguments [org.springframework.context.support.DefaultMessageSourceResolvable: codes [clienteReqDTO.telefone,telefone]; arguments []; default message [telefone]]; default message [Telefone é obrigatório]] [Field error in object 'clienteReqDTO' on field 'nome': rejected value []; codes [Size.clienteReqDTO.nome,Size.nome,Size.java.lang.String,Size]; arguments [org.springframework.context.support.DefaultMessageSourceResolvable: codes [clienteReqDTO.nome,nome]; arguments []; default message [nome],100,2]; default message [Nome deve ter entre 2 e 100 caracteres]] ]
2026-06-10 19:31:19.503 [main] INFO  [] o.s.t.c.s.AnnotationConfigContextLoaderUtils - Could not detect default configuration classes for test class [com.deliverytech.delivery_api.controller.PedidoControllerTest]: PedidoControllerTest does not declare any static, non-private, non-final, nested classes annotated with @Configuration.
2026-06-10 19:31:19.506 [main] INFO  [] o.s.b.t.c.SpringBootTestContextBootstrapper - Found @SpringBootConfiguration com.deliverytech.delivery_api.DeliveryApiApplication for test class com.deliverytech.delivery_api.controller.PedidoControllerTest
2026-06-10 19:31:19.510 [main] DEBUG [] o.s.w.c.s.GenericWebApplicationContext - Closing org.springframework.web.context.support.GenericWebApplicationContext@3041e22b, started on Wed Jun 10 19:31:18 BRT 2026
2026-06-10 19:31:19.511 [main] INFO  [] o.s.o.j.LocalContainerEntityManagerFactoryBean - Closing JPA EntityManagerFactory for persistence unit 'default'
2026-06-10 19:31:19.514 [main] INFO  [] com.zaxxer.hikari.HikariDataSource - HikariPool-12 - Shutdown initiated...
2026-06-10 19:31:19.522 [main] INFO  [] com.zaxxer.hikari.HikariDataSource - HikariPool-12 - Shutdown completed.
2026-06-10 19:31:19.524 [main] INFO  [] o.s.b.d.r.RestartApplicationListener - Restart disabled due to context in which it is running
2026-06-10 19:31:19.545 [main] INFO  [] c.d.d.c.PedidoControllerTest - Starting PedidoControllerTest using Java 21.0.11 with PID 26828 (started by Santana in C:\Pasta Códiguinhos\arquitetura de sistemas fat\delivery-api\delivery-api)
2026-06-10 19:31:19.545 [main] INFO  [] c.d.d.c.PedidoControllerTest - The following 1 profile is active: "test"
2026-06-10 19:31:19.546 [main] DEBUG [] o.s.w.c.s.GenericWebApplicationContext - Refreshing org.springframework.web.context.support.GenericWebApplicationContext@637b0bec
2026-06-10 19:31:19.741 [main] INFO  [] o.s.d.r.c.RepositoryConfigurationDelegate - Bootstrapping Spring Data JPA repositories in DEFAULT mode.
2026-06-10 19:31:19.755 [main] INFO  [] o.s.d.r.c.RepositoryConfigurationDelegate - Finished Spring Data repository scanning in 13 ms. Found 5 JPA repository interfaces.
2026-06-10 19:31:19.808 [main] INFO  [] o.s.o.j.p.SpringPersistenceUnitInfo - No LoadTimeWeaver setup: ignoring JPA class transformer
2026-06-10 19:31:19.808 [main] INFO  [] com.zaxxer.hikari.HikariDataSource - HikariPool-13 - Starting...
2026-06-10 19:31:19.810 [main] INFO  [] com.zaxxer.hikari.pool.HikariPool - HikariPool-13 - Added connection conn120: url=jdbc:h2:mem:deliverydb user=SA
2026-06-10 19:31:19.810 [main] INFO  [] com.zaxxer.hikari.HikariDataSource - HikariPool-13 - Start completed.
2026-06-10 19:31:19.810 [main] WARN  [] org.hibernate.orm.deprecation - HHH90000025: H2Dialect does not need to be specified explicitly using 'hibernate.dialect' (remove the property setting and it will be selected by default)
2026-06-10 19:31:19.856 [main] INFO  [] o.s.o.j.LocalContainerEntityManagerFactoryBean - Initialized JPA EntityManagerFactory for persistence unit 'default'
2026-06-10 19:31:19.877 [main] INFO  [] o.s.s.c.a.a.c.InitializeAuthenticationProviderBeanManagerConfigurer$InitializeAuthenticationProviderManagerConfigurer - Global AuthenticationManager configured with AuthenticationProvider bean with name authenticationProvider
2026-06-10 19:31:19.878 [main] WARN  [] o.s.s.c.a.a.c.InitializeUserDetailsBeanManagerConfigurer$InitializeUserDetailsManagerConfigurer - Global AuthenticationManager configured with an AuthenticationProvider bean. UserDetailsService beans will not be used by Spring Security for automatically configuring username/password login. Consider removing the AuthenticationProvider bean. Alternatively, consider using the UserDetailsService in a manually instantiated DaoAuthenticationProvider. If the current configuration is intentional, to turn off this warning, increase the logging level of 'org.springframework.security.config.annotation.authentication.configuration.InitializeUserDetailsBeanManagerConfigurer' to ERROR
2026-06-10 19:31:19.976 [main] DEBUG [] o.s.w.s.m.m.a.RequestMappingHandlerMapping - 42 mappings in 'requestMappingHandlerMapping'
2026-06-10 19:31:19.996 [main] DEBUG [] o.s.w.s.h.SimpleUrlHandlerMapping - Patterns [/webjars/**, /**, /swagger-ui*/*swagger-initializer.js, /swagger-ui*/**] in 'resourceHandlerMapping'
2026-06-10 19:31:20.027 [main] INFO  [] o.s.b.a.e.web.EndpointLinksResolver - Exposing 13 endpoints beneath base path '/actuator'
2026-06-10 19:31:20.054 [main] DEBUG [] o.s.s.web.DefaultSecurityFilterChain - Will secure any request with filters: DisableEncodeUrlFilter, WebAsyncManagerIntegrationFilter, SecurityContextHolderFilter, HeaderWriterFilter, CorsFilter, LogoutFilter, JwtAuthenticationFilter, RequestCacheAwareFilter, SecurityContextHolderAwareRequestFilter, AnonymousAuthenticationFilter, SessionManagementFilter, ExceptionTranslationFilter, AuthorizationFilter
2026-06-10 19:31:20.086 [main] DEBUG [] o.s.w.s.m.m.a.RequestMappingHandlerAdapter - ControllerAdvice beans: 0 @ModelAttribute, 0 @InitBinder, 1 RequestBodyAdvice, 1 ResponseBodyAdvice
2026-06-10 19:31:20.092 [main] DEBUG [] o.s.w.s.m.m.a.ExceptionHandlerExceptionResolver - ControllerAdvice beans: 2 @ExceptionHandler, 1 ResponseBodyAdvice
2026-06-10 19:31:20.129 [main] INFO  [] o.s.b.a.h.H2ConsoleAutoConfiguration - H2 console available at '/h2-console'. Database available at 'jdbc:h2:mem:deliverydb'
2026-06-10 19:31:20.145 [main] DEBUG [] o.s.w.f.ServerHttpObservationFilter - Filter 'webMvcObservationFilter' configured for use
2026-06-10 19:31:20.145 [main] INFO  [] o.s.b.t.m.w.SpringBootMockServletContext - Initializing Spring TestDispatcherServlet ''
2026-06-10 19:31:20.145 [main] INFO  [] o.s.t.w.s.TestDispatcherServlet - Initializing Servlet ''
2026-06-10 19:31:20.146 [main] INFO  [] o.s.t.w.s.TestDispatcherServlet - Completed initialization in 1 ms
2026-06-10 19:31:20.156 [main] INFO  [] c.d.d.c.PedidoControllerTest - Started PedidoControllerTest in 0.632 seconds (process running for 21.625)
2026-06-10 19:31:20.217 [main] DEBUG [] o.s.security.web.FilterChainProxy - Securing POST /api/pedidos
2026-06-10 19:31:20.217 [main] WARN  [] c.d.d.s.JwtAuthenticationFilter - JWT Token não começa com Bearer String
2026-06-10 19:31:20.218 [main] DEBUG [] o.s.security.web.FilterChainProxy - Secured POST /api/pedidos
2026-06-10 19:31:20.219 [main] DEBUG [40679bc20a6e422c] o.s.w.s.m.m.a.RequestMappingHandlerMapping - Mapped to com.deliverytech.delivery_api.controller.PedidoController#criarPedido(PedidoReqDTO)
2026-06-10 19:31:20.223 [main] DEBUG [40679bc20a6e422c] o.s.w.s.m.m.a.RequestResponseBodyMethodProcessor - Read "application/json;charset=UTF-8" to [com.deliverytech.delivery_api.dto.req.PedidoReqDTO@2041808a]
2026-06-10 19:31:20.264 [main] DEBUG [40679bc20a6e422c] o.s.w.s.m.m.a.HttpEntityMethodProcessor - Using 'application/json', given [*/*] and supported [application/json, application/*+json, application/yaml]
2026-06-10 19:31:20.264 [main] DEBUG [40679bc20a6e422c] o.s.w.s.m.m.a.HttpEntityMethodProcessor - Writing [com.deliverytech.delivery_api.dto.res.PedidoResDTO@4ffdd940]
2026-06-10 19:31:20.271 [main] DEBUG [] o.s.w.c.s.GenericWebApplicationContext - Closing org.springframework.web.context.support.GenericWebApplicationContext@637b0bec, started on Wed Jun 10 19:31:19 BRT 2026
2026-06-10 19:31:20.273 [main] INFO  [] o.s.o.j.LocalContainerEntityManagerFactoryBean - Closing JPA EntityManagerFactory for persistence unit 'default'
2026-06-10 19:31:20.275 [main] INFO  [] com.zaxxer.hikari.HikariDataSource - HikariPool-13 - Shutdown initiated...
2026-06-10 19:31:20.276 [main] INFO  [] com.zaxxer.hikari.HikariDataSource - HikariPool-13 - Shutdown completed.
2026-06-10 19:31:20.278 [main] INFO  [] o.s.b.d.r.RestartApplicationListener - Restart disabled due to context in which it is running
2026-06-10 19:31:20.301 [main] INFO  [] c.d.d.c.PedidoControllerTest - Starting PedidoControllerTest using Java 21.0.11 with PID 26828 (started by Santana in C:\Pasta Códiguinhos\arquitetura de sistemas fat\delivery-api\delivery-api)
2026-06-10 19:31:20.301 [main] INFO  [] c.d.d.c.PedidoControllerTest - The following 1 profile is active: "test"
2026-06-10 19:31:20.302 [main] DEBUG [] o.s.w.c.s.GenericWebApplicationContext - Refreshing org.springframework.web.context.support.GenericWebApplicationContext@77cecca1
2026-06-10 19:31:20.473 [main] INFO  [] o.s.d.r.c.RepositoryConfigurationDelegate - Bootstrapping Spring Data JPA repositories in DEFAULT mode.
2026-06-10 19:31:20.491 [main] INFO  [] o.s.d.r.c.RepositoryConfigurationDelegate - Finished Spring Data repository scanning in 16 ms. Found 5 JPA repository interfaces.
2026-06-10 19:31:20.533 [main] INFO  [] o.s.o.j.p.SpringPersistenceUnitInfo - No LoadTimeWeaver setup: ignoring JPA class transformer
2026-06-10 19:31:20.533 [main] INFO  [] com.zaxxer.hikari.HikariDataSource - HikariPool-14 - Starting...
2026-06-10 19:31:20.534 [main] INFO  [] com.zaxxer.hikari.pool.HikariPool - HikariPool-14 - Added connection conn130: url=jdbc:h2:mem:deliverydb user=SA
2026-06-10 19:31:20.535 [main] INFO  [] com.zaxxer.hikari.HikariDataSource - HikariPool-14 - Start completed.
2026-06-10 19:31:20.535 [main] WARN  [] org.hibernate.orm.deprecation - HHH90000025: H2Dialect does not need to be specified explicitly using 'hibernate.dialect' (remove the property setting and it will be selected by default)
2026-06-10 19:31:20.575 [main] INFO  [] o.s.o.j.LocalContainerEntityManagerFactoryBean - Initialized JPA EntityManagerFactory for persistence unit 'default'
2026-06-10 19:31:20.598 [main] INFO  [] o.s.s.c.a.a.c.InitializeAuthenticationProviderBeanManagerConfigurer$InitializeAuthenticationProviderManagerConfigurer - Global AuthenticationManager configured with AuthenticationProvider bean with name authenticationProvider
2026-06-10 19:31:20.598 [main] WARN  [] o.s.s.c.a.a.c.InitializeUserDetailsBeanManagerConfigurer$InitializeUserDetailsManagerConfigurer - Global AuthenticationManager configured with an AuthenticationProvider bean. UserDetailsService beans will not be used by Spring Security for automatically configuring username/password login. Consider removing the AuthenticationProvider bean. Alternatively, consider using the UserDetailsService in a manually instantiated DaoAuthenticationProvider. If the current configuration is intentional, to turn off this warning, increase the logging level of 'org.springframework.security.config.annotation.authentication.configuration.InitializeUserDetailsBeanManagerConfigurer' to ERROR
2026-06-10 19:31:20.687 [main] DEBUG [] o.s.w.s.m.m.a.RequestMappingHandlerMapping - 42 mappings in 'requestMappingHandlerMapping'
2026-06-10 19:31:20.706 [main] DEBUG [] o.s.w.s.h.SimpleUrlHandlerMapping - Patterns [/webjars/**, /**, /swagger-ui*/*swagger-initializer.js, /swagger-ui*/**] in 'resourceHandlerMapping'
2026-06-10 19:31:20.737 [main] INFO  [] o.s.b.a.e.web.EndpointLinksResolver - Exposing 13 endpoints beneath base path '/actuator'
2026-06-10 19:31:20.770 [main] DEBUG [] o.s.s.web.DefaultSecurityFilterChain - Will secure any request with filters: DisableEncodeUrlFilter, WebAsyncManagerIntegrationFilter, SecurityContextHolderFilter, HeaderWriterFilter, CorsFilter, LogoutFilter, JwtAuthenticationFilter, RequestCacheAwareFilter, SecurityContextHolderAwareRequestFilter, AnonymousAuthenticationFilter, SessionManagementFilter, ExceptionTranslationFilter, AuthorizationFilter
2026-06-10 19:31:20.790 [main] DEBUG [] o.s.w.s.m.m.a.RequestMappingHandlerAdapter - ControllerAdvice beans: 0 @ModelAttribute, 0 @InitBinder, 1 RequestBodyAdvice, 1 ResponseBodyAdvice
2026-06-10 19:31:20.794 [main] DEBUG [] o.s.w.s.m.m.a.ExceptionHandlerExceptionResolver - ControllerAdvice beans: 2 @ExceptionHandler, 1 ResponseBodyAdvice
2026-06-10 19:31:20.820 [main] INFO  [] o.s.b.a.h.H2ConsoleAutoConfiguration - H2 console available at '/h2-console'. Database available at 'jdbc:h2:mem:deliverydb'
2026-06-10 19:31:20.832 [main] DEBUG [] o.s.w.f.ServerHttpObservationFilter - Filter 'webMvcObservationFilter' configured for use
2026-06-10 19:31:20.832 [main] INFO  [] o.s.b.t.m.w.SpringBootMockServletContext - Initializing Spring TestDispatcherServlet ''
2026-06-10 19:31:20.832 [main] INFO  [] o.s.t.w.s.TestDispatcherServlet - Initializing Servlet ''
2026-06-10 19:31:20.832 [main] INFO  [] o.s.t.w.s.TestDispatcherServlet - Completed initialization in 0 ms
2026-06-10 19:31:20.842 [main] INFO  [] c.d.d.c.PedidoControllerTest - Started PedidoControllerTest in 0.564 seconds (process running for 22.311)
2026-06-10 19:31:20.872 [main] DEBUG [] o.s.security.web.FilterChainProxy - Securing POST /api/pedidos
2026-06-10 19:31:20.874 [main] WARN  [] c.d.d.s.JwtAuthenticationFilter - JWT Token não começa com Bearer String
2026-06-10 19:31:20.875 [main] DEBUG [] o.s.security.web.FilterChainProxy - Secured POST /api/pedidos
2026-06-10 19:31:20.876 [main] DEBUG [4bd469a27ffc41db] o.s.w.s.m.m.a.RequestMappingHandlerMapping - Mapped to com.deliverytech.delivery_api.controller.PedidoController#criarPedido(PedidoReqDTO)
2026-06-10 19:31:20.878 [main] DEBUG [4bd469a27ffc41db] o.s.w.s.m.m.a.RequestResponseBodyMethodProcessor - Read "application/json;charset=UTF-8" to [com.deliverytech.delivery_api.dto.req.PedidoReqDTO@79eedaa7]
2026-06-10 19:31:20.898 [main] DEBUG [4bd469a27ffc41db] o.s.w.s.m.m.a.HttpEntityMethodProcessor - Using 'application/json', given [*/*] and supported [application/json, application/*+json, application/yaml]
2026-06-10 19:31:20.898 [main] DEBUG [4bd469a27ffc41db] o.s.w.s.m.m.a.HttpEntityMethodProcessor - Writing [com.deliverytech.delivery_api.dto.res.PedidoResDTO@31cbcd97]
2026-06-10 19:31:20.909 [main] DEBUG [] o.s.security.web.FilterChainProxy - Securing GET /api/pedidos/cliente/4
2026-06-10 19:31:20.909 [main] WARN  [] c.d.d.s.JwtAuthenticationFilter - JWT Token não começa com Bearer String
2026-06-10 19:31:20.910 [main] DEBUG [] o.s.security.web.FilterChainProxy - Secured GET /api/pedidos/cliente/4
2026-06-10 19:31:20.910 [main] DEBUG [8960096e5c4e4c15] o.s.w.s.m.m.a.RequestMappingHandlerMapping - Mapped to com.deliverytech.delivery_api.controller.PedidoController#buscarPorCliente(Long)
2026-06-10 19:31:20.935 [main] DEBUG [8960096e5c4e4c15] o.s.w.s.m.m.a.HttpEntityMethodProcessor - Using 'application/json', given [*/*] and supported [application/json, application/*+json, application/yaml]
2026-06-10 19:31:20.935 [main] DEBUG [8960096e5c4e4c15] o.s.w.s.m.m.a.HttpEntityMethodProcessor - Writing [[com.deliverytech.delivery_api.dto.res.PedidoResDTO@3408055]]
2026-06-10 19:31:20.944 [main] DEBUG [] o.s.w.c.s.GenericWebApplicationContext - Closing org.springframework.web.context.support.GenericWebApplicationContext@77cecca1, started on Wed Jun 10 19:31:20 BRT 2026
2026-06-10 19:31:20.945 [main] INFO  [] o.s.o.j.LocalContainerEntityManagerFactoryBean - Closing JPA EntityManagerFactory for persistence unit 'default'
2026-06-10 19:31:20.947 [main] INFO  [] com.zaxxer.hikari.HikariDataSource - HikariPool-14 - Shutdown initiated...
2026-06-10 19:31:20.948 [main] INFO  [] com.zaxxer.hikari.HikariDataSource - HikariPool-14 - Shutdown completed.
2026-06-10 19:31:20.950 [main] INFO  [] o.s.b.d.r.RestartApplicationListener - Restart disabled due to context in which it is running
2026-06-10 19:31:20.972 [main] INFO  [] c.d.d.c.PedidoControllerTest - Starting PedidoControllerTest using Java 21.0.11 with PID 26828 (started by Santana in C:\Pasta Códiguinhos\arquitetura de sistemas fat\delivery-api\delivery-api)
2026-06-10 19:31:20.972 [main] INFO  [] c.d.d.c.PedidoControllerTest - The following 1 profile is active: "test"
2026-06-10 19:31:20.972 [main] DEBUG [] o.s.w.c.s.GenericWebApplicationContext - Refreshing org.springframework.web.context.support.GenericWebApplicationContext@6936e236
2026-06-10 19:31:21.137 [main] INFO  [] o.s.d.r.c.RepositoryConfigurationDelegate - Bootstrapping Spring Data JPA repositories in DEFAULT mode.
2026-06-10 19:31:21.150 [main] INFO  [] o.s.d.r.c.RepositoryConfigurationDelegate - Finished Spring Data repository scanning in 13 ms. Found 5 JPA repository interfaces.
2026-06-10 19:31:21.199 [main] INFO  [] o.s.o.j.p.SpringPersistenceUnitInfo - No LoadTimeWeaver setup: ignoring JPA class transformer
2026-06-10 19:31:21.200 [main] INFO  [] com.zaxxer.hikari.HikariDataSource - HikariPool-15 - Starting...
2026-06-10 19:31:21.201 [main] INFO  [] com.zaxxer.hikari.pool.HikariPool - HikariPool-15 - Added connection conn140: url=jdbc:h2:mem:deliverydb user=SA
2026-06-10 19:31:21.201 [main] INFO  [] com.zaxxer.hikari.HikariDataSource - HikariPool-15 - Start completed.
2026-06-10 19:31:21.201 [main] WARN  [] org.hibernate.orm.deprecation - HHH90000025: H2Dialect does not need to be specified explicitly using 'hibernate.dialect' (remove the property setting and it will be selected by default)
2026-06-10 19:31:21.242 [main] INFO  [] o.s.o.j.LocalContainerEntityManagerFactoryBean - Initialized JPA EntityManagerFactory for persistence unit 'default'
2026-06-10 19:31:21.264 [main] INFO  [] o.s.s.c.a.a.c.InitializeAuthenticationProviderBeanManagerConfigurer$InitializeAuthenticationProviderManagerConfigurer - Global AuthenticationManager configured with AuthenticationProvider bean with name authenticationProvider
2026-06-10 19:31:21.264 [main] WARN  [] o.s.s.c.a.a.c.InitializeUserDetailsBeanManagerConfigurer$InitializeUserDetailsManagerConfigurer - Global AuthenticationManager configured with an AuthenticationProvider bean. UserDetailsService beans will not be used by Spring Security for automatically configuring username/password login. Consider removing the AuthenticationProvider bean. Alternatively, consider using the UserDetailsService in a manually instantiated DaoAuthenticationProvider. If the current configuration is intentional, to turn off this warning, increase the logging level of 'org.springframework.security.config.annotation.authentication.configuration.InitializeUserDetailsBeanManagerConfigurer' to ERROR
2026-06-10 19:31:21.354 [main] DEBUG [] o.s.w.s.m.m.a.RequestMappingHandlerMapping - 42 mappings in 'requestMappingHandlerMapping'
2026-06-10 19:31:21.380 [main] DEBUG [] o.s.w.s.h.SimpleUrlHandlerMapping - Patterns [/webjars/**, /**, /swagger-ui*/*swagger-initializer.js, /swagger-ui*/**] in 'resourceHandlerMapping'
2026-06-10 19:31:21.407 [main] INFO  [] o.s.b.a.e.web.EndpointLinksResolver - Exposing 13 endpoints beneath base path '/actuator'
2026-06-10 19:31:21.441 [main] DEBUG [] o.s.s.web.DefaultSecurityFilterChain - Will secure any request with filters: DisableEncodeUrlFilter, WebAsyncManagerIntegrationFilter, SecurityContextHolderFilter, HeaderWriterFilter, CorsFilter, LogoutFilter, JwtAuthenticationFilter, RequestCacheAwareFilter, SecurityContextHolderAwareRequestFilter, AnonymousAuthenticationFilter, SessionManagementFilter, ExceptionTranslationFilter, AuthorizationFilter
2026-06-10 19:31:21.462 [main] DEBUG [] o.s.w.s.m.m.a.RequestMappingHandlerAdapter - ControllerAdvice beans: 0 @ModelAttribute, 0 @InitBinder, 1 RequestBodyAdvice, 1 ResponseBodyAdvice
2026-06-10 19:31:21.465 [main] DEBUG [] o.s.w.s.m.m.a.ExceptionHandlerExceptionResolver - ControllerAdvice beans: 2 @ExceptionHandler, 1 ResponseBodyAdvice
2026-06-10 19:31:21.490 [main] INFO  [] o.s.b.a.h.H2ConsoleAutoConfiguration - H2 console available at '/h2-console'. Database available at 'jdbc:h2:mem:deliverydb'
2026-06-10 19:31:21.507 [main] DEBUG [] o.s.w.f.ServerHttpObservationFilter - Filter 'webMvcObservationFilter' configured for use
2026-06-10 19:31:21.507 [main] INFO  [] o.s.b.t.m.w.SpringBootMockServletContext - Initializing Spring TestDispatcherServlet ''
2026-06-10 19:31:21.507 [main] INFO  [] o.s.t.w.s.TestDispatcherServlet - Initializing Servlet ''
2026-06-10 19:31:21.507 [main] INFO  [] o.s.t.w.s.TestDispatcherServlet - Completed initialization in 0 ms
2026-06-10 19:31:21.518 [main] INFO  [] c.d.d.c.PedidoControllerTest - Started PedidoControllerTest in 0.568 seconds (process running for 22.986)
2026-06-10 19:31:21.545 [main] DEBUG [] o.s.security.web.FilterChainProxy - Securing POST /api/pedidos
2026-06-10 19:31:21.545 [main] WARN  [] c.d.d.s.JwtAuthenticationFilter - JWT Token não começa com Bearer String
2026-06-10 19:31:21.546 [main] DEBUG [] o.s.security.web.FilterChainProxy - Secured POST /api/pedidos
2026-06-10 19:31:21.547 [main] DEBUG [79b5ad76d3754e97] o.s.w.s.m.m.a.RequestMappingHandlerMapping - Mapped to com.deliverytech.delivery_api.controller.PedidoController#criarPedido(PedidoReqDTO)
2026-06-10 19:31:21.549 [main] DEBUG [79b5ad76d3754e97] o.s.w.s.m.m.a.RequestResponseBodyMethodProcessor - Read "application/json;charset=UTF-8" to [com.deliverytech.delivery_api.dto.req.PedidoReqDTO@1d4158fb]
2026-06-10 19:31:21.561 [main] DEBUG [79b5ad76d3754e97] o.s.w.s.m.m.a.ExceptionHandlerExceptionResolver - Using @ExceptionHandler com.deliverytech.delivery_api.exception.GlobalExceptionHandler#handleBusinessException(BusinessException, HttpServletRequest)
2026-06-10 19:31:21.562 [main] DEBUG [79b5ad76d3754e97] o.s.w.s.m.m.a.HttpEntityMethodProcessor - Using 'application/json', given [*/*] and supported [application/json, application/*+json, application/yaml]
2026-06-10 19:31:21.562 [main] DEBUG [79b5ad76d3754e97] o.s.w.s.m.m.a.HttpEntityMethodProcessor - Writing [com.deliverytech.delivery_api.dto.ErrorResponse@1c39200e]
2026-06-10 19:31:21.564 [main] DEBUG [79b5ad76d3754e97] o.s.w.s.m.m.a.ExceptionHandlerExceptionResolver - Resolved [com.deliverytech.delivery_api.exception.BusinessException: Cliente inativo não pode fazer pedidos]
2026-06-10 19:31:21.569 [main] DEBUG [] o.s.w.c.s.GenericWebApplicationContext - Closing org.springframework.web.context.support.GenericWebApplicationContext@6936e236, started on Wed Jun 10 19:31:20 BRT 2026
2026-06-10 19:31:21.571 [main] INFO  [] o.s.o.j.LocalContainerEntityManagerFactoryBean - Closing JPA EntityManagerFactory for persistence unit 'default'
2026-06-10 19:31:21.572 [main] INFO  [] com.zaxxer.hikari.HikariDataSource - HikariPool-15 - Shutdown initiated...
2026-06-10 19:31:21.588 [main] INFO  [] com.zaxxer.hikari.HikariDataSource - HikariPool-15 - Shutdown completed.
2026-06-10 19:31:21.590 [main] INFO  [] o.s.b.d.r.RestartApplicationListener - Restart disabled due to context in which it is running
2026-06-10 19:31:21.609 [main] INFO  [] c.d.d.c.PedidoControllerTest - Starting PedidoControllerTest using Java 21.0.11 with PID 26828 (started by Santana in C:\Pasta Códiguinhos\arquitetura de sistemas fat\delivery-api\delivery-api)
2026-06-10 19:31:21.609 [main] INFO  [] c.d.d.c.PedidoControllerTest - The following 1 profile is active: "test"
2026-06-10 19:31:21.610 [main] DEBUG [] o.s.w.c.s.GenericWebApplicationContext - Refreshing org.springframework.web.context.support.GenericWebApplicationContext@293d359a
2026-06-10 19:31:21.782 [main] INFO  [] o.s.d.r.c.RepositoryConfigurationDelegate - Bootstrapping Spring Data JPA repositories in DEFAULT mode.
2026-06-10 19:31:21.804 [main] INFO  [] o.s.d.r.c.RepositoryConfigurationDelegate - Finished Spring Data repository scanning in 19 ms. Found 5 JPA repository interfaces.
2026-06-10 19:31:21.869 [main] INFO  [] o.s.o.j.p.SpringPersistenceUnitInfo - No LoadTimeWeaver setup: ignoring JPA class transformer
2026-06-10 19:31:21.869 [main] INFO  [] com.zaxxer.hikari.HikariDataSource - HikariPool-16 - Starting...
2026-06-10 19:31:21.871 [main] INFO  [] com.zaxxer.hikari.pool.HikariPool - HikariPool-16 - Added connection conn150: url=jdbc:h2:mem:deliverydb user=SA
2026-06-10 19:31:21.871 [main] INFO  [] com.zaxxer.hikari.HikariDataSource - HikariPool-16 - Start completed.
2026-06-10 19:31:21.871 [main] WARN  [] org.hibernate.orm.deprecation - HHH90000025: H2Dialect does not need to be specified explicitly using 'hibernate.dialect' (remove the property setting and it will be selected by default)
2026-06-10 19:31:21.922 [main] INFO  [] o.s.o.j.LocalContainerEntityManagerFactoryBean - Initialized JPA EntityManagerFactory for persistence unit 'default'
2026-06-10 19:31:21.946 [main] INFO  [] o.s.s.c.a.a.c.InitializeAuthenticationProviderBeanManagerConfigurer$InitializeAuthenticationProviderManagerConfigurer - Global AuthenticationManager configured with AuthenticationProvider bean with name authenticationProvider
2026-06-10 19:31:21.946 [main] WARN  [] o.s.s.c.a.a.c.InitializeUserDetailsBeanManagerConfigurer$InitializeUserDetailsManagerConfigurer - Global AuthenticationManager configured with an AuthenticationProvider bean. UserDetailsService beans will not be used by Spring Security for automatically configuring username/password login. Consider removing the AuthenticationProvider bean. Alternatively, consider using the UserDetailsService in a manually instantiated DaoAuthenticationProvider. If the current configuration is intentional, to turn off this warning, increase the logging level of 'org.springframework.security.config.annotation.authentication.configuration.InitializeUserDetailsBeanManagerConfigurer' to ERROR
2026-06-10 19:31:22.034 [main] DEBUG [] o.s.w.s.m.m.a.RequestMappingHandlerMapping - 42 mappings in 'requestMappingHandlerMapping'
2026-06-10 19:31:22.052 [main] DEBUG [] o.s.w.s.h.SimpleUrlHandlerMapping - Patterns [/webjars/**, /**, /swagger-ui*/*swagger-initializer.js, /swagger-ui*/**] in 'resourceHandlerMapping'
2026-06-10 19:31:22.087 [main] INFO  [] o.s.b.a.e.web.EndpointLinksResolver - Exposing 13 endpoints beneath base path '/actuator'
2026-06-10 19:31:22.118 [main] DEBUG [] o.s.s.web.DefaultSecurityFilterChain - Will secure any request with filters: DisableEncodeUrlFilter, WebAsyncManagerIntegrationFilter, SecurityContextHolderFilter, HeaderWriterFilter, CorsFilter, LogoutFilter, JwtAuthenticationFilter, RequestCacheAwareFilter, SecurityContextHolderAwareRequestFilter, AnonymousAuthenticationFilter, SessionManagementFilter, ExceptionTranslationFilter, AuthorizationFilter
2026-06-10 19:31:22.139 [main] DEBUG [] o.s.w.s.m.m.a.RequestMappingHandlerAdapter - ControllerAdvice beans: 0 @ModelAttribute, 0 @InitBinder, 1 RequestBodyAdvice, 1 ResponseBodyAdvice
2026-06-10 19:31:22.143 [main] DEBUG [] o.s.w.s.m.m.a.ExceptionHandlerExceptionResolver - ControllerAdvice beans: 2 @ExceptionHandler, 1 ResponseBodyAdvice
2026-06-10 19:31:22.169 [main] INFO  [] o.s.b.a.h.H2ConsoleAutoConfiguration - H2 console available at '/h2-console'. Database available at 'jdbc:h2:mem:deliverydb'
2026-06-10 19:31:22.181 [main] DEBUG [] o.s.w.f.ServerHttpObservationFilter - Filter 'webMvcObservationFilter' configured for use
2026-06-10 19:31:22.181 [main] INFO  [] o.s.b.t.m.w.SpringBootMockServletContext - Initializing Spring TestDispatcherServlet ''
2026-06-10 19:31:22.181 [main] INFO  [] o.s.t.w.s.TestDispatcherServlet - Initializing Servlet ''
2026-06-10 19:31:22.182 [main] INFO  [] o.s.t.w.s.TestDispatcherServlet - Completed initialization in 1 ms
2026-06-10 19:31:22.190 [main] INFO  [] c.d.d.c.PedidoControllerTest - Started PedidoControllerTest in 0.6 seconds (process running for 23.659)
2026-06-10 19:31:22.212 [main] DEBUG [] o.s.security.web.FilterChainProxy - Securing POST /api/pedidos
2026-06-10 19:31:22.213 [main] WARN  [] c.d.d.s.JwtAuthenticationFilter - JWT Token não começa com Bearer String
2026-06-10 19:31:22.214 [main] DEBUG [] o.s.security.web.FilterChainProxy - Secured POST /api/pedidos
2026-06-10 19:31:22.214 [main] DEBUG [fcd4e46e7f904b61] o.s.w.s.m.m.a.RequestMappingHandlerMapping - Mapped to com.deliverytech.delivery_api.controller.PedidoController#criarPedido(PedidoReqDTO)
2026-06-10 19:31:22.217 [main] DEBUG [fcd4e46e7f904b61] o.s.w.s.m.m.a.RequestResponseBodyMethodProcessor - Read "application/json;charset=UTF-8" to [com.deliverytech.delivery_api.dto.req.PedidoReqDTO@6cbd8f32]
2026-06-10 19:31:22.232 [main] DEBUG [fcd4e46e7f904b61] o.s.w.s.m.m.a.HttpEntityMethodProcessor - Using 'application/json', given [*/*] and supported [application/json, application/*+json, application/yaml]
2026-06-10 19:31:22.232 [main] DEBUG [fcd4e46e7f904b61] o.s.w.s.m.m.a.HttpEntityMethodProcessor - Writing [com.deliverytech.delivery_api.dto.res.PedidoResDTO@4d81c9a4]
2026-06-10 19:31:22.236 [main] DEBUG [] o.s.security.web.FilterChainProxy - Securing DELETE /api/pedidos/4
2026-06-10 19:31:22.236 [main] WARN  [] c.d.d.s.JwtAuthenticationFilter - JWT Token não começa com Bearer String
2026-06-10 19:31:22.237 [main] DEBUG [] o.s.security.web.FilterChainProxy - Secured DELETE /api/pedidos/4
2026-06-10 19:31:22.237 [main] DEBUG [d7b21822107f452b] o.s.w.s.m.m.a.RequestMappingHandlerMapping - Mapped to com.deliverytech.delivery_api.controller.PedidoController#cancelarPedido(Long)
2026-06-10 19:31:22.242 [main] DEBUG [d7b21822107f452b] o.s.w.s.m.m.a.HttpEntityMethodProcessor - Using 'application/json', given [*/*] and supported [application/json, application/*+json, application/yaml]
2026-06-10 19:31:22.242 [main] DEBUG [d7b21822107f452b] o.s.w.s.m.m.a.HttpEntityMethodProcessor - Nothing to write: null body
2026-06-10 19:31:22.245 [main] DEBUG [] o.s.security.web.FilterChainProxy - Securing GET /api/pedidos/4
2026-06-10 19:31:22.246 [main] WARN  [] c.d.d.s.JwtAuthenticationFilter - JWT Token não começa com Bearer String
2026-06-10 19:31:22.247 [main] DEBUG [] o.s.security.web.FilterChainProxy - Secured GET /api/pedidos/4
2026-06-10 19:31:22.247 [main] DEBUG [8df3e3bc52974dd0] o.s.w.s.m.m.a.RequestMappingHandlerMapping - Mapped to com.deliverytech.delivery_api.controller.PedidoController#buscarPorId(Long)
2026-06-10 19:31:22.249 [main] DEBUG [8df3e3bc52974dd0] o.s.w.s.m.m.a.HttpEntityMethodProcessor - Using 'application/json', given [*/*] and supported [application/json, application/*+json, application/yaml]
2026-06-10 19:31:22.249 [main] DEBUG [8df3e3bc52974dd0] o.s.w.s.m.m.a.HttpEntityMethodProcessor - Writing [com.deliverytech.delivery_api.dto.res.PedidoResDTO@6cc0076c]
2026-06-10 19:31:22.254 [main] DEBUG [] o.s.w.c.s.GenericWebApplicationContext - Closing org.springframework.web.context.support.GenericWebApplicationContext@293d359a, started on Wed Jun 10 19:31:21 BRT 2026
2026-06-10 19:31:22.256 [main] INFO  [] o.s.o.j.LocalContainerEntityManagerFactoryBean - Closing JPA EntityManagerFactory for persistence unit 'default'
2026-06-10 19:31:22.258 [main] INFO  [] com.zaxxer.hikari.HikariDataSource - HikariPool-16 - Shutdown initiated...
2026-06-10 19:31:22.264 [main] INFO  [] com.zaxxer.hikari.HikariDataSource - HikariPool-16 - Shutdown completed.
2026-06-10 19:31:22.266 [main] INFO  [] o.s.b.d.r.RestartApplicationListener - Restart disabled due to context in which it is running
2026-06-10 19:31:22.287 [main] INFO  [] c.d.d.c.PedidoControllerTest - Starting PedidoControllerTest using Java 21.0.11 with PID 26828 (started by Santana in C:\Pasta Códiguinhos\arquitetura de sistemas fat\delivery-api\delivery-api)
2026-06-10 19:31:22.288 [main] INFO  [] c.d.d.c.PedidoControllerTest - The following 1 profile is active: "test"
2026-06-10 19:31:22.289 [main] DEBUG [] o.s.w.c.s.GenericWebApplicationContext - Refreshing org.springframework.web.context.support.GenericWebApplicationContext@2b87c4c9
2026-06-10 19:31:22.481 [main] INFO  [] o.s.d.r.c.RepositoryConfigurationDelegate - Bootstrapping Spring Data JPA repositories in DEFAULT mode.
2026-06-10 19:31:22.499 [main] INFO  [] o.s.d.r.c.RepositoryConfigurationDelegate - Finished Spring Data repository scanning in 17 ms. Found 5 JPA repository interfaces.
2026-06-10 19:31:22.571 [main] INFO  [] o.s.o.j.p.SpringPersistenceUnitInfo - No LoadTimeWeaver setup: ignoring JPA class transformer
2026-06-10 19:31:22.572 [main] INFO  [] com.zaxxer.hikari.HikariDataSource - HikariPool-17 - Starting...
2026-06-10 19:31:22.573 [main] INFO  [] com.zaxxer.hikari.pool.HikariPool - HikariPool-17 - Added connection conn160: url=jdbc:h2:mem:deliverydb user=SA
2026-06-10 19:31:22.573 [main] INFO  [] com.zaxxer.hikari.HikariDataSource - HikariPool-17 - Start completed.
2026-06-10 19:31:22.573 [main] WARN  [] org.hibernate.orm.deprecation - HHH90000025: H2Dialect does not need to be specified explicitly using 'hibernate.dialect' (remove the property setting and it will be selected by default)
2026-06-10 19:31:22.620 [main] INFO  [] o.s.o.j.LocalContainerEntityManagerFactoryBean - Initialized JPA EntityManagerFactory for persistence unit 'default'
2026-06-10 19:31:22.649 [main] INFO  [] o.s.s.c.a.a.c.InitializeAuthenticationProviderBeanManagerConfigurer$InitializeAuthenticationProviderManagerConfigurer - Global AuthenticationManager configured with AuthenticationProvider bean with name authenticationProvider
2026-06-10 19:31:22.649 [main] WARN  [] o.s.s.c.a.a.c.InitializeUserDetailsBeanManagerConfigurer$InitializeUserDetailsManagerConfigurer - Global AuthenticationManager configured with an AuthenticationProvider bean. UserDetailsService beans will not be used by Spring Security for automatically configuring username/password login. Consider removing the AuthenticationProvider bean. Alternatively, consider using the UserDetailsService in a manually instantiated DaoAuthenticationProvider. If the current configuration is intentional, to turn off this warning, increase the logging level of 'org.springframework.security.config.annotation.authentication.configuration.InitializeUserDetailsBeanManagerConfigurer' to ERROR
2026-06-10 19:31:22.759 [main] DEBUG [] o.s.w.s.m.m.a.RequestMappingHandlerMapping - 42 mappings in 'requestMappingHandlerMapping'
2026-06-10 19:31:22.783 [main] DEBUG [] o.s.w.s.h.SimpleUrlHandlerMapping - Patterns [/webjars/**, /**, /swagger-ui*/*swagger-initializer.js, /swagger-ui*/**] in 'resourceHandlerMapping'
2026-06-10 19:31:22.830 [main] INFO  [] o.s.b.a.e.web.EndpointLinksResolver - Exposing 13 endpoints beneath base path '/actuator'
2026-06-10 19:31:22.867 [main] DEBUG [] o.s.s.web.DefaultSecurityFilterChain - Will secure any request with filters: DisableEncodeUrlFilter, WebAsyncManagerIntegrationFilter, SecurityContextHolderFilter, HeaderWriterFilter, CorsFilter, LogoutFilter, JwtAuthenticationFilter, RequestCacheAwareFilter, SecurityContextHolderAwareRequestFilter, AnonymousAuthenticationFilter, SessionManagementFilter, ExceptionTranslationFilter, AuthorizationFilter
2026-06-10 19:31:22.898 [main] DEBUG [] o.s.w.s.m.m.a.RequestMappingHandlerAdapter - ControllerAdvice beans: 0 @ModelAttribute, 0 @InitBinder, 1 RequestBodyAdvice, 1 ResponseBodyAdvice
2026-06-10 19:31:22.906 [main] DEBUG [] o.s.w.s.m.m.a.ExceptionHandlerExceptionResolver - ControllerAdvice beans: 2 @ExceptionHandler, 1 ResponseBodyAdvice
2026-06-10 19:31:22.950 [main] INFO  [] o.s.b.a.h.H2ConsoleAutoConfiguration - H2 console available at '/h2-console'. Database available at 'jdbc:h2:mem:deliverydb'
2026-06-10 19:31:22.962 [main] DEBUG [] o.s.w.f.ServerHttpObservationFilter - Filter 'webMvcObservationFilter' configured for use
2026-06-10 19:31:22.962 [main] INFO  [] o.s.b.t.m.w.SpringBootMockServletContext - Initializing Spring TestDispatcherServlet ''
2026-06-10 19:31:22.962 [main] INFO  [] o.s.t.w.s.TestDispatcherServlet - Initializing Servlet ''
2026-06-10 19:31:22.964 [main] INFO  [] o.s.t.w.s.TestDispatcherServlet - Completed initialization in 2 ms
2026-06-10 19:31:22.972 [main] INFO  [] c.d.d.c.PedidoControllerTest - Started PedidoControllerTest in 0.706 seconds (process running for 24.442)
2026-06-10 19:31:23.001 [main] DEBUG [] o.s.security.web.FilterChainProxy - Securing POST /api/pedidos
2026-06-10 19:31:23.001 [main] WARN  [] c.d.d.s.JwtAuthenticationFilter - JWT Token não começa com Bearer String
2026-06-10 19:31:23.003 [main] DEBUG [] o.s.security.web.FilterChainProxy - Secured POST /api/pedidos
2026-06-10 19:31:23.003 [main] DEBUG [207a78351c5f48c8] o.s.w.s.m.m.a.RequestMappingHandlerMapping - Mapped to com.deliverytech.delivery_api.controller.PedidoController#criarPedido(PedidoReqDTO)
2026-06-10 19:31:23.005 [main] DEBUG [207a78351c5f48c8] o.s.w.s.m.m.a.RequestResponseBodyMethodProcessor - Read "application/json;charset=UTF-8" to [com.deliverytech.delivery_api.dto.req.PedidoReqDTO@2461c9a3]
2026-06-10 19:31:23.012 [main] DEBUG [207a78351c5f48c8] o.s.w.s.m.m.a.ExceptionHandlerExceptionResolver - Using @ExceptionHandler com.deliverytech.delivery_api.exception.GlobalExceptionHandler#handleValidationException(MethodArgumentNotValidException, HttpServletRequest)
2026-06-10 19:31:23.014 [main] DEBUG [207a78351c5f48c8] o.s.w.s.m.m.a.HttpEntityMethodProcessor - Using 'application/json', given [*/*] and supported [application/json, application/*+json, application/yaml]
2026-06-10 19:31:23.015 [main] DEBUG [207a78351c5f48c8] o.s.w.s.m.m.a.HttpEntityMethodProcessor - Writing [com.deliverytech.delivery_api.dto.ErrorResponse@4090ecf2]
2026-06-10 19:31:23.015 [main] DEBUG [207a78351c5f48c8] o.s.w.s.m.m.a.ExceptionHandlerExceptionResolver - Resolved [org.springframework.web.bind.MethodArgumentNotValidException: Validation failed for argument [0] in public org.springframework.http.ResponseEntity<com.deliverytech.delivery_api.dto.res.PedidoResDTO> com.deliverytech.delivery_api.controller.PedidoController.criarPedido(com.deliverytech.delivery_api.dto.req.PedidoReqDTO): [Field error in object 'pedidoReqDTO' on field 'itens': rejected value [[]]; codes [NotEmpty.pedidoReqDTO.itens,NotEmpty.itens,NotEmpty.java.util.List,NotEmpty]; arguments [org.springframework.context.support.DefaultMessageSourceResolvable: codes [pedidoReqDTO.itens,itens]; arguments []; default message [itens]]; default message [Pedido deve ter pelo menos um item]] ]
2026-06-10 19:31:23.021 [main] DEBUG [] o.s.w.c.s.GenericWebApplicationContext - Closing org.springframework.web.context.support.GenericWebApplicationContext@2b87c4c9, started on Wed Jun 10 19:31:22 BRT 2026
2026-06-10 19:31:23.022 [main] INFO  [] o.s.o.j.LocalContainerEntityManagerFactoryBean - Closing JPA EntityManagerFactory for persistence unit 'default'
2026-06-10 19:31:23.022 [main] INFO  [] com.zaxxer.hikari.HikariDataSource - HikariPool-17 - Shutdown initiated...
2026-06-10 19:31:23.024 [main] INFO  [] com.zaxxer.hikari.HikariDataSource - HikariPool-17 - Shutdown completed.
2026-06-10 19:31:23.026 [main] INFO  [] o.s.b.d.r.RestartApplicationListener - Restart disabled due to context in which it is running
2026-06-10 19:31:23.046 [main] INFO  [] c.d.d.c.PedidoControllerTest - Starting PedidoControllerTest using Java 21.0.11 with PID 26828 (started by Santana in C:\Pasta Códiguinhos\arquitetura de sistemas fat\delivery-api\delivery-api)
2026-06-10 19:31:23.047 [main] INFO  [] c.d.d.c.PedidoControllerTest - The following 1 profile is active: "test"
2026-06-10 19:31:23.048 [main] DEBUG [] o.s.w.c.s.GenericWebApplicationContext - Refreshing org.springframework.web.context.support.GenericWebApplicationContext@15a93c2c
2026-06-10 19:31:23.257 [main] INFO  [] o.s.d.r.c.RepositoryConfigurationDelegate - Bootstrapping Spring Data JPA repositories in DEFAULT mode.
2026-06-10 19:31:23.278 [main] INFO  [] o.s.d.r.c.RepositoryConfigurationDelegate - Finished Spring Data repository scanning in 20 ms. Found 5 JPA repository interfaces.
2026-06-10 19:31:23.364 [main] INFO  [] o.s.o.j.p.SpringPersistenceUnitInfo - No LoadTimeWeaver setup: ignoring JPA class transformer
2026-06-10 19:31:23.366 [main] INFO  [] com.zaxxer.hikari.HikariDataSource - HikariPool-18 - Starting...
2026-06-10 19:31:23.368 [main] INFO  [] com.zaxxer.hikari.pool.HikariPool - HikariPool-18 - Added connection conn170: url=jdbc:h2:mem:deliverydb user=SA
2026-06-10 19:31:23.368 [main] INFO  [] com.zaxxer.hikari.HikariDataSource - HikariPool-18 - Start completed.
2026-06-10 19:31:23.368 [main] WARN  [] org.hibernate.orm.deprecation - HHH90000025: H2Dialect does not need to be specified explicitly using 'hibernate.dialect' (remove the property setting and it will be selected by default)
2026-06-10 19:31:23.442 [main] INFO  [] o.s.o.j.LocalContainerEntityManagerFactoryBean - Initialized JPA EntityManagerFactory for persistence unit 'default'
2026-06-10 19:31:23.470 [main] INFO  [] o.s.s.c.a.a.c.InitializeAuthenticationProviderBeanManagerConfigurer$InitializeAuthenticationProviderManagerConfigurer - Global AuthenticationManager configured with AuthenticationProvider bean with name authenticationProvider
2026-06-10 19:31:23.470 [main] WARN  [] o.s.s.c.a.a.c.InitializeUserDetailsBeanManagerConfigurer$InitializeUserDetailsManagerConfigurer - Global AuthenticationManager configured with an AuthenticationProvider bean. UserDetailsService beans will not be used by Spring Security for automatically configuring username/password login. Consider removing the AuthenticationProvider bean. Alternatively, consider using the UserDetailsService in a manually instantiated DaoAuthenticationProvider. If the current configuration is intentional, to turn off this warning, increase the logging level of 'org.springframework.security.config.annotation.authentication.configuration.InitializeUserDetailsBeanManagerConfigurer' to ERROR
2026-06-10 19:31:23.580 [main] DEBUG [] o.s.w.s.m.m.a.RequestMappingHandlerMapping - 42 mappings in 'requestMappingHandlerMapping'
2026-06-10 19:31:23.612 [main] DEBUG [] o.s.w.s.h.SimpleUrlHandlerMapping - Patterns [/webjars/**, /**, /swagger-ui*/*swagger-initializer.js, /swagger-ui*/**] in 'resourceHandlerMapping'
2026-06-10 19:31:23.656 [main] INFO  [] o.s.b.a.e.web.EndpointLinksResolver - Exposing 13 endpoints beneath base path '/actuator'
2026-06-10 19:31:23.688 [main] DEBUG [] o.s.s.web.DefaultSecurityFilterChain - Will secure any request with filters: DisableEncodeUrlFilter, WebAsyncManagerIntegrationFilter, SecurityContextHolderFilter, HeaderWriterFilter, CorsFilter, LogoutFilter, JwtAuthenticationFilter, RequestCacheAwareFilter, SecurityContextHolderAwareRequestFilter, AnonymousAuthenticationFilter, SessionManagementFilter, ExceptionTranslationFilter, AuthorizationFilter
2026-06-10 19:31:23.712 [main] DEBUG [] o.s.w.s.m.m.a.RequestMappingHandlerAdapter - ControllerAdvice beans: 0 @ModelAttribute, 0 @InitBinder, 1 RequestBodyAdvice, 1 ResponseBodyAdvice
2026-06-10 19:31:23.720 [main] DEBUG [] o.s.w.s.m.m.a.ExceptionHandlerExceptionResolver - ControllerAdvice beans: 2 @ExceptionHandler, 1 ResponseBodyAdvice
2026-06-10 19:31:23.751 [main] INFO  [] o.s.b.a.h.H2ConsoleAutoConfiguration - H2 console available at '/h2-console'. Database available at 'jdbc:h2:mem:deliverydb'
2026-06-10 19:31:23.763 [main] DEBUG [] o.s.w.f.ServerHttpObservationFilter - Filter 'webMvcObservationFilter' configured for use
2026-06-10 19:31:23.763 [main] INFO  [] o.s.b.t.m.w.SpringBootMockServletContext - Initializing Spring TestDispatcherServlet ''
2026-06-10 19:31:23.763 [main] INFO  [] o.s.t.w.s.TestDispatcherServlet - Initializing Servlet ''
2026-06-10 19:31:23.765 [main] INFO  [] o.s.t.w.s.TestDispatcherServlet - Completed initialization in 2 ms
2026-06-10 19:31:23.772 [main] INFO  [] c.d.d.c.PedidoControllerTest - Started PedidoControllerTest in 0.746 seconds (process running for 25.242)
2026-06-10 19:31:23.800 [main] DEBUG [] o.s.security.web.FilterChainProxy - Securing POST /api/pedidos
2026-06-10 19:31:23.800 [main] WARN  [] c.d.d.s.JwtAuthenticationFilter - JWT Token não começa com Bearer String
2026-06-10 19:31:23.802 [main] DEBUG [] o.s.security.web.FilterChainProxy - Secured POST /api/pedidos
2026-06-10 19:31:23.803 [main] DEBUG [e96170efcd7645f8] o.s.w.s.m.m.a.RequestMappingHandlerMapping - Mapped to com.deliverytech.delivery_api.controller.PedidoController#criarPedido(PedidoReqDTO)
2026-06-10 19:31:23.805 [main] DEBUG [e96170efcd7645f8] o.s.w.s.m.m.a.RequestResponseBodyMethodProcessor - Read "application/json;charset=UTF-8" to [com.deliverytech.delivery_api.dto.req.PedidoReqDTO@345a8cc9]
2026-06-10 19:31:23.816 [main] DEBUG [e96170efcd7645f8] o.s.w.s.m.m.a.ExceptionHandlerExceptionResolver - Using @ExceptionHandler com.deliverytech.delivery_api.exception.GlobalExceptionHandler#handleEntityNotFound(EntityNotFoundException, HttpServletRequest)
2026-06-10 19:31:23.818 [main] DEBUG [e96170efcd7645f8] o.s.w.s.m.m.a.HttpEntityMethodProcessor - Using 'application/json', given [*/*] and supported [application/json, application/*+json, application/yaml]
2026-06-10 19:31:23.819 [main] DEBUG [e96170efcd7645f8] o.s.w.s.m.m.a.HttpEntityMethodProcessor - Writing [com.deliverytech.delivery_api.dto.ErrorResponse@5d266fde]
2026-06-10 19:31:23.819 [main] DEBUG [e96170efcd7645f8] o.s.w.s.m.m.a.ExceptionHandlerExceptionResolver - Resolved [com.deliverytech.delivery_api.exception.EntityNotFoundException: Produto não encontrado: 999999]
2026-06-10 19:31:23.826 [main] DEBUG [] o.s.w.c.s.GenericWebApplicationContext - Closing org.springframework.web.context.support.GenericWebApplicationContext@15a93c2c, started on Wed Jun 10 19:31:23 BRT 2026
2026-06-10 19:31:23.827 [main] INFO  [] o.s.o.j.LocalContainerEntityManagerFactoryBean - Closing JPA EntityManagerFactory for persistence unit 'default'
2026-06-10 19:31:23.828 [main] INFO  [] com.zaxxer.hikari.HikariDataSource - HikariPool-18 - Shutdown initiated...
2026-06-10 19:31:23.829 [main] INFO  [] com.zaxxer.hikari.HikariDataSource - HikariPool-18 - Shutdown completed.
2026-06-10 19:31:23.830 [main] INFO  [] o.s.b.d.r.RestartApplicationListener - Restart disabled due to context in which it is running
2026-06-10 19:31:23.852 [main] INFO  [] c.d.d.c.PedidoControllerTest - Starting PedidoControllerTest using Java 21.0.11 with PID 26828 (started by Santana in C:\Pasta Códiguinhos\arquitetura de sistemas fat\delivery-api\delivery-api)
2026-06-10 19:31:23.852 [main] INFO  [] c.d.d.c.PedidoControllerTest - The following 1 profile is active: "test"
2026-06-10 19:31:23.854 [main] DEBUG [] o.s.w.c.s.GenericWebApplicationContext - Refreshing org.springframework.web.context.support.GenericWebApplicationContext@34123e07
2026-06-10 19:31:24.061 [main] INFO  [] o.s.d.r.c.RepositoryConfigurationDelegate - Bootstrapping Spring Data JPA repositories in DEFAULT mode.
2026-06-10 19:31:24.080 [main] INFO  [] o.s.d.r.c.RepositoryConfigurationDelegate - Finished Spring Data repository scanning in 18 ms. Found 5 JPA repository interfaces.
2026-06-10 19:31:24.144 [main] INFO  [] o.s.o.j.p.SpringPersistenceUnitInfo - No LoadTimeWeaver setup: ignoring JPA class transformer
2026-06-10 19:31:24.145 [main] INFO  [] com.zaxxer.hikari.HikariDataSource - HikariPool-19 - Starting...
2026-06-10 19:31:24.146 [main] INFO  [] com.zaxxer.hikari.pool.HikariPool - HikariPool-19 - Added connection conn180: url=jdbc:h2:mem:deliverydb user=SA
2026-06-10 19:31:24.146 [main] INFO  [] com.zaxxer.hikari.HikariDataSource - HikariPool-19 - Start completed.
2026-06-10 19:31:24.147 [main] WARN  [] org.hibernate.orm.deprecation - HHH90000025: H2Dialect does not need to be specified explicitly using 'hibernate.dialect' (remove the property setting and it will be selected by default)
2026-06-10 19:31:24.192 [main] INFO  [] o.s.o.j.LocalContainerEntityManagerFactoryBean - Initialized JPA EntityManagerFactory for persistence unit 'default'
2026-06-10 19:31:24.213 [main] INFO  [] o.s.s.c.a.a.c.InitializeAuthenticationProviderBeanManagerConfigurer$InitializeAuthenticationProviderManagerConfigurer - Global AuthenticationManager configured with AuthenticationProvider bean with name authenticationProvider
2026-06-10 19:31:24.214 [main] WARN  [] o.s.s.c.a.a.c.InitializeUserDetailsBeanManagerConfigurer$InitializeUserDetailsManagerConfigurer - Global AuthenticationManager configured with an AuthenticationProvider bean. UserDetailsService beans will not be used by Spring Security for automatically configuring username/password login. Consider removing the AuthenticationProvider bean. Alternatively, consider using the UserDetailsService in a manually instantiated DaoAuthenticationProvider. If the current configuration is intentional, to turn off this warning, increase the logging level of 'org.springframework.security.config.annotation.authentication.configuration.InitializeUserDetailsBeanManagerConfigurer' to ERROR
2026-06-10 19:31:24.321 [main] DEBUG [] o.s.w.s.m.m.a.RequestMappingHandlerMapping - 42 mappings in 'requestMappingHandlerMapping'
2026-06-10 19:31:24.343 [main] DEBUG [] o.s.w.s.h.SimpleUrlHandlerMapping - Patterns [/webjars/**, /**, /swagger-ui*/*swagger-initializer.js, /swagger-ui*/**] in 'resourceHandlerMapping'
2026-06-10 19:31:24.373 [main] INFO  [] o.s.b.a.e.web.EndpointLinksResolver - Exposing 13 endpoints beneath base path '/actuator'
2026-06-10 19:31:24.399 [main] DEBUG [] o.s.s.web.DefaultSecurityFilterChain - Will secure any request with filters: DisableEncodeUrlFilter, WebAsyncManagerIntegrationFilter, SecurityContextHolderFilter, HeaderWriterFilter, CorsFilter, LogoutFilter, JwtAuthenticationFilter, RequestCacheAwareFilter, SecurityContextHolderAwareRequestFilter, AnonymousAuthenticationFilter, SessionManagementFilter, ExceptionTranslationFilter, AuthorizationFilter
2026-06-10 19:31:24.425 [main] DEBUG [] o.s.w.s.m.m.a.RequestMappingHandlerAdapter - ControllerAdvice beans: 0 @ModelAttribute, 0 @InitBinder, 1 RequestBodyAdvice, 1 ResponseBodyAdvice
2026-06-10 19:31:24.429 [main] DEBUG [] o.s.w.s.m.m.a.ExceptionHandlerExceptionResolver - ControllerAdvice beans: 2 @ExceptionHandler, 1 ResponseBodyAdvice
2026-06-10 19:31:24.462 [main] INFO  [] o.s.b.a.h.H2ConsoleAutoConfiguration - H2 console available at '/h2-console'. Database available at 'jdbc:h2:mem:deliverydb'
2026-06-10 19:31:24.477 [main] DEBUG [] o.s.w.f.ServerHttpObservationFilter - Filter 'webMvcObservationFilter' configured for use
2026-06-10 19:31:24.477 [main] INFO  [] o.s.b.t.m.w.SpringBootMockServletContext - Initializing Spring TestDispatcherServlet ''
2026-06-10 19:31:24.477 [main] INFO  [] o.s.t.w.s.TestDispatcherServlet - Initializing Servlet ''
2026-06-10 19:31:24.478 [main] INFO  [] o.s.t.w.s.TestDispatcherServlet - Completed initialization in 1 ms
2026-06-10 19:31:24.487 [main] INFO  [] c.d.d.c.PedidoControllerTest - Started PedidoControllerTest in 0.657 seconds (process running for 25.955)
2026-06-10 19:31:24.508 [main] DEBUG [] o.s.security.web.FilterChainProxy - Securing DELETE /api/pedidos/999999
2026-06-10 19:31:24.509 [main] WARN  [] c.d.d.s.JwtAuthenticationFilter - JWT Token não começa com Bearer String
2026-06-10 19:31:24.510 [main] DEBUG [] o.s.security.web.FilterChainProxy - Secured DELETE /api/pedidos/999999
2026-06-10 19:31:24.510 [main] DEBUG [a88d65ce2da24b48] o.s.w.s.m.m.a.RequestMappingHandlerMapping - Mapped to com.deliverytech.delivery_api.controller.PedidoController#cancelarPedido(Long)
2026-06-10 19:31:24.511 [main] DEBUG [a88d65ce2da24b48] o.s.w.s.m.m.a.ExceptionHandlerExceptionResolver - Using @ExceptionHandler com.deliverytech.delivery_api.exception.GlobalExceptionHandler#handleEntityNotFound(EntityNotFoundException, HttpServletRequest)
2026-06-10 19:31:24.513 [main] DEBUG [a88d65ce2da24b48] o.s.w.s.m.m.a.HttpEntityMethodProcessor - Using 'application/json', given [*/*] and supported [application/json, application/*+json, application/yaml]
2026-06-10 19:31:24.513 [main] DEBUG [a88d65ce2da24b48] o.s.w.s.m.m.a.HttpEntityMethodProcessor - Writing [com.deliverytech.delivery_api.dto.ErrorResponse@389338be]
2026-06-10 19:31:24.514 [main] DEBUG [a88d65ce2da24b48] o.s.w.s.m.m.a.ExceptionHandlerExceptionResolver - Resolved [com.deliverytech.delivery_api.exception.EntityNotFoundException: Pedido não encontrado]
2026-06-10 19:31:24.518 [main] DEBUG [] o.s.w.c.s.GenericWebApplicationContext - Closing org.springframework.web.context.support.GenericWebApplicationContext@34123e07, started on Wed Jun 10 19:31:23 BRT 2026
2026-06-10 19:31:24.520 [main] INFO  [] o.s.o.j.LocalContainerEntityManagerFactoryBean - Closing JPA EntityManagerFactory for persistence unit 'default'
2026-06-10 19:31:24.522 [main] INFO  [] com.zaxxer.hikari.HikariDataSource - HikariPool-19 - Shutdown initiated...
2026-06-10 19:31:24.534 [main] INFO  [] com.zaxxer.hikari.HikariDataSource - HikariPool-19 - Shutdown completed.
2026-06-10 19:31:24.537 [main] INFO  [] o.s.b.d.r.RestartApplicationListener - Restart disabled due to context in which it is running
2026-06-10 19:31:24.555 [main] INFO  [] c.d.d.c.PedidoControllerTest - Starting PedidoControllerTest using Java 21.0.11 with PID 26828 (started by Santana in C:\Pasta Códiguinhos\arquitetura de sistemas fat\delivery-api\delivery-api)
2026-06-10 19:31:24.555 [main] INFO  [] c.d.d.c.PedidoControllerTest - The following 1 profile is active: "test"
2026-06-10 19:31:24.556 [main] DEBUG [] o.s.w.c.s.GenericWebApplicationContext - Refreshing org.springframework.web.context.support.GenericWebApplicationContext@4cec2472
2026-06-10 19:31:24.760 [main] INFO  [] o.s.d.r.c.RepositoryConfigurationDelegate - Bootstrapping Spring Data JPA repositories in DEFAULT mode.
2026-06-10 19:31:24.777 [main] INFO  [] o.s.d.r.c.RepositoryConfigurationDelegate - Finished Spring Data repository scanning in 16 ms. Found 5 JPA repository interfaces.
2026-06-10 19:31:24.830 [main] INFO  [] o.s.o.j.p.SpringPersistenceUnitInfo - No LoadTimeWeaver setup: ignoring JPA class transformer
2026-06-10 19:31:24.830 [main] INFO  [] com.zaxxer.hikari.HikariDataSource - HikariPool-20 - Starting...
2026-06-10 19:31:24.832 [main] INFO  [] com.zaxxer.hikari.pool.HikariPool - HikariPool-20 - Added connection conn190: url=jdbc:h2:mem:deliverydb user=SA
2026-06-10 19:31:24.833 [main] INFO  [] com.zaxxer.hikari.HikariDataSource - HikariPool-20 - Start completed.
2026-06-10 19:31:24.833 [main] WARN  [] org.hibernate.orm.deprecation - HHH90000025: H2Dialect does not need to be specified explicitly using 'hibernate.dialect' (remove the property setting and it will be selected by default)
2026-06-10 19:31:24.880 [main] INFO  [] o.s.o.j.LocalContainerEntityManagerFactoryBean - Initialized JPA EntityManagerFactory for persistence unit 'default'
2026-06-10 19:31:24.914 [main] INFO  [] o.s.s.c.a.a.c.InitializeAuthenticationProviderBeanManagerConfigurer$InitializeAuthenticationProviderManagerConfigurer - Global AuthenticationManager configured with AuthenticationProvider bean with name authenticationProvider
2026-06-10 19:31:24.914 [main] WARN  [] o.s.s.c.a.a.c.InitializeUserDetailsBeanManagerConfigurer$InitializeUserDetailsManagerConfigurer - Global AuthenticationManager configured with an AuthenticationProvider bean. UserDetailsService beans will not be used by Spring Security for automatically configuring username/password login. Consider removing the AuthenticationProvider bean. Alternatively, consider using the UserDetailsService in a manually instantiated DaoAuthenticationProvider. If the current configuration is intentional, to turn off this warning, increase the logging level of 'org.springframework.security.config.annotation.authentication.configuration.InitializeUserDetailsBeanManagerConfigurer' to ERROR
2026-06-10 19:31:25.029 [main] DEBUG [] o.s.w.s.m.m.a.RequestMappingHandlerMapping - 42 mappings in 'requestMappingHandlerMapping'
2026-06-10 19:31:25.051 [main] DEBUG [] o.s.w.s.h.SimpleUrlHandlerMapping - Patterns [/webjars/**, /**, /swagger-ui*/*swagger-initializer.js, /swagger-ui*/**] in 'resourceHandlerMapping'
2026-06-10 19:31:25.089 [main] INFO  [] o.s.b.a.e.web.EndpointLinksResolver - Exposing 13 endpoints beneath base path '/actuator'
2026-06-10 19:31:25.122 [main] DEBUG [] o.s.s.web.DefaultSecurityFilterChain - Will secure any request with filters: DisableEncodeUrlFilter, WebAsyncManagerIntegrationFilter, SecurityContextHolderFilter, HeaderWriterFilter, CorsFilter, LogoutFilter, JwtAuthenticationFilter, RequestCacheAwareFilter, SecurityContextHolderAwareRequestFilter, AnonymousAuthenticationFilter, SessionManagementFilter, ExceptionTranslationFilter, AuthorizationFilter
2026-06-10 19:31:25.171 [main] DEBUG [] o.s.w.s.m.m.a.RequestMappingHandlerAdapter - ControllerAdvice beans: 0 @ModelAttribute, 0 @InitBinder, 1 RequestBodyAdvice, 1 ResponseBodyAdvice
2026-06-10 19:31:25.176 [main] DEBUG [] o.s.w.s.m.m.a.ExceptionHandlerExceptionResolver - ControllerAdvice beans: 2 @ExceptionHandler, 1 ResponseBodyAdvice
2026-06-10 19:31:25.207 [main] INFO  [] o.s.b.a.h.H2ConsoleAutoConfiguration - H2 console available at '/h2-console'. Database available at 'jdbc:h2:mem:deliverydb'
2026-06-10 19:31:25.223 [main] DEBUG [] o.s.w.f.ServerHttpObservationFilter - Filter 'webMvcObservationFilter' configured for use
2026-06-10 19:31:25.223 [main] INFO  [] o.s.b.t.m.w.SpringBootMockServletContext - Initializing Spring TestDispatcherServlet ''
2026-06-10 19:31:25.223 [main] INFO  [] o.s.t.w.s.TestDispatcherServlet - Initializing Servlet ''
2026-06-10 19:31:25.224 [main] INFO  [] o.s.t.w.s.TestDispatcherServlet - Completed initialization in 1 ms
2026-06-10 19:31:25.230 [main] INFO  [] c.d.d.c.PedidoControllerTest - Started PedidoControllerTest in 0.694 seconds (process running for 26.7)
2026-06-10 19:31:25.257 [main] DEBUG [] o.s.security.web.FilterChainProxy - Securing POST /api/pedidos
2026-06-10 19:31:25.258 [main] WARN  [] c.d.d.s.JwtAuthenticationFilter - JWT Token não começa com Bearer String
2026-06-10 19:31:25.259 [main] DEBUG [] o.s.security.web.FilterChainProxy - Secured POST /api/pedidos
2026-06-10 19:31:25.259 [main] DEBUG [6be78456ac154b35] o.s.w.s.m.m.a.RequestMappingHandlerMapping - Mapped to com.deliverytech.delivery_api.controller.PedidoController#criarPedido(PedidoReqDTO)
2026-06-10 19:31:25.262 [main] DEBUG [6be78456ac154b35] o.s.w.s.m.m.a.RequestResponseBodyMethodProcessor - Read "application/json;charset=UTF-8" to [com.deliverytech.delivery_api.dto.req.PedidoReqDTO@1515db40]
2026-06-10 19:31:25.287 [main] DEBUG [6be78456ac154b35] o.s.w.s.m.m.a.HttpEntityMethodProcessor - Using 'application/json', given [*/*] and supported [application/json, application/*+json, application/yaml]
2026-06-10 19:31:25.288 [main] DEBUG [6be78456ac154b35] o.s.w.s.m.m.a.HttpEntityMethodProcessor - Writing [com.deliverytech.delivery_api.dto.res.PedidoResDTO@4f7dddb]
2026-06-10 19:31:25.295 [main] DEBUG [] o.s.security.web.FilterChainProxy - Securing GET /api/pedidos/4
2026-06-10 19:31:25.297 [main] WARN  [] c.d.d.s.JwtAuthenticationFilter - JWT Token não começa com Bearer String
2026-06-10 19:31:25.299 [main] DEBUG [] o.s.security.web.FilterChainProxy - Secured GET /api/pedidos/4
2026-06-10 19:31:25.300 [main] DEBUG [79998fea794c4b62] o.s.w.s.m.m.a.RequestMappingHandlerMapping - Mapped to com.deliverytech.delivery_api.controller.PedidoController#buscarPorId(Long)
2026-06-10 19:31:25.301 [main] DEBUG [79998fea794c4b62] o.s.w.s.m.m.a.HttpEntityMethodProcessor - Using 'application/json', given [*/*] and supported [application/json, application/*+json, application/yaml]
2026-06-10 19:31:25.302 [main] DEBUG [79998fea794c4b62] o.s.w.s.m.m.a.HttpEntityMethodProcessor - Writing [com.deliverytech.delivery_api.dto.res.PedidoResDTO@393be2c1]
2026-06-10 19:31:25.308 [main] DEBUG [] o.s.w.c.s.GenericWebApplicationContext - Closing org.springframework.web.context.support.GenericWebApplicationContext@4cec2472, started on Wed Jun 10 19:31:24 BRT 2026
2026-06-10 19:31:25.310 [main] INFO  [] o.s.o.j.LocalContainerEntityManagerFactoryBean - Closing JPA EntityManagerFactory for persistence unit 'default'
2026-06-10 19:31:25.312 [main] INFO  [] com.zaxxer.hikari.HikariDataSource - HikariPool-20 - Shutdown initiated...
2026-06-10 19:31:25.312 [main] INFO  [] com.zaxxer.hikari.HikariDataSource - HikariPool-20 - Shutdown completed.
2026-06-10 19:31:25.314 [main] INFO  [] o.s.b.d.r.RestartApplicationListener - Restart disabled due to context in which it is running
2026-06-10 19:31:25.335 [main] INFO  [] c.d.d.c.PedidoControllerTest - Starting PedidoControllerTest using Java 21.0.11 with PID 26828 (started by Santana in C:\Pasta Códiguinhos\arquitetura de sistemas fat\delivery-api\delivery-api)
2026-06-10 19:31:25.335 [main] INFO  [] c.d.d.c.PedidoControllerTest - The following 1 profile is active: "test"
2026-06-10 19:31:25.336 [main] DEBUG [] o.s.w.c.s.GenericWebApplicationContext - Refreshing org.springframework.web.context.support.GenericWebApplicationContext@2f0f3255
2026-06-10 19:31:25.541 [main] INFO  [] o.s.d.r.c.RepositoryConfigurationDelegate - Bootstrapping Spring Data JPA repositories in DEFAULT mode.
2026-06-10 19:31:25.554 [main] INFO  [] o.s.d.r.c.RepositoryConfigurationDelegate - Finished Spring Data repository scanning in 12 ms. Found 5 JPA repository interfaces.
2026-06-10 19:31:25.602 [main] INFO  [] o.s.o.j.p.SpringPersistenceUnitInfo - No LoadTimeWeaver setup: ignoring JPA class transformer
2026-06-10 19:31:25.602 [main] INFO  [] com.zaxxer.hikari.HikariDataSource - HikariPool-21 - Starting...
2026-06-10 19:31:25.603 [main] INFO  [] com.zaxxer.hikari.pool.HikariPool - HikariPool-21 - Added connection conn200: url=jdbc:h2:mem:deliverydb user=SA
2026-06-10 19:31:25.603 [main] INFO  [] com.zaxxer.hikari.HikariDataSource - HikariPool-21 - Start completed.
2026-06-10 19:31:25.603 [main] WARN  [] org.hibernate.orm.deprecation - HHH90000025: H2Dialect does not need to be specified explicitly using 'hibernate.dialect' (remove the property setting and it will be selected by default)
2026-06-10 19:31:25.639 [main] INFO  [] o.s.o.j.LocalContainerEntityManagerFactoryBean - Initialized JPA EntityManagerFactory for persistence unit 'default'
2026-06-10 19:31:25.655 [main] INFO  [] o.s.s.c.a.a.c.InitializeAuthenticationProviderBeanManagerConfigurer$InitializeAuthenticationProviderManagerConfigurer - Global AuthenticationManager configured with AuthenticationProvider bean with name authenticationProvider
2026-06-10 19:31:25.655 [main] WARN  [] o.s.s.c.a.a.c.InitializeUserDetailsBeanManagerConfigurer$InitializeUserDetailsManagerConfigurer - Global AuthenticationManager configured with an AuthenticationProvider bean. UserDetailsService beans will not be used by Spring Security for automatically configuring username/password login. Consider removing the AuthenticationProvider bean. Alternatively, consider using the UserDetailsService in a manually instantiated DaoAuthenticationProvider. If the current configuration is intentional, to turn off this warning, increase the logging level of 'org.springframework.security.config.annotation.authentication.configuration.InitializeUserDetailsBeanManagerConfigurer' to ERROR
2026-06-10 19:31:25.742 [main] DEBUG [] o.s.w.s.m.m.a.RequestMappingHandlerMapping - 42 mappings in 'requestMappingHandlerMapping'
2026-06-10 19:31:25.773 [main] DEBUG [] o.s.w.s.h.SimpleUrlHandlerMapping - Patterns [/webjars/**, /**, /swagger-ui*/*swagger-initializer.js, /swagger-ui*/**] in 'resourceHandlerMapping'
2026-06-10 19:31:25.821 [main] INFO  [] o.s.b.a.e.web.EndpointLinksResolver - Exposing 13 endpoints beneath base path '/actuator'
2026-06-10 19:31:25.869 [main] DEBUG [] o.s.s.web.DefaultSecurityFilterChain - Will secure any request with filters: DisableEncodeUrlFilter, WebAsyncManagerIntegrationFilter, SecurityContextHolderFilter, HeaderWriterFilter, CorsFilter, LogoutFilter, JwtAuthenticationFilter, RequestCacheAwareFilter, SecurityContextHolderAwareRequestFilter, AnonymousAuthenticationFilter, SessionManagementFilter, ExceptionTranslationFilter, AuthorizationFilter
2026-06-10 19:31:25.903 [main] DEBUG [] o.s.w.s.m.m.a.RequestMappingHandlerAdapter - ControllerAdvice beans: 0 @ModelAttribute, 0 @InitBinder, 1 RequestBodyAdvice, 1 ResponseBodyAdvice
2026-06-10 19:31:25.910 [main] DEBUG [] o.s.w.s.m.m.a.ExceptionHandlerExceptionResolver - ControllerAdvice beans: 2 @ExceptionHandler, 1 ResponseBodyAdvice
2026-06-10 19:31:25.955 [main] INFO  [] o.s.b.a.h.H2ConsoleAutoConfiguration - H2 console available at '/h2-console'. Database available at 'jdbc:h2:mem:deliverydb'
2026-06-10 19:31:25.972 [main] DEBUG [] o.s.w.f.ServerHttpObservationFilter - Filter 'webMvcObservationFilter' configured for use
2026-06-10 19:31:25.972 [main] INFO  [] o.s.b.t.m.w.SpringBootMockServletContext - Initializing Spring TestDispatcherServlet ''
2026-06-10 19:31:25.972 [main] INFO  [] o.s.t.w.s.TestDispatcherServlet - Initializing Servlet ''
2026-06-10 19:31:25.972 [main] INFO  [] o.s.t.w.s.TestDispatcherServlet - Completed initialization in 0 ms
2026-06-10 19:31:25.981 [main] INFO  [] c.d.d.c.PedidoControllerTest - Started PedidoControllerTest in 0.667 seconds (process running for 27.451)
2026-06-10 19:31:26.007 [main] DEBUG [] o.s.security.web.FilterChainProxy - Securing GET /api/pedidos/cliente/4
2026-06-10 19:31:26.008 [main] WARN  [] c.d.d.s.JwtAuthenticationFilter - JWT Token não começa com Bearer String
2026-06-10 19:31:26.009 [main] DEBUG [] o.s.security.web.FilterChainProxy - Secured GET /api/pedidos/cliente/4
2026-06-10 19:31:26.009 [main] DEBUG [339e86e4c6af4a3f] o.s.w.s.m.m.a.RequestMappingHandlerMapping - Mapped to com.deliverytech.delivery_api.controller.PedidoController#buscarPorCliente(Long)
2026-06-10 19:31:26.019 [main] DEBUG [339e86e4c6af4a3f] o.s.w.s.m.m.a.HttpEntityMethodProcessor - Using 'application/json', given [*/*] and supported [application/json, application/*+json, application/yaml]
2026-06-10 19:31:26.019 [main] DEBUG [339e86e4c6af4a3f] o.s.w.s.m.m.a.HttpEntityMethodProcessor - Writing [[]]
2026-06-10 19:31:26.025 [main] DEBUG [] o.s.w.c.s.GenericWebApplicationContext - Closing org.springframework.web.context.support.GenericWebApplicationContext@2f0f3255, started on Wed Jun 10 19:31:25 BRT 2026
2026-06-10 19:31:26.027 [main] INFO  [] o.s.o.j.LocalContainerEntityManagerFactoryBean - Closing JPA EntityManagerFactory for persistence unit 'default'
2026-06-10 19:31:26.028 [main] INFO  [] com.zaxxer.hikari.HikariDataSource - HikariPool-21 - Shutdown initiated...
2026-06-10 19:31:26.029 [main] INFO  [] com.zaxxer.hikari.HikariDataSource - HikariPool-21 - Shutdown completed.
2026-06-10 19:31:26.031 [main] INFO  [] o.s.b.d.r.RestartApplicationListener - Restart disabled due to context in which it is running
2026-06-10 19:31:26.056 [main] INFO  [] c.d.d.c.PedidoControllerTest - Starting PedidoControllerTest using Java 21.0.11 with PID 26828 (started by Santana in C:\Pasta Códiguinhos\arquitetura de sistemas fat\delivery-api\delivery-api)
2026-06-10 19:31:26.057 [main] INFO  [] c.d.d.c.PedidoControllerTest - The following 1 profile is active: "test"
2026-06-10 19:31:26.058 [main] DEBUG [] o.s.w.c.s.GenericWebApplicationContext - Refreshing org.springframework.web.context.support.GenericWebApplicationContext@6a2c67b6
2026-06-10 19:31:26.226 [main] INFO  [] o.s.d.r.c.RepositoryConfigurationDelegate - Bootstrapping Spring Data JPA repositories in DEFAULT mode.
2026-06-10 19:31:26.242 [main] INFO  [] o.s.d.r.c.RepositoryConfigurationDelegate - Finished Spring Data repository scanning in 13 ms. Found 5 JPA repository interfaces.
2026-06-10 19:31:26.299 [main] INFO  [] o.s.o.j.p.SpringPersistenceUnitInfo - No LoadTimeWeaver setup: ignoring JPA class transformer
2026-06-10 19:31:26.299 [main] INFO  [] com.zaxxer.hikari.HikariDataSource - HikariPool-22 - Starting...
2026-06-10 19:31:26.300 [main] INFO  [] com.zaxxer.hikari.pool.HikariPool - HikariPool-22 - Added connection conn210: url=jdbc:h2:mem:deliverydb user=SA
2026-06-10 19:31:26.301 [main] INFO  [] com.zaxxer.hikari.HikariDataSource - HikariPool-22 - Start completed.
2026-06-10 19:31:26.301 [main] WARN  [] org.hibernate.orm.deprecation - HHH90000025: H2Dialect does not need to be specified explicitly using 'hibernate.dialect' (remove the property setting and it will be selected by default)
2026-06-10 19:31:26.346 [main] INFO  [] o.s.o.j.LocalContainerEntityManagerFactoryBean - Initialized JPA EntityManagerFactory for persistence unit 'default'
2026-06-10 19:31:26.377 [main] INFO  [] o.s.s.c.a.a.c.InitializeAuthenticationProviderBeanManagerConfigurer$InitializeAuthenticationProviderManagerConfigurer - Global AuthenticationManager configured with AuthenticationProvider bean with name authenticationProvider
2026-06-10 19:31:26.377 [main] WARN  [] o.s.s.c.a.a.c.InitializeUserDetailsBeanManagerConfigurer$InitializeUserDetailsManagerConfigurer - Global AuthenticationManager configured with an AuthenticationProvider bean. UserDetailsService beans will not be used by Spring Security for automatically configuring username/password login. Consider removing the AuthenticationProvider bean. Alternatively, consider using the UserDetailsService in a manually instantiated DaoAuthenticationProvider. If the current configuration is intentional, to turn off this warning, increase the logging level of 'org.springframework.security.config.annotation.authentication.configuration.InitializeUserDetailsBeanManagerConfigurer' to ERROR
2026-06-10 19:31:26.465 [main] DEBUG [] o.s.w.s.m.m.a.RequestMappingHandlerMapping - 42 mappings in 'requestMappingHandlerMapping'
2026-06-10 19:31:26.487 [main] DEBUG [] o.s.w.s.h.SimpleUrlHandlerMapping - Patterns [/webjars/**, /**, /swagger-ui*/*swagger-initializer.js, /swagger-ui*/**] in 'resourceHandlerMapping'
2026-06-10 19:31:26.518 [main] INFO  [] o.s.b.a.e.web.EndpointLinksResolver - Exposing 13 endpoints beneath base path '/actuator'
2026-06-10 19:31:26.550 [main] DEBUG [] o.s.s.web.DefaultSecurityFilterChain - Will secure any request with filters: DisableEncodeUrlFilter, WebAsyncManagerIntegrationFilter, SecurityContextHolderFilter, HeaderWriterFilter, CorsFilter, LogoutFilter, JwtAuthenticationFilter, RequestCacheAwareFilter, SecurityContextHolderAwareRequestFilter, AnonymousAuthenticationFilter, SessionManagementFilter, ExceptionTranslationFilter, AuthorizationFilter
2026-06-10 19:31:26.581 [main] DEBUG [] o.s.w.s.m.m.a.RequestMappingHandlerAdapter - ControllerAdvice beans: 0 @ModelAttribute, 0 @InitBinder, 1 RequestBodyAdvice, 1 ResponseBodyAdvice
2026-06-10 19:31:26.587 [main] DEBUG [] o.s.w.s.m.m.a.ExceptionHandlerExceptionResolver - ControllerAdvice beans: 2 @ExceptionHandler, 1 ResponseBodyAdvice
2026-06-10 19:31:26.628 [main] INFO  [] o.s.b.a.h.H2ConsoleAutoConfiguration - H2 console available at '/h2-console'. Database available at 'jdbc:h2:mem:deliverydb'
2026-06-10 19:31:26.640 [main] DEBUG [] o.s.w.f.ServerHttpObservationFilter - Filter 'webMvcObservationFilter' configured for use
2026-06-10 19:31:26.640 [main] INFO  [] o.s.b.t.m.w.SpringBootMockServletContext - Initializing Spring TestDispatcherServlet ''
2026-06-10 19:31:26.640 [main] INFO  [] o.s.t.w.s.TestDispatcherServlet - Initializing Servlet ''
2026-06-10 19:31:26.641 [main] INFO  [] o.s.t.w.s.TestDispatcherServlet - Completed initialization in 1 ms
2026-06-10 19:31:26.648 [main] INFO  [] c.d.d.c.PedidoControllerTest - Started PedidoControllerTest in 0.617 seconds (process running for 28.117)
2026-06-10 19:31:26.670 [main] DEBUG [] o.s.security.web.FilterChainProxy - Securing POST /api/pedidos
2026-06-10 19:31:26.670 [main] WARN  [] c.d.d.s.JwtAuthenticationFilter - JWT Token não começa com Bearer String
2026-06-10 19:31:26.672 [main] DEBUG [] o.s.security.web.FilterChainProxy - Secured POST /api/pedidos
2026-06-10 19:31:26.672 [main] DEBUG [9baec85dbae746c7] o.s.w.s.m.m.a.RequestMappingHandlerMapping - Mapped to com.deliverytech.delivery_api.controller.PedidoController#criarPedido(PedidoReqDTO)
2026-06-10 19:31:26.674 [main] DEBUG [9baec85dbae746c7] o.s.w.s.m.m.a.RequestResponseBodyMethodProcessor - Read "application/json;charset=UTF-8" to [com.deliverytech.delivery_api.dto.req.PedidoReqDTO@12b9644d]
2026-06-10 19:31:26.683 [main] DEBUG [9baec85dbae746c7] o.s.w.s.m.m.a.ExceptionHandlerExceptionResolver - Using @ExceptionHandler com.deliverytech.delivery_api.exception.GlobalExceptionHandler#handleBusinessException(BusinessException, HttpServletRequest)
2026-06-10 19:31:26.685 [main] DEBUG [9baec85dbae746c7] o.s.w.s.m.m.a.HttpEntityMethodProcessor - Using 'application/json', given [*/*] and supported [application/json, application/*+json, application/yaml]
2026-06-10 19:31:26.686 [main] DEBUG [9baec85dbae746c7] o.s.w.s.m.m.a.HttpEntityMethodProcessor - Writing [com.deliverytech.delivery_api.dto.ErrorResponse@63d4e6bd]
2026-06-10 19:31:26.686 [main] DEBUG [9baec85dbae746c7] o.s.w.s.m.m.a.ExceptionHandlerExceptionResolver - Resolved [com.deliverytech.delivery_api.exception.BusinessException: Produto não pertence ao restaurante selecionado]
2026-06-10 19:31:26.692 [main] DEBUG [] o.s.w.c.s.GenericWebApplicationContext - Closing org.springframework.web.context.support.GenericWebApplicationContext@6a2c67b6, started on Wed Jun 10 19:31:26 BRT 2026
2026-06-10 19:31:26.694 [main] INFO  [] o.s.o.j.LocalContainerEntityManagerFactoryBean - Closing JPA EntityManagerFactory for persistence unit 'default'
2026-06-10 19:31:26.695 [main] INFO  [] com.zaxxer.hikari.HikariDataSource - HikariPool-22 - Shutdown initiated...
2026-06-10 19:31:26.696 [main] INFO  [] com.zaxxer.hikari.HikariDataSource - HikariPool-22 - Shutdown completed.
2026-06-10 19:31:26.698 [main] INFO  [] o.s.b.d.r.RestartApplicationListener - Restart disabled due to context in which it is running
2026-06-10 19:31:26.715 [main] INFO  [] c.d.d.c.PedidoControllerTest - Starting PedidoControllerTest using Java 21.0.11 with PID 26828 (started by Santana in C:\Pasta Códiguinhos\arquitetura de sistemas fat\delivery-api\delivery-api)
2026-06-10 19:31:26.715 [main] INFO  [] c.d.d.c.PedidoControllerTest - The following 1 profile is active: "test"
2026-06-10 19:31:26.716 [main] DEBUG [] o.s.w.c.s.GenericWebApplicationContext - Refreshing org.springframework.web.context.support.GenericWebApplicationContext@9293ae1
2026-06-10 19:31:26.937 [main] INFO  [] o.s.d.r.c.RepositoryConfigurationDelegate - Bootstrapping Spring Data JPA repositories in DEFAULT mode.
2026-06-10 19:31:26.953 [main] INFO  [] o.s.d.r.c.RepositoryConfigurationDelegate - Finished Spring Data repository scanning in 15 ms. Found 5 JPA repository interfaces.
2026-06-10 19:31:26.998 [main] INFO  [] o.s.o.j.p.SpringPersistenceUnitInfo - No LoadTimeWeaver setup: ignoring JPA class transformer
2026-06-10 19:31:26.999 [main] INFO  [] com.zaxxer.hikari.HikariDataSource - HikariPool-23 - Starting...
2026-06-10 19:31:27.000 [main] INFO  [] com.zaxxer.hikari.pool.HikariPool - HikariPool-23 - Added connection conn220: url=jdbc:h2:mem:deliverydb user=SA
2026-06-10 19:31:27.001 [main] INFO  [] com.zaxxer.hikari.HikariDataSource - HikariPool-23 - Start completed.
2026-06-10 19:31:27.001 [main] WARN  [] org.hibernate.orm.deprecation - HHH90000025: H2Dialect does not need to be specified explicitly using 'hibernate.dialect' (remove the property setting and it will be selected by default)
2026-06-10 19:31:27.045 [main] INFO  [] o.s.o.j.LocalContainerEntityManagerFactoryBean - Initialized JPA EntityManagerFactory for persistence unit 'default'
2026-06-10 19:31:27.069 [main] INFO  [] o.s.s.c.a.a.c.InitializeAuthenticationProviderBeanManagerConfigurer$InitializeAuthenticationProviderManagerConfigurer - Global AuthenticationManager configured with AuthenticationProvider bean with name authenticationProvider
2026-06-10 19:31:27.069 [main] WARN  [] o.s.s.c.a.a.c.InitializeUserDetailsBeanManagerConfigurer$InitializeUserDetailsManagerConfigurer - Global AuthenticationManager configured with an AuthenticationProvider bean. UserDetailsService beans will not be used by Spring Security for automatically configuring username/password login. Consider removing the AuthenticationProvider bean. Alternatively, consider using the UserDetailsService in a manually instantiated DaoAuthenticationProvider. If the current configuration is intentional, to turn off this warning, increase the logging level of 'org.springframework.security.config.annotation.authentication.configuration.InitializeUserDetailsBeanManagerConfigurer' to ERROR
2026-06-10 19:31:27.167 [main] DEBUG [] o.s.w.s.m.m.a.RequestMappingHandlerMapping - 42 mappings in 'requestMappingHandlerMapping'
2026-06-10 19:31:27.194 [main] DEBUG [] o.s.w.s.h.SimpleUrlHandlerMapping - Patterns [/webjars/**, /**, /swagger-ui*/*swagger-initializer.js, /swagger-ui*/**] in 'resourceHandlerMapping'
2026-06-10 19:31:27.227 [main] INFO  [] o.s.b.a.e.web.EndpointLinksResolver - Exposing 13 endpoints beneath base path '/actuator'
2026-06-10 19:31:27.254 [main] DEBUG [] o.s.s.web.DefaultSecurityFilterChain - Will secure any request with filters: DisableEncodeUrlFilter, WebAsyncManagerIntegrationFilter, SecurityContextHolderFilter, HeaderWriterFilter, CorsFilter, LogoutFilter, JwtAuthenticationFilter, RequestCacheAwareFilter, SecurityContextHolderAwareRequestFilter, AnonymousAuthenticationFilter, SessionManagementFilter, ExceptionTranslationFilter, AuthorizationFilter
2026-06-10 19:31:27.275 [main] DEBUG [] o.s.w.s.m.m.a.RequestMappingHandlerAdapter - ControllerAdvice beans: 0 @ModelAttribute, 0 @InitBinder, 1 RequestBodyAdvice, 1 ResponseBodyAdvice
2026-06-10 19:31:27.280 [main] DEBUG [] o.s.w.s.m.m.a.ExceptionHandlerExceptionResolver - ControllerAdvice beans: 2 @ExceptionHandler, 1 ResponseBodyAdvice
2026-06-10 19:31:27.320 [main] INFO  [] o.s.b.a.h.H2ConsoleAutoConfiguration - H2 console available at '/h2-console'. Database available at 'jdbc:h2:mem:deliverydb'
2026-06-10 19:31:27.332 [main] DEBUG [] o.s.w.f.ServerHttpObservationFilter - Filter 'webMvcObservationFilter' configured for use
2026-06-10 19:31:27.332 [main] INFO  [] o.s.b.t.m.w.SpringBootMockServletContext - Initializing Spring TestDispatcherServlet ''
2026-06-10 19:31:27.332 [main] INFO  [] o.s.t.w.s.TestDispatcherServlet - Initializing Servlet ''
2026-06-10 19:31:27.333 [main] INFO  [] o.s.t.w.s.TestDispatcherServlet - Completed initialization in 1 ms
2026-06-10 19:31:27.342 [main] INFO  [] c.d.d.c.PedidoControllerTest - Started PedidoControllerTest in 0.644 seconds (process running for 28.812)
2026-06-10 19:31:27.372 [main] DEBUG [] o.s.security.web.FilterChainProxy - Securing POST /api/pedidos
2026-06-10 19:31:27.372 [main] WARN  [] c.d.d.s.JwtAuthenticationFilter - JWT Token não começa com Bearer String
2026-06-10 19:31:27.372 [main] DEBUG [] o.s.security.web.FilterChainProxy - Secured POST /api/pedidos
2026-06-10 19:31:27.374 [main] DEBUG [a737ca8f42304805] o.s.w.s.m.m.a.RequestMappingHandlerMapping - Mapped to com.deliverytech.delivery_api.controller.PedidoController#criarPedido(PedidoReqDTO)
2026-06-10 19:31:27.376 [main] DEBUG [a737ca8f42304805] o.s.w.s.m.m.a.RequestResponseBodyMethodProcessor - Read "application/json;charset=UTF-8" to [com.deliverytech.delivery_api.dto.req.PedidoReqDTO@280223fa]
2026-06-10 19:31:27.387 [main] DEBUG [a737ca8f42304805] o.s.w.s.m.m.a.HttpEntityMethodProcessor - Using 'application/json', given [*/*] and supported [application/json, application/*+json, application/yaml]
2026-06-10 19:31:27.387 [main] DEBUG [a737ca8f42304805] o.s.w.s.m.m.a.HttpEntityMethodProcessor - Writing [com.deliverytech.delivery_api.dto.res.PedidoResDTO@4ffafd49]
2026-06-10 19:31:27.392 [main] DEBUG [] o.s.security.web.FilterChainProxy - Securing PATCH /api/pedidos/4/status
2026-06-10 19:31:27.392 [main] WARN  [] c.d.d.s.JwtAuthenticationFilter - JWT Token não começa com Bearer String
2026-06-10 19:31:27.392 [main] DEBUG [] o.s.security.web.FilterChainProxy - Secured PATCH /api/pedidos/4/status
2026-06-10 19:31:27.394 [main] DEBUG [ed536e367f074cdd] o.s.w.s.m.m.a.RequestMappingHandlerMapping - Mapped to com.deliverytech.delivery_api.controller.PedidoController#atualizarStatus(Long, StatusPedidoDTO)
2026-06-10 19:31:27.397 [main] DEBUG [ed536e367f074cdd] o.s.w.s.m.m.a.RequestResponseBodyMethodProcessor - Read "application/json;charset=UTF-8" to [com.deliverytech.delivery_api.dto.StatusPedidoDTO@46c63c8a]
2026-06-10 19:31:27.400 [main] DEBUG [ed536e367f074cdd] o.s.w.s.m.m.a.HttpEntityMethodProcessor - Using 'application/json', given [*/*] and supported [application/json, application/*+json, application/yaml]
2026-06-10 19:31:27.400 [main] DEBUG [ed536e367f074cdd] o.s.w.s.m.m.a.HttpEntityMethodProcessor - Writing [com.deliverytech.delivery_api.dto.res.PedidoResDTO@7964a5f5]
2026-06-10 19:31:27.405 [main] DEBUG [] o.s.w.c.s.GenericWebApplicationContext - Closing org.springframework.web.context.support.GenericWebApplicationContext@9293ae1, started on Wed Jun 10 19:31:26 BRT 2026
2026-06-10 19:31:27.407 [main] INFO  [] o.s.o.j.LocalContainerEntityManagerFactoryBean - Closing JPA EntityManagerFactory for persistence unit 'default'
2026-06-10 19:31:27.408 [main] INFO  [] com.zaxxer.hikari.HikariDataSource - HikariPool-23 - Shutdown initiated...
2026-06-10 19:31:27.408 [main] INFO  [] com.zaxxer.hikari.HikariDataSource - HikariPool-23 - Shutdown completed.
2026-06-10 19:31:27.410 [main] INFO  [] o.s.b.d.r.RestartApplicationListener - Restart disabled due to context in which it is running
2026-06-10 19:31:27.429 [main] INFO  [] c.d.d.c.PedidoControllerTest - Starting PedidoControllerTest using Java 21.0.11 with PID 26828 (started by Santana in C:\Pasta Códiguinhos\arquitetura de sistemas fat\delivery-api\delivery-api)
2026-06-10 19:31:27.430 [main] INFO  [] c.d.d.c.PedidoControllerTest - The following 1 profile is active: "test"
2026-06-10 19:31:27.431 [main] DEBUG [] o.s.w.c.s.GenericWebApplicationContext - Refreshing org.springframework.web.context.support.GenericWebApplicationContext@53f4f336
2026-06-10 19:31:27.597 [main] INFO  [] o.s.d.r.c.RepositoryConfigurationDelegate - Bootstrapping Spring Data JPA repositories in DEFAULT mode.
2026-06-10 19:31:27.614 [main] INFO  [] o.s.d.r.c.RepositoryConfigurationDelegate - Finished Spring Data repository scanning in 15 ms. Found 5 JPA repository interfaces.
2026-06-10 19:31:27.676 [main] INFO  [] o.s.o.j.p.SpringPersistenceUnitInfo - No LoadTimeWeaver setup: ignoring JPA class transformer
2026-06-10 19:31:27.677 [main] INFO  [] com.zaxxer.hikari.HikariDataSource - HikariPool-24 - Starting...
2026-06-10 19:31:27.678 [main] INFO  [] com.zaxxer.hikari.pool.HikariPool - HikariPool-24 - Added connection conn230: url=jdbc:h2:mem:deliverydb user=SA
2026-06-10 19:31:27.678 [main] INFO  [] com.zaxxer.hikari.HikariDataSource - HikariPool-24 - Start completed.
2026-06-10 19:31:27.679 [main] WARN  [] org.hibernate.orm.deprecation - HHH90000025: H2Dialect does not need to be specified explicitly using 'hibernate.dialect' (remove the property setting and it will be selected by default)
2026-06-10 19:31:27.716 [main] INFO  [] o.s.o.j.LocalContainerEntityManagerFactoryBean - Initialized JPA EntityManagerFactory for persistence unit 'default'
2026-06-10 19:31:27.741 [main] INFO  [] o.s.s.c.a.a.c.InitializeAuthenticationProviderBeanManagerConfigurer$InitializeAuthenticationProviderManagerConfigurer - Global AuthenticationManager configured with AuthenticationProvider bean with name authenticationProvider
2026-06-10 19:31:27.741 [main] WARN  [] o.s.s.c.a.a.c.InitializeUserDetailsBeanManagerConfigurer$InitializeUserDetailsManagerConfigurer - Global AuthenticationManager configured with an AuthenticationProvider bean. UserDetailsService beans will not be used by Spring Security for automatically configuring username/password login. Consider removing the AuthenticationProvider bean. Alternatively, consider using the UserDetailsService in a manually instantiated DaoAuthenticationProvider. If the current configuration is intentional, to turn off this warning, increase the logging level of 'org.springframework.security.config.annotation.authentication.configuration.InitializeUserDetailsBeanManagerConfigurer' to ERROR
2026-06-10 19:31:27.860 [main] DEBUG [] o.s.w.s.m.m.a.RequestMappingHandlerMapping - 42 mappings in 'requestMappingHandlerMapping'
2026-06-10 19:31:27.900 [main] DEBUG [] o.s.w.s.h.SimpleUrlHandlerMapping - Patterns [/webjars/**, /**, /swagger-ui*/*swagger-initializer.js, /swagger-ui*/**] in 'resourceHandlerMapping'
2026-06-10 19:31:27.962 [main] INFO  [] o.s.b.a.e.web.EndpointLinksResolver - Exposing 13 endpoints beneath base path '/actuator'
2026-06-10 19:31:28.027 [main] DEBUG [] o.s.s.web.DefaultSecurityFilterChain - Will secure any request with filters: DisableEncodeUrlFilter, WebAsyncManagerIntegrationFilter, SecurityContextHolderFilter, HeaderWriterFilter, CorsFilter, LogoutFilter, JwtAuthenticationFilter, RequestCacheAwareFilter, SecurityContextHolderAwareRequestFilter, AnonymousAuthenticationFilter, SessionManagementFilter, ExceptionTranslationFilter, AuthorizationFilter
2026-06-10 19:31:28.062 [main] DEBUG [] o.s.w.s.m.m.a.RequestMappingHandlerAdapter - ControllerAdvice beans: 0 @ModelAttribute, 0 @InitBinder, 1 RequestBodyAdvice, 1 ResponseBodyAdvice
2026-06-10 19:31:28.068 [main] DEBUG [] o.s.w.s.m.m.a.ExceptionHandlerExceptionResolver - ControllerAdvice beans: 2 @ExceptionHandler, 1 ResponseBodyAdvice
2026-06-10 19:31:28.104 [main] INFO  [] o.s.b.a.h.H2ConsoleAutoConfiguration - H2 console available at '/h2-console'. Database available at 'jdbc:h2:mem:deliverydb'
2026-06-10 19:31:28.122 [main] DEBUG [] o.s.w.f.ServerHttpObservationFilter - Filter 'webMvcObservationFilter' configured for use
2026-06-10 19:31:28.122 [main] INFO  [] o.s.b.t.m.w.SpringBootMockServletContext - Initializing Spring TestDispatcherServlet ''
2026-06-10 19:31:28.122 [main] INFO  [] o.s.t.w.s.TestDispatcherServlet - Initializing Servlet ''
2026-06-10 19:31:28.125 [main] INFO  [] o.s.t.w.s.TestDispatcherServlet - Completed initialization in 2 ms
2026-06-10 19:31:28.139 [main] INFO  [] c.d.d.c.PedidoControllerTest - Started PedidoControllerTest in 0.729 seconds (process running for 29.609)
2026-06-10 19:31:28.179 [main] DEBUG [] o.s.security.web.FilterChainProxy - Securing POST /api/pedidos
2026-06-10 19:31:28.180 [main] WARN  [] c.d.d.s.JwtAuthenticationFilter - JWT Token não começa com Bearer String
2026-06-10 19:31:28.181 [main] DEBUG [] o.s.security.web.FilterChainProxy - Secured POST /api/pedidos
2026-06-10 19:31:28.181 [main] DEBUG [28a1bcca799748c5] o.s.w.s.m.m.a.RequestMappingHandlerMapping - Mapped to com.deliverytech.delivery_api.controller.PedidoController#criarPedido(PedidoReqDTO)
2026-06-10 19:31:28.183 [main] DEBUG [28a1bcca799748c5] o.s.w.s.m.m.a.RequestResponseBodyMethodProcessor - Read "application/json;charset=UTF-8" to [com.deliverytech.delivery_api.dto.req.PedidoReqDTO@20c645bd]
2026-06-10 19:31:28.199 [main] DEBUG [28a1bcca799748c5] o.s.w.s.m.m.a.HttpEntityMethodProcessor - Using 'application/json', given [*/*] and supported [application/json, application/*+json, application/yaml]
2026-06-10 19:31:28.199 [main] DEBUG [28a1bcca799748c5] o.s.w.s.m.m.a.HttpEntityMethodProcessor - Writing [com.deliverytech.delivery_api.dto.res.PedidoResDTO@139b3754]
2026-06-10 19:31:28.203 [main] DEBUG [] o.s.security.web.FilterChainProxy - Securing PATCH /api/pedidos/4/status
2026-06-10 19:31:28.204 [main] WARN  [] c.d.d.s.JwtAuthenticationFilter - JWT Token não começa com Bearer String
2026-06-10 19:31:28.205 [main] DEBUG [] o.s.security.web.FilterChainProxy - Secured PATCH /api/pedidos/4/status
2026-06-10 19:31:28.205 [main] DEBUG [16bb94c262824498] o.s.w.s.m.m.a.RequestMappingHandlerMapping - Mapped to com.deliverytech.delivery_api.controller.PedidoController#atualizarStatus(Long, StatusPedidoDTO)
2026-06-10 19:31:28.206 [main] DEBUG [16bb94c262824498] o.s.w.s.m.m.a.RequestResponseBodyMethodProcessor - Read "application/json;charset=UTF-8" to [com.deliverytech.delivery_api.dto.StatusPedidoDTO@4bee1dee]
2026-06-10 19:31:28.209 [main] DEBUG [16bb94c262824498] o.s.w.s.m.m.a.ExceptionHandlerExceptionResolver - Using @ExceptionHandler com.deliverytech.delivery_api.exception.GlobalExceptionHandler#handleBusinessException(BusinessException, HttpServletRequest)
2026-06-10 19:31:28.211 [main] DEBUG [16bb94c262824498] o.s.w.s.m.m.a.HttpEntityMethodProcessor - Using 'application/json', given [*/*] and supported [application/json, application/*+json, application/yaml]
2026-06-10 19:31:28.211 [main] DEBUG [16bb94c262824498] o.s.w.s.m.m.a.HttpEntityMethodProcessor - Writing [com.deliverytech.delivery_api.dto.ErrorResponse@4a2abdaa]
2026-06-10 19:31:28.212 [main] DEBUG [16bb94c262824498] o.s.w.s.m.m.a.ExceptionHandlerExceptionResolver - Resolved [com.deliverytech.delivery_api.exception.BusinessException: Transição de status inválida: PENDENTE -> ENTREGUE]
2026-06-10 19:31:28.217 [main] DEBUG [] o.s.w.c.s.GenericWebApplicationContext - Closing org.springframework.web.context.support.GenericWebApplicationContext@53f4f336, started on Wed Jun 10 19:31:27 BRT 2026
2026-06-10 19:31:28.219 [main] INFO  [] o.s.o.j.LocalContainerEntityManagerFactoryBean - Closing JPA EntityManagerFactory for persistence unit 'default'
2026-06-10 19:31:28.220 [main] INFO  [] com.zaxxer.hikari.HikariDataSource - HikariPool-24 - Shutdown initiated...
2026-06-10 19:31:28.222 [main] INFO  [] com.zaxxer.hikari.HikariDataSource - HikariPool-24 - Shutdown completed.
2026-06-10 19:31:28.223 [main] INFO  [] o.s.b.d.r.RestartApplicationListener - Restart disabled due to context in which it is running
2026-06-10 19:31:28.242 [main] INFO  [] c.d.d.c.PedidoControllerTest - Starting PedidoControllerTest using Java 21.0.11 with PID 26828 (started by Santana in C:\Pasta Códiguinhos\arquitetura de sistemas fat\delivery-api\delivery-api)
2026-06-10 19:31:28.242 [main] INFO  [] c.d.d.c.PedidoControllerTest - The following 1 profile is active: "test"
2026-06-10 19:31:28.243 [main] DEBUG [] o.s.w.c.s.GenericWebApplicationContext - Refreshing org.springframework.web.context.support.GenericWebApplicationContext@ab558e
2026-06-10 19:31:28.421 [main] INFO  [] o.s.d.r.c.RepositoryConfigurationDelegate - Bootstrapping Spring Data JPA repositories in DEFAULT mode.
2026-06-10 19:31:28.439 [main] INFO  [] o.s.d.r.c.RepositoryConfigurationDelegate - Finished Spring Data repository scanning in 17 ms. Found 5 JPA repository interfaces.
2026-06-10 19:31:28.498 [main] INFO  [] o.s.o.j.p.SpringPersistenceUnitInfo - No LoadTimeWeaver setup: ignoring JPA class transformer
2026-06-10 19:31:28.499 [main] INFO  [] com.zaxxer.hikari.HikariDataSource - HikariPool-25 - Starting...
2026-06-10 19:31:28.500 [main] INFO  [] com.zaxxer.hikari.pool.HikariPool - HikariPool-25 - Added connection conn240: url=jdbc:h2:mem:deliverydb user=SA
2026-06-10 19:31:28.500 [main] INFO  [] com.zaxxer.hikari.HikariDataSource - HikariPool-25 - Start completed.
2026-06-10 19:31:28.500 [main] WARN  [] org.hibernate.orm.deprecation - HHH90000025: H2Dialect does not need to be specified explicitly using 'hibernate.dialect' (remove the property setting and it will be selected by default)
2026-06-10 19:31:28.537 [main] INFO  [] o.s.o.j.LocalContainerEntityManagerFactoryBean - Initialized JPA EntityManagerFactory for persistence unit 'default'
2026-06-10 19:31:28.560 [main] INFO  [] o.s.s.c.a.a.c.InitializeAuthenticationProviderBeanManagerConfigurer$InitializeAuthenticationProviderManagerConfigurer - Global AuthenticationManager configured with AuthenticationProvider bean with name authenticationProvider
2026-06-10 19:31:28.560 [main] WARN  [] o.s.s.c.a.a.c.InitializeUserDetailsBeanManagerConfigurer$InitializeUserDetailsManagerConfigurer - Global AuthenticationManager configured with an AuthenticationProvider bean. UserDetailsService beans will not be used by Spring Security for automatically configuring username/password login. Consider removing the AuthenticationProvider bean. Alternatively, consider using the UserDetailsService in a manually instantiated DaoAuthenticationProvider. If the current configuration is intentional, to turn off this warning, increase the logging level of 'org.springframework.security.config.annotation.authentication.configuration.InitializeUserDetailsBeanManagerConfigurer' to ERROR
2026-06-10 19:31:28.672 [main] DEBUG [] o.s.w.s.m.m.a.RequestMappingHandlerMapping - 42 mappings in 'requestMappingHandlerMapping'
2026-06-10 19:31:28.692 [main] DEBUG [] o.s.w.s.h.SimpleUrlHandlerMapping - Patterns [/webjars/**, /**, /swagger-ui*/*swagger-initializer.js, /swagger-ui*/**] in 'resourceHandlerMapping'
2026-06-10 19:31:28.729 [main] INFO  [] o.s.b.a.e.web.EndpointLinksResolver - Exposing 13 endpoints beneath base path '/actuator'
2026-06-10 19:31:28.760 [main] DEBUG [] o.s.s.web.DefaultSecurityFilterChain - Will secure any request with filters: DisableEncodeUrlFilter, WebAsyncManagerIntegrationFilter, SecurityContextHolderFilter, HeaderWriterFilter, CorsFilter, LogoutFilter, JwtAuthenticationFilter, RequestCacheAwareFilter, SecurityContextHolderAwareRequestFilter, AnonymousAuthenticationFilter, SessionManagementFilter, ExceptionTranslationFilter, AuthorizationFilter
2026-06-10 19:31:28.782 [main] DEBUG [] o.s.w.s.m.m.a.RequestMappingHandlerAdapter - ControllerAdvice beans: 0 @ModelAttribute, 0 @InitBinder, 1 RequestBodyAdvice, 1 ResponseBodyAdvice
2026-06-10 19:31:28.787 [main] DEBUG [] o.s.w.s.m.m.a.ExceptionHandlerExceptionResolver - ControllerAdvice beans: 2 @ExceptionHandler, 1 ResponseBodyAdvice
2026-06-10 19:31:28.822 [main] INFO  [] o.s.b.a.h.H2ConsoleAutoConfiguration - H2 console available at '/h2-console'. Database available at 'jdbc:h2:mem:deliverydb'
2026-06-10 19:31:28.832 [main] DEBUG [] o.s.w.f.ServerHttpObservationFilter - Filter 'webMvcObservationFilter' configured for use
2026-06-10 19:31:28.832 [main] INFO  [] o.s.b.t.m.w.SpringBootMockServletContext - Initializing Spring TestDispatcherServlet ''
2026-06-10 19:31:28.832 [main] INFO  [] o.s.t.w.s.TestDispatcherServlet - Initializing Servlet ''
2026-06-10 19:31:28.832 [main] INFO  [] o.s.t.w.s.TestDispatcherServlet - Completed initialization in 0 ms
2026-06-10 19:31:28.842 [main] INFO  [] c.d.d.c.PedidoControllerTest - Started PedidoControllerTest in 0.617 seconds (process running for 30.311)
2026-06-10 19:31:28.862 [main] DEBUG [] o.s.security.web.FilterChainProxy - Securing POST /api/pedidos/calcular
2026-06-10 19:31:28.862 [main] WARN  [] c.d.d.s.JwtAuthenticationFilter - JWT Token não começa com Bearer String
2026-06-10 19:31:28.864 [main] DEBUG [] o.s.security.web.FilterChainProxy - Secured POST /api/pedidos/calcular
2026-06-10 19:31:28.864 [main] DEBUG [01fa19feb7ee4ebc] o.s.w.s.m.m.a.RequestMappingHandlerMapping - Mapped to com.deliverytech.delivery_api.controller.PedidoController#calcularTotal(List)
2026-06-10 19:31:28.866 [main] DEBUG [01fa19feb7ee4ebc] o.s.w.s.m.m.a.RequestResponseBodyMethodProcessor - Read "application/json;charset=UTF-8" to [[com.deliverytech.delivery_api.dto.ItemPedidoDTO@1d3421e3]]
2026-06-10 19:31:28.881 [main] DEBUG [01fa19feb7ee4ebc] o.s.w.s.m.m.a.HttpEntityMethodProcessor - Using 'application/json', given [*/*] and supported [application/json, application/*+json, application/yaml]
2026-06-10 19:31:28.881 [main] DEBUG [01fa19feb7ee4ebc] o.s.w.s.m.m.a.HttpEntityMethodProcessor - Writing [89.7]
2026-06-10 19:31:28.887 [main] DEBUG [] o.s.w.c.s.GenericWebApplicationContext - Closing org.springframework.web.context.support.GenericWebApplicationContext@ab558e, started on Wed Jun 10 19:31:28 BRT 2026
2026-06-10 19:31:28.889 [main] INFO  [] o.s.o.j.LocalContainerEntityManagerFactoryBean - Closing JPA EntityManagerFactory for persistence unit 'default'
2026-06-10 19:31:28.890 [main] INFO  [] com.zaxxer.hikari.HikariDataSource - HikariPool-25 - Shutdown initiated...
2026-06-10 19:31:28.895 [main] INFO  [] com.zaxxer.hikari.HikariDataSource - HikariPool-25 - Shutdown completed.
2026-06-10 19:31:28.897 [main] INFO  [] o.s.b.d.r.RestartApplicationListener - Restart disabled due to context in which it is running
2026-06-10 19:31:28.935 [main] INFO  [] c.d.d.c.PedidoControllerTest - Starting PedidoControllerTest using Java 21.0.11 with PID 26828 (started by Santana in C:\Pasta Códiguinhos\arquitetura de sistemas fat\delivery-api\delivery-api)
2026-06-10 19:31:28.936 [main] INFO  [] c.d.d.c.PedidoControllerTest - The following 1 profile is active: "test"
2026-06-10 19:31:28.937 [main] DEBUG [] o.s.w.c.s.GenericWebApplicationContext - Refreshing org.springframework.web.context.support.GenericWebApplicationContext@fbc7262
2026-06-10 19:31:29.164 [main] INFO  [] o.s.d.r.c.RepositoryConfigurationDelegate - Bootstrapping Spring Data JPA repositories in DEFAULT mode.
2026-06-10 19:31:29.179 [main] INFO  [] o.s.d.r.c.RepositoryConfigurationDelegate - Finished Spring Data repository scanning in 15 ms. Found 5 JPA repository interfaces.
2026-06-10 19:31:29.245 [main] INFO  [] o.s.o.j.p.SpringPersistenceUnitInfo - No LoadTimeWeaver setup: ignoring JPA class transformer
2026-06-10 19:31:29.245 [main] INFO  [] com.zaxxer.hikari.HikariDataSource - HikariPool-26 - Starting...
2026-06-10 19:31:29.246 [main] INFO  [] com.zaxxer.hikari.pool.HikariPool - HikariPool-26 - Added connection conn250: url=jdbc:h2:mem:deliverydb user=SA
2026-06-10 19:31:29.247 [main] INFO  [] com.zaxxer.hikari.HikariDataSource - HikariPool-26 - Start completed.
2026-06-10 19:31:29.247 [main] WARN  [] org.hibernate.orm.deprecation - HHH90000025: H2Dialect does not need to be specified explicitly using 'hibernate.dialect' (remove the property setting and it will be selected by default)
2026-06-10 19:31:29.289 [main] INFO  [] o.s.o.j.LocalContainerEntityManagerFactoryBean - Initialized JPA EntityManagerFactory for persistence unit 'default'
2026-06-10 19:31:29.315 [main] INFO  [] o.s.s.c.a.a.c.InitializeAuthenticationProviderBeanManagerConfigurer$InitializeAuthenticationProviderManagerConfigurer - Global AuthenticationManager configured with AuthenticationProvider bean with name authenticationProvider
2026-06-10 19:31:29.315 [main] WARN  [] o.s.s.c.a.a.c.InitializeUserDetailsBeanManagerConfigurer$InitializeUserDetailsManagerConfigurer - Global AuthenticationManager configured with an AuthenticationProvider bean. UserDetailsService beans will not be used by Spring Security for automatically configuring username/password login. Consider removing the AuthenticationProvider bean. Alternatively, consider using the UserDetailsService in a manually instantiated DaoAuthenticationProvider. If the current configuration is intentional, to turn off this warning, increase the logging level of 'org.springframework.security.config.annotation.authentication.configuration.InitializeUserDetailsBeanManagerConfigurer' to ERROR
2026-06-10 19:31:29.414 [main] DEBUG [] o.s.w.s.m.m.a.RequestMappingHandlerMapping - 42 mappings in 'requestMappingHandlerMapping'
2026-06-10 19:31:29.436 [main] DEBUG [] o.s.w.s.h.SimpleUrlHandlerMapping - Patterns [/webjars/**, /**, /swagger-ui*/*swagger-initializer.js, /swagger-ui*/**] in 'resourceHandlerMapping'
2026-06-10 19:31:29.481 [main] INFO  [] o.s.b.a.e.web.EndpointLinksResolver - Exposing 13 endpoints beneath base path '/actuator'
2026-06-10 19:31:29.515 [main] DEBUG [] o.s.s.web.DefaultSecurityFilterChain - Will secure any request with filters: DisableEncodeUrlFilter, WebAsyncManagerIntegrationFilter, SecurityContextHolderFilter, HeaderWriterFilter, CorsFilter, LogoutFilter, JwtAuthenticationFilter, RequestCacheAwareFilter, SecurityContextHolderAwareRequestFilter, AnonymousAuthenticationFilter, SessionManagementFilter, ExceptionTranslationFilter, AuthorizationFilter
2026-06-10 19:31:29.536 [main] DEBUG [] o.s.w.s.m.m.a.RequestMappingHandlerAdapter - ControllerAdvice beans: 0 @ModelAttribute, 0 @InitBinder, 1 RequestBodyAdvice, 1 ResponseBodyAdvice
2026-06-10 19:31:29.540 [main] DEBUG [] o.s.w.s.m.m.a.ExceptionHandlerExceptionResolver - ControllerAdvice beans: 2 @ExceptionHandler, 1 ResponseBodyAdvice
2026-06-10 19:31:29.569 [main] INFO  [] o.s.b.a.h.H2ConsoleAutoConfiguration - H2 console available at '/h2-console'. Database available at 'jdbc:h2:mem:deliverydb'
2026-06-10 19:31:29.580 [main] DEBUG [] o.s.w.f.ServerHttpObservationFilter - Filter 'webMvcObservationFilter' configured for use
2026-06-10 19:31:29.581 [main] INFO  [] o.s.b.t.m.w.SpringBootMockServletContext - Initializing Spring TestDispatcherServlet ''
2026-06-10 19:31:29.581 [main] INFO  [] o.s.t.w.s.TestDispatcherServlet - Initializing Servlet ''
2026-06-10 19:31:29.581 [main] INFO  [] o.s.t.w.s.TestDispatcherServlet - Completed initialization in 0 ms
2026-06-10 19:31:29.594 [main] INFO  [] c.d.d.c.PedidoControllerTest - Started PedidoControllerTest in 0.697 seconds (process running for 31.063)
2026-06-10 19:31:29.614 [main] DEBUG [] o.s.security.web.FilterChainProxy - Securing GET /api/pedidos/999999
2026-06-10 19:31:29.614 [main] WARN  [] c.d.d.s.JwtAuthenticationFilter - JWT Token não começa com Bearer String
2026-06-10 19:31:29.615 [main] DEBUG [] o.s.security.web.FilterChainProxy - Secured GET /api/pedidos/999999
2026-06-10 19:31:29.616 [main] DEBUG [230f915f994c4c0c] o.s.w.s.m.m.a.RequestMappingHandlerMapping - Mapped to com.deliverytech.delivery_api.controller.PedidoController#buscarPorId(Long)
2026-06-10 19:31:29.618 [main] DEBUG [230f915f994c4c0c] o.s.w.s.m.m.a.ExceptionHandlerExceptionResolver - Using @ExceptionHandler com.deliverytech.delivery_api.exception.GlobalExceptionHandler#handleEntityNotFound(EntityNotFoundException, HttpServletRequest)
2026-06-10 19:31:29.620 [main] DEBUG [230f915f994c4c0c] o.s.w.s.m.m.a.HttpEntityMethodProcessor - Using 'application/json', given [*/*] and supported [application/json, application/*+json, application/yaml]
2026-06-10 19:31:29.621 [main] DEBUG [230f915f994c4c0c] o.s.w.s.m.m.a.HttpEntityMethodProcessor - Writing [com.deliverytech.delivery_api.dto.ErrorResponse@7e3588e0]
2026-06-10 19:31:29.621 [main] DEBUG [230f915f994c4c0c] o.s.w.s.m.m.a.ExceptionHandlerExceptionResolver - Resolved [com.deliverytech.delivery_api.exception.EntityNotFoundException: Pedido não encontrado com ID: 999999]
2026-06-10 19:31:29.630 [main] INFO  [] o.s.t.c.s.AnnotationConfigContextLoaderUtils - Could not detect default configuration classes for test class [com.deliverytech.delivery_api.controller.RestauranteControllerTest]: RestauranteControllerTest does not declare any static, non-private, non-final, nested classes annotated with @Configuration.
2026-06-10 19:31:29.642 [main] INFO  [] o.s.b.t.c.SpringBootTestContextBootstrapper - Found @SpringBootConfiguration com.deliverytech.delivery_api.DeliveryApiApplication for test class com.deliverytech.delivery_api.controller.RestauranteControllerTest
2026-06-10 19:31:29.644 [main] INFO  [] o.s.b.d.r.RestartApplicationListener - Restart disabled due to context in which it is running
2026-06-10 19:31:29.659 [main] INFO  [] c.d.d.c.RestauranteControllerTest - Starting RestauranteControllerTest using Java 21.0.11 with PID 26828 (started by Santana in C:\Pasta Códiguinhos\arquitetura de sistemas fat\delivery-api\delivery-api)
2026-06-10 19:31:29.660 [main] INFO  [] c.d.d.c.RestauranteControllerTest - No active profile set, falling back to 1 default profile: "default"
2026-06-10 19:31:29.660 [main] DEBUG [] o.s.w.c.s.GenericWebApplicationContext - Refreshing org.springframework.web.context.support.GenericWebApplicationContext@6ac27e00
2026-06-10 19:31:30.106 [main] DEBUG [] o.s.w.s.m.m.a.RequestMappingHandlerMapping - 11 mappings in 'requestMappingHandlerMapping'
2026-06-10 19:31:30.115 [main] DEBUG [] o.s.w.s.h.SimpleUrlHandlerMapping - Patterns [/webjars/**, /**] in 'resourceHandlerMapping'
2026-06-10 19:31:30.116 [main] DEBUG [] o.s.w.s.m.m.a.RequestMappingHandlerAdapter - ControllerAdvice beans: 0 @ModelAttribute, 0 @InitBinder, 1 RequestBodyAdvice, 1 ResponseBodyAdvice
2026-06-10 19:31:30.118 [main] DEBUG [] o.s.w.s.m.m.a.ExceptionHandlerExceptionResolver - ControllerAdvice beans: 1 @ExceptionHandler, 1 ResponseBodyAdvice
2026-06-10 19:31:30.123 [main] WARN  [] o.s.s.c.a.a.c.InitializeUserDetailsBeanManagerConfigurer$InitializeUserDetailsManagerConfigurer - Found 2 UserDetailsService beans, with names [inMemoryUserDetailsManager, com.deliverytech.delivery_api.service.AuthService#0]. Global Authentication Manager will not use a UserDetailsService for username/password login. Consider publishing a single UserDetailsService bean.
2026-06-10 19:31:30.123 [main] DEBUG [] o.s.s.c.a.a.c.AuthenticationConfiguration$DefaultPasswordEncoderAuthenticationManagerBuilder - No authenticationProviders and no parentAuthenticationManager defined. Returning null.
2026-06-10 19:31:30.143 [main] DEBUG [] o.s.s.web.DefaultSecurityFilterChain - Will secure any request with filters: DisableEncodeUrlFilter, WebAsyncManagerIntegrationFilter, SecurityContextHolderFilter, HeaderWriterFilter, CsrfFilter, LogoutFilter, UsernamePasswordAuthenticationFilter, DefaultResourcesFilter, DefaultLoginPageGeneratingFilter, DefaultLogoutPageGeneratingFilter, BasicAuthenticationFilter, RequestCacheAwareFilter, SecurityContextHolderAwareRequestFilter, AnonymousAuthenticationFilter, ExceptionTranslationFilter, AuthorizationFilter
2026-06-10 19:31:30.150 [main] INFO  [] o.s.b.t.m.w.SpringBootMockServletContext - Initializing Spring TestDispatcherServlet ''
2026-06-10 19:31:30.150 [main] INFO  [] o.s.t.w.s.TestDispatcherServlet - Initializing Servlet ''
2026-06-10 19:31:30.150 [main] INFO  [] o.s.t.w.s.TestDispatcherServlet - Completed initialization in 0 ms
2026-06-10 19:31:30.153 [main] INFO  [] c.d.d.c.RestauranteControllerTest - Started RestauranteControllerTest in 0.509 seconds (process running for 31.623)
2026-06-10 19:31:30.158 [main] DEBUG [] o.s.w.s.m.m.a.RequestMappingHandlerMapping - Mapped to com.deliverytech.delivery_api.controller.RestauranteController#buscarPorId(Long)
2026-06-10 19:31:30.165 [main] DEBUG [] o.s.w.s.m.m.a.HttpEntityMethodProcessor - Using 'application/json', given [*/*] and supported [application/json, application/*+json, application/yaml]
2026-06-10 19:31:30.165 [main] DEBUG [] o.s.w.s.m.m.a.HttpEntityMethodProcessor - Writing [com.deliverytech.delivery_api.dto.ApiResponseWrapper@419cb17]
2026-06-10 19:31:30.170 [main] DEBUG [] o.s.w.s.m.m.a.RequestMappingHandlerMapping - Mapped to com.deliverytech.delivery_api.controller.RestauranteController#calcularTaxaEntrega(Long, String)
2026-06-10 19:31:30.172 [main] DEBUG [] o.s.w.s.m.m.a.HttpEntityMethodProcessor - Using 'application/json', given [*/*] and supported [application/json, application/*+json, application/yaml]
2026-06-10 19:31:30.173 [main] DEBUG [] o.s.w.s.m.m.a.HttpEntityMethodProcessor - Writing [com.deliverytech.delivery_api.dto.ApiResponseWrapper@6ad10aa6]
2026-06-10 19:31:30.179 [main] DEBUG [] o.s.w.s.m.m.a.RequestMappingHandlerMapping - Mapped to com.deliverytech.delivery_api.controller.RestauranteController#alterarStatus(Long)
2026-06-10 19:31:30.180 [main] DEBUG [] o.s.w.s.m.m.a.HttpEntityMethodProcessor - Using 'application/json', given [*/*] and supported [application/json, application/*+json, application/yaml]
2026-06-10 19:31:30.180 [main] DEBUG [] o.s.w.s.m.m.a.HttpEntityMethodProcessor - Writing [com.deliverytech.delivery_api.dto.ApiResponseWrapper@701f1343]
2026-06-10 19:31:30.186 [main] DEBUG [] o.s.w.s.m.m.a.RequestMappingHandlerMapping - Mapped to com.deliverytech.delivery_api.controller.RestauranteController#buscarPorCategoria(String)
2026-06-10 19:31:30.187 [main] DEBUG [] o.s.w.s.m.m.a.HttpEntityMethodProcessor - Using 'application/json', given [*/*] and supported [application/json, application/*+json, application/yaml]
2026-06-10 19:31:30.187 [main] DEBUG [] o.s.w.s.m.m.a.HttpEntityMethodProcessor - Writing [com.deliverytech.delivery_api.dto.ApiResponseWrapper@8719a80]
2026-06-10 19:31:30.194 [main] INFO  [] o.s.t.c.s.AnnotationConfigContextLoaderUtils - Could not detect default configuration classes for test class [com.deliverytech.delivery_api.DeliveryApiApplicationTests]: DeliveryApiApplicationTests does not declare any static, non-private, non-final, nested classes annotated with @Configuration.
2026-06-10 19:31:30.203 [main] INFO  [] o.s.b.t.c.SpringBootTestContextBootstrapper - Found @SpringBootConfiguration com.deliverytech.delivery_api.DeliveryApiApplication for test class com.deliverytech.delivery_api.DeliveryApiApplicationTests
2026-06-10 19:31:30.206 [main] INFO  [] o.s.b.d.r.RestartApplicationListener - Restart disabled due to context in which it is running
2026-06-10 19:31:30.220 [main] INFO  [] c.d.d.DeliveryApiApplicationTests - Starting DeliveryApiApplicationTests using Java 21.0.11 with PID 26828 (started by Santana in C:\Pasta Códiguinhos\arquitetura de sistemas fat\delivery-api\delivery-api)
2026-06-10 19:31:30.220 [main] INFO  [] c.d.d.DeliveryApiApplicationTests - No active profile set, falling back to 1 default profile: "default"
2026-06-10 19:31:30.222 [main] DEBUG [] o.s.w.c.s.GenericWebApplicationContext - Refreshing org.springframework.web.context.support.GenericWebApplicationContext@74c313c3
2026-06-10 19:31:30.490 [main] INFO  [] o.s.d.r.c.RepositoryConfigurationDelegate - Bootstrapping Spring Data JPA repositories in DEFAULT mode.
2026-06-10 19:31:30.509 [main] INFO  [] o.s.d.r.c.RepositoryConfigurationDelegate - Finished Spring Data repository scanning in 17 ms. Found 5 JPA repository interfaces.
2026-06-10 19:31:30.559 [main] INFO  [] o.s.o.j.p.SpringPersistenceUnitInfo - No LoadTimeWeaver setup: ignoring JPA class transformer
2026-06-10 19:31:30.560 [main] INFO  [] com.zaxxer.hikari.HikariDataSource - HikariPool-27 - Starting...
2026-06-10 19:31:30.561 [main] INFO  [] com.zaxxer.hikari.pool.HikariPool - HikariPool-27 - Added connection conn260: url=jdbc:h2:mem:deliverydb user=SA
2026-06-10 19:31:30.561 [main] INFO  [] com.zaxxer.hikari.HikariDataSource - HikariPool-27 - Start completed.
2026-06-10 19:31:30.561 [main] WARN  [] org.hibernate.orm.deprecation - HHH90000025: H2Dialect does not need to be specified explicitly using 'hibernate.dialect' (remove the property setting and it will be selected by default)
2026-06-10 19:31:30.607 [main] INFO  [] o.s.o.j.LocalContainerEntityManagerFactoryBean - Initialized JPA EntityManagerFactory for persistence unit 'default'
2026-06-10 19:31:30.628 [main] INFO  [] o.s.s.c.a.a.c.InitializeAuthenticationProviderBeanManagerConfigurer$InitializeAuthenticationProviderManagerConfigurer - Global AuthenticationManager configured with AuthenticationProvider bean with name authenticationProvider
2026-06-10 19:31:30.628 [main] WARN  [] o.s.s.c.a.a.c.InitializeUserDetailsBeanManagerConfigurer$InitializeUserDetailsManagerConfigurer - Global AuthenticationManager configured with an AuthenticationProvider bean. UserDetailsService beans will not be used by Spring Security for automatically configuring username/password login. Consider removing the AuthenticationProvider bean. Alternatively, consider using the UserDetailsService in a manually instantiated DaoAuthenticationProvider. If the current configuration is intentional, to turn off this warning, increase the logging level of 'org.springframework.security.config.annotation.authentication.configuration.InitializeUserDetailsBeanManagerConfigurer' to ERROR
2026-06-10 19:31:30.716 [main] DEBUG [] o.s.w.s.m.m.a.RequestMappingHandlerMapping - 42 mappings in 'requestMappingHandlerMapping'
2026-06-10 19:31:30.745 [main] DEBUG [] o.s.w.s.h.SimpleUrlHandlerMapping - Patterns [/webjars/**, /**, /swagger-ui*/*swagger-initializer.js, /swagger-ui*/**] in 'resourceHandlerMapping'
2026-06-10 19:31:30.790 [main] INFO  [] o.s.b.a.e.web.EndpointLinksResolver - Exposing 13 endpoints beneath base path '/actuator'
2026-06-10 19:31:30.827 [main] DEBUG [] o.s.s.web.DefaultSecurityFilterChain - Will secure any request with filters: DisableEncodeUrlFilter, WebAsyncManagerIntegrationFilter, SecurityContextHolderFilter, HeaderWriterFilter, CorsFilter, LogoutFilter, JwtAuthenticationFilter, RequestCacheAwareFilter, SecurityContextHolderAwareRequestFilter, AnonymousAuthenticationFilter, SessionManagementFilter, ExceptionTranslationFilter, AuthorizationFilter
2026-06-10 19:31:30.860 [main] DEBUG [] o.s.w.s.m.m.a.RequestMappingHandlerAdapter - ControllerAdvice beans: 0 @ModelAttribute, 0 @InitBinder, 1 RequestBodyAdvice, 1 ResponseBodyAdvice
2026-06-10 19:31:30.865 [main] DEBUG [] o.s.w.s.m.m.a.ExceptionHandlerExceptionResolver - ControllerAdvice beans: 2 @ExceptionHandler, 1 ResponseBodyAdvice
2026-06-10 19:31:30.904 [main] INFO  [] o.s.b.a.h.H2ConsoleAutoConfiguration - H2 console available at '/h2-console'. Database available at 'jdbc:h2:mem:deliverydb'
2026-06-10 19:31:30.925 [main] INFO  [] c.d.d.DeliveryApiApplicationTests - Started DeliveryApiApplicationTests in 0.718 seconds (process running for 32.394)
2026-06-10 19:31:31.035 [SpringApplicationShutdownHook] DEBUG [] o.s.w.c.s.GenericWebApplicationContext - Closing org.springframework.web.context.support.GenericWebApplicationContext@fbc7262, started on Wed Jun 10 19:31:28 BRT 2026
2026-06-10 19:31:31.037 [SpringApplicationShutdownHook] INFO  [] o.s.o.j.LocalContainerEntityManagerFactoryBean - Closing JPA EntityManagerFactory for persistence unit 'default'
2026-06-10 19:31:31.039 [SpringApplicationShutdownHook] INFO  [] com.zaxxer.hikari.HikariDataSource - HikariPool-26 - Shutdown initiated...
2026-06-10 19:31:31.040 [SpringApplicationShutdownHook] INFO  [] com.zaxxer.hikari.HikariDataSource - HikariPool-26 - Shutdown completed.
2026-06-10 19:31:31.040 [SpringApplicationShutdownHook] DEBUG [] o.s.w.c.s.GenericWebApplicationContext - Closing org.springframework.web.context.support.GenericWebApplicationContext@6ac27e00, started on Wed Jun 10 19:31:29 BRT 2026
2026-06-10 19:31:31.041 [SpringApplicationShutdownHook] DEBUG [] o.s.w.c.s.GenericWebApplicationContext - Closing org.springframework.web.context.support.GenericWebApplicationContext@74c313c3, started on Wed Jun 10 19:31:30 BRT 2026
2026-06-10 19:31:31.043 [SpringApplicationShutdownHook] INFO  [] o.s.o.j.LocalContainerEntityManagerFactoryBean - Closing JPA EntityManagerFactory for persistence unit 'default'
2026-06-10 19:31:31.044 [SpringApplicationShutdownHook] INFO  [] com.zaxxer.hikari.HikariDataSource - HikariPool-27 - Shutdown initiated...
2026-06-10 19:31:31.045 [SpringApplicationShutdownHook] INFO  [] com.zaxxer.hikari.HikariDataSource - HikariPool-27 - Shutdown completed.
2026-06-10 19:49:23.949 [main] INFO  [] c.d.d.c.ClienteControllerTest - Starting ClienteControllerTest using Java 21.0.11 with PID 18360 (started by Santana in C:\Pasta Códiguinhos\arquitetura de sistemas fat\delivery-api\delivery-api)
2026-06-10 19:49:23.950 [main] INFO  [] c.d.d.c.ClienteControllerTest - The following 1 profile is active: "test"
2026-06-10 19:49:23.972 [main] DEBUG [] o.s.w.c.s.GenericWebApplicationContext - Refreshing org.springframework.web.context.support.GenericWebApplicationContext@3f7b15bb
2026-06-10 19:49:25.292 [main] INFO  [] o.s.d.r.c.RepositoryConfigurationDelegate - Bootstrapping Spring Data JPA repositories in DEFAULT mode.
2026-06-10 19:49:25.367 [main] INFO  [] o.s.d.r.c.RepositoryConfigurationDelegate - Finished Spring Data repository scanning in 63 ms. Found 5 JPA repository interfaces.
2026-06-10 19:49:26.230 [main] INFO  [] o.s.o.j.p.SpringPersistenceUnitInfo - No LoadTimeWeaver setup: ignoring JPA class transformer
2026-06-10 19:49:26.264 [main] INFO  [] com.zaxxer.hikari.HikariDataSource - HikariPool-1 - Starting...
2026-06-10 19:49:26.544 [main] INFO  [] com.zaxxer.hikari.pool.HikariPool - HikariPool-1 - Added connection conn0: url=jdbc:h2:mem:deliverydb user=SA
2026-06-10 19:49:26.547 [main] INFO  [] com.zaxxer.hikari.HikariDataSource - HikariPool-1 - Start completed.
2026-06-10 19:49:26.576 [main] WARN  [] org.hibernate.orm.deprecation - HHH90000025: H2Dialect does not need to be specified explicitly using 'hibernate.dialect' (remove the property setting and it will be selected by default)
2026-06-10 19:49:27.713 [main] INFO  [] o.s.o.j.LocalContainerEntityManagerFactoryBean - Initialized JPA EntityManagerFactory for persistence unit 'default'
2026-06-10 19:49:28.107 [main] INFO  [] o.s.s.c.a.a.c.InitializeAuthenticationProviderBeanManagerConfigurer$InitializeAuthenticationProviderManagerConfigurer - Global AuthenticationManager configured with AuthenticationProvider bean with name authenticationProvider
2026-06-10 19:49:28.108 [main] WARN  [] o.s.s.c.a.a.c.InitializeUserDetailsBeanManagerConfigurer$InitializeUserDetailsManagerConfigurer - Global AuthenticationManager configured with an AuthenticationProvider bean. UserDetailsService beans will not be used by Spring Security for automatically configuring username/password login. Consider removing the AuthenticationProvider bean. Alternatively, consider using the UserDetailsService in a manually instantiated DaoAuthenticationProvider. If the current configuration is intentional, to turn off this warning, increase the logging level of 'org.springframework.security.config.annotation.authentication.configuration.InitializeUserDetailsBeanManagerConfigurer' to ERROR
2026-06-10 19:49:28.157 [main] INFO  [] o.s.d.j.r.query.QueryEnhancerFactory - Hibernate is in classpath; If applicable, HQL parser will be used.
2026-06-10 19:49:29.366 [main] DEBUG [] o.s.w.s.m.m.a.RequestMappingHandlerMapping - 42 mappings in 'requestMappingHandlerMapping'
2026-06-10 19:49:29.487 [main] DEBUG [] o.s.w.s.h.SimpleUrlHandlerMapping - Patterns [/webjars/**, /**, /swagger-ui*/*swagger-initializer.js, /swagger-ui*/**] in 'resourceHandlerMapping'
2026-06-10 19:49:29.652 [main] INFO  [] o.s.b.a.e.web.EndpointLinksResolver - Exposing 13 endpoints beneath base path '/actuator'
2026-06-10 19:49:29.777 [main] DEBUG [] o.s.s.web.DefaultSecurityFilterChain - Will secure any request with filters: DisableEncodeUrlFilter, WebAsyncManagerIntegrationFilter, SecurityContextHolderFilter, HeaderWriterFilter, CorsFilter, LogoutFilter, JwtAuthenticationFilter, RequestCacheAwareFilter, SecurityContextHolderAwareRequestFilter, AnonymousAuthenticationFilter, SessionManagementFilter, ExceptionTranslationFilter, AuthorizationFilter
2026-06-10 19:49:29.913 [main] DEBUG [] o.s.w.s.m.m.a.RequestMappingHandlerAdapter - ControllerAdvice beans: 0 @ModelAttribute, 0 @InitBinder, 1 RequestBodyAdvice, 1 ResponseBodyAdvice
2026-06-10 19:49:29.980 [main] DEBUG [] o.s.w.s.m.m.a.ExceptionHandlerExceptionResolver - ControllerAdvice beans: 2 @ExceptionHandler, 1 ResponseBodyAdvice
2026-06-10 19:49:30.127 [main] INFO  [] o.s.b.a.h.H2ConsoleAutoConfiguration - H2 console available at '/h2-console'. Database available at 'jdbc:h2:mem:deliverydb'
2026-06-10 19:49:30.216 [main] DEBUG [] o.s.w.f.ServerHttpObservationFilter - Filter 'webMvcObservationFilter' configured for use
2026-06-10 19:49:30.217 [main] INFO  [] o.s.b.t.m.w.SpringBootMockServletContext - Initializing Spring TestDispatcherServlet ''
2026-06-10 19:49:30.217 [main] INFO  [] o.s.t.w.s.TestDispatcherServlet - Initializing Servlet ''
2026-06-10 19:49:30.218 [main] INFO  [] o.s.t.w.s.TestDispatcherServlet - Completed initialization in 1 ms
2026-06-10 19:49:30.271 [main] INFO  [] c.d.d.c.ClienteControllerTest - Started ClienteControllerTest in 7.0 seconds (process running for 10.618)
2026-06-10 19:49:30.345 [main] DEBUG [] o.s.w.c.s.GenericWebApplicationContext - Closing org.springframework.web.context.support.GenericWebApplicationContext@3f7b15bb, started on Wed Jun 10 19:49:23 BRT 2026
2026-06-10 19:49:30.350 [main] INFO  [] o.s.o.j.LocalContainerEntityManagerFactoryBean - Closing JPA EntityManagerFactory for persistence unit 'default'
2026-06-10 19:49:30.359 [main] INFO  [] com.zaxxer.hikari.HikariDataSource - HikariPool-1 - Shutdown initiated...
2026-06-10 19:49:30.360 [main] INFO  [] com.zaxxer.hikari.HikariDataSource - HikariPool-1 - Shutdown completed.
2026-06-10 19:49:30.362 [main] INFO  [] o.s.b.d.r.RestartApplicationListener - Restart disabled due to context in which it is running
2026-06-10 19:49:30.399 [main] INFO  [] c.d.d.c.ClienteControllerTest - Starting ClienteControllerTest using Java 21.0.11 with PID 18360 (started by Santana in C:\Pasta Códiguinhos\arquitetura de sistemas fat\delivery-api\delivery-api)
2026-06-10 19:49:30.399 [main] INFO  [] c.d.d.c.ClienteControllerTest - The following 1 profile is active: "test"
2026-06-10 19:49:30.400 [main] DEBUG [] o.s.w.c.s.GenericWebApplicationContext - Refreshing org.springframework.web.context.support.GenericWebApplicationContext@3de236f
2026-06-10 19:49:30.684 [main] INFO  [] o.s.d.r.c.RepositoryConfigurationDelegate - Bootstrapping Spring Data JPA repositories in DEFAULT mode.
2026-06-10 19:49:30.704 [main] INFO  [] o.s.d.r.c.RepositoryConfigurationDelegate - Finished Spring Data repository scanning in 18 ms. Found 5 JPA repository interfaces.
2026-06-10 19:49:30.779 [main] INFO  [] o.s.o.j.p.SpringPersistenceUnitInfo - No LoadTimeWeaver setup: ignoring JPA class transformer
2026-06-10 19:49:30.780 [main] INFO  [] com.zaxxer.hikari.HikariDataSource - HikariPool-2 - Starting...
2026-06-10 19:49:30.782 [main] INFO  [] com.zaxxer.hikari.pool.HikariPool - HikariPool-2 - Added connection conn10: url=jdbc:h2:mem:deliverydb user=SA
2026-06-10 19:49:30.782 [main] INFO  [] com.zaxxer.hikari.HikariDataSource - HikariPool-2 - Start completed.
2026-06-10 19:49:30.783 [main] WARN  [] org.hibernate.orm.deprecation - HHH90000025: H2Dialect does not need to be specified explicitly using 'hibernate.dialect' (remove the property setting and it will be selected by default)
2026-06-10 19:49:30.856 [main] INFO  [] o.s.o.j.LocalContainerEntityManagerFactoryBean - Initialized JPA EntityManagerFactory for persistence unit 'default'
2026-06-10 19:49:30.884 [main] INFO  [] o.s.s.c.a.a.c.InitializeAuthenticationProviderBeanManagerConfigurer$InitializeAuthenticationProviderManagerConfigurer - Global AuthenticationManager configured with AuthenticationProvider bean with name authenticationProvider
2026-06-10 19:49:30.885 [main] WARN  [] o.s.s.c.a.a.c.InitializeUserDetailsBeanManagerConfigurer$InitializeUserDetailsManagerConfigurer - Global AuthenticationManager configured with an AuthenticationProvider bean. UserDetailsService beans will not be used by Spring Security for automatically configuring username/password login. Consider removing the AuthenticationProvider bean. Alternatively, consider using the UserDetailsService in a manually instantiated DaoAuthenticationProvider. If the current configuration is intentional, to turn off this warning, increase the logging level of 'org.springframework.security.config.annotation.authentication.configuration.InitializeUserDetailsBeanManagerConfigurer' to ERROR
2026-06-10 19:49:31.018 [main] DEBUG [] o.s.w.s.m.m.a.RequestMappingHandlerMapping - 42 mappings in 'requestMappingHandlerMapping'
2026-06-10 19:49:31.046 [main] DEBUG [] o.s.w.s.h.SimpleUrlHandlerMapping - Patterns [/webjars/**, /**, /swagger-ui*/*swagger-initializer.js, /swagger-ui*/**] in 'resourceHandlerMapping'
2026-06-10 19:49:31.095 [main] INFO  [] o.s.b.a.e.web.EndpointLinksResolver - Exposing 13 endpoints beneath base path '/actuator'
2026-06-10 19:49:31.128 [main] DEBUG [] o.s.s.web.DefaultSecurityFilterChain - Will secure any request with filters: DisableEncodeUrlFilter, WebAsyncManagerIntegrationFilter, SecurityContextHolderFilter, HeaderWriterFilter, CorsFilter, LogoutFilter, JwtAuthenticationFilter, RequestCacheAwareFilter, SecurityContextHolderAwareRequestFilter, AnonymousAuthenticationFilter, SessionManagementFilter, ExceptionTranslationFilter, AuthorizationFilter
2026-06-10 19:49:31.155 [main] DEBUG [] o.s.w.s.m.m.a.RequestMappingHandlerAdapter - ControllerAdvice beans: 0 @ModelAttribute, 0 @InitBinder, 1 RequestBodyAdvice, 1 ResponseBodyAdvice
2026-06-10 19:49:31.161 [main] DEBUG [] o.s.w.s.m.m.a.ExceptionHandlerExceptionResolver - ControllerAdvice beans: 2 @ExceptionHandler, 1 ResponseBodyAdvice
2026-06-10 19:49:31.197 [main] INFO  [] o.s.b.a.h.H2ConsoleAutoConfiguration - H2 console available at '/h2-console'. Database available at 'jdbc:h2:mem:deliverydb'
2026-06-10 19:49:31.216 [main] DEBUG [] o.s.w.f.ServerHttpObservationFilter - Filter 'webMvcObservationFilter' configured for use
2026-06-10 19:49:31.216 [main] INFO  [] o.s.b.t.m.w.SpringBootMockServletContext - Initializing Spring TestDispatcherServlet ''
2026-06-10 19:49:31.217 [main] INFO  [] o.s.t.w.s.TestDispatcherServlet - Initializing Servlet ''
2026-06-10 19:49:31.217 [main] INFO  [] o.s.t.w.s.TestDispatcherServlet - Completed initialization in 0 ms
2026-06-10 19:49:31.230 [main] INFO  [] c.d.d.c.ClienteControllerTest - Started ClienteControllerTest in 0.868 seconds (process running for 11.578)
2026-06-10 19:49:31.405 [main] DEBUG [] o.s.security.web.FilterChainProxy - Securing POST /api/clientes
2026-06-10 19:49:31.417 [main] WARN  [] c.d.d.s.JwtAuthenticationFilter - JWT Token não começa com Bearer String
2026-06-10 19:49:31.426 [main] DEBUG [] o.s.security.web.FilterChainProxy - Secured POST /api/clientes
2026-06-10 19:49:31.431 [main] DEBUG [208b23ee0cbc4a4e] o.s.w.s.m.m.a.RequestMappingHandlerMapping - Mapped to com.deliverytech.delivery_api.controller.ClienteController#cadastrarCliente(ClienteReqDTO)
2026-06-10 19:49:31.472 [main] DEBUG [208b23ee0cbc4a4e] o.s.w.s.m.m.a.RequestResponseBodyMethodProcessor - Read "application/json;charset=UTF-8" to [com.deliverytech.delivery_api.dto.req.ClienteReqDTO@98240f9]
2026-06-10 19:49:31.622 [main] DEBUG [208b23ee0cbc4a4e] o.s.w.s.m.m.a.HttpEntityMethodProcessor - Using 'application/json', given [*/*] and supported [application/json, application/*+json, application/yaml]
2026-06-10 19:49:31.622 [main] DEBUG [208b23ee0cbc4a4e] o.s.w.s.m.m.a.HttpEntityMethodProcessor - Writing [com.deliverytech.delivery_api.dto.res.ClienteResDTO@1d6075e]
2026-06-10 19:49:31.679 [main] DEBUG [] o.s.w.c.s.GenericWebApplicationContext - Closing org.springframework.web.context.support.GenericWebApplicationContext@3de236f, started on Wed Jun 10 19:49:30 BRT 2026
2026-06-10 19:49:31.681 [main] INFO  [] o.s.o.j.LocalContainerEntityManagerFactoryBean - Closing JPA EntityManagerFactory for persistence unit 'default'
2026-06-10 19:49:31.685 [main] INFO  [] com.zaxxer.hikari.HikariDataSource - HikariPool-2 - Shutdown initiated...
2026-06-10 19:49:31.686 [main] INFO  [] com.zaxxer.hikari.HikariDataSource - HikariPool-2 - Shutdown completed.
2026-06-10 19:49:31.688 [main] INFO  [] o.s.b.d.r.RestartApplicationListener - Restart disabled due to context in which it is running
2026-06-10 19:49:31.717 [main] INFO  [] c.d.d.c.ClienteControllerTest - Starting ClienteControllerTest using Java 21.0.11 with PID 18360 (started by Santana in C:\Pasta Códiguinhos\arquitetura de sistemas fat\delivery-api\delivery-api)
2026-06-10 19:49:31.717 [main] INFO  [] c.d.d.c.ClienteControllerTest - The following 1 profile is active: "test"
2026-06-10 19:49:31.718 [main] DEBUG [] o.s.w.c.s.GenericWebApplicationContext - Refreshing org.springframework.web.context.support.GenericWebApplicationContext@704f0dda
2026-06-10 19:49:31.928 [main] INFO  [] o.s.d.r.c.RepositoryConfigurationDelegate - Bootstrapping Spring Data JPA repositories in DEFAULT mode.
2026-06-10 19:49:31.945 [main] INFO  [] o.s.d.r.c.RepositoryConfigurationDelegate - Finished Spring Data repository scanning in 16 ms. Found 5 JPA repository interfaces.
2026-06-10 19:49:32.004 [main] INFO  [] o.s.o.j.p.SpringPersistenceUnitInfo - No LoadTimeWeaver setup: ignoring JPA class transformer
2026-06-10 19:49:32.005 [main] INFO  [] com.zaxxer.hikari.HikariDataSource - HikariPool-3 - Starting...
2026-06-10 19:49:32.006 [main] INFO  [] com.zaxxer.hikari.pool.HikariPool - HikariPool-3 - Added connection conn20: url=jdbc:h2:mem:deliverydb user=SA
2026-06-10 19:49:32.007 [main] INFO  [] com.zaxxer.hikari.HikariDataSource - HikariPool-3 - Start completed.
2026-06-10 19:49:32.007 [main] WARN  [] org.hibernate.orm.deprecation - HHH90000025: H2Dialect does not need to be specified explicitly using 'hibernate.dialect' (remove the property setting and it will be selected by default)
2026-06-10 19:49:32.069 [main] INFO  [] o.s.o.j.LocalContainerEntityManagerFactoryBean - Initialized JPA EntityManagerFactory for persistence unit 'default'
2026-06-10 19:49:32.093 [main] INFO  [] o.s.s.c.a.a.c.InitializeAuthenticationProviderBeanManagerConfigurer$InitializeAuthenticationProviderManagerConfigurer - Global AuthenticationManager configured with AuthenticationProvider bean with name authenticationProvider
2026-06-10 19:49:32.094 [main] WARN  [] o.s.s.c.a.a.c.InitializeUserDetailsBeanManagerConfigurer$InitializeUserDetailsManagerConfigurer - Global AuthenticationManager configured with an AuthenticationProvider bean. UserDetailsService beans will not be used by Spring Security for automatically configuring username/password login. Consider removing the AuthenticationProvider bean. Alternatively, consider using the UserDetailsService in a manually instantiated DaoAuthenticationProvider. If the current configuration is intentional, to turn off this warning, increase the logging level of 'org.springframework.security.config.annotation.authentication.configuration.InitializeUserDetailsBeanManagerConfigurer' to ERROR
2026-06-10 19:49:32.207 [main] DEBUG [] o.s.w.s.m.m.a.RequestMappingHandlerMapping - 42 mappings in 'requestMappingHandlerMapping'
2026-06-10 19:49:32.229 [main] DEBUG [] o.s.w.s.h.SimpleUrlHandlerMapping - Patterns [/webjars/**, /**, /swagger-ui*/*swagger-initializer.js, /swagger-ui*/**] in 'resourceHandlerMapping'
2026-06-10 19:49:32.271 [main] INFO  [] o.s.b.a.e.web.EndpointLinksResolver - Exposing 13 endpoints beneath base path '/actuator'
2026-06-10 19:49:32.301 [main] DEBUG [] o.s.s.web.DefaultSecurityFilterChain - Will secure any request with filters: DisableEncodeUrlFilter, WebAsyncManagerIntegrationFilter, SecurityContextHolderFilter, HeaderWriterFilter, CorsFilter, LogoutFilter, JwtAuthenticationFilter, RequestCacheAwareFilter, SecurityContextHolderAwareRequestFilter, AnonymousAuthenticationFilter, SessionManagementFilter, ExceptionTranslationFilter, AuthorizationFilter
2026-06-10 19:49:32.327 [main] DEBUG [] o.s.w.s.m.m.a.RequestMappingHandlerAdapter - ControllerAdvice beans: 0 @ModelAttribute, 0 @InitBinder, 1 RequestBodyAdvice, 1 ResponseBodyAdvice
2026-06-10 19:49:32.332 [main] DEBUG [] o.s.w.s.m.m.a.ExceptionHandlerExceptionResolver - ControllerAdvice beans: 2 @ExceptionHandler, 1 ResponseBodyAdvice
2026-06-10 19:49:32.367 [main] INFO  [] o.s.b.a.h.H2ConsoleAutoConfiguration - H2 console available at '/h2-console'. Database available at 'jdbc:h2:mem:deliverydb'
2026-06-10 19:49:32.389 [main] DEBUG [] o.s.w.f.ServerHttpObservationFilter - Filter 'webMvcObservationFilter' configured for use
2026-06-10 19:49:32.389 [main] INFO  [] o.s.b.t.m.w.SpringBootMockServletContext - Initializing Spring TestDispatcherServlet ''
2026-06-10 19:49:32.389 [main] INFO  [] o.s.t.w.s.TestDispatcherServlet - Initializing Servlet ''
2026-06-10 19:49:32.389 [main] INFO  [] o.s.t.w.s.TestDispatcherServlet - Completed initialization in 0 ms
2026-06-10 19:49:32.399 [main] INFO  [] c.d.d.c.ClienteControllerTest - Started ClienteControllerTest in 0.711 seconds (process running for 12.746)
2026-06-10 19:49:32.407 [main] DEBUG [] o.s.security.web.FilterChainProxy - Securing PATCH /api/clientes/4/status
2026-06-10 19:49:32.407 [main] WARN  [] c.d.d.s.JwtAuthenticationFilter - JWT Token não começa com Bearer String
2026-06-10 19:49:32.409 [main] DEBUG [] o.s.security.web.FilterChainProxy - Secured PATCH /api/clientes/4/status
2026-06-10 19:49:32.409 [main] DEBUG [261a7b79d0af4670] o.s.w.s.m.m.a.RequestMappingHandlerMapping - Mapped to com.deliverytech.delivery_api.controller.ClienteController#ativarDesativarCliente(Long)
2026-06-10 19:49:32.423 [main] DEBUG [261a7b79d0af4670] o.s.w.s.m.m.a.HttpEntityMethodProcessor - Using 'application/json', given [*/*] and supported [application/json, application/*+json, application/yaml]
2026-06-10 19:49:32.423 [main] DEBUG [261a7b79d0af4670] o.s.w.s.m.m.a.HttpEntityMethodProcessor - Writing [com.deliverytech.delivery_api.dto.res.ClienteResDTO@489b9d56]
2026-06-10 19:49:32.426 [main] DEBUG [] o.s.security.web.FilterChainProxy - Securing PATCH /api/clientes/4/status
2026-06-10 19:49:32.427 [main] WARN  [] c.d.d.s.JwtAuthenticationFilter - JWT Token não começa com Bearer String
2026-06-10 19:49:32.428 [main] DEBUG [] o.s.security.web.FilterChainProxy - Secured PATCH /api/clientes/4/status
2026-06-10 19:49:32.428 [main] DEBUG [f022004bb7354e97] o.s.w.s.m.m.a.RequestMappingHandlerMapping - Mapped to com.deliverytech.delivery_api.controller.ClienteController#ativarDesativarCliente(Long)
2026-06-10 19:49:32.429 [main] DEBUG [f022004bb7354e97] o.s.w.s.m.m.a.HttpEntityMethodProcessor - Using 'application/json', given [*/*] and supported [application/json, application/*+json, application/yaml]
2026-06-10 19:49:32.429 [main] DEBUG [f022004bb7354e97] o.s.w.s.m.m.a.HttpEntityMethodProcessor - Writing [com.deliverytech.delivery_api.dto.res.ClienteResDTO@2bd18a97]
2026-06-10 19:49:32.435 [main] DEBUG [] o.s.w.c.s.GenericWebApplicationContext - Closing org.springframework.web.context.support.GenericWebApplicationContext@704f0dda, started on Wed Jun 10 19:49:31 BRT 2026
2026-06-10 19:49:32.437 [main] INFO  [] o.s.o.j.LocalContainerEntityManagerFactoryBean - Closing JPA EntityManagerFactory for persistence unit 'default'
2026-06-10 19:49:32.439 [main] INFO  [] com.zaxxer.hikari.HikariDataSource - HikariPool-3 - Shutdown initiated...
2026-06-10 19:49:32.439 [main] INFO  [] com.zaxxer.hikari.HikariDataSource - HikariPool-3 - Shutdown completed.
2026-06-10 19:49:32.442 [main] INFO  [] o.s.b.d.r.RestartApplicationListener - Restart disabled due to context in which it is running
2026-06-10 19:49:32.469 [main] INFO  [] c.d.d.c.ClienteControllerTest - Starting ClienteControllerTest using Java 21.0.11 with PID 18360 (started by Santana in C:\Pasta Códiguinhos\arquitetura de sistemas fat\delivery-api\delivery-api)
2026-06-10 19:49:32.469 [main] INFO  [] c.d.d.c.ClienteControllerTest - The following 1 profile is active: "test"
2026-06-10 19:49:32.470 [main] DEBUG [] o.s.w.c.s.GenericWebApplicationContext - Refreshing org.springframework.web.context.support.GenericWebApplicationContext@2c6fcbf3
2026-06-10 19:49:32.664 [main] INFO  [] o.s.d.r.c.RepositoryConfigurationDelegate - Bootstrapping Spring Data JPA repositories in DEFAULT mode.
2026-06-10 19:49:32.680 [main] INFO  [] o.s.d.r.c.RepositoryConfigurationDelegate - Finished Spring Data repository scanning in 15 ms. Found 5 JPA repository interfaces.
2026-06-10 19:49:32.737 [main] INFO  [] o.s.o.j.p.SpringPersistenceUnitInfo - No LoadTimeWeaver setup: ignoring JPA class transformer
2026-06-10 19:49:32.738 [main] INFO  [] com.zaxxer.hikari.HikariDataSource - HikariPool-4 - Starting...
2026-06-10 19:49:32.739 [main] INFO  [] com.zaxxer.hikari.pool.HikariPool - HikariPool-4 - Added connection conn30: url=jdbc:h2:mem:deliverydb user=SA
2026-06-10 19:49:32.740 [main] INFO  [] com.zaxxer.hikari.HikariDataSource - HikariPool-4 - Start completed.
2026-06-10 19:49:32.740 [main] WARN  [] org.hibernate.orm.deprecation - HHH90000025: H2Dialect does not need to be specified explicitly using 'hibernate.dialect' (remove the property setting and it will be selected by default)
2026-06-10 19:49:32.787 [main] INFO  [] o.s.o.j.LocalContainerEntityManagerFactoryBean - Initialized JPA EntityManagerFactory for persistence unit 'default'
2026-06-10 19:49:32.811 [main] INFO  [] o.s.s.c.a.a.c.InitializeAuthenticationProviderBeanManagerConfigurer$InitializeAuthenticationProviderManagerConfigurer - Global AuthenticationManager configured with AuthenticationProvider bean with name authenticationProvider
2026-06-10 19:49:32.811 [main] WARN  [] o.s.s.c.a.a.c.InitializeUserDetailsBeanManagerConfigurer$InitializeUserDetailsManagerConfigurer - Global AuthenticationManager configured with an AuthenticationProvider bean. UserDetailsService beans will not be used by Spring Security for automatically configuring username/password login. Consider removing the AuthenticationProvider bean. Alternatively, consider using the UserDetailsService in a manually instantiated DaoAuthenticationProvider. If the current configuration is intentional, to turn off this warning, increase the logging level of 'org.springframework.security.config.annotation.authentication.configuration.InitializeUserDetailsBeanManagerConfigurer' to ERROR
2026-06-10 19:49:32.922 [main] DEBUG [] o.s.w.s.m.m.a.RequestMappingHandlerMapping - 42 mappings in 'requestMappingHandlerMapping'
2026-06-10 19:49:32.943 [main] DEBUG [] o.s.w.s.h.SimpleUrlHandlerMapping - Patterns [/webjars/**, /**, /swagger-ui*/*swagger-initializer.js, /swagger-ui*/**] in 'resourceHandlerMapping'
2026-06-10 19:49:32.979 [main] INFO  [] o.s.b.a.e.web.EndpointLinksResolver - Exposing 13 endpoints beneath base path '/actuator'
2026-06-10 19:49:33.007 [main] DEBUG [] o.s.s.web.DefaultSecurityFilterChain - Will secure any request with filters: DisableEncodeUrlFilter, WebAsyncManagerIntegrationFilter, SecurityContextHolderFilter, HeaderWriterFilter, CorsFilter, LogoutFilter, JwtAuthenticationFilter, RequestCacheAwareFilter, SecurityContextHolderAwareRequestFilter, AnonymousAuthenticationFilter, SessionManagementFilter, ExceptionTranslationFilter, AuthorizationFilter
2026-06-10 19:49:33.032 [main] DEBUG [] o.s.w.s.m.m.a.RequestMappingHandlerAdapter - ControllerAdvice beans: 0 @ModelAttribute, 0 @InitBinder, 1 RequestBodyAdvice, 1 ResponseBodyAdvice
2026-06-10 19:49:33.036 [main] DEBUG [] o.s.w.s.m.m.a.ExceptionHandlerExceptionResolver - ControllerAdvice beans: 2 @ExceptionHandler, 1 ResponseBodyAdvice
2026-06-10 19:49:33.068 [main] INFO  [] o.s.b.a.h.H2ConsoleAutoConfiguration - H2 console available at '/h2-console'. Database available at 'jdbc:h2:mem:deliverydb'
2026-06-10 19:49:33.082 [main] DEBUG [] o.s.w.f.ServerHttpObservationFilter - Filter 'webMvcObservationFilter' configured for use
2026-06-10 19:49:33.082 [main] INFO  [] o.s.b.t.m.w.SpringBootMockServletContext - Initializing Spring TestDispatcherServlet ''
2026-06-10 19:49:33.082 [main] INFO  [] o.s.t.w.s.TestDispatcherServlet - Initializing Servlet ''
2026-06-10 19:49:33.082 [main] INFO  [] o.s.t.w.s.TestDispatcherServlet - Completed initialization in 0 ms
2026-06-10 19:49:33.092 [main] INFO  [] c.d.d.c.ClienteControllerTest - Started ClienteControllerTest in 0.652 seconds (process running for 13.44)
2026-06-10 19:49:33.101 [main] DEBUG [] o.s.security.web.FilterChainProxy - Securing GET /api/clientes/email/naoexiste@email.com
2026-06-10 19:49:33.102 [main] WARN  [] c.d.d.s.JwtAuthenticationFilter - JWT Token não começa com Bearer String
2026-06-10 19:49:33.104 [main] DEBUG [] o.s.security.web.FilterChainProxy - Secured GET /api/clientes/email/naoexiste@email.com
2026-06-10 19:49:33.104 [main] DEBUG [c41149302b3e4ba9] o.s.w.s.m.m.a.RequestMappingHandlerMapping - Mapped to com.deliverytech.delivery_api.controller.ClienteController#buscarPorEmail(String)
2026-06-10 19:49:33.127 [main] DEBUG [c41149302b3e4ba9] o.s.w.s.m.m.a.ExceptionHandlerExceptionResolver - Using @ExceptionHandler com.deliverytech.delivery_api.exception.GlobalExceptionHandler#handleEntityNotFound(EntityNotFoundException, HttpServletRequest)
2026-06-10 19:49:33.134 [main] DEBUG [c41149302b3e4ba9] o.s.w.s.m.m.a.HttpEntityMethodProcessor - Using 'application/json', given [*/*] and supported [application/json, application/*+json, application/yaml]
2026-06-10 19:49:33.134 [main] DEBUG [c41149302b3e4ba9] o.s.w.s.m.m.a.HttpEntityMethodProcessor - Writing [com.deliverytech.delivery_api.dto.ErrorResponse@38e64a23]
2026-06-10 19:49:33.141 [main] DEBUG [c41149302b3e4ba9] o.s.w.s.m.m.a.ExceptionHandlerExceptionResolver - Resolved [com.deliverytech.delivery_api.exception.EntityNotFoundException: Cliente não encontrado com email: naoexiste@email.com]
2026-06-10 19:49:33.146 [main] DEBUG [] o.s.w.c.s.GenericWebApplicationContext - Closing org.springframework.web.context.support.GenericWebApplicationContext@2c6fcbf3, started on Wed Jun 10 19:49:32 BRT 2026
2026-06-10 19:49:33.149 [main] INFO  [] o.s.o.j.LocalContainerEntityManagerFactoryBean - Closing JPA EntityManagerFactory for persistence unit 'default'
2026-06-10 19:49:33.150 [main] INFO  [] com.zaxxer.hikari.HikariDataSource - HikariPool-4 - Shutdown initiated...
2026-06-10 19:49:33.152 [main] INFO  [] com.zaxxer.hikari.HikariDataSource - HikariPool-4 - Shutdown completed.
2026-06-10 19:49:33.153 [main] INFO  [] o.s.b.d.r.RestartApplicationListener - Restart disabled due to context in which it is running
2026-06-10 19:49:33.178 [main] INFO  [] c.d.d.c.ClienteControllerTest - Starting ClienteControllerTest using Java 21.0.11 with PID 18360 (started by Santana in C:\Pasta Códiguinhos\arquitetura de sistemas fat\delivery-api\delivery-api)
2026-06-10 19:49:33.178 [main] INFO  [] c.d.d.c.ClienteControllerTest - The following 1 profile is active: "test"
2026-06-10 19:49:33.179 [main] DEBUG [] o.s.w.c.s.GenericWebApplicationContext - Refreshing org.springframework.web.context.support.GenericWebApplicationContext@638392a1
2026-06-10 19:49:33.396 [main] INFO  [] o.s.d.r.c.RepositoryConfigurationDelegate - Bootstrapping Spring Data JPA repositories in DEFAULT mode.
2026-06-10 19:49:33.413 [main] INFO  [] o.s.d.r.c.RepositoryConfigurationDelegate - Finished Spring Data repository scanning in 17 ms. Found 5 JPA repository interfaces.
2026-06-10 19:49:33.477 [main] INFO  [] o.s.o.j.p.SpringPersistenceUnitInfo - No LoadTimeWeaver setup: ignoring JPA class transformer
2026-06-10 19:49:33.478 [main] INFO  [] com.zaxxer.hikari.HikariDataSource - HikariPool-5 - Starting...
2026-06-10 19:49:33.480 [main] INFO  [] com.zaxxer.hikari.pool.HikariPool - HikariPool-5 - Added connection conn40: url=jdbc:h2:mem:deliverydb user=SA
2026-06-10 19:49:33.480 [main] INFO  [] com.zaxxer.hikari.HikariDataSource - HikariPool-5 - Start completed.
2026-06-10 19:49:33.480 [main] WARN  [] org.hibernate.orm.deprecation - HHH90000025: H2Dialect does not need to be specified explicitly using 'hibernate.dialect' (remove the property setting and it will be selected by default)
2026-06-10 19:49:33.531 [main] INFO  [] o.s.o.j.LocalContainerEntityManagerFactoryBean - Initialized JPA EntityManagerFactory for persistence unit 'default'
2026-06-10 19:49:33.556 [main] INFO  [] o.s.s.c.a.a.c.InitializeAuthenticationProviderBeanManagerConfigurer$InitializeAuthenticationProviderManagerConfigurer - Global AuthenticationManager configured with AuthenticationProvider bean with name authenticationProvider
2026-06-10 19:49:33.556 [main] WARN  [] o.s.s.c.a.a.c.InitializeUserDetailsBeanManagerConfigurer$InitializeUserDetailsManagerConfigurer - Global AuthenticationManager configured with an AuthenticationProvider bean. UserDetailsService beans will not be used by Spring Security for automatically configuring username/password login. Consider removing the AuthenticationProvider bean. Alternatively, consider using the UserDetailsService in a manually instantiated DaoAuthenticationProvider. If the current configuration is intentional, to turn off this warning, increase the logging level of 'org.springframework.security.config.annotation.authentication.configuration.InitializeUserDetailsBeanManagerConfigurer' to ERROR
2026-06-10 19:49:33.669 [main] DEBUG [] o.s.w.s.m.m.a.RequestMappingHandlerMapping - 42 mappings in 'requestMappingHandlerMapping'
2026-06-10 19:49:33.690 [main] DEBUG [] o.s.w.s.h.SimpleUrlHandlerMapping - Patterns [/webjars/**, /**, /swagger-ui*/*swagger-initializer.js, /swagger-ui*/**] in 'resourceHandlerMapping'
2026-06-10 19:49:33.729 [main] INFO  [] o.s.b.a.e.web.EndpointLinksResolver - Exposing 13 endpoints beneath base path '/actuator'
2026-06-10 19:49:33.757 [main] DEBUG [] o.s.s.web.DefaultSecurityFilterChain - Will secure any request with filters: DisableEncodeUrlFilter, WebAsyncManagerIntegrationFilter, SecurityContextHolderFilter, HeaderWriterFilter, CorsFilter, LogoutFilter, JwtAuthenticationFilter, RequestCacheAwareFilter, SecurityContextHolderAwareRequestFilter, AnonymousAuthenticationFilter, SessionManagementFilter, ExceptionTranslationFilter, AuthorizationFilter
2026-06-10 19:49:33.780 [main] DEBUG [] o.s.w.s.m.m.a.RequestMappingHandlerAdapter - ControllerAdvice beans: 0 @ModelAttribute, 0 @InitBinder, 1 RequestBodyAdvice, 1 ResponseBodyAdvice
2026-06-10 19:49:33.785 [main] DEBUG [] o.s.w.s.m.m.a.ExceptionHandlerExceptionResolver - ControllerAdvice beans: 2 @ExceptionHandler, 1 ResponseBodyAdvice
2026-06-10 19:49:33.816 [main] INFO  [] o.s.b.a.h.H2ConsoleAutoConfiguration - H2 console available at '/h2-console'. Database available at 'jdbc:h2:mem:deliverydb'
2026-06-10 19:49:33.829 [main] DEBUG [] o.s.w.f.ServerHttpObservationFilter - Filter 'webMvcObservationFilter' configured for use
2026-06-10 19:49:33.829 [main] INFO  [] o.s.b.t.m.w.SpringBootMockServletContext - Initializing Spring TestDispatcherServlet ''
2026-06-10 19:49:33.829 [main] INFO  [] o.s.t.w.s.TestDispatcherServlet - Initializing Servlet ''
2026-06-10 19:49:33.830 [main] INFO  [] o.s.t.w.s.TestDispatcherServlet - Completed initialization in 1 ms
2026-06-10 19:49:33.838 [main] INFO  [] c.d.d.c.ClienteControllerTest - Started ClienteControllerTest in 0.685 seconds (process running for 14.186)
2026-06-10 19:49:33.846 [main] DEBUG [] o.s.security.web.FilterChainProxy - Securing GET /api/clientes/4
2026-06-10 19:49:33.846 [main] WARN  [] c.d.d.s.JwtAuthenticationFilter - JWT Token não começa com Bearer String
2026-06-10 19:49:33.847 [main] DEBUG [] o.s.security.web.FilterChainProxy - Secured GET /api/clientes/4
2026-06-10 19:49:33.848 [main] DEBUG [0e5e002f29cc40a9] o.s.w.s.m.m.a.RequestMappingHandlerMapping - Mapped to com.deliverytech.delivery_api.controller.ClienteController#buscarPorId(Long)
2026-06-10 19:49:33.854 [main] DEBUG [0e5e002f29cc40a9] o.s.w.s.m.m.a.HttpEntityMethodProcessor - Using 'application/json', given [*/*] and supported [application/json, application/*+json, application/yaml]
2026-06-10 19:49:33.854 [main] DEBUG [0e5e002f29cc40a9] o.s.w.s.m.m.a.HttpEntityMethodProcessor - Writing [com.deliverytech.delivery_api.dto.res.ClienteResDTO@7436ac33]
2026-06-10 19:49:33.860 [main] DEBUG [] o.s.w.c.s.GenericWebApplicationContext - Closing org.springframework.web.context.support.GenericWebApplicationContext@638392a1, started on Wed Jun 10 19:49:33 BRT 2026
2026-06-10 19:49:33.862 [main] INFO  [] o.s.o.j.LocalContainerEntityManagerFactoryBean - Closing JPA EntityManagerFactory for persistence unit 'default'
2026-06-10 19:49:33.863 [main] INFO  [] com.zaxxer.hikari.HikariDataSource - HikariPool-5 - Shutdown initiated...
2026-06-10 19:49:33.867 [main] INFO  [] com.zaxxer.hikari.HikariDataSource - HikariPool-5 - Shutdown completed.
2026-06-10 19:49:33.868 [main] INFO  [] o.s.b.d.r.RestartApplicationListener - Restart disabled due to context in which it is running
2026-06-10 19:49:33.890 [main] INFO  [] c.d.d.c.ClienteControllerTest - Starting ClienteControllerTest using Java 21.0.11 with PID 18360 (started by Santana in C:\Pasta Códiguinhos\arquitetura de sistemas fat\delivery-api\delivery-api)
2026-06-10 19:49:33.890 [main] INFO  [] c.d.d.c.ClienteControllerTest - The following 1 profile is active: "test"
2026-06-10 19:49:33.891 [main] DEBUG [] o.s.w.c.s.GenericWebApplicationContext - Refreshing org.springframework.web.context.support.GenericWebApplicationContext@2768251d
2026-06-10 19:49:34.068 [main] INFO  [] o.s.d.r.c.RepositoryConfigurationDelegate - Bootstrapping Spring Data JPA repositories in DEFAULT mode.
2026-06-10 19:49:34.084 [main] INFO  [] o.s.d.r.c.RepositoryConfigurationDelegate - Finished Spring Data repository scanning in 14 ms. Found 5 JPA repository interfaces.
2026-06-10 19:49:34.137 [main] INFO  [] o.s.o.j.p.SpringPersistenceUnitInfo - No LoadTimeWeaver setup: ignoring JPA class transformer
2026-06-10 19:49:34.137 [main] INFO  [] com.zaxxer.hikari.HikariDataSource - HikariPool-6 - Starting...
2026-06-10 19:49:34.138 [main] INFO  [] com.zaxxer.hikari.pool.HikariPool - HikariPool-6 - Added connection conn50: url=jdbc:h2:mem:deliverydb user=SA
2026-06-10 19:49:34.139 [main] INFO  [] com.zaxxer.hikari.HikariDataSource - HikariPool-6 - Start completed.
2026-06-10 19:49:34.139 [main] WARN  [] org.hibernate.orm.deprecation - HHH90000025: H2Dialect does not need to be specified explicitly using 'hibernate.dialect' (remove the property setting and it will be selected by default)
2026-06-10 19:49:34.185 [main] INFO  [] o.s.o.j.LocalContainerEntityManagerFactoryBean - Initialized JPA EntityManagerFactory for persistence unit 'default'
2026-06-10 19:49:34.207 [main] INFO  [] o.s.s.c.a.a.c.InitializeAuthenticationProviderBeanManagerConfigurer$InitializeAuthenticationProviderManagerConfigurer - Global AuthenticationManager configured with AuthenticationProvider bean with name authenticationProvider
2026-06-10 19:49:34.208 [main] WARN  [] o.s.s.c.a.a.c.InitializeUserDetailsBeanManagerConfigurer$InitializeUserDetailsManagerConfigurer - Global AuthenticationManager configured with an AuthenticationProvider bean. UserDetailsService beans will not be used by Spring Security for automatically configuring username/password login. Consider removing the AuthenticationProvider bean. Alternatively, consider using the UserDetailsService in a manually instantiated DaoAuthenticationProvider. If the current configuration is intentional, to turn off this warning, increase the logging level of 'org.springframework.security.config.annotation.authentication.configuration.InitializeUserDetailsBeanManagerConfigurer' to ERROR
2026-06-10 19:49:34.302 [main] DEBUG [] o.s.w.s.m.m.a.RequestMappingHandlerMapping - 42 mappings in 'requestMappingHandlerMapping'
2026-06-10 19:49:34.324 [main] DEBUG [] o.s.w.s.h.SimpleUrlHandlerMapping - Patterns [/webjars/**, /**, /swagger-ui*/*swagger-initializer.js, /swagger-ui*/**] in 'resourceHandlerMapping'
2026-06-10 19:49:34.364 [main] INFO  [] o.s.b.a.e.web.EndpointLinksResolver - Exposing 13 endpoints beneath base path '/actuator'
2026-06-10 19:49:34.393 [main] DEBUG [] o.s.s.web.DefaultSecurityFilterChain - Will secure any request with filters: DisableEncodeUrlFilter, WebAsyncManagerIntegrationFilter, SecurityContextHolderFilter, HeaderWriterFilter, CorsFilter, LogoutFilter, JwtAuthenticationFilter, RequestCacheAwareFilter, SecurityContextHolderAwareRequestFilter, AnonymousAuthenticationFilter, SessionManagementFilter, ExceptionTranslationFilter, AuthorizationFilter
2026-06-10 19:49:34.420 [main] DEBUG [] o.s.w.s.m.m.a.RequestMappingHandlerAdapter - ControllerAdvice beans: 0 @ModelAttribute, 0 @InitBinder, 1 RequestBodyAdvice, 1 ResponseBodyAdvice
2026-06-10 19:49:34.424 [main] DEBUG [] o.s.w.s.m.m.a.ExceptionHandlerExceptionResolver - ControllerAdvice beans: 2 @ExceptionHandler, 1 ResponseBodyAdvice
2026-06-10 19:49:34.468 [main] INFO  [] o.s.b.a.h.H2ConsoleAutoConfiguration - H2 console available at '/h2-console'. Database available at 'jdbc:h2:mem:deliverydb'
2026-06-10 19:49:34.481 [main] DEBUG [] o.s.w.f.ServerHttpObservationFilter - Filter 'webMvcObservationFilter' configured for use
2026-06-10 19:49:34.482 [main] INFO  [] o.s.b.t.m.w.SpringBootMockServletContext - Initializing Spring TestDispatcherServlet ''
2026-06-10 19:49:34.482 [main] INFO  [] o.s.t.w.s.TestDispatcherServlet - Initializing Servlet ''
2026-06-10 19:49:34.482 [main] INFO  [] o.s.t.w.s.TestDispatcherServlet - Completed initialization in 0 ms
2026-06-10 19:49:34.494 [main] INFO  [] c.d.d.c.ClienteControllerTest - Started ClienteControllerTest in 0.625 seconds (process running for 14.842)
2026-06-10 19:49:34.505 [main] DEBUG [] o.s.security.web.FilterChainProxy - Securing PUT /api/clientes/4
2026-06-10 19:49:34.506 [main] WARN  [] c.d.d.s.JwtAuthenticationFilter - JWT Token não começa com Bearer String
2026-06-10 19:49:34.507 [main] DEBUG [] o.s.security.web.FilterChainProxy - Secured PUT /api/clientes/4
2026-06-10 19:49:34.508 [main] DEBUG [3740e5bff7284bd1] o.s.w.s.m.m.a.RequestMappingHandlerMapping - Mapped to com.deliverytech.delivery_api.controller.ClienteController#atualizarCliente(Long, ClienteReqDTO)
2026-06-10 19:49:34.510 [main] DEBUG [3740e5bff7284bd1] o.s.w.s.m.m.a.RequestResponseBodyMethodProcessor - Read "application/json;charset=UTF-8" to [com.deliverytech.delivery_api.dto.req.ClienteReqDTO@3443316d]
2026-06-10 19:49:34.517 [main] DEBUG [3740e5bff7284bd1] o.s.w.s.m.m.a.HttpEntityMethodProcessor - Using 'application/json', given [*/*] and supported [application/json, application/*+json, application/yaml]
2026-06-10 19:49:34.518 [main] DEBUG [3740e5bff7284bd1] o.s.w.s.m.m.a.HttpEntityMethodProcessor - Writing [com.deliverytech.delivery_api.dto.res.ClienteResDTO@7a781ee6]
2026-06-10 19:49:34.525 [main] DEBUG [] o.s.w.c.s.GenericWebApplicationContext - Closing org.springframework.web.context.support.GenericWebApplicationContext@2768251d, started on Wed Jun 10 19:49:33 BRT 2026
2026-06-10 19:49:34.527 [main] INFO  [] o.s.o.j.LocalContainerEntityManagerFactoryBean - Closing JPA EntityManagerFactory for persistence unit 'default'
2026-06-10 19:49:34.529 [main] INFO  [] com.zaxxer.hikari.HikariDataSource - HikariPool-6 - Shutdown initiated...
2026-06-10 19:49:34.529 [main] INFO  [] com.zaxxer.hikari.HikariDataSource - HikariPool-6 - Shutdown completed.
2026-06-10 19:49:34.531 [main] INFO  [] o.s.b.d.r.RestartApplicationListener - Restart disabled due to context in which it is running
2026-06-10 19:49:34.552 [main] INFO  [] c.d.d.c.ClienteControllerTest - Starting ClienteControllerTest using Java 21.0.11 with PID 18360 (started by Santana in C:\Pasta Códiguinhos\arquitetura de sistemas fat\delivery-api\delivery-api)
2026-06-10 19:49:34.552 [main] INFO  [] c.d.d.c.ClienteControllerTest - The following 1 profile is active: "test"
2026-06-10 19:49:34.554 [main] DEBUG [] o.s.w.c.s.GenericWebApplicationContext - Refreshing org.springframework.web.context.support.GenericWebApplicationContext@5315278c
2026-06-10 19:49:34.737 [main] INFO  [] o.s.d.r.c.RepositoryConfigurationDelegate - Bootstrapping Spring Data JPA repositories in DEFAULT mode.
2026-06-10 19:49:34.754 [main] INFO  [] o.s.d.r.c.RepositoryConfigurationDelegate - Finished Spring Data repository scanning in 15 ms. Found 5 JPA repository interfaces.
2026-06-10 19:49:34.802 [main] INFO  [] o.s.o.j.p.SpringPersistenceUnitInfo - No LoadTimeWeaver setup: ignoring JPA class transformer
2026-06-10 19:49:34.803 [main] INFO  [] com.zaxxer.hikari.HikariDataSource - HikariPool-7 - Starting...
2026-06-10 19:49:34.804 [main] INFO  [] com.zaxxer.hikari.pool.HikariPool - HikariPool-7 - Added connection conn60: url=jdbc:h2:mem:deliverydb user=SA
2026-06-10 19:49:34.805 [main] INFO  [] com.zaxxer.hikari.HikariDataSource - HikariPool-7 - Start completed.
2026-06-10 19:49:34.805 [main] WARN  [] org.hibernate.orm.deprecation - HHH90000025: H2Dialect does not need to be specified explicitly using 'hibernate.dialect' (remove the property setting and it will be selected by default)
2026-06-10 19:49:34.846 [main] INFO  [] o.s.o.j.LocalContainerEntityManagerFactoryBean - Initialized JPA EntityManagerFactory for persistence unit 'default'
2026-06-10 19:49:34.868 [main] INFO  [] o.s.s.c.a.a.c.InitializeAuthenticationProviderBeanManagerConfigurer$InitializeAuthenticationProviderManagerConfigurer - Global AuthenticationManager configured with AuthenticationProvider bean with name authenticationProvider
2026-06-10 19:49:34.868 [main] WARN  [] o.s.s.c.a.a.c.InitializeUserDetailsBeanManagerConfigurer$InitializeUserDetailsManagerConfigurer - Global AuthenticationManager configured with an AuthenticationProvider bean. UserDetailsService beans will not be used by Spring Security for automatically configuring username/password login. Consider removing the AuthenticationProvider bean. Alternatively, consider using the UserDetailsService in a manually instantiated DaoAuthenticationProvider. If the current configuration is intentional, to turn off this warning, increase the logging level of 'org.springframework.security.config.annotation.authentication.configuration.InitializeUserDetailsBeanManagerConfigurer' to ERROR
2026-06-10 19:49:34.969 [main] DEBUG [] o.s.w.s.m.m.a.RequestMappingHandlerMapping - 42 mappings in 'requestMappingHandlerMapping'
2026-06-10 19:49:34.997 [main] DEBUG [] o.s.w.s.h.SimpleUrlHandlerMapping - Patterns [/webjars/**, /**, /swagger-ui*/*swagger-initializer.js, /swagger-ui*/**] in 'resourceHandlerMapping'
2026-06-10 19:49:35.035 [main] INFO  [] o.s.b.a.e.web.EndpointLinksResolver - Exposing 13 endpoints beneath base path '/actuator'
2026-06-10 19:49:35.062 [main] DEBUG [] o.s.s.web.DefaultSecurityFilterChain - Will secure any request with filters: DisableEncodeUrlFilter, WebAsyncManagerIntegrationFilter, SecurityContextHolderFilter, HeaderWriterFilter, CorsFilter, LogoutFilter, JwtAuthenticationFilter, RequestCacheAwareFilter, SecurityContextHolderAwareRequestFilter, AnonymousAuthenticationFilter, SessionManagementFilter, ExceptionTranslationFilter, AuthorizationFilter
2026-06-10 19:49:35.086 [main] DEBUG [] o.s.w.s.m.m.a.RequestMappingHandlerAdapter - ControllerAdvice beans: 0 @ModelAttribute, 0 @InitBinder, 1 RequestBodyAdvice, 1 ResponseBodyAdvice
2026-06-10 19:49:35.091 [main] DEBUG [] o.s.w.s.m.m.a.ExceptionHandlerExceptionResolver - ControllerAdvice beans: 2 @ExceptionHandler, 1 ResponseBodyAdvice
2026-06-10 19:49:35.121 [main] INFO  [] o.s.b.a.h.H2ConsoleAutoConfiguration - H2 console available at '/h2-console'. Database available at 'jdbc:h2:mem:deliverydb'
2026-06-10 19:49:35.141 [main] DEBUG [] o.s.w.f.ServerHttpObservationFilter - Filter 'webMvcObservationFilter' configured for use
2026-06-10 19:49:35.141 [main] INFO  [] o.s.b.t.m.w.SpringBootMockServletContext - Initializing Spring TestDispatcherServlet ''
2026-06-10 19:49:35.141 [main] INFO  [] o.s.t.w.s.TestDispatcherServlet - Initializing Servlet ''
2026-06-10 19:49:35.141 [main] INFO  [] o.s.t.w.s.TestDispatcherServlet - Completed initialization in 0 ms
2026-06-10 19:49:35.149 [main] INFO  [] c.d.d.c.ClienteControllerTest - Started ClienteControllerTest in 0.618 seconds (process running for 15.497)
2026-06-10 19:49:35.156 [main] DEBUG [] o.s.security.web.FilterChainProxy - Securing PUT /api/clientes/999999
2026-06-10 19:49:35.157 [main] WARN  [] c.d.d.s.JwtAuthenticationFilter - JWT Token não começa com Bearer String
2026-06-10 19:49:35.158 [main] DEBUG [] o.s.security.web.FilterChainProxy - Secured PUT /api/clientes/999999
2026-06-10 19:49:35.159 [main] DEBUG [edc92957e47246bb] o.s.w.s.m.m.a.RequestMappingHandlerMapping - Mapped to com.deliverytech.delivery_api.controller.ClienteController#atualizarCliente(Long, ClienteReqDTO)
2026-06-10 19:49:35.160 [main] DEBUG [edc92957e47246bb] o.s.w.s.m.m.a.RequestResponseBodyMethodProcessor - Read "application/json;charset=UTF-8" to [com.deliverytech.delivery_api.dto.req.ClienteReqDTO@6df32d2f]
2026-06-10 19:49:35.167 [main] DEBUG [edc92957e47246bb] o.s.w.s.m.m.a.ExceptionHandlerExceptionResolver - Using @ExceptionHandler com.deliverytech.delivery_api.exception.GlobalExceptionHandler#handleEntityNotFound(EntityNotFoundException, HttpServletRequest)
2026-06-10 19:49:35.170 [main] DEBUG [edc92957e47246bb] o.s.w.s.m.m.a.HttpEntityMethodProcessor - Using 'application/json', given [*/*] and supported [application/json, application/*+json, application/yaml]
2026-06-10 19:49:35.171 [main] DEBUG [edc92957e47246bb] o.s.w.s.m.m.a.HttpEntityMethodProcessor - Writing [com.deliverytech.delivery_api.dto.ErrorResponse@95ff051]
2026-06-10 19:49:35.171 [main] DEBUG [edc92957e47246bb] o.s.w.s.m.m.a.ExceptionHandlerExceptionResolver - Resolved [com.deliverytech.delivery_api.exception.EntityNotFoundException: Cliente não encontrado com ID: 999999]
2026-06-10 19:49:35.177 [main] DEBUG [] o.s.w.c.s.GenericWebApplicationContext - Closing org.springframework.web.context.support.GenericWebApplicationContext@5315278c, started on Wed Jun 10 19:49:34 BRT 2026
2026-06-10 19:49:35.178 [main] INFO  [] o.s.o.j.LocalContainerEntityManagerFactoryBean - Closing JPA EntityManagerFactory for persistence unit 'default'
2026-06-10 19:49:35.180 [main] INFO  [] com.zaxxer.hikari.HikariDataSource - HikariPool-7 - Shutdown initiated...
2026-06-10 19:49:35.204 [main] INFO  [] com.zaxxer.hikari.HikariDataSource - HikariPool-7 - Shutdown completed.
2026-06-10 19:49:35.206 [main] INFO  [] o.s.b.d.r.RestartApplicationListener - Restart disabled due to context in which it is running
2026-06-10 19:49:35.228 [main] INFO  [] c.d.d.c.ClienteControllerTest - Starting ClienteControllerTest using Java 21.0.11 with PID 18360 (started by Santana in C:\Pasta Códiguinhos\arquitetura de sistemas fat\delivery-api\delivery-api)
2026-06-10 19:49:35.228 [main] INFO  [] c.d.d.c.ClienteControllerTest - The following 1 profile is active: "test"
2026-06-10 19:49:35.229 [main] DEBUG [] o.s.w.c.s.GenericWebApplicationContext - Refreshing org.springframework.web.context.support.GenericWebApplicationContext@5568f81
2026-06-10 19:49:35.402 [main] INFO  [] o.s.d.r.c.RepositoryConfigurationDelegate - Bootstrapping Spring Data JPA repositories in DEFAULT mode.
2026-06-10 19:49:35.417 [main] INFO  [] o.s.d.r.c.RepositoryConfigurationDelegate - Finished Spring Data repository scanning in 14 ms. Found 5 JPA repository interfaces.
2026-06-10 19:49:35.466 [main] INFO  [] o.s.o.j.p.SpringPersistenceUnitInfo - No LoadTimeWeaver setup: ignoring JPA class transformer
2026-06-10 19:49:35.467 [main] INFO  [] com.zaxxer.hikari.HikariDataSource - HikariPool-8 - Starting...
2026-06-10 19:49:35.468 [main] INFO  [] com.zaxxer.hikari.pool.HikariPool - HikariPool-8 - Added connection conn70: url=jdbc:h2:mem:deliverydb user=SA
2026-06-10 19:49:35.468 [main] INFO  [] com.zaxxer.hikari.HikariDataSource - HikariPool-8 - Start completed.
2026-06-10 19:49:35.469 [main] WARN  [] org.hibernate.orm.deprecation - HHH90000025: H2Dialect does not need to be specified explicitly using 'hibernate.dialect' (remove the property setting and it will be selected by default)
2026-06-10 19:49:35.510 [main] INFO  [] o.s.o.j.LocalContainerEntityManagerFactoryBean - Initialized JPA EntityManagerFactory for persistence unit 'default'
2026-06-10 19:49:35.531 [main] INFO  [] o.s.s.c.a.a.c.InitializeAuthenticationProviderBeanManagerConfigurer$InitializeAuthenticationProviderManagerConfigurer - Global AuthenticationManager configured with AuthenticationProvider bean with name authenticationProvider
2026-06-10 19:49:35.531 [main] WARN  [] o.s.s.c.a.a.c.InitializeUserDetailsBeanManagerConfigurer$InitializeUserDetailsManagerConfigurer - Global AuthenticationManager configured with an AuthenticationProvider bean. UserDetailsService beans will not be used by Spring Security for automatically configuring username/password login. Consider removing the AuthenticationProvider bean. Alternatively, consider using the UserDetailsService in a manually instantiated DaoAuthenticationProvider. If the current configuration is intentional, to turn off this warning, increase the logging level of 'org.springframework.security.config.annotation.authentication.configuration.InitializeUserDetailsBeanManagerConfigurer' to ERROR
2026-06-10 19:49:35.625 [main] DEBUG [] o.s.w.s.m.m.a.RequestMappingHandlerMapping - 42 mappings in 'requestMappingHandlerMapping'
2026-06-10 19:49:35.645 [main] DEBUG [] o.s.w.s.h.SimpleUrlHandlerMapping - Patterns [/webjars/**, /**, /swagger-ui*/*swagger-initializer.js, /swagger-ui*/**] in 'resourceHandlerMapping'
2026-06-10 19:49:35.688 [main] INFO  [] o.s.b.a.e.web.EndpointLinksResolver - Exposing 13 endpoints beneath base path '/actuator'
2026-06-10 19:49:35.714 [main] DEBUG [] o.s.s.web.DefaultSecurityFilterChain - Will secure any request with filters: DisableEncodeUrlFilter, WebAsyncManagerIntegrationFilter, SecurityContextHolderFilter, HeaderWriterFilter, CorsFilter, LogoutFilter, JwtAuthenticationFilter, RequestCacheAwareFilter, SecurityContextHolderAwareRequestFilter, AnonymousAuthenticationFilter, SessionManagementFilter, ExceptionTranslationFilter, AuthorizationFilter
2026-06-10 19:49:35.734 [main] DEBUG [] o.s.w.s.m.m.a.RequestMappingHandlerAdapter - ControllerAdvice beans: 0 @ModelAttribute, 0 @InitBinder, 1 RequestBodyAdvice, 1 ResponseBodyAdvice
2026-06-10 19:49:35.738 [main] DEBUG [] o.s.w.s.m.m.a.ExceptionHandlerExceptionResolver - ControllerAdvice beans: 2 @ExceptionHandler, 1 ResponseBodyAdvice
2026-06-10 19:49:35.766 [main] INFO  [] o.s.b.a.h.H2ConsoleAutoConfiguration - H2 console available at '/h2-console'. Database available at 'jdbc:h2:mem:deliverydb'
2026-06-10 19:49:35.780 [main] DEBUG [] o.s.w.f.ServerHttpObservationFilter - Filter 'webMvcObservationFilter' configured for use
2026-06-10 19:49:35.780 [main] INFO  [] o.s.b.t.m.w.SpringBootMockServletContext - Initializing Spring TestDispatcherServlet ''
2026-06-10 19:49:35.780 [main] INFO  [] o.s.t.w.s.TestDispatcherServlet - Initializing Servlet ''
2026-06-10 19:49:35.780 [main] INFO  [] o.s.t.w.s.TestDispatcherServlet - Completed initialization in 0 ms
2026-06-10 19:49:35.788 [main] INFO  [] c.d.d.c.ClienteControllerTest - Started ClienteControllerTest in 0.582 seconds (process running for 16.136)
2026-06-10 19:49:35.795 [main] DEBUG [] o.s.security.web.FilterChainProxy - Securing GET /api/clientes/email/joao.teste@email.com
2026-06-10 19:49:35.796 [main] WARN  [] c.d.d.s.JwtAuthenticationFilter - JWT Token não começa com Bearer String
2026-06-10 19:49:35.797 [main] DEBUG [] o.s.security.web.FilterChainProxy - Secured GET /api/clientes/email/joao.teste@email.com
2026-06-10 19:49:35.798 [main] DEBUG [bbb309a488d842d0] o.s.w.s.m.m.a.RequestMappingHandlerMapping - Mapped to com.deliverytech.delivery_api.controller.ClienteController#buscarPorEmail(String)
2026-06-10 19:49:35.802 [main] DEBUG [bbb309a488d842d0] o.s.w.s.m.m.a.HttpEntityMethodProcessor - Using 'application/json', given [*/*] and supported [application/json, application/*+json, application/yaml]
2026-06-10 19:49:35.802 [main] DEBUG [bbb309a488d842d0] o.s.w.s.m.m.a.HttpEntityMethodProcessor - Writing [com.deliverytech.delivery_api.dto.res.ClienteResDTO@4ea6c853]
2026-06-10 19:49:35.807 [main] DEBUG [] o.s.w.c.s.GenericWebApplicationContext - Closing org.springframework.web.context.support.GenericWebApplicationContext@5568f81, started on Wed Jun 10 19:49:35 BRT 2026
2026-06-10 19:49:35.809 [main] INFO  [] o.s.o.j.LocalContainerEntityManagerFactoryBean - Closing JPA EntityManagerFactory for persistence unit 'default'
2026-06-10 19:49:35.810 [main] INFO  [] com.zaxxer.hikari.HikariDataSource - HikariPool-8 - Shutdown initiated...
2026-06-10 19:49:35.816 [main] INFO  [] com.zaxxer.hikari.HikariDataSource - HikariPool-8 - Shutdown completed.
2026-06-10 19:49:35.817 [main] INFO  [] o.s.b.d.r.RestartApplicationListener - Restart disabled due to context in which it is running
2026-06-10 19:49:35.836 [main] INFO  [] c.d.d.c.ClienteControllerTest - Starting ClienteControllerTest using Java 21.0.11 with PID 18360 (started by Santana in C:\Pasta Códiguinhos\arquitetura de sistemas fat\delivery-api\delivery-api)
2026-06-10 19:49:35.836 [main] INFO  [] c.d.d.c.ClienteControllerTest - The following 1 profile is active: "test"
2026-06-10 19:49:35.837 [main] DEBUG [] o.s.w.c.s.GenericWebApplicationContext - Refreshing org.springframework.web.context.support.GenericWebApplicationContext@2ebdf26c
2026-06-10 19:49:36.000 [main] INFO  [] o.s.d.r.c.RepositoryConfigurationDelegate - Bootstrapping Spring Data JPA repositories in DEFAULT mode.
2026-06-10 19:49:36.016 [main] INFO  [] o.s.d.r.c.RepositoryConfigurationDelegate - Finished Spring Data repository scanning in 15 ms. Found 5 JPA repository interfaces.
2026-06-10 19:49:36.064 [main] INFO  [] o.s.o.j.p.SpringPersistenceUnitInfo - No LoadTimeWeaver setup: ignoring JPA class transformer
2026-06-10 19:49:36.065 [main] INFO  [] com.zaxxer.hikari.HikariDataSource - HikariPool-9 - Starting...
2026-06-10 19:49:36.066 [main] INFO  [] com.zaxxer.hikari.pool.HikariPool - HikariPool-9 - Added connection conn78: url=jdbc:h2:mem:deliverydb user=SA
2026-06-10 19:49:36.066 [main] INFO  [] com.zaxxer.hikari.HikariDataSource - HikariPool-9 - Start completed.
2026-06-10 19:49:36.066 [main] WARN  [] org.hibernate.orm.deprecation - HHH90000025: H2Dialect does not need to be specified explicitly using 'hibernate.dialect' (remove the property setting and it will be selected by default)
2026-06-10 19:49:36.107 [main] INFO  [] o.s.o.j.LocalContainerEntityManagerFactoryBean - Initialized JPA EntityManagerFactory for persistence unit 'default'
2026-06-10 19:49:36.128 [main] INFO  [] o.s.s.c.a.a.c.InitializeAuthenticationProviderBeanManagerConfigurer$InitializeAuthenticationProviderManagerConfigurer - Global AuthenticationManager configured with AuthenticationProvider bean with name authenticationProvider
2026-06-10 19:49:36.128 [main] WARN  [] o.s.s.c.a.a.c.InitializeUserDetailsBeanManagerConfigurer$InitializeUserDetailsManagerConfigurer - Global AuthenticationManager configured with an AuthenticationProvider bean. UserDetailsService beans will not be used by Spring Security for automatically configuring username/password login. Consider removing the AuthenticationProvider bean. Alternatively, consider using the UserDetailsService in a manually instantiated DaoAuthenticationProvider. If the current configuration is intentional, to turn off this warning, increase the logging level of 'org.springframework.security.config.annotation.authentication.configuration.InitializeUserDetailsBeanManagerConfigurer' to ERROR
2026-06-10 19:49:36.227 [main] DEBUG [] o.s.w.s.m.m.a.RequestMappingHandlerMapping - 42 mappings in 'requestMappingHandlerMapping'
2026-06-10 19:49:36.249 [main] DEBUG [] o.s.w.s.h.SimpleUrlHandlerMapping - Patterns [/webjars/**, /**, /swagger-ui*/*swagger-initializer.js, /swagger-ui*/**] in 'resourceHandlerMapping'
2026-06-10 19:49:36.282 [main] INFO  [] o.s.b.a.e.web.EndpointLinksResolver - Exposing 13 endpoints beneath base path '/actuator'
2026-06-10 19:49:36.310 [main] DEBUG [] o.s.s.web.DefaultSecurityFilterChain - Will secure any request with filters: DisableEncodeUrlFilter, WebAsyncManagerIntegrationFilter, SecurityContextHolderFilter, HeaderWriterFilter, CorsFilter, LogoutFilter, JwtAuthenticationFilter, RequestCacheAwareFilter, SecurityContextHolderAwareRequestFilter, AnonymousAuthenticationFilter, SessionManagementFilter, ExceptionTranslationFilter, AuthorizationFilter
2026-06-10 19:49:36.335 [main] DEBUG [] o.s.w.s.m.m.a.RequestMappingHandlerAdapter - ControllerAdvice beans: 0 @ModelAttribute, 0 @InitBinder, 1 RequestBodyAdvice, 1 ResponseBodyAdvice
2026-06-10 19:49:36.340 [main] DEBUG [] o.s.w.s.m.m.a.ExceptionHandlerExceptionResolver - ControllerAdvice beans: 2 @ExceptionHandler, 1 ResponseBodyAdvice
2026-06-10 19:49:36.370 [main] INFO  [] o.s.b.a.h.H2ConsoleAutoConfiguration - H2 console available at '/h2-console'. Database available at 'jdbc:h2:mem:deliverydb'
2026-06-10 19:49:36.382 [main] DEBUG [] o.s.w.f.ServerHttpObservationFilter - Filter 'webMvcObservationFilter' configured for use
2026-06-10 19:49:36.382 [main] INFO  [] o.s.b.t.m.w.SpringBootMockServletContext - Initializing Spring TestDispatcherServlet ''
2026-06-10 19:49:36.382 [main] INFO  [] o.s.t.w.s.TestDispatcherServlet - Initializing Servlet ''
2026-06-10 19:49:36.383 [main] INFO  [] o.s.t.w.s.TestDispatcherServlet - Completed initialization in 1 ms
2026-06-10 19:49:36.392 [main] INFO  [] c.d.d.c.ClienteControllerTest - Started ClienteControllerTest in 0.575 seconds (process running for 16.739)
2026-06-10 19:49:36.399 [main] DEBUG [] o.s.security.web.FilterChainProxy - Securing GET /api/clientes
2026-06-10 19:49:36.399 [main] WARN  [] c.d.d.s.JwtAuthenticationFilter - JWT Token não começa com Bearer String
2026-06-10 19:49:36.400 [main] DEBUG [] o.s.security.web.FilterChainProxy - Secured GET /api/clientes
2026-06-10 19:49:36.400 [main] DEBUG [616f2e4809364c06] o.s.w.s.m.m.a.RequestMappingHandlerMapping - Mapped to com.deliverytech.delivery_api.controller.ClienteController#listarClientesAtivos()
2026-06-10 19:49:36.417 [main] DEBUG [616f2e4809364c06] o.s.w.s.m.m.a.HttpEntityMethodProcessor - Using 'application/json', given [*/*] and supported [application/json, application/*+json, application/yaml]
2026-06-10 19:49:36.417 [main] DEBUG [616f2e4809364c06] o.s.w.s.m.m.a.HttpEntityMethodProcessor - Writing [[com.deliverytech.delivery_api.dto.res.ClienteResDTO@687bdd05, com.deliverytech.delivery_api.dto.res (truncated)...]
2026-06-10 19:49:36.428 [main] DEBUG [] o.s.w.c.s.GenericWebApplicationContext - Closing org.springframework.web.context.support.GenericWebApplicationContext@2ebdf26c, started on Wed Jun 10 19:49:35 BRT 2026
2026-06-10 19:49:36.430 [main] INFO  [] o.s.o.j.LocalContainerEntityManagerFactoryBean - Closing JPA EntityManagerFactory for persistence unit 'default'
2026-06-10 19:49:36.432 [main] INFO  [] com.zaxxer.hikari.HikariDataSource - HikariPool-9 - Shutdown initiated...
2026-06-10 19:49:36.462 [main] INFO  [] com.zaxxer.hikari.HikariDataSource - HikariPool-9 - Shutdown completed.
2026-06-10 19:49:36.463 [main] INFO  [] o.s.b.d.r.RestartApplicationListener - Restart disabled due to context in which it is running
2026-06-10 19:49:36.480 [main] INFO  [] c.d.d.c.ClienteControllerTest - Starting ClienteControllerTest using Java 21.0.11 with PID 18360 (started by Santana in C:\Pasta Códiguinhos\arquitetura de sistemas fat\delivery-api\delivery-api)
2026-06-10 19:49:36.482 [main] INFO  [] c.d.d.c.ClienteControllerTest - The following 1 profile is active: "test"
2026-06-10 19:49:36.482 [main] DEBUG [] o.s.w.c.s.GenericWebApplicationContext - Refreshing org.springframework.web.context.support.GenericWebApplicationContext@6e6f1e3d
2026-06-10 19:49:36.632 [main] INFO  [] o.s.d.r.c.RepositoryConfigurationDelegate - Bootstrapping Spring Data JPA repositories in DEFAULT mode.
2026-06-10 19:49:36.647 [main] INFO  [] o.s.d.r.c.RepositoryConfigurationDelegate - Finished Spring Data repository scanning in 13 ms. Found 5 JPA repository interfaces.
2026-06-10 19:49:36.693 [main] INFO  [] o.s.o.j.p.SpringPersistenceUnitInfo - No LoadTimeWeaver setup: ignoring JPA class transformer
2026-06-10 19:49:36.693 [main] INFO  [] com.zaxxer.hikari.HikariDataSource - HikariPool-10 - Starting...
2026-06-10 19:49:36.695 [main] INFO  [] com.zaxxer.hikari.pool.HikariPool - HikariPool-10 - Added connection conn88: url=jdbc:h2:mem:deliverydb user=SA
2026-06-10 19:49:36.696 [main] INFO  [] com.zaxxer.hikari.HikariDataSource - HikariPool-10 - Start completed.
2026-06-10 19:49:36.696 [main] WARN  [] org.hibernate.orm.deprecation - HHH90000025: H2Dialect does not need to be specified explicitly using 'hibernate.dialect' (remove the property setting and it will be selected by default)
2026-06-10 19:49:36.772 [main] INFO  [] o.s.o.j.LocalContainerEntityManagerFactoryBean - Initialized JPA EntityManagerFactory for persistence unit 'default'
2026-06-10 19:49:36.795 [main] INFO  [] o.s.s.c.a.a.c.InitializeAuthenticationProviderBeanManagerConfigurer$InitializeAuthenticationProviderManagerConfigurer - Global AuthenticationManager configured with AuthenticationProvider bean with name authenticationProvider
2026-06-10 19:49:36.795 [main] WARN  [] o.s.s.c.a.a.c.InitializeUserDetailsBeanManagerConfigurer$InitializeUserDetailsManagerConfigurer - Global AuthenticationManager configured with an AuthenticationProvider bean. UserDetailsService beans will not be used by Spring Security for automatically configuring username/password login. Consider removing the AuthenticationProvider bean. Alternatively, consider using the UserDetailsService in a manually instantiated DaoAuthenticationProvider. If the current configuration is intentional, to turn off this warning, increase the logging level of 'org.springframework.security.config.annotation.authentication.configuration.InitializeUserDetailsBeanManagerConfigurer' to ERROR
2026-06-10 19:49:36.890 [main] DEBUG [] o.s.w.s.m.m.a.RequestMappingHandlerMapping - 42 mappings in 'requestMappingHandlerMapping'
2026-06-10 19:49:36.910 [main] DEBUG [] o.s.w.s.h.SimpleUrlHandlerMapping - Patterns [/webjars/**, /**, /swagger-ui*/*swagger-initializer.js, /swagger-ui*/**] in 'resourceHandlerMapping'
2026-06-10 19:49:36.942 [main] INFO  [] o.s.b.a.e.web.EndpointLinksResolver - Exposing 13 endpoints beneath base path '/actuator'
2026-06-10 19:49:36.968 [main] DEBUG [] o.s.s.web.DefaultSecurityFilterChain - Will secure any request with filters: DisableEncodeUrlFilter, WebAsyncManagerIntegrationFilter, SecurityContextHolderFilter, HeaderWriterFilter, CorsFilter, LogoutFilter, JwtAuthenticationFilter, RequestCacheAwareFilter, SecurityContextHolderAwareRequestFilter, AnonymousAuthenticationFilter, SessionManagementFilter, ExceptionTranslationFilter, AuthorizationFilter
2026-06-10 19:49:36.990 [main] DEBUG [] o.s.w.s.m.m.a.RequestMappingHandlerAdapter - ControllerAdvice beans: 0 @ModelAttribute, 0 @InitBinder, 1 RequestBodyAdvice, 1 ResponseBodyAdvice
2026-06-10 19:49:36.994 [main] DEBUG [] o.s.w.s.m.m.a.ExceptionHandlerExceptionResolver - ControllerAdvice beans: 2 @ExceptionHandler, 1 ResponseBodyAdvice
2026-06-10 19:49:37.021 [main] INFO  [] o.s.b.a.h.H2ConsoleAutoConfiguration - H2 console available at '/h2-console'. Database available at 'jdbc:h2:mem:deliverydb'
2026-06-10 19:49:37.031 [main] DEBUG [] o.s.w.f.ServerHttpObservationFilter - Filter 'webMvcObservationFilter' configured for use
2026-06-10 19:49:37.031 [main] INFO  [] o.s.b.t.m.w.SpringBootMockServletContext - Initializing Spring TestDispatcherServlet ''
2026-06-10 19:49:37.031 [main] INFO  [] o.s.t.w.s.TestDispatcherServlet - Initializing Servlet ''
2026-06-10 19:49:37.032 [main] INFO  [] o.s.t.w.s.TestDispatcherServlet - Completed initialization in 1 ms
2026-06-10 19:49:37.040 [main] INFO  [] c.d.d.c.ClienteControllerTest - Started ClienteControllerTest in 0.577 seconds (process running for 17.387)
2026-06-10 19:49:37.047 [main] DEBUG [] o.s.security.web.FilterChainProxy - Securing GET /api/clientes/999999
2026-06-10 19:49:37.047 [main] WARN  [] c.d.d.s.JwtAuthenticationFilter - JWT Token não começa com Bearer String
2026-06-10 19:49:37.048 [main] DEBUG [] o.s.security.web.FilterChainProxy - Secured GET /api/clientes/999999
2026-06-10 19:49:37.048 [main] DEBUG [ec1ecc0a419a4187] o.s.w.s.m.m.a.RequestMappingHandlerMapping - Mapped to com.deliverytech.delivery_api.controller.ClienteController#buscarPorId(Long)
2026-06-10 19:49:37.050 [main] DEBUG [ec1ecc0a419a4187] o.s.w.s.m.m.a.ExceptionHandlerExceptionResolver - Using @ExceptionHandler com.deliverytech.delivery_api.exception.GlobalExceptionHandler#handleEntityNotFound(EntityNotFoundException, HttpServletRequest)
2026-06-10 19:49:37.052 [main] DEBUG [ec1ecc0a419a4187] o.s.w.s.m.m.a.HttpEntityMethodProcessor - Using 'application/json', given [*/*] and supported [application/json, application/*+json, application/yaml]
2026-06-10 19:49:37.052 [main] DEBUG [ec1ecc0a419a4187] o.s.w.s.m.m.a.HttpEntityMethodProcessor - Writing [com.deliverytech.delivery_api.dto.ErrorResponse@ed8f6ef]
2026-06-10 19:49:37.054 [main] DEBUG [ec1ecc0a419a4187] o.s.w.s.m.m.a.ExceptionHandlerExceptionResolver - Resolved [com.deliverytech.delivery_api.exception.EntityNotFoundException: Cliente não encontrado com ID: 999999]
2026-06-10 19:49:37.058 [main] DEBUG [] o.s.w.c.s.GenericWebApplicationContext - Closing org.springframework.web.context.support.GenericWebApplicationContext@6e6f1e3d, started on Wed Jun 10 19:49:36 BRT 2026
2026-06-10 19:49:37.060 [main] INFO  [] o.s.o.j.LocalContainerEntityManagerFactoryBean - Closing JPA EntityManagerFactory for persistence unit 'default'
2026-06-10 19:49:37.061 [main] INFO  [] com.zaxxer.hikari.HikariDataSource - HikariPool-10 - Shutdown initiated...
2026-06-10 19:49:37.092 [main] INFO  [] com.zaxxer.hikari.HikariDataSource - HikariPool-10 - Shutdown completed.
2026-06-10 19:49:37.094 [main] INFO  [] o.s.b.d.r.RestartApplicationListener - Restart disabled due to context in which it is running
2026-06-10 19:49:37.111 [main] INFO  [] c.d.d.c.ClienteControllerTest - Starting ClienteControllerTest using Java 21.0.11 with PID 18360 (started by Santana in C:\Pasta Códiguinhos\arquitetura de sistemas fat\delivery-api\delivery-api)
2026-06-10 19:49:37.112 [main] INFO  [] c.d.d.c.ClienteControllerTest - The following 1 profile is active: "test"
2026-06-10 19:49:37.112 [main] DEBUG [] o.s.w.c.s.GenericWebApplicationContext - Refreshing org.springframework.web.context.support.GenericWebApplicationContext@30f6cb1b
2026-06-10 19:49:37.267 [main] INFO  [] o.s.d.r.c.RepositoryConfigurationDelegate - Bootstrapping Spring Data JPA repositories in DEFAULT mode.
2026-06-10 19:49:37.279 [main] INFO  [] o.s.d.r.c.RepositoryConfigurationDelegate - Finished Spring Data repository scanning in 11 ms. Found 5 JPA repository interfaces.
2026-06-10 19:49:37.327 [main] INFO  [] o.s.o.j.p.SpringPersistenceUnitInfo - No LoadTimeWeaver setup: ignoring JPA class transformer
2026-06-10 19:49:37.328 [main] INFO  [] com.zaxxer.hikari.HikariDataSource - HikariPool-11 - Starting...
2026-06-10 19:49:37.329 [main] INFO  [] com.zaxxer.hikari.pool.HikariPool - HikariPool-11 - Added connection conn98: url=jdbc:h2:mem:deliverydb user=SA
2026-06-10 19:49:37.329 [main] INFO  [] com.zaxxer.hikari.HikariDataSource - HikariPool-11 - Start completed.
2026-06-10 19:49:37.329 [main] WARN  [] org.hibernate.orm.deprecation - HHH90000025: H2Dialect does not need to be specified explicitly using 'hibernate.dialect' (remove the property setting and it will be selected by default)
2026-06-10 19:49:37.369 [main] INFO  [] o.s.o.j.LocalContainerEntityManagerFactoryBean - Initialized JPA EntityManagerFactory for persistence unit 'default'
2026-06-10 19:49:37.390 [main] INFO  [] o.s.s.c.a.a.c.InitializeAuthenticationProviderBeanManagerConfigurer$InitializeAuthenticationProviderManagerConfigurer - Global AuthenticationManager configured with AuthenticationProvider bean with name authenticationProvider
2026-06-10 19:49:37.391 [main] WARN  [] o.s.s.c.a.a.c.InitializeUserDetailsBeanManagerConfigurer$InitializeUserDetailsManagerConfigurer - Global AuthenticationManager configured with an AuthenticationProvider bean. UserDetailsService beans will not be used by Spring Security for automatically configuring username/password login. Consider removing the AuthenticationProvider bean. Alternatively, consider using the UserDetailsService in a manually instantiated DaoAuthenticationProvider. If the current configuration is intentional, to turn off this warning, increase the logging level of 'org.springframework.security.config.annotation.authentication.configuration.InitializeUserDetailsBeanManagerConfigurer' to ERROR
2026-06-10 19:49:37.477 [main] DEBUG [] o.s.w.s.m.m.a.RequestMappingHandlerMapping - 42 mappings in 'requestMappingHandlerMapping'
2026-06-10 19:49:37.496 [main] DEBUG [] o.s.w.s.h.SimpleUrlHandlerMapping - Patterns [/webjars/**, /**, /swagger-ui*/*swagger-initializer.js, /swagger-ui*/**] in 'resourceHandlerMapping'
2026-06-10 19:49:37.527 [main] INFO  [] o.s.b.a.e.web.EndpointLinksResolver - Exposing 13 endpoints beneath base path '/actuator'
2026-06-10 19:49:37.554 [main] DEBUG [] o.s.s.web.DefaultSecurityFilterChain - Will secure any request with filters: DisableEncodeUrlFilter, WebAsyncManagerIntegrationFilter, SecurityContextHolderFilter, HeaderWriterFilter, CorsFilter, LogoutFilter, JwtAuthenticationFilter, RequestCacheAwareFilter, SecurityContextHolderAwareRequestFilter, AnonymousAuthenticationFilter, SessionManagementFilter, ExceptionTranslationFilter, AuthorizationFilter
2026-06-10 19:49:37.574 [main] DEBUG [] o.s.w.s.m.m.a.RequestMappingHandlerAdapter - ControllerAdvice beans: 0 @ModelAttribute, 0 @InitBinder, 1 RequestBodyAdvice, 1 ResponseBodyAdvice
2026-06-10 19:49:37.578 [main] DEBUG [] o.s.w.s.m.m.a.ExceptionHandlerExceptionResolver - ControllerAdvice beans: 2 @ExceptionHandler, 1 ResponseBodyAdvice
2026-06-10 19:49:37.607 [main] INFO  [] o.s.b.a.h.H2ConsoleAutoConfiguration - H2 console available at '/h2-console'. Database available at 'jdbc:h2:mem:deliverydb'
2026-06-10 19:49:37.621 [main] DEBUG [] o.s.w.f.ServerHttpObservationFilter - Filter 'webMvcObservationFilter' configured for use
2026-06-10 19:49:37.621 [main] INFO  [] o.s.b.t.m.w.SpringBootMockServletContext - Initializing Spring TestDispatcherServlet ''
2026-06-10 19:49:37.621 [main] INFO  [] o.s.t.w.s.TestDispatcherServlet - Initializing Servlet ''
2026-06-10 19:49:37.621 [main] INFO  [] o.s.t.w.s.TestDispatcherServlet - Completed initialization in 0 ms
2026-06-10 19:49:37.629 [main] INFO  [] c.d.d.c.ClienteControllerTest - Started ClienteControllerTest in 0.535 seconds (process running for 17.977)
2026-06-10 19:49:37.637 [main] DEBUG [] o.s.security.web.FilterChainProxy - Securing POST /api/clientes
2026-06-10 19:49:37.637 [main] WARN  [] c.d.d.s.JwtAuthenticationFilter - JWT Token não começa com Bearer String
2026-06-10 19:49:37.638 [main] DEBUG [] o.s.security.web.FilterChainProxy - Secured POST /api/clientes
2026-06-10 19:49:37.638 [main] DEBUG [6b23e4593b70450b] o.s.w.s.m.m.a.RequestMappingHandlerMapping - Mapped to com.deliverytech.delivery_api.controller.ClienteController#cadastrarCliente(ClienteReqDTO)
2026-06-10 19:49:37.640 [main] DEBUG [6b23e4593b70450b] o.s.w.s.m.m.a.RequestResponseBodyMethodProcessor - Read "application/json;charset=UTF-8" to [com.deliverytech.delivery_api.dto.req.ClienteReqDTO@8e2caba]
2026-06-10 19:49:37.644 [main] DEBUG [6b23e4593b70450b] o.s.w.s.m.m.a.ExceptionHandlerExceptionResolver - Using @ExceptionHandler com.deliverytech.delivery_api.exception.GlobalExceptionHandler#handleBusinessException(BusinessException, HttpServletRequest)
2026-06-10 19:49:37.647 [main] DEBUG [6b23e4593b70450b] o.s.w.s.m.m.a.HttpEntityMethodProcessor - Using 'application/json', given [*/*] and supported [application/json, application/*+json, application/yaml]
2026-06-10 19:49:37.647 [main] DEBUG [6b23e4593b70450b] o.s.w.s.m.m.a.HttpEntityMethodProcessor - Writing [com.deliverytech.delivery_api.dto.ErrorResponse@49719b40]
2026-06-10 19:49:37.647 [main] DEBUG [6b23e4593b70450b] o.s.w.s.m.m.a.ExceptionHandlerExceptionResolver - Resolved [com.deliverytech.delivery_api.exception.BusinessException: Email já cadastrado: joao.teste@email.com]
2026-06-10 19:49:37.654 [main] DEBUG [] o.s.w.c.s.GenericWebApplicationContext - Closing org.springframework.web.context.support.GenericWebApplicationContext@30f6cb1b, started on Wed Jun 10 19:49:37 BRT 2026
2026-06-10 19:49:37.655 [main] INFO  [] o.s.o.j.LocalContainerEntityManagerFactoryBean - Closing JPA EntityManagerFactory for persistence unit 'default'
2026-06-10 19:49:37.656 [main] INFO  [] com.zaxxer.hikari.HikariDataSource - HikariPool-11 - Shutdown initiated...
2026-06-10 19:49:37.665 [main] INFO  [] com.zaxxer.hikari.HikariDataSource - HikariPool-11 - Shutdown completed.
2026-06-10 19:49:37.667 [main] INFO  [] o.s.b.d.r.RestartApplicationListener - Restart disabled due to context in which it is running
2026-06-10 19:49:37.685 [main] INFO  [] c.d.d.c.ClienteControllerTest - Starting ClienteControllerTest using Java 21.0.11 with PID 18360 (started by Santana in C:\Pasta Códiguinhos\arquitetura de sistemas fat\delivery-api\delivery-api)
2026-06-10 19:49:37.685 [main] INFO  [] c.d.d.c.ClienteControllerTest - The following 1 profile is active: "test"
2026-06-10 19:49:37.686 [main] DEBUG [] o.s.w.c.s.GenericWebApplicationContext - Refreshing org.springframework.web.context.support.GenericWebApplicationContext@1950d9fc
2026-06-10 19:49:37.838 [main] INFO  [] o.s.d.r.c.RepositoryConfigurationDelegate - Bootstrapping Spring Data JPA repositories in DEFAULT mode.
2026-06-10 19:49:37.854 [main] INFO  [] o.s.d.r.c.RepositoryConfigurationDelegate - Finished Spring Data repository scanning in 15 ms. Found 5 JPA repository interfaces.
2026-06-10 19:49:37.908 [main] INFO  [] o.s.o.j.p.SpringPersistenceUnitInfo - No LoadTimeWeaver setup: ignoring JPA class transformer
2026-06-10 19:49:37.909 [main] INFO  [] com.zaxxer.hikari.HikariDataSource - HikariPool-12 - Starting...
2026-06-10 19:49:37.910 [main] INFO  [] com.zaxxer.hikari.pool.HikariPool - HikariPool-12 - Added connection conn106: url=jdbc:h2:mem:deliverydb user=SA
2026-06-10 19:49:37.910 [main] INFO  [] com.zaxxer.hikari.HikariDataSource - HikariPool-12 - Start completed.
2026-06-10 19:49:37.910 [main] WARN  [] org.hibernate.orm.deprecation - HHH90000025: H2Dialect does not need to be specified explicitly using 'hibernate.dialect' (remove the property setting and it will be selected by default)
2026-06-10 19:49:37.950 [main] INFO  [] o.s.o.j.LocalContainerEntityManagerFactoryBean - Initialized JPA EntityManagerFactory for persistence unit 'default'
2026-06-10 19:49:37.969 [main] INFO  [] o.s.s.c.a.a.c.InitializeAuthenticationProviderBeanManagerConfigurer$InitializeAuthenticationProviderManagerConfigurer - Global AuthenticationManager configured with AuthenticationProvider bean with name authenticationProvider
2026-06-10 19:49:37.970 [main] WARN  [] o.s.s.c.a.a.c.InitializeUserDetailsBeanManagerConfigurer$InitializeUserDetailsManagerConfigurer - Global AuthenticationManager configured with an AuthenticationProvider bean. UserDetailsService beans will not be used by Spring Security for automatically configuring username/password login. Consider removing the AuthenticationProvider bean. Alternatively, consider using the UserDetailsService in a manually instantiated DaoAuthenticationProvider. If the current configuration is intentional, to turn off this warning, increase the logging level of 'org.springframework.security.config.annotation.authentication.configuration.InitializeUserDetailsBeanManagerConfigurer' to ERROR
2026-06-10 19:49:38.054 [main] DEBUG [] o.s.w.s.m.m.a.RequestMappingHandlerMapping - 42 mappings in 'requestMappingHandlerMapping'
2026-06-10 19:49:38.071 [main] DEBUG [] o.s.w.s.h.SimpleUrlHandlerMapping - Patterns [/webjars/**, /**, /swagger-ui*/*swagger-initializer.js, /swagger-ui*/**] in 'resourceHandlerMapping'
2026-06-10 19:49:38.104 [main] INFO  [] o.s.b.a.e.web.EndpointLinksResolver - Exposing 13 endpoints beneath base path '/actuator'
2026-06-10 19:49:38.129 [main] DEBUG [] o.s.s.web.DefaultSecurityFilterChain - Will secure any request with filters: DisableEncodeUrlFilter, WebAsyncManagerIntegrationFilter, SecurityContextHolderFilter, HeaderWriterFilter, CorsFilter, LogoutFilter, JwtAuthenticationFilter, RequestCacheAwareFilter, SecurityContextHolderAwareRequestFilter, AnonymousAuthenticationFilter, SessionManagementFilter, ExceptionTranslationFilter, AuthorizationFilter
2026-06-10 19:49:38.147 [main] DEBUG [] o.s.w.s.m.m.a.RequestMappingHandlerAdapter - ControllerAdvice beans: 0 @ModelAttribute, 0 @InitBinder, 1 RequestBodyAdvice, 1 ResponseBodyAdvice
2026-06-10 19:49:38.151 [main] DEBUG [] o.s.w.s.m.m.a.ExceptionHandlerExceptionResolver - ControllerAdvice beans: 2 @ExceptionHandler, 1 ResponseBodyAdvice
2026-06-10 19:49:38.174 [main] INFO  [] o.s.b.a.h.H2ConsoleAutoConfiguration - H2 console available at '/h2-console'. Database available at 'jdbc:h2:mem:deliverydb'
2026-06-10 19:49:38.184 [main] DEBUG [] o.s.w.f.ServerHttpObservationFilter - Filter 'webMvcObservationFilter' configured for use
2026-06-10 19:49:38.184 [main] INFO  [] o.s.b.t.m.w.SpringBootMockServletContext - Initializing Spring TestDispatcherServlet ''
2026-06-10 19:49:38.184 [main] INFO  [] o.s.t.w.s.TestDispatcherServlet - Initializing Servlet ''
2026-06-10 19:49:38.184 [main] INFO  [] o.s.t.w.s.TestDispatcherServlet - Completed initialization in 0 ms
2026-06-10 19:49:38.192 [main] INFO  [] c.d.d.c.ClienteControllerTest - Started ClienteControllerTest in 0.526 seconds (process running for 18.54)
2026-06-10 19:49:38.200 [main] DEBUG [] o.s.security.web.FilterChainProxy - Securing POST /api/clientes
2026-06-10 19:49:38.200 [main] WARN  [] c.d.d.s.JwtAuthenticationFilter - JWT Token não começa com Bearer String
2026-06-10 19:49:38.201 [main] DEBUG [] o.s.security.web.FilterChainProxy - Secured POST /api/clientes
2026-06-10 19:49:38.201 [main] DEBUG [c4a75f45b9f34be8] o.s.w.s.m.m.a.RequestMappingHandlerMapping - Mapped to com.deliverytech.delivery_api.controller.ClienteController#cadastrarCliente(ClienteReqDTO)
2026-06-10 19:49:38.202 [main] DEBUG [c4a75f45b9f34be8] o.s.w.s.m.m.a.RequestResponseBodyMethodProcessor - Read "application/json;charset=UTF-8" to [com.deliverytech.delivery_api.dto.req.ClienteReqDTO@290b9155]
2026-06-10 19:49:38.210 [main] DEBUG [c4a75f45b9f34be8] o.s.w.s.m.m.a.ExceptionHandlerExceptionResolver - Using @ExceptionHandler com.deliverytech.delivery_api.exception.GlobalExceptionHandler#handleValidationException(MethodArgumentNotValidException, HttpServletRequest)
2026-06-10 19:49:38.212 [main] DEBUG [c4a75f45b9f34be8] o.s.w.s.m.m.a.HttpEntityMethodProcessor - Using 'application/json', given [*/*] and supported [application/json, application/*+json, application/yaml]
2026-06-10 19:49:38.213 [main] DEBUG [c4a75f45b9f34be8] o.s.w.s.m.m.a.HttpEntityMethodProcessor - Writing [com.deliverytech.delivery_api.dto.ErrorResponse@210488ba]
2026-06-10 19:49:38.216 [main] DEBUG [c4a75f45b9f34be8] o.s.w.s.m.m.a.ExceptionHandlerExceptionResolver - Resolved [org.springframework.web.bind.MethodArgumentNotValidException: Validation failed for argument [0] in public org.springframework.http.ResponseEntity<com.deliverytech.delivery_api.dto.res.ClienteResDTO> com.deliverytech.delivery_api.controller.ClienteController.cadastrarCliente(com.deliverytech.delivery_api.dto.req.ClienteReqDTO) with 5 errors: [Field error in object 'clienteReqDTO' on field 'nome': rejected value []; codes [Size.clienteReqDTO.nome,Size.nome,Size.java.lang.String,Size]; arguments [org.springframework.context.support.DefaultMessageSourceResolvable: codes [clienteReqDTO.nome,nome]; arguments []; default message [nome],100,2]; default message [Nome deve ter entre 2 e 100 caracteres]] [Field error in object 'clienteReqDTO' on field 'telefone': rejected value [null]; codes [NotBlank.clienteReqDTO.telefone,NotBlank.telefone,NotBlank.java.lang.String,NotBlank]; arguments [org.springframework.context.support.DefaultMessageSourceResolvable: codes [clienteReqDTO.telefone,telefone]; arguments []; default message [telefone]]; default message [Telefone é obrigatório]] [Field error in object 'clienteReqDTO' on field 'nome': rejected value []; codes [NotBlank.clienteReqDTO.nome,NotBlank.nome,NotBlank.java.lang.String,NotBlank]; arguments [org.springframework.context.support.DefaultMessageSourceResolvable: codes [clienteReqDTO.nome,nome]; arguments []; default message [nome]]; default message [Nome é obrigatório]] [Field error in object 'clienteReqDTO' on field 'endereco': rejected value [null]; codes [NotBlank.clienteReqDTO.endereco,NotBlank.endereco,NotBlank.java.lang.String,NotBlank]; arguments [org.springframework.context.support.DefaultMessageSourceResolvable: codes [clienteReqDTO.endereco,endereco]; arguments []; default message [endereco]]; default message [Endereço é obrigatório]] [Field error in object 'clienteReqDTO' on field 'email': rejected value [email-invalido]; codes [Email.clienteReqDTO.email,Email.email,Email.java.lang.String,Email]; arguments [org.springframework.context.support.DefaultMessageSourceResolvable: codes [clienteReqDTO.email,email]; arguments []; default message [email],[Ljakarta.validation.constraints.Pattern$Flag;@222c86f,.*]; default message [Email deve ter formato válido]] ]
2026-06-10 19:49:38.224 [main] INFO  [] o.s.t.c.s.AnnotationConfigContextLoaderUtils - Could not detect default configuration classes for test class [com.deliverytech.delivery_api.controller.PedidoControllerTest]: PedidoControllerTest does not declare any static, non-private, non-final, nested classes annotated with @Configuration.
2026-06-10 19:49:38.226 [main] INFO  [] o.s.b.t.c.SpringBootTestContextBootstrapper - Found @SpringBootConfiguration com.deliverytech.delivery_api.DeliveryApiApplication for test class com.deliverytech.delivery_api.controller.PedidoControllerTest
2026-06-10 19:49:38.230 [main] DEBUG [] o.s.w.c.s.GenericWebApplicationContext - Closing org.springframework.web.context.support.GenericWebApplicationContext@1950d9fc, started on Wed Jun 10 19:49:37 BRT 2026
2026-06-10 19:49:38.232 [main] INFO  [] o.s.o.j.LocalContainerEntityManagerFactoryBean - Closing JPA EntityManagerFactory for persistence unit 'default'
2026-06-10 19:49:38.233 [main] INFO  [] com.zaxxer.hikari.HikariDataSource - HikariPool-12 - Shutdown initiated...
2026-06-10 19:49:38.243 [main] INFO  [] com.zaxxer.hikari.HikariDataSource - HikariPool-12 - Shutdown completed.
2026-06-10 19:49:38.245 [main] INFO  [] o.s.b.d.r.RestartApplicationListener - Restart disabled due to context in which it is running
2026-06-10 19:49:38.260 [main] INFO  [] c.d.d.c.PedidoControllerTest - Starting PedidoControllerTest using Java 21.0.11 with PID 18360 (started by Santana in C:\Pasta Códiguinhos\arquitetura de sistemas fat\delivery-api\delivery-api)
2026-06-10 19:49:38.262 [main] INFO  [] c.d.d.c.PedidoControllerTest - The following 1 profile is active: "test"
2026-06-10 19:49:38.262 [main] DEBUG [] o.s.w.c.s.GenericWebApplicationContext - Refreshing org.springframework.web.context.support.GenericWebApplicationContext@7959b411
2026-06-10 19:49:38.410 [main] INFO  [] o.s.d.r.c.RepositoryConfigurationDelegate - Bootstrapping Spring Data JPA repositories in DEFAULT mode.
2026-06-10 19:49:38.424 [main] INFO  [] o.s.d.r.c.RepositoryConfigurationDelegate - Finished Spring Data repository scanning in 13 ms. Found 5 JPA repository interfaces.
2026-06-10 19:49:38.472 [main] INFO  [] o.s.o.j.p.SpringPersistenceUnitInfo - No LoadTimeWeaver setup: ignoring JPA class transformer
2026-06-10 19:49:38.472 [main] INFO  [] com.zaxxer.hikari.HikariDataSource - HikariPool-13 - Starting...
2026-06-10 19:49:38.474 [main] INFO  [] com.zaxxer.hikari.pool.HikariPool - HikariPool-13 - Added connection conn114: url=jdbc:h2:mem:deliverydb user=SA
2026-06-10 19:49:38.474 [main] INFO  [] com.zaxxer.hikari.HikariDataSource - HikariPool-13 - Start completed.
2026-06-10 19:49:38.474 [main] WARN  [] org.hibernate.orm.deprecation - HHH90000025: H2Dialect does not need to be specified explicitly using 'hibernate.dialect' (remove the property setting and it will be selected by default)
2026-06-10 19:49:38.508 [main] INFO  [] o.s.o.j.LocalContainerEntityManagerFactoryBean - Initialized JPA EntityManagerFactory for persistence unit 'default'
2026-06-10 19:49:38.526 [main] INFO  [] o.s.s.c.a.a.c.InitializeAuthenticationProviderBeanManagerConfigurer$InitializeAuthenticationProviderManagerConfigurer - Global AuthenticationManager configured with AuthenticationProvider bean with name authenticationProvider
2026-06-10 19:49:38.526 [main] WARN  [] o.s.s.c.a.a.c.InitializeUserDetailsBeanManagerConfigurer$InitializeUserDetailsManagerConfigurer - Global AuthenticationManager configured with an AuthenticationProvider bean. UserDetailsService beans will not be used by Spring Security for automatically configuring username/password login. Consider removing the AuthenticationProvider bean. Alternatively, consider using the UserDetailsService in a manually instantiated DaoAuthenticationProvider. If the current configuration is intentional, to turn off this warning, increase the logging level of 'org.springframework.security.config.annotation.authentication.configuration.InitializeUserDetailsBeanManagerConfigurer' to ERROR
2026-06-10 19:49:38.610 [main] DEBUG [] o.s.w.s.m.m.a.RequestMappingHandlerMapping - 42 mappings in 'requestMappingHandlerMapping'
2026-06-10 19:49:38.629 [main] DEBUG [] o.s.w.s.h.SimpleUrlHandlerMapping - Patterns [/webjars/**, /**, /swagger-ui*/*swagger-initializer.js, /swagger-ui*/**] in 'resourceHandlerMapping'
2026-06-10 19:49:38.658 [main] INFO  [] o.s.b.a.e.web.EndpointLinksResolver - Exposing 13 endpoints beneath base path '/actuator'
2026-06-10 19:49:38.683 [main] DEBUG [] o.s.s.web.DefaultSecurityFilterChain - Will secure any request with filters: DisableEncodeUrlFilter, WebAsyncManagerIntegrationFilter, SecurityContextHolderFilter, HeaderWriterFilter, CorsFilter, LogoutFilter, JwtAuthenticationFilter, RequestCacheAwareFilter, SecurityContextHolderAwareRequestFilter, AnonymousAuthenticationFilter, SessionManagementFilter, ExceptionTranslationFilter, AuthorizationFilter
2026-06-10 19:49:38.702 [main] DEBUG [] o.s.w.s.m.m.a.RequestMappingHandlerAdapter - ControllerAdvice beans: 0 @ModelAttribute, 0 @InitBinder, 1 RequestBodyAdvice, 1 ResponseBodyAdvice
2026-06-10 19:49:38.706 [main] DEBUG [] o.s.w.s.m.m.a.ExceptionHandlerExceptionResolver - ControllerAdvice beans: 2 @ExceptionHandler, 1 ResponseBodyAdvice
2026-06-10 19:49:38.732 [main] INFO  [] o.s.b.a.h.H2ConsoleAutoConfiguration - H2 console available at '/h2-console'. Database available at 'jdbc:h2:mem:deliverydb'
2026-06-10 19:49:38.742 [main] DEBUG [] o.s.w.f.ServerHttpObservationFilter - Filter 'webMvcObservationFilter' configured for use
2026-06-10 19:49:38.742 [main] INFO  [] o.s.b.t.m.w.SpringBootMockServletContext - Initializing Spring TestDispatcherServlet ''
2026-06-10 19:49:38.742 [main] INFO  [] o.s.t.w.s.TestDispatcherServlet - Initializing Servlet ''
2026-06-10 19:49:38.742 [main] INFO  [] o.s.t.w.s.TestDispatcherServlet - Completed initialization in 0 ms
2026-06-10 19:49:38.749 [main] INFO  [] c.d.d.c.PedidoControllerTest - Started PedidoControllerTest in 0.505 seconds (process running for 19.097)
2026-06-10 19:49:38.802 [main] DEBUG [] o.s.security.web.FilterChainProxy - Securing POST /api/pedidos
2026-06-10 19:49:38.802 [main] WARN  [] c.d.d.s.JwtAuthenticationFilter - JWT Token não começa com Bearer String
2026-06-10 19:49:38.804 [main] DEBUG [] o.s.security.web.FilterChainProxy - Secured POST /api/pedidos
2026-06-10 19:49:38.804 [main] DEBUG [09450b1eea8b49f9] o.s.w.s.m.m.a.RequestMappingHandlerMapping - Mapped to com.deliverytech.delivery_api.controller.PedidoController#criarPedido(PedidoReqDTO)
2026-06-10 19:49:38.808 [main] DEBUG [09450b1eea8b49f9] o.s.w.s.m.m.a.RequestResponseBodyMethodProcessor - Read "application/json;charset=UTF-8" to [com.deliverytech.delivery_api.dto.req.PedidoReqDTO@1c612fed]
2026-06-10 19:49:38.842 [main] DEBUG [09450b1eea8b49f9] o.s.w.s.m.m.a.HttpEntityMethodProcessor - Using 'application/json', given [*/*] and supported [application/json, application/*+json, application/yaml]
2026-06-10 19:49:38.842 [main] DEBUG [09450b1eea8b49f9] o.s.w.s.m.m.a.HttpEntityMethodProcessor - Writing [com.deliverytech.delivery_api.dto.res.PedidoResDTO@15c22f5b]
2026-06-10 19:49:38.848 [main] DEBUG [] o.s.w.c.s.GenericWebApplicationContext - Closing org.springframework.web.context.support.GenericWebApplicationContext@7959b411, started on Wed Jun 10 19:49:38 BRT 2026
2026-06-10 19:49:38.849 [main] INFO  [] o.s.o.j.LocalContainerEntityManagerFactoryBean - Closing JPA EntityManagerFactory for persistence unit 'default'
2026-06-10 19:49:38.850 [main] INFO  [] com.zaxxer.hikari.HikariDataSource - HikariPool-13 - Shutdown initiated...
2026-06-10 19:49:38.869 [main] INFO  [] com.zaxxer.hikari.HikariDataSource - HikariPool-13 - Shutdown completed.
2026-06-10 19:49:38.870 [main] INFO  [] o.s.b.d.r.RestartApplicationListener - Restart disabled due to context in which it is running
2026-06-10 19:49:38.887 [main] INFO  [] c.d.d.c.PedidoControllerTest - Starting PedidoControllerTest using Java 21.0.11 with PID 18360 (started by Santana in C:\Pasta Códiguinhos\arquitetura de sistemas fat\delivery-api\delivery-api)
2026-06-10 19:49:38.887 [main] INFO  [] c.d.d.c.PedidoControllerTest - The following 1 profile is active: "test"
2026-06-10 19:49:38.888 [main] DEBUG [] o.s.w.c.s.GenericWebApplicationContext - Refreshing org.springframework.web.context.support.GenericWebApplicationContext@29d59b63
2026-06-10 19:49:39.035 [main] INFO  [] o.s.d.r.c.RepositoryConfigurationDelegate - Bootstrapping Spring Data JPA repositories in DEFAULT mode.
2026-06-10 19:49:39.047 [main] INFO  [] o.s.d.r.c.RepositoryConfigurationDelegate - Finished Spring Data repository scanning in 11 ms. Found 5 JPA repository interfaces.
2026-06-10 19:49:39.092 [main] INFO  [] o.s.o.j.p.SpringPersistenceUnitInfo - No LoadTimeWeaver setup: ignoring JPA class transformer
2026-06-10 19:49:39.093 [main] INFO  [] com.zaxxer.hikari.HikariDataSource - HikariPool-14 - Starting...
2026-06-10 19:49:39.094 [main] INFO  [] com.zaxxer.hikari.pool.HikariPool - HikariPool-14 - Added connection conn124: url=jdbc:h2:mem:deliverydb user=SA
2026-06-10 19:49:39.094 [main] INFO  [] com.zaxxer.hikari.HikariDataSource - HikariPool-14 - Start completed.
2026-06-10 19:49:39.094 [main] WARN  [] org.hibernate.orm.deprecation - HHH90000025: H2Dialect does not need to be specified explicitly using 'hibernate.dialect' (remove the property setting and it will be selected by default)
2026-06-10 19:49:39.127 [main] INFO  [] o.s.o.j.LocalContainerEntityManagerFactoryBean - Initialized JPA EntityManagerFactory for persistence unit 'default'
2026-06-10 19:49:39.145 [main] INFO  [] o.s.s.c.a.a.c.InitializeAuthenticationProviderBeanManagerConfigurer$InitializeAuthenticationProviderManagerConfigurer - Global AuthenticationManager configured with AuthenticationProvider bean with name authenticationProvider
2026-06-10 19:49:39.145 [main] WARN  [] o.s.s.c.a.a.c.InitializeUserDetailsBeanManagerConfigurer$InitializeUserDetailsManagerConfigurer - Global AuthenticationManager configured with an AuthenticationProvider bean. UserDetailsService beans will not be used by Spring Security for automatically configuring username/password login. Consider removing the AuthenticationProvider bean. Alternatively, consider using the UserDetailsService in a manually instantiated DaoAuthenticationProvider. If the current configuration is intentional, to turn off this warning, increase the logging level of 'org.springframework.security.config.annotation.authentication.configuration.InitializeUserDetailsBeanManagerConfigurer' to ERROR
2026-06-10 19:49:39.247 [main] DEBUG [] o.s.w.s.m.m.a.RequestMappingHandlerMapping - 42 mappings in 'requestMappingHandlerMapping'
2026-06-10 19:49:39.265 [main] DEBUG [] o.s.w.s.h.SimpleUrlHandlerMapping - Patterns [/webjars/**, /**, /swagger-ui*/*swagger-initializer.js, /swagger-ui*/**] in 'resourceHandlerMapping'
2026-06-10 19:49:39.294 [main] INFO  [] o.s.b.a.e.web.EndpointLinksResolver - Exposing 13 endpoints beneath base path '/actuator'
2026-06-10 19:49:39.322 [main] DEBUG [] o.s.s.web.DefaultSecurityFilterChain - Will secure any request with filters: DisableEncodeUrlFilter, WebAsyncManagerIntegrationFilter, SecurityContextHolderFilter, HeaderWriterFilter, CorsFilter, LogoutFilter, JwtAuthenticationFilter, RequestCacheAwareFilter, SecurityContextHolderAwareRequestFilter, AnonymousAuthenticationFilter, SessionManagementFilter, ExceptionTranslationFilter, AuthorizationFilter
2026-06-10 19:49:39.341 [main] DEBUG [] o.s.w.s.m.m.a.RequestMappingHandlerAdapter - ControllerAdvice beans: 0 @ModelAttribute, 0 @InitBinder, 1 RequestBodyAdvice, 1 ResponseBodyAdvice
2026-06-10 19:49:39.346 [main] DEBUG [] o.s.w.s.m.m.a.ExceptionHandlerExceptionResolver - ControllerAdvice beans: 2 @ExceptionHandler, 1 ResponseBodyAdvice
2026-06-10 19:49:39.370 [main] INFO  [] o.s.b.a.h.H2ConsoleAutoConfiguration - H2 console available at '/h2-console'. Database available at 'jdbc:h2:mem:deliverydb'
2026-06-10 19:49:39.381 [main] DEBUG [] o.s.w.f.ServerHttpObservationFilter - Filter 'webMvcObservationFilter' configured for use
2026-06-10 19:49:39.381 [main] INFO  [] o.s.b.t.m.w.SpringBootMockServletContext - Initializing Spring TestDispatcherServlet ''
2026-06-10 19:49:39.381 [main] INFO  [] o.s.t.w.s.TestDispatcherServlet - Initializing Servlet ''
2026-06-10 19:49:39.381 [main] INFO  [] o.s.t.w.s.TestDispatcherServlet - Completed initialization in 0 ms
2026-06-10 19:49:39.389 [main] INFO  [] c.d.d.c.PedidoControllerTest - Started PedidoControllerTest in 0.519 seconds (process running for 19.737)
2026-06-10 19:49:39.417 [main] DEBUG [] o.s.security.web.FilterChainProxy - Securing POST /api/pedidos
2026-06-10 19:49:39.417 [main] WARN  [] c.d.d.s.JwtAuthenticationFilter - JWT Token não começa com Bearer String
2026-06-10 19:49:39.418 [main] DEBUG [] o.s.security.web.FilterChainProxy - Secured POST /api/pedidos
2026-06-10 19:49:39.419 [main] DEBUG [d7b0c1e576fe4724] o.s.w.s.m.m.a.RequestMappingHandlerMapping - Mapped to com.deliverytech.delivery_api.controller.PedidoController#criarPedido(PedidoReqDTO)
2026-06-10 19:49:39.421 [main] DEBUG [d7b0c1e576fe4724] o.s.w.s.m.m.a.RequestResponseBodyMethodProcessor - Read "application/json;charset=UTF-8" to [com.deliverytech.delivery_api.dto.req.PedidoReqDTO@7c809dd8]
2026-06-10 19:49:39.436 [main] DEBUG [d7b0c1e576fe4724] o.s.w.s.m.m.a.HttpEntityMethodProcessor - Using 'application/json', given [*/*] and supported [application/json, application/*+json, application/yaml]
2026-06-10 19:49:39.436 [main] DEBUG [d7b0c1e576fe4724] o.s.w.s.m.m.a.HttpEntityMethodProcessor - Writing [com.deliverytech.delivery_api.dto.res.PedidoResDTO@467d1802]
2026-06-10 19:49:39.444 [main] DEBUG [] o.s.security.web.FilterChainProxy - Securing GET /api/pedidos/cliente/4
2026-06-10 19:49:39.445 [main] WARN  [] c.d.d.s.JwtAuthenticationFilter - JWT Token não começa com Bearer String
2026-06-10 19:49:39.446 [main] DEBUG [] o.s.security.web.FilterChainProxy - Secured GET /api/pedidos/cliente/4
2026-06-10 19:49:39.446 [main] DEBUG [177bd8615f494613] o.s.w.s.m.m.a.RequestMappingHandlerMapping - Mapped to com.deliverytech.delivery_api.controller.PedidoController#buscarPorCliente(Long)
2026-06-10 19:49:39.474 [main] DEBUG [177bd8615f494613] o.s.w.s.m.m.a.HttpEntityMethodProcessor - Using 'application/json', given [*/*] and supported [application/json, application/*+json, application/yaml]
2026-06-10 19:49:39.474 [main] DEBUG [177bd8615f494613] o.s.w.s.m.m.a.HttpEntityMethodProcessor - Writing [[com.deliverytech.delivery_api.dto.res.PedidoResDTO@71bd4945]]
2026-06-10 19:49:39.482 [main] DEBUG [] o.s.w.c.s.GenericWebApplicationContext - Closing org.springframework.web.context.support.GenericWebApplicationContext@29d59b63, started on Wed Jun 10 19:49:38 BRT 2026
2026-06-10 19:49:39.484 [main] INFO  [] o.s.o.j.LocalContainerEntityManagerFactoryBean - Closing JPA EntityManagerFactory for persistence unit 'default'
2026-06-10 19:49:39.486 [main] INFO  [] com.zaxxer.hikari.HikariDataSource - HikariPool-14 - Shutdown initiated...
2026-06-10 19:49:39.495 [main] INFO  [] com.zaxxer.hikari.HikariDataSource - HikariPool-14 - Shutdown completed.
2026-06-10 19:49:39.497 [main] INFO  [] o.s.b.d.r.RestartApplicationListener - Restart disabled due to context in which it is running
2026-06-10 19:49:39.516 [main] INFO  [] c.d.d.c.PedidoControllerTest - Starting PedidoControllerTest using Java 21.0.11 with PID 18360 (started by Santana in C:\Pasta Códiguinhos\arquitetura de sistemas fat\delivery-api\delivery-api)
2026-06-10 19:49:39.516 [main] INFO  [] c.d.d.c.PedidoControllerTest - The following 1 profile is active: "test"
2026-06-10 19:49:39.517 [main] DEBUG [] o.s.w.c.s.GenericWebApplicationContext - Refreshing org.springframework.web.context.support.GenericWebApplicationContext@7ecdd5d6
2026-06-10 19:49:39.670 [main] INFO  [] o.s.d.r.c.RepositoryConfigurationDelegate - Bootstrapping Spring Data JPA repositories in DEFAULT mode.
2026-06-10 19:49:39.683 [main] INFO  [] o.s.d.r.c.RepositoryConfigurationDelegate - Finished Spring Data repository scanning in 11 ms. Found 5 JPA repository interfaces.
2026-06-10 19:49:39.726 [main] INFO  [] o.s.o.j.p.SpringPersistenceUnitInfo - No LoadTimeWeaver setup: ignoring JPA class transformer
2026-06-10 19:49:39.727 [main] INFO  [] com.zaxxer.hikari.HikariDataSource - HikariPool-15 - Starting...
2026-06-10 19:49:39.728 [main] INFO  [] com.zaxxer.hikari.pool.HikariPool - HikariPool-15 - Added connection conn134: url=jdbc:h2:mem:deliverydb user=SA
2026-06-10 19:49:39.728 [main] INFO  [] com.zaxxer.hikari.HikariDataSource - HikariPool-15 - Start completed.
2026-06-10 19:49:39.728 [main] WARN  [] org.hibernate.orm.deprecation - HHH90000025: H2Dialect does not need to be specified explicitly using 'hibernate.dialect' (remove the property setting and it will be selected by default)
2026-06-10 19:49:39.765 [main] INFO  [] o.s.o.j.LocalContainerEntityManagerFactoryBean - Initialized JPA EntityManagerFactory for persistence unit 'default'
2026-06-10 19:49:39.790 [main] INFO  [] o.s.s.c.a.a.c.InitializeAuthenticationProviderBeanManagerConfigurer$InitializeAuthenticationProviderManagerConfigurer - Global AuthenticationManager configured with AuthenticationProvider bean with name authenticationProvider
2026-06-10 19:49:39.790 [main] WARN  [] o.s.s.c.a.a.c.InitializeUserDetailsBeanManagerConfigurer$InitializeUserDetailsManagerConfigurer - Global AuthenticationManager configured with an AuthenticationProvider bean. UserDetailsService beans will not be used by Spring Security for automatically configuring username/password login. Consider removing the AuthenticationProvider bean. Alternatively, consider using the UserDetailsService in a manually instantiated DaoAuthenticationProvider. If the current configuration is intentional, to turn off this warning, increase the logging level of 'org.springframework.security.config.annotation.authentication.configuration.InitializeUserDetailsBeanManagerConfigurer' to ERROR
2026-06-10 19:49:39.865 [main] DEBUG [] o.s.w.s.m.m.a.RequestMappingHandlerMapping - 42 mappings in 'requestMappingHandlerMapping'
2026-06-10 19:49:39.882 [main] DEBUG [] o.s.w.s.h.SimpleUrlHandlerMapping - Patterns [/webjars/**, /**, /swagger-ui*/*swagger-initializer.js, /swagger-ui*/**] in 'resourceHandlerMapping'
2026-06-10 19:49:39.911 [main] INFO  [] o.s.b.a.e.web.EndpointLinksResolver - Exposing 13 endpoints beneath base path '/actuator'
2026-06-10 19:49:39.935 [main] DEBUG [] o.s.s.web.DefaultSecurityFilterChain - Will secure any request with filters: DisableEncodeUrlFilter, WebAsyncManagerIntegrationFilter, SecurityContextHolderFilter, HeaderWriterFilter, CorsFilter, LogoutFilter, JwtAuthenticationFilter, RequestCacheAwareFilter, SecurityContextHolderAwareRequestFilter, AnonymousAuthenticationFilter, SessionManagementFilter, ExceptionTranslationFilter, AuthorizationFilter
2026-06-10 19:49:39.955 [main] DEBUG [] o.s.w.s.m.m.a.RequestMappingHandlerAdapter - ControllerAdvice beans: 0 @ModelAttribute, 0 @InitBinder, 1 RequestBodyAdvice, 1 ResponseBodyAdvice
2026-06-10 19:49:39.959 [main] DEBUG [] o.s.w.s.m.m.a.ExceptionHandlerExceptionResolver - ControllerAdvice beans: 2 @ExceptionHandler, 1 ResponseBodyAdvice
2026-06-10 19:49:39.985 [main] INFO  [] o.s.b.a.h.H2ConsoleAutoConfiguration - H2 console available at '/h2-console'. Database available at 'jdbc:h2:mem:deliverydb'
2026-06-10 19:49:39.997 [main] DEBUG [] o.s.w.f.ServerHttpObservationFilter - Filter 'webMvcObservationFilter' configured for use
2026-06-10 19:49:39.997 [main] INFO  [] o.s.b.t.m.w.SpringBootMockServletContext - Initializing Spring TestDispatcherServlet ''
2026-06-10 19:49:39.997 [main] INFO  [] o.s.t.w.s.TestDispatcherServlet - Initializing Servlet ''
2026-06-10 19:49:39.998 [main] INFO  [] o.s.t.w.s.TestDispatcherServlet - Completed initialization in 1 ms
2026-06-10 19:49:40.005 [main] INFO  [] c.d.d.c.PedidoControllerTest - Started PedidoControllerTest in 0.508 seconds (process running for 20.352)
2026-06-10 19:49:40.028 [main] DEBUG [] o.s.security.web.FilterChainProxy - Securing POST /api/pedidos
2026-06-10 19:49:40.028 [main] WARN  [] c.d.d.s.JwtAuthenticationFilter - JWT Token não começa com Bearer String
2026-06-10 19:49:40.029 [main] DEBUG [] o.s.security.web.FilterChainProxy - Secured POST /api/pedidos
2026-06-10 19:49:40.029 [main] DEBUG [9dac6662d5ac42e3] o.s.w.s.m.m.a.RequestMappingHandlerMapping - Mapped to com.deliverytech.delivery_api.controller.PedidoController#criarPedido(PedidoReqDTO)
2026-06-10 19:49:40.031 [main] DEBUG [9dac6662d5ac42e3] o.s.w.s.m.m.a.RequestResponseBodyMethodProcessor - Read "application/json;charset=UTF-8" to [com.deliverytech.delivery_api.dto.req.PedidoReqDTO@4ba4e746]
2026-06-10 19:49:40.039 [main] DEBUG [9dac6662d5ac42e3] o.s.w.s.m.m.a.ExceptionHandlerExceptionResolver - Using @ExceptionHandler com.deliverytech.delivery_api.exception.GlobalExceptionHandler#handleBusinessException(BusinessException, HttpServletRequest)
2026-06-10 19:49:40.041 [main] DEBUG [9dac6662d5ac42e3] o.s.w.s.m.m.a.HttpEntityMethodProcessor - Using 'application/json', given [*/*] and supported [application/json, application/*+json, application/yaml]
2026-06-10 19:49:40.041 [main] DEBUG [9dac6662d5ac42e3] o.s.w.s.m.m.a.HttpEntityMethodProcessor - Writing [com.deliverytech.delivery_api.dto.ErrorResponse@2c25aaa0]
2026-06-10 19:49:40.041 [main] DEBUG [9dac6662d5ac42e3] o.s.w.s.m.m.a.ExceptionHandlerExceptionResolver - Resolved [com.deliverytech.delivery_api.exception.BusinessException: Cliente inativo não pode fazer pedidos]
2026-06-10 19:49:40.046 [main] DEBUG [] o.s.w.c.s.GenericWebApplicationContext - Closing org.springframework.web.context.support.GenericWebApplicationContext@7ecdd5d6, started on Wed Jun 10 19:49:39 BRT 2026
2026-06-10 19:49:40.048 [main] INFO  [] o.s.o.j.LocalContainerEntityManagerFactoryBean - Closing JPA EntityManagerFactory for persistence unit 'default'
2026-06-10 19:49:40.049 [main] INFO  [] com.zaxxer.hikari.HikariDataSource - HikariPool-15 - Shutdown initiated...
2026-06-10 19:49:40.057 [main] INFO  [] com.zaxxer.hikari.HikariDataSource - HikariPool-15 - Shutdown completed.
2026-06-10 19:49:40.059 [main] INFO  [] o.s.b.d.r.RestartApplicationListener - Restart disabled due to context in which it is running
2026-06-10 19:49:40.074 [main] INFO  [] c.d.d.c.PedidoControllerTest - Starting PedidoControllerTest using Java 21.0.11 with PID 18360 (started by Santana in C:\Pasta Códiguinhos\arquitetura de sistemas fat\delivery-api\delivery-api)
2026-06-10 19:49:40.074 [main] INFO  [] c.d.d.c.PedidoControllerTest - The following 1 profile is active: "test"
2026-06-10 19:49:40.075 [main] DEBUG [] o.s.w.c.s.GenericWebApplicationContext - Refreshing org.springframework.web.context.support.GenericWebApplicationContext@340a4b1e
2026-06-10 19:49:40.222 [main] INFO  [] o.s.d.r.c.RepositoryConfigurationDelegate - Bootstrapping Spring Data JPA repositories in DEFAULT mode.
2026-06-10 19:49:40.238 [main] INFO  [] o.s.d.r.c.RepositoryConfigurationDelegate - Finished Spring Data repository scanning in 14 ms. Found 5 JPA repository interfaces.
2026-06-10 19:49:40.292 [main] INFO  [] o.s.o.j.p.SpringPersistenceUnitInfo - No LoadTimeWeaver setup: ignoring JPA class transformer
2026-06-10 19:49:40.294 [main] INFO  [] com.zaxxer.hikari.HikariDataSource - HikariPool-16 - Starting...
2026-06-10 19:49:40.295 [main] INFO  [] com.zaxxer.hikari.pool.HikariPool - HikariPool-16 - Added connection conn142: url=jdbc:h2:mem:deliverydb user=SA
2026-06-10 19:49:40.296 [main] INFO  [] com.zaxxer.hikari.HikariDataSource - HikariPool-16 - Start completed.
2026-06-10 19:49:40.296 [main] WARN  [] org.hibernate.orm.deprecation - HHH90000025: H2Dialect does not need to be specified explicitly using 'hibernate.dialect' (remove the property setting and it will be selected by default)
2026-06-10 19:49:40.330 [main] INFO  [] o.s.o.j.LocalContainerEntityManagerFactoryBean - Initialized JPA EntityManagerFactory for persistence unit 'default'
2026-06-10 19:49:40.347 [main] INFO  [] o.s.s.c.a.a.c.InitializeAuthenticationProviderBeanManagerConfigurer$InitializeAuthenticationProviderManagerConfigurer - Global AuthenticationManager configured with AuthenticationProvider bean with name authenticationProvider
2026-06-10 19:49:40.347 [main] WARN  [] o.s.s.c.a.a.c.InitializeUserDetailsBeanManagerConfigurer$InitializeUserDetailsManagerConfigurer - Global AuthenticationManager configured with an AuthenticationProvider bean. UserDetailsService beans will not be used by Spring Security for automatically configuring username/password login. Consider removing the AuthenticationProvider bean. Alternatively, consider using the UserDetailsService in a manually instantiated DaoAuthenticationProvider. If the current configuration is intentional, to turn off this warning, increase the logging level of 'org.springframework.security.config.annotation.authentication.configuration.InitializeUserDetailsBeanManagerConfigurer' to ERROR
2026-06-10 19:49:40.421 [main] DEBUG [] o.s.w.s.m.m.a.RequestMappingHandlerMapping - 42 mappings in 'requestMappingHandlerMapping'
2026-06-10 19:49:40.439 [main] DEBUG [] o.s.w.s.h.SimpleUrlHandlerMapping - Patterns [/webjars/**, /**, /swagger-ui*/*swagger-initializer.js, /swagger-ui*/**] in 'resourceHandlerMapping'
2026-06-10 19:49:40.467 [main] INFO  [] o.s.b.a.e.web.EndpointLinksResolver - Exposing 13 endpoints beneath base path '/actuator'
2026-06-10 19:49:40.493 [main] DEBUG [] o.s.s.web.DefaultSecurityFilterChain - Will secure any request with filters: DisableEncodeUrlFilter, WebAsyncManagerIntegrationFilter, SecurityContextHolderFilter, HeaderWriterFilter, CorsFilter, LogoutFilter, JwtAuthenticationFilter, RequestCacheAwareFilter, SecurityContextHolderAwareRequestFilter, AnonymousAuthenticationFilter, SessionManagementFilter, ExceptionTranslationFilter, AuthorizationFilter
2026-06-10 19:49:40.514 [main] DEBUG [] o.s.w.s.m.m.a.RequestMappingHandlerAdapter - ControllerAdvice beans: 0 @ModelAttribute, 0 @InitBinder, 1 RequestBodyAdvice, 1 ResponseBodyAdvice
2026-06-10 19:49:40.518 [main] DEBUG [] o.s.w.s.m.m.a.ExceptionHandlerExceptionResolver - ControllerAdvice beans: 2 @ExceptionHandler, 1 ResponseBodyAdvice
2026-06-10 19:49:40.543 [main] INFO  [] o.s.b.a.h.H2ConsoleAutoConfiguration - H2 console available at '/h2-console'. Database available at 'jdbc:h2:mem:deliverydb'
2026-06-10 19:49:40.553 [main] DEBUG [] o.s.w.f.ServerHttpObservationFilter - Filter 'webMvcObservationFilter' configured for use
2026-06-10 19:49:40.553 [main] INFO  [] o.s.b.t.m.w.SpringBootMockServletContext - Initializing Spring TestDispatcherServlet ''
2026-06-10 19:49:40.553 [main] INFO  [] o.s.t.w.s.TestDispatcherServlet - Initializing Servlet ''
2026-06-10 19:49:40.553 [main] INFO  [] o.s.t.w.s.TestDispatcherServlet - Completed initialization in 0 ms
2026-06-10 19:49:40.561 [main] INFO  [] c.d.d.c.PedidoControllerTest - Started PedidoControllerTest in 0.502 seconds (process running for 20.909)
2026-06-10 19:49:40.581 [main] DEBUG [] o.s.security.web.FilterChainProxy - Securing POST /api/pedidos
2026-06-10 19:49:40.582 [main] WARN  [] c.d.d.s.JwtAuthenticationFilter - JWT Token não começa com Bearer String
2026-06-10 19:49:40.583 [main] DEBUG [] o.s.security.web.FilterChainProxy - Secured POST /api/pedidos
2026-06-10 19:49:40.583 [main] DEBUG [9794660f80d14e71] o.s.w.s.m.m.a.RequestMappingHandlerMapping - Mapped to com.deliverytech.delivery_api.controller.PedidoController#criarPedido(PedidoReqDTO)
2026-06-10 19:49:40.584 [main] DEBUG [9794660f80d14e71] o.s.w.s.m.m.a.RequestResponseBodyMethodProcessor - Read "application/json;charset=UTF-8" to [com.deliverytech.delivery_api.dto.req.PedidoReqDTO@62364bd7]
2026-06-10 19:49:40.598 [main] DEBUG [9794660f80d14e71] o.s.w.s.m.m.a.HttpEntityMethodProcessor - Using 'application/json', given [*/*] and supported [application/json, application/*+json, application/yaml]
2026-06-10 19:49:40.598 [main] DEBUG [9794660f80d14e71] o.s.w.s.m.m.a.HttpEntityMethodProcessor - Writing [com.deliverytech.delivery_api.dto.res.PedidoResDTO@2f4574e8]
2026-06-10 19:49:40.601 [main] DEBUG [] o.s.security.web.FilterChainProxy - Securing DELETE /api/pedidos/4
2026-06-10 19:49:40.601 [main] WARN  [] c.d.d.s.JwtAuthenticationFilter - JWT Token não começa com Bearer String
2026-06-10 19:49:40.601 [main] DEBUG [] o.s.security.web.FilterChainProxy - Secured DELETE /api/pedidos/4
2026-06-10 19:49:40.602 [main] DEBUG [2b0f4b8cb0ef4bc6] o.s.w.s.m.m.a.RequestMappingHandlerMapping - Mapped to com.deliverytech.delivery_api.controller.PedidoController#cancelarPedido(Long)
2026-06-10 19:49:40.607 [main] DEBUG [2b0f4b8cb0ef4bc6] o.s.w.s.m.m.a.HttpEntityMethodProcessor - Using 'application/json', given [*/*] and supported [application/json, application/*+json, application/yaml]
2026-06-10 19:49:40.607 [main] DEBUG [2b0f4b8cb0ef4bc6] o.s.w.s.m.m.a.HttpEntityMethodProcessor - Nothing to write: null body
2026-06-10 19:49:40.609 [main] DEBUG [] o.s.security.web.FilterChainProxy - Securing GET /api/pedidos/4
2026-06-10 19:49:40.609 [main] WARN  [] c.d.d.s.JwtAuthenticationFilter - JWT Token não começa com Bearer String
2026-06-10 19:49:40.610 [main] DEBUG [] o.s.security.web.FilterChainProxy - Secured GET /api/pedidos/4
2026-06-10 19:49:40.611 [main] DEBUG [562edbed3c654f31] o.s.w.s.m.m.a.RequestMappingHandlerMapping - Mapped to com.deliverytech.delivery_api.controller.PedidoController#buscarPorId(Long)
2026-06-10 19:49:40.612 [main] DEBUG [562edbed3c654f31] o.s.w.s.m.m.a.HttpEntityMethodProcessor - Using 'application/json', given [*/*] and supported [application/json, application/*+json, application/yaml]
2026-06-10 19:49:40.612 [main] DEBUG [562edbed3c654f31] o.s.w.s.m.m.a.HttpEntityMethodProcessor - Writing [com.deliverytech.delivery_api.dto.res.PedidoResDTO@4deae7a2]
2026-06-10 19:49:40.617 [main] DEBUG [] o.s.w.c.s.GenericWebApplicationContext - Closing org.springframework.web.context.support.GenericWebApplicationContext@340a4b1e, started on Wed Jun 10 19:49:40 BRT 2026
2026-06-10 19:49:40.619 [main] INFO  [] o.s.o.j.LocalContainerEntityManagerFactoryBean - Closing JPA EntityManagerFactory for persistence unit 'default'
2026-06-10 19:49:40.620 [main] INFO  [] com.zaxxer.hikari.HikariDataSource - HikariPool-16 - Shutdown initiated...
2026-06-10 19:49:40.626 [main] INFO  [] com.zaxxer.hikari.HikariDataSource - HikariPool-16 - Shutdown completed.
2026-06-10 19:49:40.628 [main] INFO  [] o.s.b.d.r.RestartApplicationListener - Restart disabled due to context in which it is running
2026-06-10 19:49:40.643 [main] INFO  [] c.d.d.c.PedidoControllerTest - Starting PedidoControllerTest using Java 21.0.11 with PID 18360 (started by Santana in C:\Pasta Códiguinhos\arquitetura de sistemas fat\delivery-api\delivery-api)
2026-06-10 19:49:40.644 [main] INFO  [] c.d.d.c.PedidoControllerTest - The following 1 profile is active: "test"
2026-06-10 19:49:40.644 [main] DEBUG [] o.s.w.c.s.GenericWebApplicationContext - Refreshing org.springframework.web.context.support.GenericWebApplicationContext@57db1cd
2026-06-10 19:49:40.792 [main] INFO  [] o.s.d.r.c.RepositoryConfigurationDelegate - Bootstrapping Spring Data JPA repositories in DEFAULT mode.
2026-06-10 19:49:40.812 [main] INFO  [] o.s.d.r.c.RepositoryConfigurationDelegate - Finished Spring Data repository scanning in 19 ms. Found 5 JPA repository interfaces.
2026-06-10 19:49:40.859 [main] INFO  [] o.s.o.j.p.SpringPersistenceUnitInfo - No LoadTimeWeaver setup: ignoring JPA class transformer
2026-06-10 19:49:40.860 [main] INFO  [] com.zaxxer.hikari.HikariDataSource - HikariPool-17 - Starting...
2026-06-10 19:49:40.861 [main] INFO  [] com.zaxxer.hikari.pool.HikariPool - HikariPool-17 - Added connection conn150: url=jdbc:h2:mem:deliverydb user=SA
2026-06-10 19:49:40.861 [main] INFO  [] com.zaxxer.hikari.HikariDataSource - HikariPool-17 - Start completed.
2026-06-10 19:49:40.861 [main] WARN  [] org.hibernate.orm.deprecation - HHH90000025: H2Dialect does not need to be specified explicitly using 'hibernate.dialect' (remove the property setting and it will be selected by default)
2026-06-10 19:49:40.896 [main] INFO  [] o.s.o.j.LocalContainerEntityManagerFactoryBean - Initialized JPA EntityManagerFactory for persistence unit 'default'
2026-06-10 19:49:40.914 [main] INFO  [] o.s.s.c.a.a.c.InitializeAuthenticationProviderBeanManagerConfigurer$InitializeAuthenticationProviderManagerConfigurer - Global AuthenticationManager configured with AuthenticationProvider bean with name authenticationProvider
2026-06-10 19:49:40.914 [main] WARN  [] o.s.s.c.a.a.c.InitializeUserDetailsBeanManagerConfigurer$InitializeUserDetailsManagerConfigurer - Global AuthenticationManager configured with an AuthenticationProvider bean. UserDetailsService beans will not be used by Spring Security for automatically configuring username/password login. Consider removing the AuthenticationProvider bean. Alternatively, consider using the UserDetailsService in a manually instantiated DaoAuthenticationProvider. If the current configuration is intentional, to turn off this warning, increase the logging level of 'org.springframework.security.config.annotation.authentication.configuration.InitializeUserDetailsBeanManagerConfigurer' to ERROR
2026-06-10 19:49:40.990 [main] DEBUG [] o.s.w.s.m.m.a.RequestMappingHandlerMapping - 42 mappings in 'requestMappingHandlerMapping'
2026-06-10 19:49:41.009 [main] DEBUG [] o.s.w.s.h.SimpleUrlHandlerMapping - Patterns [/webjars/**, /**, /swagger-ui*/*swagger-initializer.js, /swagger-ui*/**] in 'resourceHandlerMapping'
2026-06-10 19:49:41.037 [main] INFO  [] o.s.b.a.e.web.EndpointLinksResolver - Exposing 13 endpoints beneath base path '/actuator'
2026-06-10 19:49:41.062 [main] DEBUG [] o.s.s.web.DefaultSecurityFilterChain - Will secure any request with filters: DisableEncodeUrlFilter, WebAsyncManagerIntegrationFilter, SecurityContextHolderFilter, HeaderWriterFilter, CorsFilter, LogoutFilter, JwtAuthenticationFilter, RequestCacheAwareFilter, SecurityContextHolderAwareRequestFilter, AnonymousAuthenticationFilter, SessionManagementFilter, ExceptionTranslationFilter, AuthorizationFilter
2026-06-10 19:49:41.082 [main] DEBUG [] o.s.w.s.m.m.a.RequestMappingHandlerAdapter - ControllerAdvice beans: 0 @ModelAttribute, 0 @InitBinder, 1 RequestBodyAdvice, 1 ResponseBodyAdvice
2026-06-10 19:49:41.086 [main] DEBUG [] o.s.w.s.m.m.a.ExceptionHandlerExceptionResolver - ControllerAdvice beans: 2 @ExceptionHandler, 1 ResponseBodyAdvice
2026-06-10 19:49:41.111 [main] INFO  [] o.s.b.a.h.H2ConsoleAutoConfiguration - H2 console available at '/h2-console'. Database available at 'jdbc:h2:mem:deliverydb'
2026-06-10 19:49:41.121 [main] DEBUG [] o.s.w.f.ServerHttpObservationFilter - Filter 'webMvcObservationFilter' configured for use
2026-06-10 19:49:41.121 [main] INFO  [] o.s.b.t.m.w.SpringBootMockServletContext - Initializing Spring TestDispatcherServlet ''
2026-06-10 19:49:41.121 [main] INFO  [] o.s.t.w.s.TestDispatcherServlet - Initializing Servlet ''
2026-06-10 19:49:41.121 [main] INFO  [] o.s.t.w.s.TestDispatcherServlet - Completed initialization in 0 ms
2026-06-10 19:49:41.129 [main] INFO  [] c.d.d.c.PedidoControllerTest - Started PedidoControllerTest in 0.502 seconds (process running for 21.476)
2026-06-10 19:49:41.151 [main] DEBUG [] o.s.security.web.FilterChainProxy - Securing POST /api/pedidos
2026-06-10 19:49:41.151 [main] WARN  [] c.d.d.s.JwtAuthenticationFilter - JWT Token não começa com Bearer String
2026-06-10 19:49:41.152 [main] DEBUG [] o.s.security.web.FilterChainProxy - Secured POST /api/pedidos
2026-06-10 19:49:41.153 [main] DEBUG [b269ed5785fa405c] o.s.w.s.m.m.a.RequestMappingHandlerMapping - Mapped to com.deliverytech.delivery_api.controller.PedidoController#criarPedido(PedidoReqDTO)
2026-06-10 19:49:41.154 [main] DEBUG [b269ed5785fa405c] o.s.w.s.m.m.a.RequestResponseBodyMethodProcessor - Read "application/json;charset=UTF-8" to [com.deliverytech.delivery_api.dto.req.PedidoReqDTO@a14da93]
2026-06-10 19:49:41.160 [main] DEBUG [b269ed5785fa405c] o.s.w.s.m.m.a.ExceptionHandlerExceptionResolver - Using @ExceptionHandler com.deliverytech.delivery_api.exception.GlobalExceptionHandler#handleValidationException(MethodArgumentNotValidException, HttpServletRequest)
2026-06-10 19:49:41.162 [main] DEBUG [b269ed5785fa405c] o.s.w.s.m.m.a.HttpEntityMethodProcessor - Using 'application/json', given [*/*] and supported [application/json, application/*+json, application/yaml]
2026-06-10 19:49:41.162 [main] DEBUG [b269ed5785fa405c] o.s.w.s.m.m.a.HttpEntityMethodProcessor - Writing [com.deliverytech.delivery_api.dto.ErrorResponse@29ff8009]
2026-06-10 19:49:41.164 [main] DEBUG [b269ed5785fa405c] o.s.w.s.m.m.a.ExceptionHandlerExceptionResolver - Resolved [org.springframework.web.bind.MethodArgumentNotValidException: Validation failed for argument [0] in public org.springframework.http.ResponseEntity<com.deliverytech.delivery_api.dto.res.PedidoResDTO> com.deliverytech.delivery_api.controller.PedidoController.criarPedido(com.deliverytech.delivery_api.dto.req.PedidoReqDTO): [Field error in object 'pedidoReqDTO' on field 'itens': rejected value [[]]; codes [NotEmpty.pedidoReqDTO.itens,NotEmpty.itens,NotEmpty.java.util.List,NotEmpty]; arguments [org.springframework.context.support.DefaultMessageSourceResolvable: codes [pedidoReqDTO.itens,itens]; arguments []; default message [itens]]; default message [Pedido deve ter pelo menos um item]] ]
2026-06-10 19:49:41.168 [main] DEBUG [] o.s.w.c.s.GenericWebApplicationContext - Closing org.springframework.web.context.support.GenericWebApplicationContext@57db1cd, started on Wed Jun 10 19:49:40 BRT 2026
2026-06-10 19:49:41.170 [main] INFO  [] o.s.o.j.LocalContainerEntityManagerFactoryBean - Closing JPA EntityManagerFactory for persistence unit 'default'
2026-06-10 19:49:41.171 [main] INFO  [] com.zaxxer.hikari.HikariDataSource - HikariPool-17 - Shutdown initiated...
2026-06-10 19:49:41.193 [main] INFO  [] com.zaxxer.hikari.HikariDataSource - HikariPool-17 - Shutdown completed.
2026-06-10 19:49:41.195 [main] INFO  [] o.s.b.d.r.RestartApplicationListener - Restart disabled due to context in which it is running
2026-06-10 19:49:41.212 [main] INFO  [] c.d.d.c.PedidoControllerTest - Starting PedidoControllerTest using Java 21.0.11 with PID 18360 (started by Santana in C:\Pasta Códiguinhos\arquitetura de sistemas fat\delivery-api\delivery-api)
2026-06-10 19:49:41.212 [main] INFO  [] c.d.d.c.PedidoControllerTest - The following 1 profile is active: "test"
2026-06-10 19:49:41.213 [main] DEBUG [] o.s.w.c.s.GenericWebApplicationContext - Refreshing org.springframework.web.context.support.GenericWebApplicationContext@17c329fd
2026-06-10 19:49:41.394 [main] INFO  [] o.s.d.r.c.RepositoryConfigurationDelegate - Bootstrapping Spring Data JPA repositories in DEFAULT mode.
2026-06-10 19:49:41.410 [main] INFO  [] o.s.d.r.c.RepositoryConfigurationDelegate - Finished Spring Data repository scanning in 14 ms. Found 5 JPA repository interfaces.
2026-06-10 19:49:41.457 [main] INFO  [] o.s.o.j.p.SpringPersistenceUnitInfo - No LoadTimeWeaver setup: ignoring JPA class transformer
2026-06-10 19:49:41.458 [main] INFO  [] com.zaxxer.hikari.HikariDataSource - HikariPool-18 - Starting...
2026-06-10 19:49:41.459 [main] INFO  [] com.zaxxer.hikari.pool.HikariPool - HikariPool-18 - Added connection conn158: url=jdbc:h2:mem:deliverydb user=SA
2026-06-10 19:49:41.459 [main] INFO  [] com.zaxxer.hikari.HikariDataSource - HikariPool-18 - Start completed.
2026-06-10 19:49:41.460 [main] WARN  [] org.hibernate.orm.deprecation - HHH90000025: H2Dialect does not need to be specified explicitly using 'hibernate.dialect' (remove the property setting and it will be selected by default)
2026-06-10 19:49:41.497 [main] INFO  [] o.s.o.j.LocalContainerEntityManagerFactoryBean - Initialized JPA EntityManagerFactory for persistence unit 'default'
2026-06-10 19:49:41.517 [main] INFO  [] o.s.s.c.a.a.c.InitializeAuthenticationProviderBeanManagerConfigurer$InitializeAuthenticationProviderManagerConfigurer - Global AuthenticationManager configured with AuthenticationProvider bean with name authenticationProvider
2026-06-10 19:49:41.517 [main] WARN  [] o.s.s.c.a.a.c.InitializeUserDetailsBeanManagerConfigurer$InitializeUserDetailsManagerConfigurer - Global AuthenticationManager configured with an AuthenticationProvider bean. UserDetailsService beans will not be used by Spring Security for automatically configuring username/password login. Consider removing the AuthenticationProvider bean. Alternatively, consider using the UserDetailsService in a manually instantiated DaoAuthenticationProvider. If the current configuration is intentional, to turn off this warning, increase the logging level of 'org.springframework.security.config.annotation.authentication.configuration.InitializeUserDetailsBeanManagerConfigurer' to ERROR
2026-06-10 19:49:41.599 [main] DEBUG [] o.s.w.s.m.m.a.RequestMappingHandlerMapping - 42 mappings in 'requestMappingHandlerMapping'
2026-06-10 19:49:41.623 [main] DEBUG [] o.s.w.s.h.SimpleUrlHandlerMapping - Patterns [/webjars/**, /**, /swagger-ui*/*swagger-initializer.js, /swagger-ui*/**] in 'resourceHandlerMapping'
2026-06-10 19:49:41.655 [main] INFO  [] o.s.b.a.e.web.EndpointLinksResolver - Exposing 13 endpoints beneath base path '/actuator'
2026-06-10 19:49:41.682 [main] DEBUG [] o.s.s.web.DefaultSecurityFilterChain - Will secure any request with filters: DisableEncodeUrlFilter, WebAsyncManagerIntegrationFilter, SecurityContextHolderFilter, HeaderWriterFilter, CorsFilter, LogoutFilter, JwtAuthenticationFilter, RequestCacheAwareFilter, SecurityContextHolderAwareRequestFilter, AnonymousAuthenticationFilter, SessionManagementFilter, ExceptionTranslationFilter, AuthorizationFilter
2026-06-10 19:49:41.701 [main] DEBUG [] o.s.w.s.m.m.a.RequestMappingHandlerAdapter - ControllerAdvice beans: 0 @ModelAttribute, 0 @InitBinder, 1 RequestBodyAdvice, 1 ResponseBodyAdvice
2026-06-10 19:49:41.706 [main] DEBUG [] o.s.w.s.m.m.a.ExceptionHandlerExceptionResolver - ControllerAdvice beans: 2 @ExceptionHandler, 1 ResponseBodyAdvice
2026-06-10 19:49:41.730 [main] INFO  [] o.s.b.a.h.H2ConsoleAutoConfiguration - H2 console available at '/h2-console'. Database available at 'jdbc:h2:mem:deliverydb'
2026-06-10 19:49:41.741 [main] DEBUG [] o.s.w.f.ServerHttpObservationFilter - Filter 'webMvcObservationFilter' configured for use
2026-06-10 19:49:41.741 [main] INFO  [] o.s.b.t.m.w.SpringBootMockServletContext - Initializing Spring TestDispatcherServlet ''
2026-06-10 19:49:41.741 [main] INFO  [] o.s.t.w.s.TestDispatcherServlet - Initializing Servlet ''
2026-06-10 19:49:41.741 [main] INFO  [] o.s.t.w.s.TestDispatcherServlet - Completed initialization in 0 ms
2026-06-10 19:49:41.750 [main] INFO  [] c.d.d.c.PedidoControllerTest - Started PedidoControllerTest in 0.555 seconds (process running for 22.097)
2026-06-10 19:49:41.772 [main] DEBUG [] o.s.security.web.FilterChainProxy - Securing POST /api/pedidos
2026-06-10 19:49:41.772 [main] WARN  [] c.d.d.s.JwtAuthenticationFilter - JWT Token não começa com Bearer String
2026-06-10 19:49:41.773 [main] DEBUG [] o.s.security.web.FilterChainProxy - Secured POST /api/pedidos
2026-06-10 19:49:41.773 [main] DEBUG [d369fe2895e9491a] o.s.w.s.m.m.a.RequestMappingHandlerMapping - Mapped to com.deliverytech.delivery_api.controller.PedidoController#criarPedido(PedidoReqDTO)
2026-06-10 19:49:41.775 [main] DEBUG [d369fe2895e9491a] o.s.w.s.m.m.a.RequestResponseBodyMethodProcessor - Read "application/json;charset=UTF-8" to [com.deliverytech.delivery_api.dto.req.PedidoReqDTO@1284704a]
2026-06-10 19:49:41.784 [main] DEBUG [d369fe2895e9491a] o.s.w.s.m.m.a.ExceptionHandlerExceptionResolver - Using @ExceptionHandler com.deliverytech.delivery_api.exception.GlobalExceptionHandler#handleEntityNotFound(EntityNotFoundException, HttpServletRequest)
2026-06-10 19:49:41.787 [main] DEBUG [d369fe2895e9491a] o.s.w.s.m.m.a.HttpEntityMethodProcessor - Using 'application/json', given [*/*] and supported [application/json, application/*+json, application/yaml]
2026-06-10 19:49:41.787 [main] DEBUG [d369fe2895e9491a] o.s.w.s.m.m.a.HttpEntityMethodProcessor - Writing [com.deliverytech.delivery_api.dto.ErrorResponse@328701c0]
2026-06-10 19:49:41.787 [main] DEBUG [d369fe2895e9491a] o.s.w.s.m.m.a.ExceptionHandlerExceptionResolver - Resolved [com.deliverytech.delivery_api.exception.EntityNotFoundException: Produto não encontrado: 999999]
2026-06-10 19:49:41.792 [main] DEBUG [] o.s.w.c.s.GenericWebApplicationContext - Closing org.springframework.web.context.support.GenericWebApplicationContext@17c329fd, started on Wed Jun 10 19:49:41 BRT 2026
2026-06-10 19:49:41.795 [main] INFO  [] o.s.o.j.LocalContainerEntityManagerFactoryBean - Closing JPA EntityManagerFactory for persistence unit 'default'
2026-06-10 19:49:41.796 [main] INFO  [] com.zaxxer.hikari.HikariDataSource - HikariPool-18 - Shutdown initiated...
2026-06-10 19:49:41.825 [main] INFO  [] com.zaxxer.hikari.HikariDataSource - HikariPool-18 - Shutdown completed.
2026-06-10 19:49:41.826 [main] INFO  [] o.s.b.d.r.RestartApplicationListener - Restart disabled due to context in which it is running
2026-06-10 19:49:41.842 [main] INFO  [] c.d.d.c.PedidoControllerTest - Starting PedidoControllerTest using Java 21.0.11 with PID 18360 (started by Santana in C:\Pasta Códiguinhos\arquitetura de sistemas fat\delivery-api\delivery-api)
2026-06-10 19:49:41.842 [main] INFO  [] c.d.d.c.PedidoControllerTest - The following 1 profile is active: "test"
2026-06-10 19:49:41.843 [main] DEBUG [] o.s.w.c.s.GenericWebApplicationContext - Refreshing org.springframework.web.context.support.GenericWebApplicationContext@4adaac0a
2026-06-10 19:49:41.991 [main] INFO  [] o.s.d.r.c.RepositoryConfigurationDelegate - Bootstrapping Spring Data JPA repositories in DEFAULT mode.
2026-06-10 19:49:42.003 [main] INFO  [] o.s.d.r.c.RepositoryConfigurationDelegate - Finished Spring Data repository scanning in 11 ms. Found 5 JPA repository interfaces.
2026-06-10 19:49:42.046 [main] INFO  [] o.s.o.j.p.SpringPersistenceUnitInfo - No LoadTimeWeaver setup: ignoring JPA class transformer
2026-06-10 19:49:42.047 [main] INFO  [] com.zaxxer.hikari.HikariDataSource - HikariPool-19 - Starting...
2026-06-10 19:49:42.047 [main] INFO  [] com.zaxxer.hikari.pool.HikariPool - HikariPool-19 - Added connection conn167: url=jdbc:h2:mem:deliverydb user=SA
2026-06-10 19:49:42.048 [main] INFO  [] com.zaxxer.hikari.HikariDataSource - HikariPool-19 - Start completed.
2026-06-10 19:49:42.048 [main] WARN  [] org.hibernate.orm.deprecation - HHH90000025: H2Dialect does not need to be specified explicitly using 'hibernate.dialect' (remove the property setting and it will be selected by default)
2026-06-10 19:49:42.081 [main] INFO  [] o.s.o.j.LocalContainerEntityManagerFactoryBean - Initialized JPA EntityManagerFactory for persistence unit 'default'
2026-06-10 19:49:42.100 [main] INFO  [] o.s.s.c.a.a.c.InitializeAuthenticationProviderBeanManagerConfigurer$InitializeAuthenticationProviderManagerConfigurer - Global AuthenticationManager configured with AuthenticationProvider bean with name authenticationProvider
2026-06-10 19:49:42.101 [main] WARN  [] o.s.s.c.a.a.c.InitializeUserDetailsBeanManagerConfigurer$InitializeUserDetailsManagerConfigurer - Global AuthenticationManager configured with an AuthenticationProvider bean. UserDetailsService beans will not be used by Spring Security for automatically configuring username/password login. Consider removing the AuthenticationProvider bean. Alternatively, consider using the UserDetailsService in a manually instantiated DaoAuthenticationProvider. If the current configuration is intentional, to turn off this warning, increase the logging level of 'org.springframework.security.config.annotation.authentication.configuration.InitializeUserDetailsBeanManagerConfigurer' to ERROR
2026-06-10 19:49:42.184 [main] DEBUG [] o.s.w.s.m.m.a.RequestMappingHandlerMapping - 42 mappings in 'requestMappingHandlerMapping'
2026-06-10 19:49:42.203 [main] DEBUG [] o.s.w.s.h.SimpleUrlHandlerMapping - Patterns [/webjars/**, /**, /swagger-ui*/*swagger-initializer.js, /swagger-ui*/**] in 'resourceHandlerMapping'
2026-06-10 19:49:42.231 [main] INFO  [] o.s.b.a.e.web.EndpointLinksResolver - Exposing 13 endpoints beneath base path '/actuator'
2026-06-10 19:49:42.254 [main] DEBUG [] o.s.s.web.DefaultSecurityFilterChain - Will secure any request with filters: DisableEncodeUrlFilter, WebAsyncManagerIntegrationFilter, SecurityContextHolderFilter, HeaderWriterFilter, CorsFilter, LogoutFilter, JwtAuthenticationFilter, RequestCacheAwareFilter, SecurityContextHolderAwareRequestFilter, AnonymousAuthenticationFilter, SessionManagementFilter, ExceptionTranslationFilter, AuthorizationFilter
2026-06-10 19:49:42.273 [main] DEBUG [] o.s.w.s.m.m.a.RequestMappingHandlerAdapter - ControllerAdvice beans: 0 @ModelAttribute, 0 @InitBinder, 1 RequestBodyAdvice, 1 ResponseBodyAdvice
2026-06-10 19:49:42.277 [main] DEBUG [] o.s.w.s.m.m.a.ExceptionHandlerExceptionResolver - ControllerAdvice beans: 2 @ExceptionHandler, 1 ResponseBodyAdvice
2026-06-10 19:49:42.302 [main] INFO  [] o.s.b.a.h.H2ConsoleAutoConfiguration - H2 console available at '/h2-console'. Database available at 'jdbc:h2:mem:deliverydb'
2026-06-10 19:49:42.312 [main] DEBUG [] o.s.w.f.ServerHttpObservationFilter - Filter 'webMvcObservationFilter' configured for use
2026-06-10 19:49:42.312 [main] INFO  [] o.s.b.t.m.w.SpringBootMockServletContext - Initializing Spring TestDispatcherServlet ''
2026-06-10 19:49:42.312 [main] INFO  [] o.s.t.w.s.TestDispatcherServlet - Initializing Servlet ''
2026-06-10 19:49:42.312 [main] INFO  [] o.s.t.w.s.TestDispatcherServlet - Completed initialization in 0 ms
2026-06-10 19:49:42.321 [main] INFO  [] c.d.d.c.PedidoControllerTest - Started PedidoControllerTest in 0.495 seconds (process running for 22.668)
2026-06-10 19:49:42.341 [main] DEBUG [] o.s.security.web.FilterChainProxy - Securing DELETE /api/pedidos/999999
2026-06-10 19:49:42.341 [main] WARN  [] c.d.d.s.JwtAuthenticationFilter - JWT Token não começa com Bearer String
2026-06-10 19:49:42.342 [main] DEBUG [] o.s.security.web.FilterChainProxy - Secured DELETE /api/pedidos/999999
2026-06-10 19:49:42.342 [main] DEBUG [195a7c8ded9c48c6] o.s.w.s.m.m.a.RequestMappingHandlerMapping - Mapped to com.deliverytech.delivery_api.controller.PedidoController#cancelarPedido(Long)
2026-06-10 19:49:42.344 [main] DEBUG [195a7c8ded9c48c6] o.s.w.s.m.m.a.ExceptionHandlerExceptionResolver - Using @ExceptionHandler com.deliverytech.delivery_api.exception.GlobalExceptionHandler#handleEntityNotFound(EntityNotFoundException, HttpServletRequest)
2026-06-10 19:49:42.346 [main] DEBUG [195a7c8ded9c48c6] o.s.w.s.m.m.a.HttpEntityMethodProcessor - Using 'application/json', given [*/*] and supported [application/json, application/*+json, application/yaml]
2026-06-10 19:49:42.346 [main] DEBUG [195a7c8ded9c48c6] o.s.w.s.m.m.a.HttpEntityMethodProcessor - Writing [com.deliverytech.delivery_api.dto.ErrorResponse@5efbb259]
2026-06-10 19:49:42.346 [main] DEBUG [195a7c8ded9c48c6] o.s.w.s.m.m.a.ExceptionHandlerExceptionResolver - Resolved [com.deliverytech.delivery_api.exception.EntityNotFoundException: Pedido não encontrado]
2026-06-10 19:49:42.351 [main] DEBUG [] o.s.w.c.s.GenericWebApplicationContext - Closing org.springframework.web.context.support.GenericWebApplicationContext@4adaac0a, started on Wed Jun 10 19:49:41 BRT 2026
2026-06-10 19:49:42.351 [main] INFO  [] o.s.o.j.LocalContainerEntityManagerFactoryBean - Closing JPA EntityManagerFactory for persistence unit 'default'
2026-06-10 19:49:42.352 [main] INFO  [] com.zaxxer.hikari.HikariDataSource - HikariPool-19 - Shutdown initiated...
2026-06-10 19:49:42.376 [main] INFO  [] com.zaxxer.hikari.HikariDataSource - HikariPool-19 - Shutdown completed.
2026-06-10 19:49:42.377 [main] INFO  [] o.s.b.d.r.RestartApplicationListener - Restart disabled due to context in which it is running
2026-06-10 19:49:42.397 [main] INFO  [] c.d.d.c.PedidoControllerTest - Starting PedidoControllerTest using Java 21.0.11 with PID 18360 (started by Santana in C:\Pasta Códiguinhos\arquitetura de sistemas fat\delivery-api\delivery-api)
2026-06-10 19:49:42.397 [main] INFO  [] c.d.d.c.PedidoControllerTest - The following 1 profile is active: "test"
2026-06-10 19:49:42.398 [main] DEBUG [] o.s.w.c.s.GenericWebApplicationContext - Refreshing org.springframework.web.context.support.GenericWebApplicationContext@6d6d16ea
2026-06-10 19:49:42.541 [main] INFO  [] o.s.d.r.c.RepositoryConfigurationDelegate - Bootstrapping Spring Data JPA repositories in DEFAULT mode.
2026-06-10 19:49:42.555 [main] INFO  [] o.s.d.r.c.RepositoryConfigurationDelegate - Finished Spring Data repository scanning in 12 ms. Found 5 JPA repository interfaces.
2026-06-10 19:49:42.597 [main] INFO  [] o.s.o.j.p.SpringPersistenceUnitInfo - No LoadTimeWeaver setup: ignoring JPA class transformer
2026-06-10 19:49:42.598 [main] INFO  [] com.zaxxer.hikari.HikariDataSource - HikariPool-20 - Starting...
2026-06-10 19:49:42.599 [main] INFO  [] com.zaxxer.hikari.pool.HikariPool - HikariPool-20 - Added connection conn175: url=jdbc:h2:mem:deliverydb user=SA
2026-06-10 19:49:42.599 [main] INFO  [] com.zaxxer.hikari.HikariDataSource - HikariPool-20 - Start completed.
2026-06-10 19:49:42.599 [main] WARN  [] org.hibernate.orm.deprecation - HHH90000025: H2Dialect does not need to be specified explicitly using 'hibernate.dialect' (remove the property setting and it will be selected by default)
2026-06-10 19:49:42.631 [main] INFO  [] o.s.o.j.LocalContainerEntityManagerFactoryBean - Initialized JPA EntityManagerFactory for persistence unit 'default'
2026-06-10 19:49:42.651 [main] INFO  [] o.s.s.c.a.a.c.InitializeAuthenticationProviderBeanManagerConfigurer$InitializeAuthenticationProviderManagerConfigurer - Global AuthenticationManager configured with AuthenticationProvider bean with name authenticationProvider
2026-06-10 19:49:42.651 [main] WARN  [] o.s.s.c.a.a.c.InitializeUserDetailsBeanManagerConfigurer$InitializeUserDetailsManagerConfigurer - Global AuthenticationManager configured with an AuthenticationProvider bean. UserDetailsService beans will not be used by Spring Security for automatically configuring username/password login. Consider removing the AuthenticationProvider bean. Alternatively, consider using the UserDetailsService in a manually instantiated DaoAuthenticationProvider. If the current configuration is intentional, to turn off this warning, increase the logging level of 'org.springframework.security.config.annotation.authentication.configuration.InitializeUserDetailsBeanManagerConfigurer' to ERROR
2026-06-10 19:49:42.735 [main] DEBUG [] o.s.w.s.m.m.a.RequestMappingHandlerMapping - 42 mappings in 'requestMappingHandlerMapping'
2026-06-10 19:49:42.755 [main] DEBUG [] o.s.w.s.h.SimpleUrlHandlerMapping - Patterns [/webjars/**, /**, /swagger-ui*/*swagger-initializer.js, /swagger-ui*/**] in 'resourceHandlerMapping'
2026-06-10 19:49:42.786 [main] INFO  [] o.s.b.a.e.web.EndpointLinksResolver - Exposing 13 endpoints beneath base path '/actuator'
2026-06-10 19:49:42.814 [main] DEBUG [] o.s.s.web.DefaultSecurityFilterChain - Will secure any request with filters: DisableEncodeUrlFilter, WebAsyncManagerIntegrationFilter, SecurityContextHolderFilter, HeaderWriterFilter, CorsFilter, LogoutFilter, JwtAuthenticationFilter, RequestCacheAwareFilter, SecurityContextHolderAwareRequestFilter, AnonymousAuthenticationFilter, SessionManagementFilter, ExceptionTranslationFilter, AuthorizationFilter
2026-06-10 19:49:42.840 [main] DEBUG [] o.s.w.s.m.m.a.RequestMappingHandlerAdapter - ControllerAdvice beans: 0 @ModelAttribute, 0 @InitBinder, 1 RequestBodyAdvice, 1 ResponseBodyAdvice
2026-06-10 19:49:42.844 [main] DEBUG [] o.s.w.s.m.m.a.ExceptionHandlerExceptionResolver - ControllerAdvice beans: 2 @ExceptionHandler, 1 ResponseBodyAdvice
2026-06-10 19:49:42.878 [main] INFO  [] o.s.b.a.h.H2ConsoleAutoConfiguration - H2 console available at '/h2-console'. Database available at 'jdbc:h2:mem:deliverydb'
2026-06-10 19:49:42.890 [main] DEBUG [] o.s.w.f.ServerHttpObservationFilter - Filter 'webMvcObservationFilter' configured for use
2026-06-10 19:49:42.890 [main] INFO  [] o.s.b.t.m.w.SpringBootMockServletContext - Initializing Spring TestDispatcherServlet ''
2026-06-10 19:49:42.890 [main] INFO  [] o.s.t.w.s.TestDispatcherServlet - Initializing Servlet ''
2026-06-10 19:49:42.890 [main] INFO  [] o.s.t.w.s.TestDispatcherServlet - Completed initialization in 0 ms
2026-06-10 19:49:42.898 [main] INFO  [] c.d.d.c.PedidoControllerTest - Started PedidoControllerTest in 0.521 seconds (process running for 23.245)
2026-06-10 19:49:42.936 [main] DEBUG [] o.s.security.web.FilterChainProxy - Securing POST /api/pedidos
2026-06-10 19:49:42.937 [main] WARN  [] c.d.d.s.JwtAuthenticationFilter - JWT Token não começa com Bearer String
2026-06-10 19:49:42.938 [main] DEBUG [] o.s.security.web.FilterChainProxy - Secured POST /api/pedidos
2026-06-10 19:49:42.938 [main] DEBUG [9b53bfbc812744e0] o.s.w.s.m.m.a.RequestMappingHandlerMapping - Mapped to com.deliverytech.delivery_api.controller.PedidoController#criarPedido(PedidoReqDTO)
2026-06-10 19:49:42.940 [main] DEBUG [9b53bfbc812744e0] o.s.w.s.m.m.a.RequestResponseBodyMethodProcessor - Read "application/json;charset=UTF-8" to [com.deliverytech.delivery_api.dto.req.PedidoReqDTO@4e2dfedc]
2026-06-10 19:49:42.955 [main] DEBUG [9b53bfbc812744e0] o.s.w.s.m.m.a.HttpEntityMethodProcessor - Using 'application/json', given [*/*] and supported [application/json, application/*+json, application/yaml]
2026-06-10 19:49:42.955 [main] DEBUG [9b53bfbc812744e0] o.s.w.s.m.m.a.HttpEntityMethodProcessor - Writing [com.deliverytech.delivery_api.dto.res.PedidoResDTO@341dd33f]
2026-06-10 19:49:42.958 [main] DEBUG [] o.s.security.web.FilterChainProxy - Securing GET /api/pedidos/4
2026-06-10 19:49:42.959 [main] WARN  [] c.d.d.s.JwtAuthenticationFilter - JWT Token não começa com Bearer String
2026-06-10 19:49:42.959 [main] DEBUG [] o.s.security.web.FilterChainProxy - Secured GET /api/pedidos/4
2026-06-10 19:49:42.959 [main] DEBUG [a6b77f7267c44512] o.s.w.s.m.m.a.RequestMappingHandlerMapping - Mapped to com.deliverytech.delivery_api.controller.PedidoController#buscarPorId(Long)
2026-06-10 19:49:42.961 [main] DEBUG [a6b77f7267c44512] o.s.w.s.m.m.a.HttpEntityMethodProcessor - Using 'application/json', given [*/*] and supported [application/json, application/*+json, application/yaml]
2026-06-10 19:49:42.961 [main] DEBUG [a6b77f7267c44512] o.s.w.s.m.m.a.HttpEntityMethodProcessor - Writing [com.deliverytech.delivery_api.dto.res.PedidoResDTO@41199d04]
2026-06-10 19:49:42.965 [main] DEBUG [] o.s.w.c.s.GenericWebApplicationContext - Closing org.springframework.web.context.support.GenericWebApplicationContext@6d6d16ea, started on Wed Jun 10 19:49:42 BRT 2026
2026-06-10 19:49:42.967 [main] INFO  [] o.s.o.j.LocalContainerEntityManagerFactoryBean - Closing JPA EntityManagerFactory for persistence unit 'default'
2026-06-10 19:49:42.967 [main] INFO  [] com.zaxxer.hikari.HikariDataSource - HikariPool-20 - Shutdown initiated...
2026-06-10 19:49:42.971 [main] INFO  [] com.zaxxer.hikari.HikariDataSource - HikariPool-20 - Shutdown completed.
2026-06-10 19:49:42.972 [main] INFO  [] o.s.b.d.r.RestartApplicationListener - Restart disabled due to context in which it is running
2026-06-10 19:49:42.989 [main] INFO  [] c.d.d.c.PedidoControllerTest - Starting PedidoControllerTest using Java 21.0.11 with PID 18360 (started by Santana in C:\Pasta Códiguinhos\arquitetura de sistemas fat\delivery-api\delivery-api)
2026-06-10 19:49:42.989 [main] INFO  [] c.d.d.c.PedidoControllerTest - The following 1 profile is active: "test"
2026-06-10 19:49:42.990 [main] DEBUG [] o.s.w.c.s.GenericWebApplicationContext - Refreshing org.springframework.web.context.support.GenericWebApplicationContext@39b1d483
2026-06-10 19:49:43.135 [main] INFO  [] o.s.d.r.c.RepositoryConfigurationDelegate - Bootstrapping Spring Data JPA repositories in DEFAULT mode.
2026-06-10 19:49:43.147 [main] INFO  [] o.s.d.r.c.RepositoryConfigurationDelegate - Finished Spring Data repository scanning in 11 ms. Found 5 JPA repository interfaces.
2026-06-10 19:49:43.192 [main] INFO  [] o.s.o.j.p.SpringPersistenceUnitInfo - No LoadTimeWeaver setup: ignoring JPA class transformer
2026-06-10 19:49:43.192 [main] INFO  [] com.zaxxer.hikari.HikariDataSource - HikariPool-21 - Starting...
2026-06-10 19:49:43.194 [main] INFO  [] com.zaxxer.hikari.pool.HikariPool - HikariPool-21 - Added connection conn184: url=jdbc:h2:mem:deliverydb user=SA
2026-06-10 19:49:43.195 [main] INFO  [] com.zaxxer.hikari.HikariDataSource - HikariPool-21 - Start completed.
2026-06-10 19:49:43.195 [main] WARN  [] org.hibernate.orm.deprecation - HHH90000025: H2Dialect does not need to be specified explicitly using 'hibernate.dialect' (remove the property setting and it will be selected by default)
2026-06-10 19:49:43.225 [main] INFO  [] o.s.o.j.LocalContainerEntityManagerFactoryBean - Initialized JPA EntityManagerFactory for persistence unit 'default'
2026-06-10 19:49:43.243 [main] INFO  [] o.s.s.c.a.a.c.InitializeAuthenticationProviderBeanManagerConfigurer$InitializeAuthenticationProviderManagerConfigurer - Global AuthenticationManager configured with AuthenticationProvider bean with name authenticationProvider
2026-06-10 19:49:43.243 [main] WARN  [] o.s.s.c.a.a.c.InitializeUserDetailsBeanManagerConfigurer$InitializeUserDetailsManagerConfigurer - Global AuthenticationManager configured with an AuthenticationProvider bean. UserDetailsService beans will not be used by Spring Security for automatically configuring username/password login. Consider removing the AuthenticationProvider bean. Alternatively, consider using the UserDetailsService in a manually instantiated DaoAuthenticationProvider. If the current configuration is intentional, to turn off this warning, increase the logging level of 'org.springframework.security.config.annotation.authentication.configuration.InitializeUserDetailsBeanManagerConfigurer' to ERROR
2026-06-10 19:49:43.317 [main] DEBUG [] o.s.w.s.m.m.a.RequestMappingHandlerMapping - 42 mappings in 'requestMappingHandlerMapping'
2026-06-10 19:49:43.342 [main] DEBUG [] o.s.w.s.h.SimpleUrlHandlerMapping - Patterns [/webjars/**, /**, /swagger-ui*/*swagger-initializer.js, /swagger-ui*/**] in 'resourceHandlerMapping'
2026-06-10 19:49:43.369 [main] INFO  [] o.s.b.a.e.web.EndpointLinksResolver - Exposing 13 endpoints beneath base path '/actuator'
2026-06-10 19:49:43.392 [main] DEBUG [] o.s.s.web.DefaultSecurityFilterChain - Will secure any request with filters: DisableEncodeUrlFilter, WebAsyncManagerIntegrationFilter, SecurityContextHolderFilter, HeaderWriterFilter, CorsFilter, LogoutFilter, JwtAuthenticationFilter, RequestCacheAwareFilter, SecurityContextHolderAwareRequestFilter, AnonymousAuthenticationFilter, SessionManagementFilter, ExceptionTranslationFilter, AuthorizationFilter
2026-06-10 19:49:43.412 [main] DEBUG [] o.s.w.s.m.m.a.RequestMappingHandlerAdapter - ControllerAdvice beans: 0 @ModelAttribute, 0 @InitBinder, 1 RequestBodyAdvice, 1 ResponseBodyAdvice
2026-06-10 19:49:43.416 [main] DEBUG [] o.s.w.s.m.m.a.ExceptionHandlerExceptionResolver - ControllerAdvice beans: 2 @ExceptionHandler, 1 ResponseBodyAdvice
2026-06-10 19:49:43.441 [main] INFO  [] o.s.b.a.h.H2ConsoleAutoConfiguration - H2 console available at '/h2-console'. Database available at 'jdbc:h2:mem:deliverydb'
2026-06-10 19:49:43.450 [main] DEBUG [] o.s.w.f.ServerHttpObservationFilter - Filter 'webMvcObservationFilter' configured for use
2026-06-10 19:49:43.450 [main] INFO  [] o.s.b.t.m.w.SpringBootMockServletContext - Initializing Spring TestDispatcherServlet ''
2026-06-10 19:49:43.450 [main] INFO  [] o.s.t.w.s.TestDispatcherServlet - Initializing Servlet ''
2026-06-10 19:49:43.450 [main] INFO  [] o.s.t.w.s.TestDispatcherServlet - Completed initialization in 0 ms
2026-06-10 19:49:43.457 [main] INFO  [] c.d.d.c.PedidoControllerTest - Started PedidoControllerTest in 0.485 seconds (process running for 23.805)
2026-06-10 19:49:43.474 [main] DEBUG [] o.s.security.web.FilterChainProxy - Securing GET /api/pedidos/cliente/4
2026-06-10 19:49:43.475 [main] WARN  [] c.d.d.s.JwtAuthenticationFilter - JWT Token não começa com Bearer String
2026-06-10 19:49:43.476 [main] DEBUG [] o.s.security.web.FilterChainProxy - Secured GET /api/pedidos/cliente/4
2026-06-10 19:49:43.476 [main] DEBUG [0cc267e87c09467a] o.s.w.s.m.m.a.RequestMappingHandlerMapping - Mapped to com.deliverytech.delivery_api.controller.PedidoController#buscarPorCliente(Long)
2026-06-10 19:49:43.483 [main] DEBUG [0cc267e87c09467a] o.s.w.s.m.m.a.HttpEntityMethodProcessor - Using 'application/json', given [*/*] and supported [application/json, application/*+json, application/yaml]
2026-06-10 19:49:43.483 [main] DEBUG [0cc267e87c09467a] o.s.w.s.m.m.a.HttpEntityMethodProcessor - Writing [[]]
2026-06-10 19:49:43.487 [main] DEBUG [] o.s.w.c.s.GenericWebApplicationContext - Closing org.springframework.web.context.support.GenericWebApplicationContext@39b1d483, started on Wed Jun 10 19:49:42 BRT 2026
2026-06-10 19:49:43.489 [main] INFO  [] o.s.o.j.LocalContainerEntityManagerFactoryBean - Closing JPA EntityManagerFactory for persistence unit 'default'
2026-06-10 19:49:43.490 [main] INFO  [] com.zaxxer.hikari.HikariDataSource - HikariPool-21 - Shutdown initiated...
2026-06-10 19:49:43.521 [main] INFO  [] com.zaxxer.hikari.HikariDataSource - HikariPool-21 - Shutdown completed.
2026-06-10 19:49:43.522 [main] INFO  [] o.s.b.d.r.RestartApplicationListener - Restart disabled due to context in which it is running
2026-06-10 19:49:43.537 [main] INFO  [] c.d.d.c.PedidoControllerTest - Starting PedidoControllerTest using Java 21.0.11 with PID 18360 (started by Santana in C:\Pasta Códiguinhos\arquitetura de sistemas fat\delivery-api\delivery-api)
2026-06-10 19:49:43.540 [main] INFO  [] c.d.d.c.PedidoControllerTest - The following 1 profile is active: "test"
2026-06-10 19:49:43.540 [main] DEBUG [] o.s.w.c.s.GenericWebApplicationContext - Refreshing org.springframework.web.context.support.GenericWebApplicationContext@28f23a4c
2026-06-10 19:49:43.688 [main] INFO  [] o.s.d.r.c.RepositoryConfigurationDelegate - Bootstrapping Spring Data JPA repositories in DEFAULT mode.
2026-06-10 19:49:43.700 [main] INFO  [] o.s.d.r.c.RepositoryConfigurationDelegate - Finished Spring Data repository scanning in 12 ms. Found 5 JPA repository interfaces.
2026-06-10 19:49:43.744 [main] INFO  [] o.s.o.j.p.SpringPersistenceUnitInfo - No LoadTimeWeaver setup: ignoring JPA class transformer
2026-06-10 19:49:43.745 [main] INFO  [] com.zaxxer.hikari.HikariDataSource - HikariPool-22 - Starting...
2026-06-10 19:49:43.746 [main] INFO  [] com.zaxxer.hikari.pool.HikariPool - HikariPool-22 - Added connection conn192: url=jdbc:h2:mem:deliverydb user=SA
2026-06-10 19:49:43.746 [main] INFO  [] com.zaxxer.hikari.HikariDataSource - HikariPool-22 - Start completed.
2026-06-10 19:49:43.746 [main] WARN  [] org.hibernate.orm.deprecation - HHH90000025: H2Dialect does not need to be specified explicitly using 'hibernate.dialect' (remove the property setting and it will be selected by default)
2026-06-10 19:49:43.787 [main] INFO  [] o.s.o.j.LocalContainerEntityManagerFactoryBean - Initialized JPA EntityManagerFactory for persistence unit 'default'
2026-06-10 19:49:43.805 [main] INFO  [] o.s.s.c.a.a.c.InitializeAuthenticationProviderBeanManagerConfigurer$InitializeAuthenticationProviderManagerConfigurer - Global AuthenticationManager configured with AuthenticationProvider bean with name authenticationProvider
2026-06-10 19:49:43.805 [main] WARN  [] o.s.s.c.a.a.c.InitializeUserDetailsBeanManagerConfigurer$InitializeUserDetailsManagerConfigurer - Global AuthenticationManager configured with an AuthenticationProvider bean. UserDetailsService beans will not be used by Spring Security for automatically configuring username/password login. Consider removing the AuthenticationProvider bean. Alternatively, consider using the UserDetailsService in a manually instantiated DaoAuthenticationProvider. If the current configuration is intentional, to turn off this warning, increase the logging level of 'org.springframework.security.config.annotation.authentication.configuration.InitializeUserDetailsBeanManagerConfigurer' to ERROR
2026-06-10 19:49:43.881 [main] DEBUG [] o.s.w.s.m.m.a.RequestMappingHandlerMapping - 42 mappings in 'requestMappingHandlerMapping'
2026-06-10 19:49:43.897 [main] DEBUG [] o.s.w.s.h.SimpleUrlHandlerMapping - Patterns [/webjars/**, /**, /swagger-ui*/*swagger-initializer.js, /swagger-ui*/**] in 'resourceHandlerMapping'
2026-06-10 19:49:43.924 [main] INFO  [] o.s.b.a.e.web.EndpointLinksResolver - Exposing 13 endpoints beneath base path '/actuator'
2026-06-10 19:49:43.952 [main] DEBUG [] o.s.s.web.DefaultSecurityFilterChain - Will secure any request with filters: DisableEncodeUrlFilter, WebAsyncManagerIntegrationFilter, SecurityContextHolderFilter, HeaderWriterFilter, CorsFilter, LogoutFilter, JwtAuthenticationFilter, RequestCacheAwareFilter, SecurityContextHolderAwareRequestFilter, AnonymousAuthenticationFilter, SessionManagementFilter, ExceptionTranslationFilter, AuthorizationFilter
2026-06-10 19:49:43.972 [main] DEBUG [] o.s.w.s.m.m.a.RequestMappingHandlerAdapter - ControllerAdvice beans: 0 @ModelAttribute, 0 @InitBinder, 1 RequestBodyAdvice, 1 ResponseBodyAdvice
2026-06-10 19:49:43.976 [main] DEBUG [] o.s.w.s.m.m.a.ExceptionHandlerExceptionResolver - ControllerAdvice beans: 2 @ExceptionHandler, 1 ResponseBodyAdvice
2026-06-10 19:49:44.001 [main] INFO  [] o.s.b.a.h.H2ConsoleAutoConfiguration - H2 console available at '/h2-console'. Database available at 'jdbc:h2:mem:deliverydb'
2026-06-10 19:49:44.010 [main] DEBUG [] o.s.w.f.ServerHttpObservationFilter - Filter 'webMvcObservationFilter' configured for use
2026-06-10 19:49:44.010 [main] INFO  [] o.s.b.t.m.w.SpringBootMockServletContext - Initializing Spring TestDispatcherServlet ''
2026-06-10 19:49:44.010 [main] INFO  [] o.s.t.w.s.TestDispatcherServlet - Initializing Servlet ''
2026-06-10 19:49:44.011 [main] INFO  [] o.s.t.w.s.TestDispatcherServlet - Completed initialization in 1 ms
2026-06-10 19:49:44.017 [main] INFO  [] c.d.d.c.PedidoControllerTest - Started PedidoControllerTest in 0.495 seconds (process running for 24.365)
2026-06-10 19:49:44.039 [main] DEBUG [] o.s.security.web.FilterChainProxy - Securing POST /api/pedidos
2026-06-10 19:49:44.039 [main] WARN  [] c.d.d.s.JwtAuthenticationFilter - JWT Token não começa com Bearer String
2026-06-10 19:49:44.041 [main] DEBUG [] o.s.security.web.FilterChainProxy - Secured POST /api/pedidos
2026-06-10 19:49:44.041 [main] DEBUG [0052b8698ec149c2] o.s.w.s.m.m.a.RequestMappingHandlerMapping - Mapped to com.deliverytech.delivery_api.controller.PedidoController#criarPedido(PedidoReqDTO)
2026-06-10 19:49:44.043 [main] DEBUG [0052b8698ec149c2] o.s.w.s.m.m.a.RequestResponseBodyMethodProcessor - Read "application/json;charset=UTF-8" to [com.deliverytech.delivery_api.dto.req.PedidoReqDTO@61c440e0]
2026-06-10 19:49:44.051 [main] DEBUG [0052b8698ec149c2] o.s.w.s.m.m.a.ExceptionHandlerExceptionResolver - Using @ExceptionHandler com.deliverytech.delivery_api.exception.GlobalExceptionHandler#handleBusinessException(BusinessException, HttpServletRequest)
2026-06-10 19:49:44.053 [main] DEBUG [0052b8698ec149c2] o.s.w.s.m.m.a.HttpEntityMethodProcessor - Using 'application/json', given [*/*] and supported [application/json, application/*+json, application/yaml]
2026-06-10 19:49:44.053 [main] DEBUG [0052b8698ec149c2] o.s.w.s.m.m.a.HttpEntityMethodProcessor - Writing [com.deliverytech.delivery_api.dto.ErrorResponse@69419894]
2026-06-10 19:49:44.054 [main] DEBUG [0052b8698ec149c2] o.s.w.s.m.m.a.ExceptionHandlerExceptionResolver - Resolved [com.deliverytech.delivery_api.exception.BusinessException: Produto não pertence ao restaurante selecionado]
2026-06-10 19:49:44.058 [main] DEBUG [] o.s.w.c.s.GenericWebApplicationContext - Closing org.springframework.web.context.support.GenericWebApplicationContext@28f23a4c, started on Wed Jun 10 19:49:43 BRT 2026
2026-06-10 19:49:44.059 [main] INFO  [] o.s.o.j.LocalContainerEntityManagerFactoryBean - Closing JPA EntityManagerFactory for persistence unit 'default'
2026-06-10 19:49:44.061 [main] INFO  [] com.zaxxer.hikari.HikariDataSource - HikariPool-22 - Shutdown initiated...
2026-06-10 19:49:44.073 [main] INFO  [] com.zaxxer.hikari.HikariDataSource - HikariPool-22 - Shutdown completed.
2026-06-10 19:49:44.075 [main] INFO  [] o.s.b.d.r.RestartApplicationListener - Restart disabled due to context in which it is running
2026-06-10 19:49:44.090 [main] INFO  [] c.d.d.c.PedidoControllerTest - Starting PedidoControllerTest using Java 21.0.11 with PID 18360 (started by Santana in C:\Pasta Códiguinhos\arquitetura de sistemas fat\delivery-api\delivery-api)
2026-06-10 19:49:44.090 [main] INFO  [] c.d.d.c.PedidoControllerTest - The following 1 profile is active: "test"
2026-06-10 19:49:44.090 [main] DEBUG [] o.s.w.c.s.GenericWebApplicationContext - Refreshing org.springframework.web.context.support.GenericWebApplicationContext@171031a7
2026-06-10 19:49:44.258 [main] INFO  [] o.s.d.r.c.RepositoryConfigurationDelegate - Bootstrapping Spring Data JPA repositories in DEFAULT mode.
2026-06-10 19:49:44.289 [main] INFO  [] o.s.d.r.c.RepositoryConfigurationDelegate - Finished Spring Data repository scanning in 29 ms. Found 5 JPA repository interfaces.
2026-06-10 19:49:44.338 [main] INFO  [] o.s.o.j.p.SpringPersistenceUnitInfo - No LoadTimeWeaver setup: ignoring JPA class transformer
2026-06-10 19:49:44.339 [main] INFO  [] com.zaxxer.hikari.HikariDataSource - HikariPool-23 - Starting...
2026-06-10 19:49:44.342 [main] INFO  [] com.zaxxer.hikari.pool.HikariPool - HikariPool-23 - Added connection conn200: url=jdbc:h2:mem:deliverydb user=SA
2026-06-10 19:49:44.342 [main] INFO  [] com.zaxxer.hikari.HikariDataSource - HikariPool-23 - Start completed.
2026-06-10 19:49:44.342 [main] WARN  [] org.hibernate.orm.deprecation - HHH90000025: H2Dialect does not need to be specified explicitly using 'hibernate.dialect' (remove the property setting and it will be selected by default)
2026-06-10 19:49:44.396 [main] INFO  [] o.s.o.j.LocalContainerEntityManagerFactoryBean - Initialized JPA EntityManagerFactory for persistence unit 'default'
2026-06-10 19:49:44.422 [main] INFO  [] o.s.s.c.a.a.c.InitializeAuthenticationProviderBeanManagerConfigurer$InitializeAuthenticationProviderManagerConfigurer - Global AuthenticationManager configured with AuthenticationProvider bean with name authenticationProvider
2026-06-10 19:49:44.422 [main] WARN  [] o.s.s.c.a.a.c.InitializeUserDetailsBeanManagerConfigurer$InitializeUserDetailsManagerConfigurer - Global AuthenticationManager configured with an AuthenticationProvider bean. UserDetailsService beans will not be used by Spring Security for automatically configuring username/password login. Consider removing the AuthenticationProvider bean. Alternatively, consider using the UserDetailsService in a manually instantiated DaoAuthenticationProvider. If the current configuration is intentional, to turn off this warning, increase the logging level of 'org.springframework.security.config.annotation.authentication.configuration.InitializeUserDetailsBeanManagerConfigurer' to ERROR
2026-06-10 19:49:44.510 [main] DEBUG [] o.s.w.s.m.m.a.RequestMappingHandlerMapping - 42 mappings in 'requestMappingHandlerMapping'
2026-06-10 19:49:44.529 [main] DEBUG [] o.s.w.s.h.SimpleUrlHandlerMapping - Patterns [/webjars/**, /**, /swagger-ui*/*swagger-initializer.js, /swagger-ui*/**] in 'resourceHandlerMapping'
2026-06-10 19:49:44.559 [main] INFO  [] o.s.b.a.e.web.EndpointLinksResolver - Exposing 13 endpoints beneath base path '/actuator'
2026-06-10 19:49:44.585 [main] DEBUG [] o.s.s.web.DefaultSecurityFilterChain - Will secure any request with filters: DisableEncodeUrlFilter, WebAsyncManagerIntegrationFilter, SecurityContextHolderFilter, HeaderWriterFilter, CorsFilter, LogoutFilter, JwtAuthenticationFilter, RequestCacheAwareFilter, SecurityContextHolderAwareRequestFilter, AnonymousAuthenticationFilter, SessionManagementFilter, ExceptionTranslationFilter, AuthorizationFilter
2026-06-10 19:49:44.606 [main] DEBUG [] o.s.w.s.m.m.a.RequestMappingHandlerAdapter - ControllerAdvice beans: 0 @ModelAttribute, 0 @InitBinder, 1 RequestBodyAdvice, 1 ResponseBodyAdvice
2026-06-10 19:49:44.610 [main] DEBUG [] o.s.w.s.m.m.a.ExceptionHandlerExceptionResolver - ControllerAdvice beans: 2 @ExceptionHandler, 1 ResponseBodyAdvice
2026-06-10 19:49:44.640 [main] INFO  [] o.s.b.a.h.H2ConsoleAutoConfiguration - H2 console available at '/h2-console'. Database available at 'jdbc:h2:mem:deliverydb'
2026-06-10 19:49:44.654 [main] DEBUG [] o.s.w.f.ServerHttpObservationFilter - Filter 'webMvcObservationFilter' configured for use
2026-06-10 19:49:44.654 [main] INFO  [] o.s.b.t.m.w.SpringBootMockServletContext - Initializing Spring TestDispatcherServlet ''
2026-06-10 19:49:44.654 [main] INFO  [] o.s.t.w.s.TestDispatcherServlet - Initializing Servlet ''
2026-06-10 19:49:44.655 [main] INFO  [] o.s.t.w.s.TestDispatcherServlet - Completed initialization in 1 ms
2026-06-10 19:49:44.664 [main] INFO  [] c.d.d.c.PedidoControllerTest - Started PedidoControllerTest in 0.59 seconds (process running for 25.011)
2026-06-10 19:49:44.694 [main] DEBUG [] o.s.security.web.FilterChainProxy - Securing POST /api/pedidos
2026-06-10 19:49:44.695 [main] WARN  [] c.d.d.s.JwtAuthenticationFilter - JWT Token não começa com Bearer String
2026-06-10 19:49:44.696 [main] DEBUG [] o.s.security.web.FilterChainProxy - Secured POST /api/pedidos
2026-06-10 19:49:44.696 [main] DEBUG [121a4fbef4ec4812] o.s.w.s.m.m.a.RequestMappingHandlerMapping - Mapped to com.deliverytech.delivery_api.controller.PedidoController#criarPedido(PedidoReqDTO)
2026-06-10 19:49:44.698 [main] DEBUG [121a4fbef4ec4812] o.s.w.s.m.m.a.RequestResponseBodyMethodProcessor - Read "application/json;charset=UTF-8" to [com.deliverytech.delivery_api.dto.req.PedidoReqDTO@54442f15]
2026-06-10 19:49:44.708 [main] DEBUG [121a4fbef4ec4812] o.s.w.s.m.m.a.HttpEntityMethodProcessor - Using 'application/json', given [*/*] and supported [application/json, application/*+json, application/yaml]
2026-06-10 19:49:44.708 [main] DEBUG [121a4fbef4ec4812] o.s.w.s.m.m.a.HttpEntityMethodProcessor - Writing [com.deliverytech.delivery_api.dto.res.PedidoResDTO@5d304479]
2026-06-10 19:49:44.713 [main] DEBUG [] o.s.security.web.FilterChainProxy - Securing PATCH /api/pedidos/4/status
2026-06-10 19:49:44.713 [main] WARN  [] c.d.d.s.JwtAuthenticationFilter - JWT Token não começa com Bearer String
2026-06-10 19:49:44.714 [main] DEBUG [] o.s.security.web.FilterChainProxy - Secured PATCH /api/pedidos/4/status
2026-06-10 19:49:44.714 [main] DEBUG [53d8d849fd854767] o.s.w.s.m.m.a.RequestMappingHandlerMapping - Mapped to com.deliverytech.delivery_api.controller.PedidoController#atualizarStatus(Long, StatusPedidoDTO)
2026-06-10 19:49:44.718 [main] DEBUG [53d8d849fd854767] o.s.w.s.m.m.a.RequestResponseBodyMethodProcessor - Read "application/json;charset=UTF-8" to [com.deliverytech.delivery_api.dto.StatusPedidoDTO@7c88b309]
2026-06-10 19:49:44.720 [main] DEBUG [53d8d849fd854767] o.s.w.s.m.m.a.HttpEntityMethodProcessor - Using 'application/json', given [*/*] and supported [application/json, application/*+json, application/yaml]
2026-06-10 19:49:44.720 [main] DEBUG [53d8d849fd854767] o.s.w.s.m.m.a.HttpEntityMethodProcessor - Writing [com.deliverytech.delivery_api.dto.res.PedidoResDTO@60ee01cb]
2026-06-10 19:49:44.725 [main] DEBUG [] o.s.w.c.s.GenericWebApplicationContext - Closing org.springframework.web.context.support.GenericWebApplicationContext@171031a7, started on Wed Jun 10 19:49:44 BRT 2026
2026-06-10 19:49:44.727 [main] INFO  [] o.s.o.j.LocalContainerEntityManagerFactoryBean - Closing JPA EntityManagerFactory for persistence unit 'default'
2026-06-10 19:49:44.728 [main] INFO  [] com.zaxxer.hikari.HikariDataSource - HikariPool-23 - Shutdown initiated...
2026-06-10 19:49:44.730 [main] INFO  [] com.zaxxer.hikari.HikariDataSource - HikariPool-23 - Shutdown completed.
2026-06-10 19:49:44.732 [main] INFO  [] o.s.b.d.r.RestartApplicationListener - Restart disabled due to context in which it is running
2026-06-10 19:49:44.746 [main] INFO  [] c.d.d.c.PedidoControllerTest - Starting PedidoControllerTest using Java 21.0.11 with PID 18360 (started by Santana in C:\Pasta Códiguinhos\arquitetura de sistemas fat\delivery-api\delivery-api)
2026-06-10 19:49:44.746 [main] INFO  [] c.d.d.c.PedidoControllerTest - The following 1 profile is active: "test"
2026-06-10 19:49:44.747 [main] DEBUG [] o.s.w.c.s.GenericWebApplicationContext - Refreshing org.springframework.web.context.support.GenericWebApplicationContext@78b3aae3
2026-06-10 19:49:44.898 [main] INFO  [] o.s.d.r.c.RepositoryConfigurationDelegate - Bootstrapping Spring Data JPA repositories in DEFAULT mode.
2026-06-10 19:49:44.912 [main] INFO  [] o.s.d.r.c.RepositoryConfigurationDelegate - Finished Spring Data repository scanning in 13 ms. Found 5 JPA repository interfaces.
2026-06-10 19:49:44.956 [main] INFO  [] o.s.o.j.p.SpringPersistenceUnitInfo - No LoadTimeWeaver setup: ignoring JPA class transformer
2026-06-10 19:49:44.957 [main] INFO  [] com.zaxxer.hikari.HikariDataSource - HikariPool-24 - Starting...
2026-06-10 19:49:44.958 [main] INFO  [] com.zaxxer.hikari.pool.HikariPool - HikariPool-24 - Added connection conn210: url=jdbc:h2:mem:deliverydb user=SA
2026-06-10 19:49:44.958 [main] INFO  [] com.zaxxer.hikari.HikariDataSource - HikariPool-24 - Start completed.
2026-06-10 19:49:44.958 [main] WARN  [] org.hibernate.orm.deprecation - HHH90000025: H2Dialect does not need to be specified explicitly using 'hibernate.dialect' (remove the property setting and it will be selected by default)
2026-06-10 19:49:44.986 [main] INFO  [] o.s.o.j.LocalContainerEntityManagerFactoryBean - Initialized JPA EntityManagerFactory for persistence unit 'default'
2026-06-10 19:49:45.003 [main] INFO  [] o.s.s.c.a.a.c.InitializeAuthenticationProviderBeanManagerConfigurer$InitializeAuthenticationProviderManagerConfigurer - Global AuthenticationManager configured with AuthenticationProvider bean with name authenticationProvider
2026-06-10 19:49:45.003 [main] WARN  [] o.s.s.c.a.a.c.InitializeUserDetailsBeanManagerConfigurer$InitializeUserDetailsManagerConfigurer - Global AuthenticationManager configured with an AuthenticationProvider bean. UserDetailsService beans will not be used by Spring Security for automatically configuring username/password login. Consider removing the AuthenticationProvider bean. Alternatively, consider using the UserDetailsService in a manually instantiated DaoAuthenticationProvider. If the current configuration is intentional, to turn off this warning, increase the logging level of 'org.springframework.security.config.annotation.authentication.configuration.InitializeUserDetailsBeanManagerConfigurer' to ERROR
2026-06-10 19:49:45.080 [main] DEBUG [] o.s.w.s.m.m.a.RequestMappingHandlerMapping - 42 mappings in 'requestMappingHandlerMapping'
2026-06-10 19:49:45.104 [main] DEBUG [] o.s.w.s.h.SimpleUrlHandlerMapping - Patterns [/webjars/**, /**, /swagger-ui*/*swagger-initializer.js, /swagger-ui*/**] in 'resourceHandlerMapping'
2026-06-10 19:49:45.129 [main] INFO  [] o.s.b.a.e.web.EndpointLinksResolver - Exposing 13 endpoints beneath base path '/actuator'
2026-06-10 19:49:45.154 [main] DEBUG [] o.s.s.web.DefaultSecurityFilterChain - Will secure any request with filters: DisableEncodeUrlFilter, WebAsyncManagerIntegrationFilter, SecurityContextHolderFilter, HeaderWriterFilter, CorsFilter, LogoutFilter, JwtAuthenticationFilter, RequestCacheAwareFilter, SecurityContextHolderAwareRequestFilter, AnonymousAuthenticationFilter, SessionManagementFilter, ExceptionTranslationFilter, AuthorizationFilter
2026-06-10 19:49:45.172 [main] DEBUG [] o.s.w.s.m.m.a.RequestMappingHandlerAdapter - ControllerAdvice beans: 0 @ModelAttribute, 0 @InitBinder, 1 RequestBodyAdvice, 1 ResponseBodyAdvice
2026-06-10 19:49:45.176 [main] DEBUG [] o.s.w.s.m.m.a.ExceptionHandlerExceptionResolver - ControllerAdvice beans: 2 @ExceptionHandler, 1 ResponseBodyAdvice
2026-06-10 19:49:45.200 [main] INFO  [] o.s.b.a.h.H2ConsoleAutoConfiguration - H2 console available at '/h2-console'. Database available at 'jdbc:h2:mem:deliverydb'
2026-06-10 19:49:45.209 [main] DEBUG [] o.s.w.f.ServerHttpObservationFilter - Filter 'webMvcObservationFilter' configured for use
2026-06-10 19:49:45.209 [main] INFO  [] o.s.b.t.m.w.SpringBootMockServletContext - Initializing Spring TestDispatcherServlet ''
2026-06-10 19:49:45.209 [main] INFO  [] o.s.t.w.s.TestDispatcherServlet - Initializing Servlet ''
2026-06-10 19:49:45.210 [main] INFO  [] o.s.t.w.s.TestDispatcherServlet - Completed initialization in 1 ms
2026-06-10 19:49:45.217 [main] INFO  [] c.d.d.c.PedidoControllerTest - Started PedidoControllerTest in 0.487 seconds (process running for 25.564)
2026-06-10 19:49:45.236 [main] DEBUG [] o.s.security.web.FilterChainProxy - Securing POST /api/pedidos
2026-06-10 19:49:45.236 [main] WARN  [] c.d.d.s.JwtAuthenticationFilter - JWT Token não começa com Bearer String
2026-06-10 19:49:45.237 [main] DEBUG [] o.s.security.web.FilterChainProxy - Secured POST /api/pedidos
2026-06-10 19:49:45.237 [main] DEBUG [23249a7343fd4282] o.s.w.s.m.m.a.RequestMappingHandlerMapping - Mapped to com.deliverytech.delivery_api.controller.PedidoController#criarPedido(PedidoReqDTO)
2026-06-10 19:49:45.239 [main] DEBUG [23249a7343fd4282] o.s.w.s.m.m.a.RequestResponseBodyMethodProcessor - Read "application/json;charset=UTF-8" to [com.deliverytech.delivery_api.dto.req.PedidoReqDTO@2c928072]
2026-06-10 19:49:45.247 [main] DEBUG [23249a7343fd4282] o.s.w.s.m.m.a.HttpEntityMethodProcessor - Using 'application/json', given [*/*] and supported [application/json, application/*+json, application/yaml]
2026-06-10 19:49:45.248 [main] DEBUG [23249a7343fd4282] o.s.w.s.m.m.a.HttpEntityMethodProcessor - Writing [com.deliverytech.delivery_api.dto.res.PedidoResDTO@5b6957ba]
2026-06-10 19:49:45.251 [main] DEBUG [] o.s.security.web.FilterChainProxy - Securing PATCH /api/pedidos/4/status
2026-06-10 19:49:45.251 [main] WARN  [] c.d.d.s.JwtAuthenticationFilter - JWT Token não começa com Bearer String
2026-06-10 19:49:45.251 [main] DEBUG [] o.s.security.web.FilterChainProxy - Secured PATCH /api/pedidos/4/status
2026-06-10 19:49:45.251 [main] DEBUG [a536b15f81724b75] o.s.w.s.m.m.a.RequestMappingHandlerMapping - Mapped to com.deliverytech.delivery_api.controller.PedidoController#atualizarStatus(Long, StatusPedidoDTO)
2026-06-10 19:49:45.252 [main] DEBUG [a536b15f81724b75] o.s.w.s.m.m.a.RequestResponseBodyMethodProcessor - Read "application/json;charset=UTF-8" to [com.deliverytech.delivery_api.dto.StatusPedidoDTO@3a881bb3]
2026-06-10 19:49:45.255 [main] DEBUG [a536b15f81724b75] o.s.w.s.m.m.a.ExceptionHandlerExceptionResolver - Using @ExceptionHandler com.deliverytech.delivery_api.exception.GlobalExceptionHandler#handleBusinessException(BusinessException, HttpServletRequest)
2026-06-10 19:49:45.257 [main] DEBUG [a536b15f81724b75] o.s.w.s.m.m.a.HttpEntityMethodProcessor - Using 'application/json', given [*/*] and supported [application/json, application/*+json, application/yaml]
2026-06-10 19:49:45.257 [main] DEBUG [a536b15f81724b75] o.s.w.s.m.m.a.HttpEntityMethodProcessor - Writing [com.deliverytech.delivery_api.dto.ErrorResponse@94a8396]
2026-06-10 19:49:45.257 [main] DEBUG [a536b15f81724b75] o.s.w.s.m.m.a.ExceptionHandlerExceptionResolver - Resolved [com.deliverytech.delivery_api.exception.BusinessException: Transição de status inválida: PENDENTE -> ENTREGUE]
2026-06-10 19:49:45.261 [main] DEBUG [] o.s.w.c.s.GenericWebApplicationContext - Closing org.springframework.web.context.support.GenericWebApplicationContext@78b3aae3, started on Wed Jun 10 19:49:44 BRT 2026
2026-06-10 19:49:45.262 [main] INFO  [] o.s.o.j.LocalContainerEntityManagerFactoryBean - Closing JPA EntityManagerFactory for persistence unit 'default'
2026-06-10 19:49:45.262 [main] INFO  [] com.zaxxer.hikari.HikariDataSource - HikariPool-24 - Shutdown initiated...
2026-06-10 19:49:45.265 [main] INFO  [] com.zaxxer.hikari.HikariDataSource - HikariPool-24 - Shutdown completed.
2026-06-10 19:49:45.266 [main] INFO  [] o.s.b.d.r.RestartApplicationListener - Restart disabled due to context in which it is running
2026-06-10 19:49:45.280 [main] INFO  [] c.d.d.c.PedidoControllerTest - Starting PedidoControllerTest using Java 21.0.11 with PID 18360 (started by Santana in C:\Pasta Códiguinhos\arquitetura de sistemas fat\delivery-api\delivery-api)
2026-06-10 19:49:45.280 [main] INFO  [] c.d.d.c.PedidoControllerTest - The following 1 profile is active: "test"
2026-06-10 19:49:45.281 [main] DEBUG [] o.s.w.c.s.GenericWebApplicationContext - Refreshing org.springframework.web.context.support.GenericWebApplicationContext@6f4dcf89
2026-06-10 19:49:45.424 [main] INFO  [] o.s.d.r.c.RepositoryConfigurationDelegate - Bootstrapping Spring Data JPA repositories in DEFAULT mode.
2026-06-10 19:49:45.438 [main] INFO  [] o.s.d.r.c.RepositoryConfigurationDelegate - Finished Spring Data repository scanning in 13 ms. Found 5 JPA repository interfaces.
2026-06-10 19:49:45.489 [main] INFO  [] o.s.o.j.p.SpringPersistenceUnitInfo - No LoadTimeWeaver setup: ignoring JPA class transformer
2026-06-10 19:49:45.489 [main] INFO  [] com.zaxxer.hikari.HikariDataSource - HikariPool-25 - Starting...
2026-06-10 19:49:45.491 [main] INFO  [] com.zaxxer.hikari.pool.HikariPool - HikariPool-25 - Added connection conn217: url=jdbc:h2:mem:deliverydb user=SA
2026-06-10 19:49:45.491 [main] INFO  [] com.zaxxer.hikari.HikariDataSource - HikariPool-25 - Start completed.
2026-06-10 19:49:45.491 [main] WARN  [] org.hibernate.orm.deprecation - HHH90000025: H2Dialect does not need to be specified explicitly using 'hibernate.dialect' (remove the property setting and it will be selected by default)
2026-06-10 19:49:45.541 [main] INFO  [] o.s.o.j.LocalContainerEntityManagerFactoryBean - Initialized JPA EntityManagerFactory for persistence unit 'default'
2026-06-10 19:49:45.563 [main] INFO  [] o.s.s.c.a.a.c.InitializeAuthenticationProviderBeanManagerConfigurer$InitializeAuthenticationProviderManagerConfigurer - Global AuthenticationManager configured with AuthenticationProvider bean with name authenticationProvider
2026-06-10 19:49:45.564 [main] WARN  [] o.s.s.c.a.a.c.InitializeUserDetailsBeanManagerConfigurer$InitializeUserDetailsManagerConfigurer - Global AuthenticationManager configured with an AuthenticationProvider bean. UserDetailsService beans will not be used by Spring Security for automatically configuring username/password login. Consider removing the AuthenticationProvider bean. Alternatively, consider using the UserDetailsService in a manually instantiated DaoAuthenticationProvider. If the current configuration is intentional, to turn off this warning, increase the logging level of 'org.springframework.security.config.annotation.authentication.configuration.InitializeUserDetailsBeanManagerConfigurer' to ERROR
2026-06-10 19:49:45.641 [main] DEBUG [] o.s.w.s.m.m.a.RequestMappingHandlerMapping - 42 mappings in 'requestMappingHandlerMapping'
2026-06-10 19:49:45.661 [main] DEBUG [] o.s.w.s.h.SimpleUrlHandlerMapping - Patterns [/webjars/**, /**, /swagger-ui*/*swagger-initializer.js, /swagger-ui*/**] in 'resourceHandlerMapping'
2026-06-10 19:49:45.691 [main] INFO  [] o.s.b.a.e.web.EndpointLinksResolver - Exposing 13 endpoints beneath base path '/actuator'
2026-06-10 19:49:45.717 [main] DEBUG [] o.s.s.web.DefaultSecurityFilterChain - Will secure any request with filters: DisableEncodeUrlFilter, WebAsyncManagerIntegrationFilter, SecurityContextHolderFilter, HeaderWriterFilter, CorsFilter, LogoutFilter, JwtAuthenticationFilter, RequestCacheAwareFilter, SecurityContextHolderAwareRequestFilter, AnonymousAuthenticationFilter, SessionManagementFilter, ExceptionTranslationFilter, AuthorizationFilter
2026-06-10 19:49:45.736 [main] DEBUG [] o.s.w.s.m.m.a.RequestMappingHandlerAdapter - ControllerAdvice beans: 0 @ModelAttribute, 0 @InitBinder, 1 RequestBodyAdvice, 1 ResponseBodyAdvice
2026-06-10 19:49:45.739 [main] DEBUG [] o.s.w.s.m.m.a.ExceptionHandlerExceptionResolver - ControllerAdvice beans: 2 @ExceptionHandler, 1 ResponseBodyAdvice
2026-06-10 19:49:45.764 [main] INFO  [] o.s.b.a.h.H2ConsoleAutoConfiguration - H2 console available at '/h2-console'. Database available at 'jdbc:h2:mem:deliverydb'
2026-06-10 19:49:45.772 [main] DEBUG [] o.s.w.f.ServerHttpObservationFilter - Filter 'webMvcObservationFilter' configured for use
2026-06-10 19:49:45.772 [main] INFO  [] o.s.b.t.m.w.SpringBootMockServletContext - Initializing Spring TestDispatcherServlet ''
2026-06-10 19:49:45.772 [main] INFO  [] o.s.t.w.s.TestDispatcherServlet - Initializing Servlet ''
2026-06-10 19:49:45.772 [main] INFO  [] o.s.t.w.s.TestDispatcherServlet - Completed initialization in 0 ms
2026-06-10 19:49:45.779 [main] INFO  [] c.d.d.c.PedidoControllerTest - Started PedidoControllerTest in 0.513 seconds (process running for 26.127)
2026-06-10 19:49:45.798 [main] DEBUG [] o.s.security.web.FilterChainProxy - Securing POST /api/pedidos/calcular
2026-06-10 19:49:45.799 [main] WARN  [] c.d.d.s.JwtAuthenticationFilter - JWT Token não começa com Bearer String
2026-06-10 19:49:45.799 [main] DEBUG [] o.s.security.web.FilterChainProxy - Secured POST /api/pedidos/calcular
2026-06-10 19:49:45.800 [main] DEBUG [5243dbd3ac79467f] o.s.w.s.m.m.a.RequestMappingHandlerMapping - Mapped to com.deliverytech.delivery_api.controller.PedidoController#calcularTotal(List)
2026-06-10 19:49:45.801 [main] DEBUG [5243dbd3ac79467f] o.s.w.s.m.m.a.RequestResponseBodyMethodProcessor - Read "application/json;charset=UTF-8" to [[com.deliverytech.delivery_api.dto.ItemPedidoDTO@59a0529c]]
2026-06-10 19:49:45.813 [main] DEBUG [5243dbd3ac79467f] o.s.w.s.m.m.a.HttpEntityMethodProcessor - Using 'application/json', given [*/*] and supported [application/json, application/*+json, application/yaml]
2026-06-10 19:49:45.814 [main] DEBUG [5243dbd3ac79467f] o.s.w.s.m.m.a.HttpEntityMethodProcessor - Writing [89.7]
2026-06-10 19:49:45.819 [main] DEBUG [] o.s.w.c.s.GenericWebApplicationContext - Closing org.springframework.web.context.support.GenericWebApplicationContext@6f4dcf89, started on Wed Jun 10 19:49:45 BRT 2026
2026-06-10 19:49:45.820 [main] INFO  [] o.s.o.j.LocalContainerEntityManagerFactoryBean - Closing JPA EntityManagerFactory for persistence unit 'default'
2026-06-10 19:49:45.821 [main] INFO  [] com.zaxxer.hikari.HikariDataSource - HikariPool-25 - Shutdown initiated...
2026-06-10 19:49:45.848 [main] INFO  [] com.zaxxer.hikari.HikariDataSource - HikariPool-25 - Shutdown completed.
2026-06-10 19:49:45.850 [main] INFO  [] o.s.b.d.r.RestartApplicationListener - Restart disabled due to context in which it is running
2026-06-10 19:49:45.865 [main] INFO  [] c.d.d.c.PedidoControllerTest - Starting PedidoControllerTest using Java 21.0.11 with PID 18360 (started by Santana in C:\Pasta Códiguinhos\arquitetura de sistemas fat\delivery-api\delivery-api)
2026-06-10 19:49:45.865 [main] INFO  [] c.d.d.c.PedidoControllerTest - The following 1 profile is active: "test"
2026-06-10 19:49:45.866 [main] DEBUG [] o.s.w.c.s.GenericWebApplicationContext - Refreshing org.springframework.web.context.support.GenericWebApplicationContext@4102dc0e
2026-06-10 19:49:46.006 [main] INFO  [] o.s.d.r.c.RepositoryConfigurationDelegate - Bootstrapping Spring Data JPA repositories in DEFAULT mode.
2026-06-10 19:49:46.020 [main] INFO  [] o.s.d.r.c.RepositoryConfigurationDelegate - Finished Spring Data repository scanning in 13 ms. Found 5 JPA repository interfaces.
2026-06-10 19:49:46.061 [main] INFO  [] o.s.o.j.p.SpringPersistenceUnitInfo - No LoadTimeWeaver setup: ignoring JPA class transformer
2026-06-10 19:49:46.061 [main] INFO  [] com.zaxxer.hikari.HikariDataSource - HikariPool-26 - Starting...
2026-06-10 19:49:46.062 [main] INFO  [] com.zaxxer.hikari.pool.HikariPool - HikariPool-26 - Added connection conn226: url=jdbc:h2:mem:deliverydb user=SA
2026-06-10 19:49:46.062 [main] INFO  [] com.zaxxer.hikari.HikariDataSource - HikariPool-26 - Start completed.
2026-06-10 19:49:46.062 [main] WARN  [] org.hibernate.orm.deprecation - HHH90000025: H2Dialect does not need to be specified explicitly using 'hibernate.dialect' (remove the property setting and it will be selected by default)
2026-06-10 19:49:46.099 [main] INFO  [] o.s.o.j.LocalContainerEntityManagerFactoryBean - Initialized JPA EntityManagerFactory for persistence unit 'default'
2026-06-10 19:49:46.117 [main] INFO  [] o.s.s.c.a.a.c.InitializeAuthenticationProviderBeanManagerConfigurer$InitializeAuthenticationProviderManagerConfigurer - Global AuthenticationManager configured with AuthenticationProvider bean with name authenticationProvider
2026-06-10 19:49:46.117 [main] WARN  [] o.s.s.c.a.a.c.InitializeUserDetailsBeanManagerConfigurer$InitializeUserDetailsManagerConfigurer - Global AuthenticationManager configured with an AuthenticationProvider bean. UserDetailsService beans will not be used by Spring Security for automatically configuring username/password login. Consider removing the AuthenticationProvider bean. Alternatively, consider using the UserDetailsService in a manually instantiated DaoAuthenticationProvider. If the current configuration is intentional, to turn off this warning, increase the logging level of 'org.springframework.security.config.annotation.authentication.configuration.InitializeUserDetailsBeanManagerConfigurer' to ERROR
2026-06-10 19:49:46.188 [main] DEBUG [] o.s.w.s.m.m.a.RequestMappingHandlerMapping - 42 mappings in 'requestMappingHandlerMapping'
2026-06-10 19:49:46.205 [main] DEBUG [] o.s.w.s.h.SimpleUrlHandlerMapping - Patterns [/webjars/**, /**, /swagger-ui*/*swagger-initializer.js, /swagger-ui*/**] in 'resourceHandlerMapping'
2026-06-10 19:49:46.232 [main] INFO  [] o.s.b.a.e.web.EndpointLinksResolver - Exposing 13 endpoints beneath base path '/actuator'
2026-06-10 19:49:46.257 [main] DEBUG [] o.s.s.web.DefaultSecurityFilterChain - Will secure any request with filters: DisableEncodeUrlFilter, WebAsyncManagerIntegrationFilter, SecurityContextHolderFilter, HeaderWriterFilter, CorsFilter, LogoutFilter, JwtAuthenticationFilter, RequestCacheAwareFilter, SecurityContextHolderAwareRequestFilter, AnonymousAuthenticationFilter, SessionManagementFilter, ExceptionTranslationFilter, AuthorizationFilter
2026-06-10 19:49:46.277 [main] DEBUG [] o.s.w.s.m.m.a.RequestMappingHandlerAdapter - ControllerAdvice beans: 0 @ModelAttribute, 0 @InitBinder, 1 RequestBodyAdvice, 1 ResponseBodyAdvice
2026-06-10 19:49:46.280 [main] DEBUG [] o.s.w.s.m.m.a.ExceptionHandlerExceptionResolver - ControllerAdvice beans: 2 @ExceptionHandler, 1 ResponseBodyAdvice
2026-06-10 19:49:46.305 [main] INFO  [] o.s.b.a.h.H2ConsoleAutoConfiguration - H2 console available at '/h2-console'. Database available at 'jdbc:h2:mem:deliverydb'
2026-06-10 19:49:46.314 [main] DEBUG [] o.s.w.f.ServerHttpObservationFilter - Filter 'webMvcObservationFilter' configured for use
2026-06-10 19:49:46.314 [main] INFO  [] o.s.b.t.m.w.SpringBootMockServletContext - Initializing Spring TestDispatcherServlet ''
2026-06-10 19:49:46.314 [main] INFO  [] o.s.t.w.s.TestDispatcherServlet - Initializing Servlet ''
2026-06-10 19:49:46.314 [main] INFO  [] o.s.t.w.s.TestDispatcherServlet - Completed initialization in 0 ms
2026-06-10 19:49:46.322 [main] INFO  [] c.d.d.c.PedidoControllerTest - Started PedidoControllerTest in 0.472 seconds (process running for 26.67)
2026-06-10 19:49:46.338 [main] DEBUG [] o.s.security.web.FilterChainProxy - Securing GET /api/pedidos/999999
2026-06-10 19:49:46.338 [main] WARN  [] c.d.d.s.JwtAuthenticationFilter - JWT Token não começa com Bearer String
2026-06-10 19:49:46.339 [main] DEBUG [] o.s.security.web.FilterChainProxy - Secured GET /api/pedidos/999999
2026-06-10 19:49:46.339 [main] DEBUG [601e428174834a7a] o.s.w.s.m.m.a.RequestMappingHandlerMapping - Mapped to com.deliverytech.delivery_api.controller.PedidoController#buscarPorId(Long)
2026-06-10 19:49:46.341 [main] DEBUG [601e428174834a7a] o.s.w.s.m.m.a.ExceptionHandlerExceptionResolver - Using @ExceptionHandler com.deliverytech.delivery_api.exception.GlobalExceptionHandler#handleEntityNotFound(EntityNotFoundException, HttpServletRequest)
2026-06-10 19:49:46.343 [main] DEBUG [601e428174834a7a] o.s.w.s.m.m.a.HttpEntityMethodProcessor - Using 'application/json', given [*/*] and supported [application/json, application/*+json, application/yaml]
2026-06-10 19:49:46.343 [main] DEBUG [601e428174834a7a] o.s.w.s.m.m.a.HttpEntityMethodProcessor - Writing [com.deliverytech.delivery_api.dto.ErrorResponse@16abc]
2026-06-10 19:49:46.344 [main] DEBUG [601e428174834a7a] o.s.w.s.m.m.a.ExceptionHandlerExceptionResolver - Resolved [com.deliverytech.delivery_api.exception.EntityNotFoundException: Pedido não encontrado com ID: 999999]
2026-06-10 19:49:46.351 [main] INFO  [] o.s.t.c.s.AnnotationConfigContextLoaderUtils - Could not detect default configuration classes for test class [com.deliverytech.delivery_api.controller.RestauranteControllerTest]: RestauranteControllerTest does not declare any static, non-private, non-final, nested classes annotated with @Configuration.
2026-06-10 19:49:46.359 [main] INFO  [] o.s.b.t.c.SpringBootTestContextBootstrapper - Found @SpringBootConfiguration com.deliverytech.delivery_api.DeliveryApiApplication for test class com.deliverytech.delivery_api.controller.RestauranteControllerTest
2026-06-10 19:49:46.361 [main] INFO  [] o.s.b.d.r.RestartApplicationListener - Restart disabled due to context in which it is running
2026-06-10 19:49:46.371 [main] INFO  [] c.d.d.c.RestauranteControllerTest - Starting RestauranteControllerTest using Java 21.0.11 with PID 18360 (started by Santana in C:\Pasta Códiguinhos\arquitetura de sistemas fat\delivery-api\delivery-api)
2026-06-10 19:49:46.371 [main] INFO  [] c.d.d.c.RestauranteControllerTest - No active profile set, falling back to 1 default profile: "default"
2026-06-10 19:49:46.372 [main] DEBUG [] o.s.w.c.s.GenericWebApplicationContext - Refreshing org.springframework.web.context.support.GenericWebApplicationContext@5939de63
2026-06-10 19:49:46.748 [main] DEBUG [] o.s.w.s.m.m.a.RequestMappingHandlerMapping - 11 mappings in 'requestMappingHandlerMapping'
2026-06-10 19:49:46.757 [main] DEBUG [] o.s.w.s.h.SimpleUrlHandlerMapping - Patterns [/webjars/**, /**] in 'resourceHandlerMapping'
2026-06-10 19:49:46.758 [main] DEBUG [] o.s.w.s.m.m.a.RequestMappingHandlerAdapter - ControllerAdvice beans: 0 @ModelAttribute, 0 @InitBinder, 1 RequestBodyAdvice, 1 ResponseBodyAdvice
2026-06-10 19:49:46.759 [main] DEBUG [] o.s.w.s.m.m.a.ExceptionHandlerExceptionResolver - ControllerAdvice beans: 1 @ExceptionHandler, 1 ResponseBodyAdvice
2026-06-10 19:49:46.763 [main] WARN  [] o.s.s.c.a.a.c.InitializeUserDetailsBeanManagerConfigurer$InitializeUserDetailsManagerConfigurer - Found 2 UserDetailsService beans, with names [inMemoryUserDetailsManager, com.deliverytech.delivery_api.service.AuthService#0]. Global Authentication Manager will not use a UserDetailsService for username/password login. Consider publishing a single UserDetailsService bean.
2026-06-10 19:49:46.763 [main] DEBUG [] o.s.s.c.a.a.c.AuthenticationConfiguration$DefaultPasswordEncoderAuthenticationManagerBuilder - No authenticationProviders and no parentAuthenticationManager defined. Returning null.
2026-06-10 19:49:46.777 [main] DEBUG [] o.s.s.web.DefaultSecurityFilterChain - Will secure any request with filters: DisableEncodeUrlFilter, WebAsyncManagerIntegrationFilter, SecurityContextHolderFilter, HeaderWriterFilter, CsrfFilter, LogoutFilter, UsernamePasswordAuthenticationFilter, DefaultResourcesFilter, DefaultLoginPageGeneratingFilter, DefaultLogoutPageGeneratingFilter, BasicAuthenticationFilter, RequestCacheAwareFilter, SecurityContextHolderAwareRequestFilter, AnonymousAuthenticationFilter, ExceptionTranslationFilter, AuthorizationFilter
2026-06-10 19:49:46.782 [main] INFO  [] o.s.b.t.m.w.SpringBootMockServletContext - Initializing Spring TestDispatcherServlet ''
2026-06-10 19:49:46.782 [main] INFO  [] o.s.t.w.s.TestDispatcherServlet - Initializing Servlet ''
2026-06-10 19:49:46.782 [main] INFO  [] o.s.t.w.s.TestDispatcherServlet - Completed initialization in 0 ms
2026-06-10 19:49:46.785 [main] INFO  [] c.d.d.c.RestauranteControllerTest - Started RestauranteControllerTest in 0.424 seconds (process running for 27.132)
2026-06-10 19:49:46.790 [main] DEBUG [] o.s.w.s.m.m.a.RequestMappingHandlerMapping - Mapped to com.deliverytech.delivery_api.controller.RestauranteController#buscarPorId(Long)
2026-06-10 19:49:46.795 [main] DEBUG [] o.s.w.s.m.m.a.HttpEntityMethodProcessor - Using 'application/json', given [*/*] and supported [application/json, application/*+json, application/yaml]
2026-06-10 19:49:46.796 [main] DEBUG [] o.s.w.s.m.m.a.HttpEntityMethodProcessor - Writing [com.deliverytech.delivery_api.dto.ApiResponseWrapper@65d4933f]
2026-06-10 19:49:46.801 [main] DEBUG [] o.s.w.s.m.m.a.RequestMappingHandlerMapping - Mapped to com.deliverytech.delivery_api.controller.RestauranteController#calcularTaxaEntrega(Long, String)
2026-06-10 19:49:46.802 [main] DEBUG [] o.s.w.s.m.m.a.HttpEntityMethodProcessor - Using 'application/json', given [*/*] and supported [application/json, application/*+json, application/yaml]
2026-06-10 19:49:46.802 [main] DEBUG [] o.s.w.s.m.m.a.HttpEntityMethodProcessor - Writing [com.deliverytech.delivery_api.dto.ApiResponseWrapper@2df3e28]
2026-06-10 19:49:46.809 [main] DEBUG [] o.s.w.s.m.m.a.RequestMappingHandlerMapping - Mapped to com.deliverytech.delivery_api.controller.RestauranteController#alterarStatus(Long)
2026-06-10 19:49:46.809 [main] DEBUG [] o.s.w.s.m.m.a.HttpEntityMethodProcessor - Using 'application/json', given [*/*] and supported [application/json, application/*+json, application/yaml]
2026-06-10 19:49:46.810 [main] DEBUG [] o.s.w.s.m.m.a.HttpEntityMethodProcessor - Writing [com.deliverytech.delivery_api.dto.ApiResponseWrapper@cc26344]
2026-06-10 19:49:46.812 [main] DEBUG [] o.s.w.s.m.m.a.RequestMappingHandlerMapping - Mapped to com.deliverytech.delivery_api.controller.RestauranteController#buscarPorCategoria(String)
2026-06-10 19:49:46.814 [main] DEBUG [] o.s.w.s.m.m.a.HttpEntityMethodProcessor - Using 'application/json', given [*/*] and supported [application/json, application/*+json, application/yaml]
2026-06-10 19:49:46.815 [main] DEBUG [] o.s.w.s.m.m.a.HttpEntityMethodProcessor - Writing [com.deliverytech.delivery_api.dto.ApiResponseWrapper@c3f9ae0]
2026-06-10 19:49:46.820 [main] INFO  [] o.s.t.c.s.AnnotationConfigContextLoaderUtils - Could not detect default configuration classes for test class [com.deliverytech.delivery_api.DeliveryApiApplicationTests]: DeliveryApiApplicationTests does not declare any static, non-private, non-final, nested classes annotated with @Configuration.
2026-06-10 19:49:46.827 [main] INFO  [] o.s.b.t.c.SpringBootTestContextBootstrapper - Found @SpringBootConfiguration com.deliverytech.delivery_api.DeliveryApiApplication for test class com.deliverytech.delivery_api.DeliveryApiApplicationTests
2026-06-10 19:49:46.830 [main] INFO  [] o.s.b.d.r.RestartApplicationListener - Restart disabled due to context in which it is running
2026-06-10 19:49:46.842 [main] INFO  [] c.d.d.DeliveryApiApplicationTests - Starting DeliveryApiApplicationTests using Java 21.0.11 with PID 18360 (started by Santana in C:\Pasta Códiguinhos\arquitetura de sistemas fat\delivery-api\delivery-api)
2026-06-10 19:49:46.842 [main] INFO  [] c.d.d.DeliveryApiApplicationTests - No active profile set, falling back to 1 default profile: "default"
2026-06-10 19:49:46.843 [main] DEBUG [] o.s.w.c.s.GenericWebApplicationContext - Refreshing org.springframework.web.context.support.GenericWebApplicationContext@64363dbb
2026-06-10 19:49:46.992 [main] INFO  [] o.s.d.r.c.RepositoryConfigurationDelegate - Bootstrapping Spring Data JPA repositories in DEFAULT mode.
2026-06-10 19:49:47.004 [main] INFO  [] o.s.d.r.c.RepositoryConfigurationDelegate - Finished Spring Data repository scanning in 12 ms. Found 5 JPA repository interfaces.
2026-06-10 19:49:47.049 [main] INFO  [] o.s.o.j.p.SpringPersistenceUnitInfo - No LoadTimeWeaver setup: ignoring JPA class transformer
2026-06-10 19:49:47.049 [main] INFO  [] com.zaxxer.hikari.HikariDataSource - HikariPool-27 - Starting...
2026-06-10 19:49:47.050 [main] INFO  [] com.zaxxer.hikari.pool.HikariPool - HikariPool-27 - Added connection conn236: url=jdbc:h2:mem:deliverydb user=SA
2026-06-10 19:49:47.050 [main] INFO  [] com.zaxxer.hikari.HikariDataSource - HikariPool-27 - Start completed.
2026-06-10 19:49:47.050 [main] WARN  [] org.hibernate.orm.deprecation - HHH90000025: H2Dialect does not need to be specified explicitly using 'hibernate.dialect' (remove the property setting and it will be selected by default)
2026-06-10 19:49:47.082 [main] INFO  [] o.s.o.j.LocalContainerEntityManagerFactoryBean - Initialized JPA EntityManagerFactory for persistence unit 'default'
2026-06-10 19:49:47.099 [main] INFO  [] o.s.s.c.a.a.c.InitializeAuthenticationProviderBeanManagerConfigurer$InitializeAuthenticationProviderManagerConfigurer - Global AuthenticationManager configured with AuthenticationProvider bean with name authenticationProvider
2026-06-10 19:49:47.099 [main] WARN  [] o.s.s.c.a.a.c.InitializeUserDetailsBeanManagerConfigurer$InitializeUserDetailsManagerConfigurer - Global AuthenticationManager configured with an AuthenticationProvider bean. UserDetailsService beans will not be used by Spring Security for automatically configuring username/password login. Consider removing the AuthenticationProvider bean. Alternatively, consider using the UserDetailsService in a manually instantiated DaoAuthenticationProvider. If the current configuration is intentional, to turn off this warning, increase the logging level of 'org.springframework.security.config.annotation.authentication.configuration.InitializeUserDetailsBeanManagerConfigurer' to ERROR
2026-06-10 19:49:47.169 [main] DEBUG [] o.s.w.s.m.m.a.RequestMappingHandlerMapping - 42 mappings in 'requestMappingHandlerMapping'
2026-06-10 19:49:47.188 [main] DEBUG [] o.s.w.s.h.SimpleUrlHandlerMapping - Patterns [/webjars/**, /**, /swagger-ui*/*swagger-initializer.js, /swagger-ui*/**] in 'resourceHandlerMapping'
2026-06-10 19:49:47.220 [main] INFO  [] o.s.b.a.e.web.EndpointLinksResolver - Exposing 13 endpoints beneath base path '/actuator'
2026-06-10 19:49:47.247 [main] DEBUG [] o.s.s.web.DefaultSecurityFilterChain - Will secure any request with filters: DisableEncodeUrlFilter, WebAsyncManagerIntegrationFilter, SecurityContextHolderFilter, HeaderWriterFilter, CorsFilter, LogoutFilter, JwtAuthenticationFilter, RequestCacheAwareFilter, SecurityContextHolderAwareRequestFilter, AnonymousAuthenticationFilter, SessionManagementFilter, ExceptionTranslationFilter, AuthorizationFilter
2026-06-10 19:49:47.267 [main] DEBUG [] o.s.w.s.m.m.a.RequestMappingHandlerAdapter - ControllerAdvice beans: 0 @ModelAttribute, 0 @InitBinder, 1 RequestBodyAdvice, 1 ResponseBodyAdvice
2026-06-10 19:49:47.271 [main] DEBUG [] o.s.w.s.m.m.a.ExceptionHandlerExceptionResolver - ControllerAdvice beans: 2 @ExceptionHandler, 1 ResponseBodyAdvice
2026-06-10 19:49:47.295 [main] INFO  [] o.s.b.a.h.H2ConsoleAutoConfiguration - H2 console available at '/h2-console'. Database available at 'jdbc:h2:mem:deliverydb'
2026-06-10 19:49:47.310 [main] INFO  [] c.d.d.DeliveryApiApplicationTests - Started DeliveryApiApplicationTests in 0.48 seconds (process running for 27.658)
2026-06-10 19:49:47.382 [SpringApplicationShutdownHook] DEBUG [] o.s.w.c.s.GenericWebApplicationContext - Closing org.springframework.web.context.support.GenericWebApplicationContext@4102dc0e, started on Wed Jun 10 19:49:45 BRT 2026
2026-06-10 19:49:47.384 [SpringApplicationShutdownHook] INFO  [] o.s.o.j.LocalContainerEntityManagerFactoryBean - Closing JPA EntityManagerFactory for persistence unit 'default'
2026-06-10 19:49:47.385 [SpringApplicationShutdownHook] INFO  [] com.zaxxer.hikari.HikariDataSource - HikariPool-26 - Shutdown initiated...
2026-06-10 19:49:47.385 [SpringApplicationShutdownHook] INFO  [] com.zaxxer.hikari.HikariDataSource - HikariPool-26 - Shutdown completed.
2026-06-10 19:49:47.386 [SpringApplicationShutdownHook] DEBUG [] o.s.w.c.s.GenericWebApplicationContext - Closing org.springframework.web.context.support.GenericWebApplicationContext@5939de63, started on Wed Jun 10 19:49:46 BRT 2026
2026-06-10 19:49:47.386 [SpringApplicationShutdownHook] DEBUG [] o.s.w.c.s.GenericWebApplicationContext - Closing org.springframework.web.context.support.GenericWebApplicationContext@64363dbb, started on Wed Jun 10 19:49:46 BRT 2026
2026-06-10 19:49:47.387 [SpringApplicationShutdownHook] INFO  [] o.s.o.j.LocalContainerEntityManagerFactoryBean - Closing JPA EntityManagerFactory for persistence unit 'default'
2026-06-10 19:49:47.388 [SpringApplicationShutdownHook] INFO  [] com.zaxxer.hikari.HikariDataSource - HikariPool-27 - Shutdown initiated...
2026-06-10 19:49:47.403 [SpringApplicationShutdownHook] INFO  [] com.zaxxer.hikari.HikariDataSource - HikariPool-27 - Shutdown completed.
