2026-06-07 12:11:35.936 [restartedMain] INFO  [] c.d.d.DeliveryApiApplication - Starting DeliveryApiApplication using Java 21.0.11 with PID 19344 (C:\Pasta Códiguinhos\arquitetura de sistemas fat\delivery-api\delivery-api\target\classes started by Santana in C:\Pasta Códiguinhos\arquitetura de sistemas fat\delivery-api\delivery-api)
2026-06-07 12:11:35.942 [restartedMain] INFO  [] c.d.d.DeliveryApiApplication - No active profile set, falling back to 1 default profile: "default"
2026-06-07 12:11:35.976 [restartedMain] INFO  [] o.s.b.d.e.DevToolsPropertyDefaultsPostProcessor - Devtools property defaults active! Set 'spring.devtools.add-properties' to 'false' to disable
2026-06-07 12:11:35.977 [restartedMain] INFO  [] o.s.b.d.e.DevToolsPropertyDefaultsPostProcessor - For additional web related logging consider setting the 'logging.level.web' property to 'DEBUG'
2026-06-07 12:11:36.967 [restartedMain] INFO  [] o.s.d.r.c.RepositoryConfigurationDelegate - Bootstrapping Spring Data JPA repositories in DEFAULT mode.
2026-06-07 12:11:37.028 [restartedMain] INFO  [] o.s.d.r.c.RepositoryConfigurationDelegate - Finished Spring Data repository scanning in 55 ms. Found 5 JPA repository interfaces.
2026-06-07 12:11:37.501 [restartedMain] INFO  [] o.s.b.w.e.tomcat.TomcatWebServer - Tomcat initialized with port 8080 (http)
2026-06-07 12:11:37.516 [restartedMain] INFO  [] o.a.coyote.http11.Http11NioProtocol - Initializing ProtocolHandler ["http-nio-8080"]
2026-06-07 12:11:37.519 [restartedMain] INFO  [] o.a.catalina.core.StandardService - Starting service [Tomcat]
2026-06-07 12:11:37.519 [restartedMain] INFO  [] o.a.catalina.core.StandardEngine - Starting Servlet engine: [Apache Tomcat/10.1.55]
2026-06-07 12:11:37.578 [restartedMain] INFO  [] o.a.c.c.C.[Tomcat].[localhost].[/] - Initializing Spring embedded WebApplicationContext
2026-06-07 12:11:37.579 [restartedMain] INFO  [] o.s.b.w.s.c.ServletWebServerApplicationContext - Root WebApplicationContext: initialization completed in 1602 ms
2026-06-07 12:11:38.170 [restartedMain] INFO  [] o.s.o.j.p.SpringPersistenceUnitInfo - No LoadTimeWeaver setup: ignoring JPA class transformer
2026-06-07 12:11:38.202 [restartedMain] INFO  [] com.zaxxer.hikari.HikariDataSource - HikariPool-1 - Starting...
2026-06-07 12:11:38.389 [restartedMain] INFO  [] com.zaxxer.hikari.pool.HikariPool - HikariPool-1 - Added connection conn0: url=jdbc:h2:mem:deliverydb user=SA
2026-06-07 12:11:38.391 [restartedMain] INFO  [] com.zaxxer.hikari.HikariDataSource - HikariPool-1 - Start completed.
2026-06-07 12:11:38.419 [restartedMain] WARN  [] org.hibernate.orm.deprecation - HHH90000025: H2Dialect does not need to be specified explicitly using 'hibernate.dialect' (remove the property setting and it will be selected by default)
2026-06-07 12:11:39.347 [restartedMain] INFO  [] o.s.o.j.LocalContainerEntityManagerFactoryBean - Initialized JPA EntityManagerFactory for persistence unit 'default'
2026-06-07 12:11:39.575 [restartedMain] DEBUG [] o.s.w.f.ServerHttpObservationFilter - Filter 'webMvcObservationFilter' configured for use
2026-06-07 12:11:39.625 [restartedMain] INFO  [] o.s.s.c.a.a.c.InitializeAuthenticationProviderBeanManagerConfigurer$InitializeAuthenticationProviderManagerConfigurer - Global AuthenticationManager configured with AuthenticationProvider bean with name authenticationProvider
2026-06-07 12:11:39.625 [restartedMain] WARN  [] o.s.s.c.a.a.c.InitializeUserDetailsBeanManagerConfigurer$InitializeUserDetailsManagerConfigurer - Global AuthenticationManager configured with an AuthenticationProvider bean. UserDetailsService beans will not be used by Spring Security for automatically configuring username/password login. Consider removing the AuthenticationProvider bean. Alternatively, consider using the UserDetailsService in a manually instantiated DaoAuthenticationProvider. If the current configuration is intentional, to turn off this warning, increase the logging level of 'org.springframework.security.config.annotation.authentication.configuration.InitializeUserDetailsBeanManagerConfigurer' to ERROR
2026-06-07 12:11:39.658 [restartedMain] INFO  [] o.s.d.j.r.query.QueryEnhancerFactory - Hibernate is in classpath; If applicable, HQL parser will be used.
2026-06-07 12:11:40.360 [restartedMain] DEBUG [] o.s.w.s.m.m.a.RequestMappingHandlerMapping - 41 mappings in 'requestMappingHandlerMapping'
2026-06-07 12:11:40.443 [restartedMain] DEBUG [] o.s.w.s.h.SimpleUrlHandlerMapping - Patterns [/webjars/**, /**, /swagger-ui*/*swagger-initializer.js, /swagger-ui*/**] in 'resourceHandlerMapping'
2026-06-07 12:11:40.546 [restartedMain] INFO  [] o.s.b.a.e.web.EndpointLinksResolver - Exposing 13 endpoints beneath base path '/actuator'
2026-06-07 12:11:40.669 [restartedMain] DEBUG [] o.s.s.web.DefaultSecurityFilterChain - Will secure any request with filters: DisableEncodeUrlFilter, WebAsyncManagerIntegrationFilter, SecurityContextHolderFilter, HeaderWriterFilter, CorsFilter, LogoutFilter, JwtAuthenticationFilter, RequestCacheAwareFilter, SecurityContextHolderAwareRequestFilter, AnonymousAuthenticationFilter, SessionManagementFilter, ExceptionTranslationFilter, AuthorizationFilter
2026-06-07 12:11:40.732 [restartedMain] DEBUG [] o.s.w.s.m.m.a.RequestMappingHandlerAdapter - ControllerAdvice beans: 0 @ModelAttribute, 0 @InitBinder, 1 RequestBodyAdvice, 1 ResponseBodyAdvice
2026-06-07 12:11:40.775 [restartedMain] DEBUG [] o.s.w.s.m.m.a.ExceptionHandlerExceptionResolver - ControllerAdvice beans: 2 @ExceptionHandler, 1 ResponseBodyAdvice
2026-06-07 12:11:40.904 [restartedMain] INFO  [] o.s.b.a.h.H2ConsoleAutoConfiguration - H2 console available at '/h2-console'. Database available at 'jdbc:h2:mem:deliverydb'
2026-06-07 12:11:40.965 [restartedMain] INFO  [] o.s.b.d.a.OptionalLiveReloadServer - LiveReload server is running on port 35729
2026-06-07 12:11:41.001 [restartedMain] INFO  [] o.a.coyote.http11.Http11NioProtocol - Starting ProtocolHandler ["http-nio-8080"]
2026-06-07 12:11:41.018 [restartedMain] INFO  [] o.s.b.w.e.tomcat.TomcatWebServer - Tomcat started on port 8080 (http) with context path '/'
2026-06-07 12:11:41.028 [restartedMain] INFO  [] c.d.d.DeliveryApiApplication - Started DeliveryApiApplication in 5.572 seconds (process running for 5.906)
2026-06-07 12:21:48.752 [main] INFO  [] c.d.d.c.ClienteControllerTest - Starting ClienteControllerTest using Java 21.0.11 with PID 24140 (started by Santana in C:\Pasta Códiguinhos\arquitetura de sistemas fat\delivery-api\delivery-api)
2026-06-07 12:21:48.756 [main] INFO  [] c.d.d.c.ClienteControllerTest - The following 1 profile is active: "test"
2026-06-07 12:21:48.789 [main] DEBUG [] o.s.w.c.s.GenericWebApplicationContext - Refreshing org.springframework.web.context.support.GenericWebApplicationContext@7510824
2026-06-07 12:21:50.326 [main] INFO  [] o.s.d.r.c.RepositoryConfigurationDelegate - Bootstrapping Spring Data JPA repositories in DEFAULT mode.
2026-06-07 12:21:50.448 [main] INFO  [] o.s.d.r.c.RepositoryConfigurationDelegate - Finished Spring Data repository scanning in 104 ms. Found 5 JPA repository interfaces.
2026-06-07 12:21:51.317 [main] INFO  [] o.s.o.j.p.SpringPersistenceUnitInfo - No LoadTimeWeaver setup: ignoring JPA class transformer
2026-06-07 12:21:51.352 [main] INFO  [] com.zaxxer.hikari.HikariDataSource - HikariPool-1 - Starting...
2026-06-07 12:21:51.638 [main] INFO  [] com.zaxxer.hikari.pool.HikariPool - HikariPool-1 - Added connection conn0: url=jdbc:h2:mem:deliverydb user=SA
2026-06-07 12:21:51.641 [main] INFO  [] com.zaxxer.hikari.HikariDataSource - HikariPool-1 - Start completed.
2026-06-07 12:21:51.672 [main] WARN  [] org.hibernate.orm.deprecation - HHH90000025: H2Dialect does not need to be specified explicitly using 'hibernate.dialect' (remove the property setting and it will be selected by default)
2026-06-07 12:21:52.832 [main] INFO  [] o.s.o.j.LocalContainerEntityManagerFactoryBean - Initialized JPA EntityManagerFactory for persistence unit 'default'
2026-06-07 12:21:53.228 [main] INFO  [] o.s.s.c.a.a.c.InitializeAuthenticationProviderBeanManagerConfigurer$InitializeAuthenticationProviderManagerConfigurer - Global AuthenticationManager configured with AuthenticationProvider bean with name authenticationProvider
2026-06-07 12:21:53.229 [main] WARN  [] o.s.s.c.a.a.c.InitializeUserDetailsBeanManagerConfigurer$InitializeUserDetailsManagerConfigurer - Global AuthenticationManager configured with an AuthenticationProvider bean. UserDetailsService beans will not be used by Spring Security for automatically configuring username/password login. Consider removing the AuthenticationProvider bean. Alternatively, consider using the UserDetailsService in a manually instantiated DaoAuthenticationProvider. If the current configuration is intentional, to turn off this warning, increase the logging level of 'org.springframework.security.config.annotation.authentication.configuration.InitializeUserDetailsBeanManagerConfigurer' to ERROR
2026-06-07 12:21:53.277 [main] INFO  [] o.s.d.j.r.query.QueryEnhancerFactory - Hibernate is in classpath; If applicable, HQL parser will be used.
2026-06-07 12:21:54.528 [main] DEBUG [] o.s.w.s.m.m.a.RequestMappingHandlerMapping - 41 mappings in 'requestMappingHandlerMapping'
2026-06-07 12:21:54.679 [main] DEBUG [] o.s.w.s.h.SimpleUrlHandlerMapping - Patterns [/webjars/**, /**, /swagger-ui*/*swagger-initializer.js, /swagger-ui*/**] in 'resourceHandlerMapping'
2026-06-07 12:21:54.832 [main] INFO  [] o.s.b.a.e.web.EndpointLinksResolver - Exposing 13 endpoints beneath base path '/actuator'
2026-06-07 12:21:54.956 [main] DEBUG [] o.s.s.web.DefaultSecurityFilterChain - Will secure any request with filters: DisableEncodeUrlFilter, WebAsyncManagerIntegrationFilter, SecurityContextHolderFilter, HeaderWriterFilter, CorsFilter, LogoutFilter, JwtAuthenticationFilter, RequestCacheAwareFilter, SecurityContextHolderAwareRequestFilter, AnonymousAuthenticationFilter, SessionManagementFilter, ExceptionTranslationFilter, AuthorizationFilter
2026-06-07 12:21:55.097 [main] DEBUG [] o.s.w.s.m.m.a.RequestMappingHandlerAdapter - ControllerAdvice beans: 0 @ModelAttribute, 0 @InitBinder, 1 RequestBodyAdvice, 1 ResponseBodyAdvice
2026-06-07 12:21:55.152 [main] DEBUG [] o.s.w.s.m.m.a.ExceptionHandlerExceptionResolver - ControllerAdvice beans: 2 @ExceptionHandler, 1 ResponseBodyAdvice
2026-06-07 12:21:55.315 [main] INFO  [] o.s.b.a.h.H2ConsoleAutoConfiguration - H2 console available at '/h2-console'. Database available at 'jdbc:h2:mem:deliverydb'
2026-06-07 12:21:55.393 [main] DEBUG [] o.s.w.f.ServerHttpObservationFilter - Filter 'webMvcObservationFilter' configured for use
2026-06-07 12:21:55.395 [main] INFO  [] o.s.b.t.m.w.SpringBootMockServletContext - Initializing Spring TestDispatcherServlet ''
2026-06-07 12:21:55.395 [main] INFO  [] o.s.t.w.s.TestDispatcherServlet - Initializing Servlet ''
2026-06-07 12:21:55.396 [main] INFO  [] o.s.t.w.s.TestDispatcherServlet - Completed initialization in 1 ms
2026-06-07 12:21:55.445 [main] INFO  [] c.d.d.c.ClienteControllerTest - Started ClienteControllerTest in 7.395 seconds (process running for 12.484)
2026-06-07 12:21:55.757 [main] DEBUG [] o.s.security.web.FilterChainProxy - Securing POST /api/clientes
2026-06-07 12:21:55.768 [main] WARN  [] c.d.d.s.JwtAuthenticationFilter - JWT Token não começa com Bearer String
2026-06-07 12:21:55.770 [main] DEBUG [] o.s.s.w.a.AnonymousAuthenticationFilter - Set SecurityContextHolder to anonymous SecurityContext
2026-06-07 12:21:55.778 [main] DEBUG [] o.s.security.web.FilterChainProxy - Secured POST /api/clientes
2026-06-07 12:21:55.783 [main] DEBUG [03bea3b512e54674] o.s.w.s.h.SimpleUrlHandlerMapping - Mapped to ResourceHttpRequestHandler [classpath [META-INF/resources/], classpath [resources/], classpath [static/], classpath [public/], ServletContext [/]]
2026-06-07 12:21:55.785 [main] DEBUG [03bea3b512e54674] o.s.w.s.r.ResourceHttpRequestHandler - Resource not found for path [api/clientes]
2026-06-07 12:21:55.789 [main] DEBUG [03bea3b512e54674] o.s.w.s.m.m.a.ExceptionHandlerExceptionResolver - Using @ExceptionHandler com.deliverytech.delivery_api.exception.GlobalExceptionHandler#handleGenericException(Exception, HttpServletRequest)
2026-06-07 12:21:55.807 [main] DEBUG [03bea3b512e54674] o.s.w.s.m.m.a.HttpEntityMethodProcessor - Using 'application/json', given [*/*] and supported [application/json, application/*+json, application/yaml]
2026-06-07 12:21:55.808 [main] DEBUG [03bea3b512e54674] o.s.w.s.m.m.a.HttpEntityMethodProcessor - Writing [com.deliverytech.delivery_api.dto.ErrorResponse@5076a88]
2026-06-07 12:21:55.815 [main] DEBUG [03bea3b512e54674] o.s.w.s.m.m.a.ExceptionHandlerExceptionResolver - Resolved [org.springframework.web.servlet.resource.NoResourceFoundException: No static resource api/clientes.]
2026-06-07 12:21:55.844 [main] DEBUG [] o.s.security.web.FilterChainProxy - Securing PATCH /api/clientes/5/status
2026-06-07 12:21:55.845 [main] WARN  [] c.d.d.s.JwtAuthenticationFilter - JWT Token não começa com Bearer String
2026-06-07 12:21:55.845 [main] DEBUG [] o.s.s.w.a.AnonymousAuthenticationFilter - Set SecurityContextHolder to anonymous SecurityContext
2026-06-07 12:21:55.846 [main] DEBUG [] o.s.security.web.FilterChainProxy - Secured PATCH /api/clientes/5/status
2026-06-07 12:21:55.847 [main] DEBUG [5c2eedaa52d14da1] o.s.w.s.h.SimpleUrlHandlerMapping - Mapped to ResourceHttpRequestHandler [classpath [META-INF/resources/], classpath [resources/], classpath [static/], classpath [public/], ServletContext [/]]
2026-06-07 12:21:55.848 [main] DEBUG [5c2eedaa52d14da1] o.s.w.s.r.ResourceHttpRequestHandler - Resource not found for path [api/clientes/5/status]
2026-06-07 12:21:55.849 [main] DEBUG [5c2eedaa52d14da1] o.s.w.s.m.m.a.ExceptionHandlerExceptionResolver - Using @ExceptionHandler com.deliverytech.delivery_api.exception.GlobalExceptionHandler#handleGenericException(Exception, HttpServletRequest)
2026-06-07 12:21:55.849 [main] DEBUG [5c2eedaa52d14da1] o.s.w.s.m.m.a.HttpEntityMethodProcessor - Using 'application/json', given [*/*] and supported [application/json, application/*+json, application/yaml]
2026-06-07 12:21:55.849 [main] DEBUG [5c2eedaa52d14da1] o.s.w.s.m.m.a.HttpEntityMethodProcessor - Writing [com.deliverytech.delivery_api.dto.ErrorResponse@6146f084]
2026-06-07 12:21:55.850 [main] DEBUG [5c2eedaa52d14da1] o.s.w.s.m.m.a.ExceptionHandlerExceptionResolver - Resolved [org.springframework.web.servlet.resource.NoResourceFoundException: No static resource api/clientes/5/status.]
2026-06-07 12:21:55.865 [main] DEBUG [] o.s.security.web.FilterChainProxy - Securing GET /api/clientes/email/naoexiste@email.com
2026-06-07 12:21:55.866 [main] WARN  [] c.d.d.s.JwtAuthenticationFilter - JWT Token não começa com Bearer String
2026-06-07 12:21:55.866 [main] DEBUG [] o.s.s.w.a.AnonymousAuthenticationFilter - Set SecurityContextHolder to anonymous SecurityContext
2026-06-07 12:21:55.867 [main] DEBUG [] o.s.security.web.FilterChainProxy - Secured GET /api/clientes/email/naoexiste@email.com
2026-06-07 12:21:55.868 [main] DEBUG [fd68c7eab1764d74] o.s.w.s.h.SimpleUrlHandlerMapping - Mapped to ResourceHttpRequestHandler [classpath [META-INF/resources/], classpath [resources/], classpath [static/], classpath [public/], ServletContext [/]]
2026-06-07 12:21:55.869 [main] DEBUG [fd68c7eab1764d74] o.s.w.s.r.ResourceHttpRequestHandler - Resource not found for path [api/clientes/email/naoexiste@email.com]
2026-06-07 12:21:55.869 [main] DEBUG [fd68c7eab1764d74] o.s.w.s.m.m.a.ExceptionHandlerExceptionResolver - Using @ExceptionHandler com.deliverytech.delivery_api.exception.GlobalExceptionHandler#handleGenericException(Exception, HttpServletRequest)
2026-06-07 12:21:55.870 [main] DEBUG [fd68c7eab1764d74] o.s.w.s.m.m.a.HttpEntityMethodProcessor - Using 'application/json', given [*/*] and supported [application/json, application/*+json, application/yaml]
2026-06-07 12:21:55.870 [main] DEBUG [fd68c7eab1764d74] o.s.w.s.m.m.a.HttpEntityMethodProcessor - Writing [com.deliverytech.delivery_api.dto.ErrorResponse@3327478d]
2026-06-07 12:21:55.878 [main] DEBUG [fd68c7eab1764d74] o.s.w.s.m.m.a.ExceptionHandlerExceptionResolver - Resolved [org.springframework.web.servlet.resource.NoResourceFoundException: No static resource api/clientes/email/naoexiste@email.com.]
2026-06-07 12:21:55.895 [main] DEBUG [] o.s.security.web.FilterChainProxy - Securing GET /api/clientes/7
2026-06-07 12:21:55.896 [main] WARN  [] c.d.d.s.JwtAuthenticationFilter - JWT Token não começa com Bearer String
2026-06-07 12:21:55.896 [main] DEBUG [] o.s.s.w.a.AnonymousAuthenticationFilter - Set SecurityContextHolder to anonymous SecurityContext
2026-06-07 12:21:55.897 [main] DEBUG [] o.s.security.web.FilterChainProxy - Secured GET /api/clientes/7
2026-06-07 12:21:55.898 [main] DEBUG [2422d62494564cba] o.s.w.s.h.SimpleUrlHandlerMapping - Mapped to ResourceHttpRequestHandler [classpath [META-INF/resources/], classpath [resources/], classpath [static/], classpath [public/], ServletContext [/]]
2026-06-07 12:21:55.900 [main] DEBUG [2422d62494564cba] o.s.w.s.r.ResourceHttpRequestHandler - Resource not found for path [api/clientes/7]
2026-06-07 12:21:55.900 [main] DEBUG [2422d62494564cba] o.s.w.s.m.m.a.ExceptionHandlerExceptionResolver - Using @ExceptionHandler com.deliverytech.delivery_api.exception.GlobalExceptionHandler#handleGenericException(Exception, HttpServletRequest)
2026-06-07 12:21:55.901 [main] DEBUG [2422d62494564cba] o.s.w.s.m.m.a.HttpEntityMethodProcessor - Using 'application/json', given [*/*] and supported [application/json, application/*+json, application/yaml]
2026-06-07 12:21:55.901 [main] DEBUG [2422d62494564cba] o.s.w.s.m.m.a.HttpEntityMethodProcessor - Writing [com.deliverytech.delivery_api.dto.ErrorResponse@5a157ba8]
2026-06-07 12:21:55.901 [main] DEBUG [2422d62494564cba] o.s.w.s.m.m.a.ExceptionHandlerExceptionResolver - Resolved [org.springframework.web.servlet.resource.NoResourceFoundException: No static resource api/clientes/7.]
2026-06-07 12:21:55.916 [main] DEBUG [] o.s.security.web.FilterChainProxy - Securing PUT /api/clientes/8
2026-06-07 12:21:55.916 [main] WARN  [] c.d.d.s.JwtAuthenticationFilter - JWT Token não começa com Bearer String
2026-06-07 12:21:55.917 [main] DEBUG [] o.s.s.w.a.AnonymousAuthenticationFilter - Set SecurityContextHolder to anonymous SecurityContext
2026-06-07 12:21:55.917 [main] DEBUG [] o.s.security.web.FilterChainProxy - Secured PUT /api/clientes/8
2026-06-07 12:21:55.918 [main] DEBUG [382f7d212135465a] o.s.w.s.h.SimpleUrlHandlerMapping - Mapped to ResourceHttpRequestHandler [classpath [META-INF/resources/], classpath [resources/], classpath [static/], classpath [public/], ServletContext [/]]
2026-06-07 12:21:55.919 [main] DEBUG [382f7d212135465a] o.s.w.s.r.ResourceHttpRequestHandler - Resource not found for path [api/clientes/8]
2026-06-07 12:21:55.919 [main] DEBUG [382f7d212135465a] o.s.w.s.m.m.a.ExceptionHandlerExceptionResolver - Using @ExceptionHandler com.deliverytech.delivery_api.exception.GlobalExceptionHandler#handleGenericException(Exception, HttpServletRequest)
2026-06-07 12:21:55.919 [main] DEBUG [382f7d212135465a] o.s.w.s.m.m.a.HttpEntityMethodProcessor - Using 'application/json', given [*/*] and supported [application/json, application/*+json, application/yaml]
2026-06-07 12:21:55.919 [main] DEBUG [382f7d212135465a] o.s.w.s.m.m.a.HttpEntityMethodProcessor - Writing [com.deliverytech.delivery_api.dto.ErrorResponse@191f0ed7]
2026-06-07 12:21:55.919 [main] DEBUG [382f7d212135465a] o.s.w.s.m.m.a.ExceptionHandlerExceptionResolver - Resolved [org.springframework.web.servlet.resource.NoResourceFoundException: No static resource api/clientes/8.]
2026-06-07 12:21:55.935 [main] DEBUG [] o.s.security.web.FilterChainProxy - Securing PUT /api/clientes/999999
2026-06-07 12:21:55.936 [main] WARN  [] c.d.d.s.JwtAuthenticationFilter - JWT Token não começa com Bearer String
2026-06-07 12:21:55.936 [main] DEBUG [] o.s.s.w.a.AnonymousAuthenticationFilter - Set SecurityContextHolder to anonymous SecurityContext
2026-06-07 12:21:55.937 [main] DEBUG [] o.s.security.web.FilterChainProxy - Secured PUT /api/clientes/999999
2026-06-07 12:21:55.938 [main] DEBUG [85f1875d679842fa] o.s.w.s.h.SimpleUrlHandlerMapping - Mapped to ResourceHttpRequestHandler [classpath [META-INF/resources/], classpath [resources/], classpath [static/], classpath [public/], ServletContext [/]]
2026-06-07 12:21:55.939 [main] DEBUG [85f1875d679842fa] o.s.w.s.r.ResourceHttpRequestHandler - Resource not found for path [api/clientes/999999]
2026-06-07 12:21:55.939 [main] DEBUG [85f1875d679842fa] o.s.w.s.m.m.a.ExceptionHandlerExceptionResolver - Using @ExceptionHandler com.deliverytech.delivery_api.exception.GlobalExceptionHandler#handleGenericException(Exception, HttpServletRequest)
2026-06-07 12:21:55.939 [main] DEBUG [85f1875d679842fa] o.s.w.s.m.m.a.HttpEntityMethodProcessor - Using 'application/json', given [*/*] and supported [application/json, application/*+json, application/yaml]
2026-06-07 12:21:55.939 [main] DEBUG [85f1875d679842fa] o.s.w.s.m.m.a.HttpEntityMethodProcessor - Writing [com.deliverytech.delivery_api.dto.ErrorResponse@2ea903bc]
2026-06-07 12:21:55.940 [main] DEBUG [85f1875d679842fa] o.s.w.s.m.m.a.ExceptionHandlerExceptionResolver - Resolved [org.springframework.web.servlet.resource.NoResourceFoundException: No static resource api/clientes/999999.]
2026-06-07 12:21:55.954 [main] DEBUG [] o.s.security.web.FilterChainProxy - Securing GET /api/clientes/email/joao.teste@email.com
2026-06-07 12:21:55.955 [main] WARN  [] c.d.d.s.JwtAuthenticationFilter - JWT Token não começa com Bearer String
2026-06-07 12:21:55.955 [main] DEBUG [] o.s.s.w.a.AnonymousAuthenticationFilter - Set SecurityContextHolder to anonymous SecurityContext
2026-06-07 12:21:55.955 [main] DEBUG [] o.s.security.web.FilterChainProxy - Secured GET /api/clientes/email/joao.teste@email.com
2026-06-07 12:21:55.956 [main] DEBUG [d856e2b46b5e4e12] o.s.w.s.h.SimpleUrlHandlerMapping - Mapped to ResourceHttpRequestHandler [classpath [META-INF/resources/], classpath [resources/], classpath [static/], classpath [public/], ServletContext [/]]
2026-06-07 12:21:55.957 [main] DEBUG [d856e2b46b5e4e12] o.s.w.s.r.ResourceHttpRequestHandler - Resource not found for path [api/clientes/email/joao.teste@email.com]
2026-06-07 12:21:55.958 [main] DEBUG [d856e2b46b5e4e12] o.s.w.s.m.m.a.ExceptionHandlerExceptionResolver - Using @ExceptionHandler com.deliverytech.delivery_api.exception.GlobalExceptionHandler#handleGenericException(Exception, HttpServletRequest)
2026-06-07 12:21:55.958 [main] DEBUG [d856e2b46b5e4e12] o.s.w.s.m.m.a.HttpEntityMethodProcessor - Using 'application/json', given [*/*] and supported [application/json, application/*+json, application/yaml]
2026-06-07 12:21:55.958 [main] DEBUG [d856e2b46b5e4e12] o.s.w.s.m.m.a.HttpEntityMethodProcessor - Writing [com.deliverytech.delivery_api.dto.ErrorResponse@41a3990]
2026-06-07 12:21:55.958 [main] DEBUG [d856e2b46b5e4e12] o.s.w.s.m.m.a.ExceptionHandlerExceptionResolver - Resolved [org.springframework.web.servlet.resource.NoResourceFoundException: No static resource api/clientes/email/joao.teste@email.com.]
2026-06-07 12:21:55.969 [main] DEBUG [] o.s.security.web.FilterChainProxy - Securing GET /api/clientes
2026-06-07 12:21:55.969 [main] WARN  [] c.d.d.s.JwtAuthenticationFilter - JWT Token não começa com Bearer String
2026-06-07 12:21:55.969 [main] DEBUG [] o.s.s.w.a.AnonymousAuthenticationFilter - Set SecurityContextHolder to anonymous SecurityContext
2026-06-07 12:21:55.970 [main] DEBUG [] o.s.security.web.FilterChainProxy - Secured GET /api/clientes
2026-06-07 12:21:55.971 [main] DEBUG [a62af275ae0348b1] o.s.w.s.h.SimpleUrlHandlerMapping - Mapped to ResourceHttpRequestHandler [classpath [META-INF/resources/], classpath [resources/], classpath [static/], classpath [public/], ServletContext [/]]
2026-06-07 12:21:55.971 [main] DEBUG [a62af275ae0348b1] o.s.w.s.r.ResourceHttpRequestHandler - Resource not found for path [api/clientes]
2026-06-07 12:21:55.972 [main] DEBUG [a62af275ae0348b1] o.s.w.s.m.m.a.ExceptionHandlerExceptionResolver - Using @ExceptionHandler com.deliverytech.delivery_api.exception.GlobalExceptionHandler#handleGenericException(Exception, HttpServletRequest)
2026-06-07 12:21:55.972 [main] DEBUG [a62af275ae0348b1] o.s.w.s.m.m.a.HttpEntityMethodProcessor - Using 'application/json', given [*/*] and supported [application/json, application/*+json, application/yaml]
2026-06-07 12:21:55.972 [main] DEBUG [a62af275ae0348b1] o.s.w.s.m.m.a.HttpEntityMethodProcessor - Writing [com.deliverytech.delivery_api.dto.ErrorResponse@18ea0ba6]
2026-06-07 12:21:55.972 [main] DEBUG [a62af275ae0348b1] o.s.w.s.m.m.a.ExceptionHandlerExceptionResolver - Resolved [org.springframework.web.servlet.resource.NoResourceFoundException: No static resource api/clientes.]
2026-06-07 12:21:55.984 [main] DEBUG [] o.s.security.web.FilterChainProxy - Securing GET /api/clientes/999999
2026-06-07 12:21:55.984 [main] WARN  [] c.d.d.s.JwtAuthenticationFilter - JWT Token não começa com Bearer String
2026-06-07 12:21:55.984 [main] DEBUG [] o.s.s.w.a.AnonymousAuthenticationFilter - Set SecurityContextHolder to anonymous SecurityContext
2026-06-07 12:21:55.985 [main] DEBUG [] o.s.security.web.FilterChainProxy - Secured GET /api/clientes/999999
2026-06-07 12:21:55.985 [main] DEBUG [c9839f0d6170472b] o.s.w.s.h.SimpleUrlHandlerMapping - Mapped to ResourceHttpRequestHandler [classpath [META-INF/resources/], classpath [resources/], classpath [static/], classpath [public/], ServletContext [/]]
2026-06-07 12:21:55.986 [main] DEBUG [c9839f0d6170472b] o.s.w.s.r.ResourceHttpRequestHandler - Resource not found for path [api/clientes/999999]
2026-06-07 12:21:55.987 [main] DEBUG [c9839f0d6170472b] o.s.w.s.m.m.a.ExceptionHandlerExceptionResolver - Using @ExceptionHandler com.deliverytech.delivery_api.exception.GlobalExceptionHandler#handleGenericException(Exception, HttpServletRequest)
2026-06-07 12:21:55.987 [main] DEBUG [c9839f0d6170472b] o.s.w.s.m.m.a.HttpEntityMethodProcessor - Using 'application/json', given [*/*] and supported [application/json, application/*+json, application/yaml]
2026-06-07 12:21:55.987 [main] DEBUG [c9839f0d6170472b] o.s.w.s.m.m.a.HttpEntityMethodProcessor - Writing [com.deliverytech.delivery_api.dto.ErrorResponse@48ac2530]
2026-06-07 12:21:55.987 [main] DEBUG [c9839f0d6170472b] o.s.w.s.m.m.a.ExceptionHandlerExceptionResolver - Resolved [org.springframework.web.servlet.resource.NoResourceFoundException: No static resource api/clientes/999999.]
2026-06-07 12:21:55.998 [main] DEBUG [] o.s.security.web.FilterChainProxy - Securing POST /api/clientes
2026-06-07 12:21:55.999 [main] WARN  [] c.d.d.s.JwtAuthenticationFilter - JWT Token não começa com Bearer String
2026-06-07 12:21:55.999 [main] DEBUG [] o.s.s.w.a.AnonymousAuthenticationFilter - Set SecurityContextHolder to anonymous SecurityContext
2026-06-07 12:21:55.999 [main] DEBUG [] o.s.security.web.FilterChainProxy - Secured POST /api/clientes
2026-06-07 12:21:56.001 [main] DEBUG [e698a449172d4f8e] o.s.w.s.h.SimpleUrlHandlerMapping - Mapped to ResourceHttpRequestHandler [classpath [META-INF/resources/], classpath [resources/], classpath [static/], classpath [public/], ServletContext [/]]
2026-06-07 12:21:56.002 [main] DEBUG [e698a449172d4f8e] o.s.w.s.r.ResourceHttpRequestHandler - Resource not found for path [api/clientes]
2026-06-07 12:21:56.002 [main] DEBUG [e698a449172d4f8e] o.s.w.s.m.m.a.ExceptionHandlerExceptionResolver - Using @ExceptionHandler com.deliverytech.delivery_api.exception.GlobalExceptionHandler#handleGenericException(Exception, HttpServletRequest)
2026-06-07 12:21:56.002 [main] DEBUG [e698a449172d4f8e] o.s.w.s.m.m.a.HttpEntityMethodProcessor - Using 'application/json', given [*/*] and supported [application/json, application/*+json, application/yaml]
2026-06-07 12:21:56.002 [main] DEBUG [e698a449172d4f8e] o.s.w.s.m.m.a.HttpEntityMethodProcessor - Writing [com.deliverytech.delivery_api.dto.ErrorResponse@2c70d765]
2026-06-07 12:21:56.003 [main] DEBUG [e698a449172d4f8e] o.s.w.s.m.m.a.ExceptionHandlerExceptionResolver - Resolved [org.springframework.web.servlet.resource.NoResourceFoundException: No static resource api/clientes.]
2026-06-07 12:21:56.015 [main] DEBUG [] o.s.security.web.FilterChainProxy - Securing POST /api/clientes
2026-06-07 12:21:56.015 [main] WARN  [] c.d.d.s.JwtAuthenticationFilter - JWT Token não começa com Bearer String
2026-06-07 12:21:56.016 [main] DEBUG [] o.s.s.w.a.AnonymousAuthenticationFilter - Set SecurityContextHolder to anonymous SecurityContext
2026-06-07 12:21:56.017 [main] DEBUG [] o.s.security.web.FilterChainProxy - Secured POST /api/clientes
2026-06-07 12:21:56.018 [main] DEBUG [19dfed8cb1144c8e] o.s.w.s.h.SimpleUrlHandlerMapping - Mapped to ResourceHttpRequestHandler [classpath [META-INF/resources/], classpath [resources/], classpath [static/], classpath [public/], ServletContext [/]]
2026-06-07 12:21:56.019 [main] DEBUG [19dfed8cb1144c8e] o.s.w.s.r.ResourceHttpRequestHandler - Resource not found for path [api/clientes]
2026-06-07 12:21:56.019 [main] DEBUG [19dfed8cb1144c8e] o.s.w.s.m.m.a.ExceptionHandlerExceptionResolver - Using @ExceptionHandler com.deliverytech.delivery_api.exception.GlobalExceptionHandler#handleGenericException(Exception, HttpServletRequest)
2026-06-07 12:21:56.019 [main] DEBUG [19dfed8cb1144c8e] o.s.w.s.m.m.a.HttpEntityMethodProcessor - Using 'application/json', given [*/*] and supported [application/json, application/*+json, application/yaml]
2026-06-07 12:21:56.019 [main] DEBUG [19dfed8cb1144c8e] o.s.w.s.m.m.a.HttpEntityMethodProcessor - Writing [com.deliverytech.delivery_api.dto.ErrorResponse@2ce17213]
2026-06-07 12:21:56.020 [main] DEBUG [19dfed8cb1144c8e] o.s.w.s.m.m.a.ExceptionHandlerExceptionResolver - Resolved [org.springframework.web.servlet.resource.NoResourceFoundException: No static resource api/clientes.]
2026-06-07 12:21:56.028 [main] INFO  [] o.s.t.c.s.AnnotationConfigContextLoaderUtils - Could not detect default configuration classes for test class [com.deliverytech.delivery_api.controller.PedidoControllerTest]: PedidoControllerTest does not declare any static, non-private, non-final, nested classes annotated with @Configuration.
2026-06-07 12:21:56.031 [main] INFO  [] o.s.b.t.c.SpringBootTestContextBootstrapper - Found @SpringBootConfiguration com.deliverytech.delivery_api.DeliveryApiApplication for test class com.deliverytech.delivery_api.controller.PedidoControllerTest
2026-06-07 12:21:56.035 [main] DEBUG [] o.s.w.c.s.GenericWebApplicationContext - Closing org.springframework.web.context.support.GenericWebApplicationContext@7510824, started on Sun Jun 07 12:21:48 BRT 2026
2026-06-07 12:21:56.041 [main] INFO  [] o.s.o.j.LocalContainerEntityManagerFactoryBean - Closing JPA EntityManagerFactory for persistence unit 'default'
2026-06-07 12:21:56.049 [main] INFO  [] com.zaxxer.hikari.HikariDataSource - HikariPool-1 - Shutdown initiated...
2026-06-07 12:21:56.051 [main] INFO  [] com.zaxxer.hikari.HikariDataSource - HikariPool-1 - Shutdown completed.
2026-06-07 12:21:56.054 [main] INFO  [] o.s.b.d.r.RestartApplicationListener - Restart disabled due to context in which it is running
2026-06-07 12:21:56.090 [main] INFO  [] c.d.d.c.PedidoControllerTest - Starting PedidoControllerTest using Java 21.0.11 with PID 24140 (started by Santana in C:\Pasta Códiguinhos\arquitetura de sistemas fat\delivery-api\delivery-api)
2026-06-07 12:21:56.090 [main] INFO  [] c.d.d.c.PedidoControllerTest - The following 1 profile is active: "test"
2026-06-07 12:21:56.091 [main] DEBUG [] o.s.w.c.s.GenericWebApplicationContext - Refreshing org.springframework.web.context.support.GenericWebApplicationContext@68bc2ae8
2026-06-07 12:21:56.378 [main] INFO  [] o.s.d.r.c.RepositoryConfigurationDelegate - Bootstrapping Spring Data JPA repositories in DEFAULT mode.
2026-06-07 12:21:56.399 [main] INFO  [] o.s.d.r.c.RepositoryConfigurationDelegate - Finished Spring Data repository scanning in 19 ms. Found 5 JPA repository interfaces.
2026-06-07 12:21:56.486 [main] INFO  [] o.s.o.j.p.SpringPersistenceUnitInfo - No LoadTimeWeaver setup: ignoring JPA class transformer
2026-06-07 12:21:56.487 [main] INFO  [] com.zaxxer.hikari.HikariDataSource - HikariPool-2 - Starting...
2026-06-07 12:21:56.489 [main] INFO  [] com.zaxxer.hikari.pool.HikariPool - HikariPool-2 - Added connection conn10: url=jdbc:h2:mem:deliverydb user=SA
2026-06-07 12:21:56.489 [main] INFO  [] com.zaxxer.hikari.HikariDataSource - HikariPool-2 - Start completed.
2026-06-07 12:21:56.490 [main] WARN  [] org.hibernate.orm.deprecation - HHH90000025: H2Dialect does not need to be specified explicitly using 'hibernate.dialect' (remove the property setting and it will be selected by default)
2026-06-07 12:21:56.561 [main] INFO  [] o.s.o.j.LocalContainerEntityManagerFactoryBean - Initialized JPA EntityManagerFactory for persistence unit 'default'
2026-06-07 12:21:56.594 [main] INFO  [] o.s.s.c.a.a.c.InitializeAuthenticationProviderBeanManagerConfigurer$InitializeAuthenticationProviderManagerConfigurer - Global AuthenticationManager configured with AuthenticationProvider bean with name authenticationProvider
2026-06-07 12:21:56.594 [main] WARN  [] o.s.s.c.a.a.c.InitializeUserDetailsBeanManagerConfigurer$InitializeUserDetailsManagerConfigurer - Global AuthenticationManager configured with an AuthenticationProvider bean. UserDetailsService beans will not be used by Spring Security for automatically configuring username/password login. Consider removing the AuthenticationProvider bean. Alternatively, consider using the UserDetailsService in a manually instantiated DaoAuthenticationProvider. If the current configuration is intentional, to turn off this warning, increase the logging level of 'org.springframework.security.config.annotation.authentication.configuration.InitializeUserDetailsBeanManagerConfigurer' to ERROR
2026-06-07 12:21:56.727 [main] DEBUG [] o.s.w.s.m.m.a.RequestMappingHandlerMapping - 41 mappings in 'requestMappingHandlerMapping'
2026-06-07 12:21:56.758 [main] DEBUG [] o.s.w.s.h.SimpleUrlHandlerMapping - Patterns [/webjars/**, /**, /swagger-ui*/*swagger-initializer.js, /swagger-ui*/**] in 'resourceHandlerMapping'
2026-06-07 12:21:56.813 [main] INFO  [] o.s.b.a.e.web.EndpointLinksResolver - Exposing 13 endpoints beneath base path '/actuator'
2026-06-07 12:21:56.846 [main] DEBUG [] o.s.s.web.DefaultSecurityFilterChain - Will secure any request with filters: DisableEncodeUrlFilter, WebAsyncManagerIntegrationFilter, SecurityContextHolderFilter, HeaderWriterFilter, CorsFilter, LogoutFilter, JwtAuthenticationFilter, RequestCacheAwareFilter, SecurityContextHolderAwareRequestFilter, AnonymousAuthenticationFilter, SessionManagementFilter, ExceptionTranslationFilter, AuthorizationFilter
2026-06-07 12:21:56.878 [main] DEBUG [] o.s.w.s.m.m.a.RequestMappingHandlerAdapter - ControllerAdvice beans: 0 @ModelAttribute, 0 @InitBinder, 1 RequestBodyAdvice, 1 ResponseBodyAdvice
2026-06-07 12:21:56.883 [main] DEBUG [] o.s.w.s.m.m.a.ExceptionHandlerExceptionResolver - ControllerAdvice beans: 2 @ExceptionHandler, 1 ResponseBodyAdvice
2026-06-07 12:21:56.927 [main] INFO  [] o.s.b.a.h.H2ConsoleAutoConfiguration - H2 console available at '/h2-console'. Database available at 'jdbc:h2:mem:deliverydb'
2026-06-07 12:21:56.957 [main] DEBUG [] o.s.w.f.ServerHttpObservationFilter - Filter 'webMvcObservationFilter' configured for use
2026-06-07 12:21:56.957 [main] INFO  [] o.s.b.t.m.w.SpringBootMockServletContext - Initializing Spring TestDispatcherServlet ''
2026-06-07 12:21:56.957 [main] INFO  [] o.s.t.w.s.TestDispatcherServlet - Initializing Servlet ''
2026-06-07 12:21:56.957 [main] INFO  [] o.s.t.w.s.TestDispatcherServlet - Completed initialization in 0 ms
2026-06-07 12:21:56.970 [main] INFO  [] c.d.d.c.PedidoControllerTest - Started PedidoControllerTest in 0.916 seconds (process running for 14.008)
2026-06-07 12:21:57.048 [main] DEBUG [] o.s.security.web.FilterChainProxy - Securing POST /api/pedidos
2026-06-07 12:21:57.049 [main] WARN  [] c.d.d.s.JwtAuthenticationFilter - JWT Token não começa com Bearer String
2026-06-07 12:21:57.052 [main] DEBUG [] o.s.security.web.FilterChainProxy - Secured POST /api/pedidos
2026-06-07 12:21:57.052 [main] DEBUG [3af9bc364f994ddf] o.s.w.s.m.m.a.RequestMappingHandlerMapping - Mapped to com.deliverytech.delivery_api.controller.PedidoController#criarPedido(PedidoReqDTO)
2026-06-07 12:21:57.097 [main] DEBUG [3af9bc364f994ddf] o.s.w.s.m.m.a.RequestResponseBodyMethodProcessor - Read "application/json;charset=UTF-8" to [com.deliverytech.delivery_api.dto.req.PedidoReqDTO@4ebf476d]
2026-06-07 12:21:57.207 [main] DEBUG [3af9bc364f994ddf] o.s.w.s.m.m.a.HttpEntityMethodProcessor - Using 'application/json', given [*/*] and supported [application/json, application/*+json, application/yaml]
2026-06-07 12:21:57.207 [main] DEBUG [3af9bc364f994ddf] o.s.w.s.m.m.a.HttpEntityMethodProcessor - Writing [com.deliverytech.delivery_api.dto.res.PedidoResDTO@7e356d3b]
2026-06-07 12:21:57.264 [main] DEBUG [] o.s.w.c.s.GenericWebApplicationContext - Closing org.springframework.web.context.support.GenericWebApplicationContext@68bc2ae8, started on Sun Jun 07 12:21:56 BRT 2026
2026-06-07 12:21:57.266 [main] INFO  [] o.s.o.j.LocalContainerEntityManagerFactoryBean - Closing JPA EntityManagerFactory for persistence unit 'default'
2026-06-07 12:21:57.269 [main] INFO  [] com.zaxxer.hikari.HikariDataSource - HikariPool-2 - Shutdown initiated...
2026-06-07 12:21:57.269 [main] INFO  [] com.zaxxer.hikari.HikariDataSource - HikariPool-2 - Shutdown completed.
2026-06-07 12:21:57.271 [main] INFO  [] o.s.b.d.r.RestartApplicationListener - Restart disabled due to context in which it is running
2026-06-07 12:21:57.302 [main] INFO  [] c.d.d.c.PedidoControllerTest - Starting PedidoControllerTest using Java 21.0.11 with PID 24140 (started by Santana in C:\Pasta Códiguinhos\arquitetura de sistemas fat\delivery-api\delivery-api)
2026-06-07 12:21:57.302 [main] INFO  [] c.d.d.c.PedidoControllerTest - The following 1 profile is active: "test"
2026-06-07 12:21:57.303 [main] DEBUG [] o.s.w.c.s.GenericWebApplicationContext - Refreshing org.springframework.web.context.support.GenericWebApplicationContext@a28d565
2026-06-07 12:21:57.528 [main] INFO  [] o.s.d.r.c.RepositoryConfigurationDelegate - Bootstrapping Spring Data JPA repositories in DEFAULT mode.
2026-06-07 12:21:57.546 [main] INFO  [] o.s.d.r.c.RepositoryConfigurationDelegate - Finished Spring Data repository scanning in 17 ms. Found 5 JPA repository interfaces.
2026-06-07 12:21:57.605 [main] INFO  [] o.s.o.j.p.SpringPersistenceUnitInfo - No LoadTimeWeaver setup: ignoring JPA class transformer
2026-06-07 12:21:57.605 [main] INFO  [] com.zaxxer.hikari.HikariDataSource - HikariPool-3 - Starting...
2026-06-07 12:21:57.605 [main] INFO  [] com.zaxxer.hikari.pool.HikariPool - HikariPool-3 - Added connection conn20: url=jdbc:h2:mem:deliverydb user=SA
2026-06-07 12:21:57.607 [main] INFO  [] com.zaxxer.hikari.HikariDataSource - HikariPool-3 - Start completed.
2026-06-07 12:21:57.607 [main] WARN  [] org.hibernate.orm.deprecation - HHH90000025: H2Dialect does not need to be specified explicitly using 'hibernate.dialect' (remove the property setting and it will be selected by default)
2026-06-07 12:21:57.661 [main] INFO  [] o.s.o.j.LocalContainerEntityManagerFactoryBean - Initialized JPA EntityManagerFactory for persistence unit 'default'
2026-06-07 12:21:57.690 [main] INFO  [] o.s.s.c.a.a.c.InitializeAuthenticationProviderBeanManagerConfigurer$InitializeAuthenticationProviderManagerConfigurer - Global AuthenticationManager configured with AuthenticationProvider bean with name authenticationProvider
2026-06-07 12:21:57.690 [main] WARN  [] o.s.s.c.a.a.c.InitializeUserDetailsBeanManagerConfigurer$InitializeUserDetailsManagerConfigurer - Global AuthenticationManager configured with an AuthenticationProvider bean. UserDetailsService beans will not be used by Spring Security for automatically configuring username/password login. Consider removing the AuthenticationProvider bean. Alternatively, consider using the UserDetailsService in a manually instantiated DaoAuthenticationProvider. If the current configuration is intentional, to turn off this warning, increase the logging level of 'org.springframework.security.config.annotation.authentication.configuration.InitializeUserDetailsBeanManagerConfigurer' to ERROR
2026-06-07 12:21:57.804 [main] DEBUG [] o.s.w.s.m.m.a.RequestMappingHandlerMapping - 41 mappings in 'requestMappingHandlerMapping'
2026-06-07 12:21:57.828 [main] DEBUG [] o.s.w.s.h.SimpleUrlHandlerMapping - Patterns [/webjars/**, /**, /swagger-ui*/*swagger-initializer.js, /swagger-ui*/**] in 'resourceHandlerMapping'
2026-06-07 12:21:57.868 [main] INFO  [] o.s.b.a.e.web.EndpointLinksResolver - Exposing 13 endpoints beneath base path '/actuator'
2026-06-07 12:21:57.898 [main] DEBUG [] o.s.s.web.DefaultSecurityFilterChain - Will secure any request with filters: DisableEncodeUrlFilter, WebAsyncManagerIntegrationFilter, SecurityContextHolderFilter, HeaderWriterFilter, CorsFilter, LogoutFilter, JwtAuthenticationFilter, RequestCacheAwareFilter, SecurityContextHolderAwareRequestFilter, AnonymousAuthenticationFilter, SessionManagementFilter, ExceptionTranslationFilter, AuthorizationFilter
2026-06-07 12:21:57.923 [main] DEBUG [] o.s.w.s.m.m.a.RequestMappingHandlerAdapter - ControllerAdvice beans: 0 @ModelAttribute, 0 @InitBinder, 1 RequestBodyAdvice, 1 ResponseBodyAdvice
2026-06-07 12:21:57.928 [main] DEBUG [] o.s.w.s.m.m.a.ExceptionHandlerExceptionResolver - ControllerAdvice beans: 2 @ExceptionHandler, 1 ResponseBodyAdvice
2026-06-07 12:21:57.964 [main] INFO  [] o.s.b.a.h.H2ConsoleAutoConfiguration - H2 console available at '/h2-console'. Database available at 'jdbc:h2:mem:deliverydb'
2026-06-07 12:21:57.981 [main] DEBUG [] o.s.w.f.ServerHttpObservationFilter - Filter 'webMvcObservationFilter' configured for use
2026-06-07 12:21:57.981 [main] INFO  [] o.s.b.t.m.w.SpringBootMockServletContext - Initializing Spring TestDispatcherServlet ''
2026-06-07 12:21:57.981 [main] INFO  [] o.s.t.w.s.TestDispatcherServlet - Initializing Servlet ''
2026-06-07 12:21:57.981 [main] INFO  [] o.s.t.w.s.TestDispatcherServlet - Completed initialization in 0 ms
2026-06-07 12:21:57.991 [main] INFO  [] c.d.d.c.PedidoControllerTest - Started PedidoControllerTest in 0.72 seconds (process running for 15.031)
2026-06-07 12:21:58.021 [main] DEBUG [] o.s.security.web.FilterChainProxy - Securing POST /api/pedidos
2026-06-07 12:21:58.022 [main] WARN  [] c.d.d.s.JwtAuthenticationFilter - JWT Token não começa com Bearer String
2026-06-07 12:21:58.022 [main] DEBUG [] o.s.security.web.FilterChainProxy - Secured POST /api/pedidos
2026-06-07 12:21:58.023 [main] DEBUG [a132850edc054058] o.s.w.s.m.m.a.RequestMappingHandlerMapping - Mapped to com.deliverytech.delivery_api.controller.PedidoController#criarPedido(PedidoReqDTO)
2026-06-07 12:21:58.025 [main] DEBUG [a132850edc054058] o.s.w.s.m.m.a.RequestResponseBodyMethodProcessor - Read "application/json;charset=UTF-8" to [com.deliverytech.delivery_api.dto.req.PedidoReqDTO@561aad89]
2026-06-07 12:21:58.042 [main] DEBUG [a132850edc054058] o.s.w.s.m.m.a.HttpEntityMethodProcessor - Using 'application/json', given [*/*] and supported [application/json, application/*+json, application/yaml]
2026-06-07 12:21:58.042 [main] DEBUG [a132850edc054058] o.s.w.s.m.m.a.HttpEntityMethodProcessor - Writing [com.deliverytech.delivery_api.dto.res.PedidoResDTO@47e0da8a]
2026-06-07 12:21:58.053 [main] DEBUG [] o.s.security.web.FilterChainProxy - Securing GET /api/pedidos/cliente/4
2026-06-07 12:21:58.053 [main] WARN  [] c.d.d.s.JwtAuthenticationFilter - JWT Token não começa com Bearer String
2026-06-07 12:21:58.054 [main] DEBUG [] o.s.security.web.FilterChainProxy - Secured GET /api/pedidos/cliente/4
2026-06-07 12:21:58.054 [main] DEBUG [77564c8a85dc4fa7] o.s.w.s.m.m.a.RequestMappingHandlerMapping - Mapped to com.deliverytech.delivery_api.controller.PedidoController#buscarPorCliente(Long)
2026-06-07 12:21:58.095 [main] DEBUG [77564c8a85dc4fa7] o.s.w.s.m.m.a.HttpEntityMethodProcessor - Using 'application/json', given [*/*] and supported [application/json, application/*+json, application/yaml]
2026-06-07 12:21:58.095 [main] DEBUG [77564c8a85dc4fa7] o.s.w.s.m.m.a.HttpEntityMethodProcessor - Writing [[com.deliverytech.delivery_api.dto.res.PedidoResDTO@79085a6b]]
2026-06-07 12:21:58.109 [main] DEBUG [] o.s.w.c.s.GenericWebApplicationContext - Closing org.springframework.web.context.support.GenericWebApplicationContext@a28d565, started on Sun Jun 07 12:21:57 BRT 2026
2026-06-07 12:21:58.110 [main] INFO  [] o.s.o.j.LocalContainerEntityManagerFactoryBean - Closing JPA EntityManagerFactory for persistence unit 'default'
2026-06-07 12:21:58.112 [main] INFO  [] com.zaxxer.hikari.HikariDataSource - HikariPool-3 - Shutdown initiated...
2026-06-07 12:21:58.113 [main] INFO  [] com.zaxxer.hikari.HikariDataSource - HikariPool-3 - Shutdown completed.
2026-06-07 12:21:58.115 [main] INFO  [] o.s.b.d.r.RestartApplicationListener - Restart disabled due to context in which it is running
2026-06-07 12:21:58.141 [main] INFO  [] c.d.d.c.PedidoControllerTest - Starting PedidoControllerTest using Java 21.0.11 with PID 24140 (started by Santana in C:\Pasta Códiguinhos\arquitetura de sistemas fat\delivery-api\delivery-api)
2026-06-07 12:21:58.141 [main] INFO  [] c.d.d.c.PedidoControllerTest - The following 1 profile is active: "test"
2026-06-07 12:21:58.142 [main] DEBUG [] o.s.w.c.s.GenericWebApplicationContext - Refreshing org.springframework.web.context.support.GenericWebApplicationContext@7f0eec97
2026-06-07 12:21:58.352 [main] INFO  [] o.s.d.r.c.RepositoryConfigurationDelegate - Bootstrapping Spring Data JPA repositories in DEFAULT mode.
2026-06-07 12:21:58.369 [main] INFO  [] o.s.d.r.c.RepositoryConfigurationDelegate - Finished Spring Data repository scanning in 16 ms. Found 5 JPA repository interfaces.
2026-06-07 12:21:58.427 [main] INFO  [] o.s.o.j.p.SpringPersistenceUnitInfo - No LoadTimeWeaver setup: ignoring JPA class transformer
2026-06-07 12:21:58.428 [main] INFO  [] com.zaxxer.hikari.HikariDataSource - HikariPool-4 - Starting...
2026-06-07 12:21:58.429 [main] INFO  [] com.zaxxer.hikari.pool.HikariPool - HikariPool-4 - Added connection conn30: url=jdbc:h2:mem:deliverydb user=SA
2026-06-07 12:21:58.430 [main] INFO  [] com.zaxxer.hikari.HikariDataSource - HikariPool-4 - Start completed.
2026-06-07 12:21:58.430 [main] WARN  [] org.hibernate.orm.deprecation - HHH90000025: H2Dialect does not need to be specified explicitly using 'hibernate.dialect' (remove the property setting and it will be selected by default)
2026-06-07 12:21:58.477 [main] INFO  [] o.s.o.j.LocalContainerEntityManagerFactoryBean - Initialized JPA EntityManagerFactory for persistence unit 'default'
2026-06-07 12:21:58.500 [main] INFO  [] o.s.s.c.a.a.c.InitializeAuthenticationProviderBeanManagerConfigurer$InitializeAuthenticationProviderManagerConfigurer - Global AuthenticationManager configured with AuthenticationProvider bean with name authenticationProvider
2026-06-07 12:21:58.500 [main] WARN  [] o.s.s.c.a.a.c.InitializeUserDetailsBeanManagerConfigurer$InitializeUserDetailsManagerConfigurer - Global AuthenticationManager configured with an AuthenticationProvider bean. UserDetailsService beans will not be used by Spring Security for automatically configuring username/password login. Consider removing the AuthenticationProvider bean. Alternatively, consider using the UserDetailsService in a manually instantiated DaoAuthenticationProvider. If the current configuration is intentional, to turn off this warning, increase the logging level of 'org.springframework.security.config.annotation.authentication.configuration.InitializeUserDetailsBeanManagerConfigurer' to ERROR
2026-06-07 12:21:58.608 [main] DEBUG [] o.s.w.s.m.m.a.RequestMappingHandlerMapping - 41 mappings in 'requestMappingHandlerMapping'
2026-06-07 12:21:58.638 [main] DEBUG [] o.s.w.s.h.SimpleUrlHandlerMapping - Patterns [/webjars/**, /**, /swagger-ui*/*swagger-initializer.js, /swagger-ui*/**] in 'resourceHandlerMapping'
2026-06-07 12:21:58.677 [main] INFO  [] o.s.b.a.e.web.EndpointLinksResolver - Exposing 13 endpoints beneath base path '/actuator'
2026-06-07 12:21:58.707 [main] DEBUG [] o.s.s.web.DefaultSecurityFilterChain - Will secure any request with filters: DisableEncodeUrlFilter, WebAsyncManagerIntegrationFilter, SecurityContextHolderFilter, HeaderWriterFilter, CorsFilter, LogoutFilter, JwtAuthenticationFilter, RequestCacheAwareFilter, SecurityContextHolderAwareRequestFilter, AnonymousAuthenticationFilter, SessionManagementFilter, ExceptionTranslationFilter, AuthorizationFilter
2026-06-07 12:21:58.744 [main] DEBUG [] o.s.w.s.m.m.a.RequestMappingHandlerAdapter - ControllerAdvice beans: 0 @ModelAttribute, 0 @InitBinder, 1 RequestBodyAdvice, 1 ResponseBodyAdvice
2026-06-07 12:21:58.751 [main] DEBUG [] o.s.w.s.m.m.a.ExceptionHandlerExceptionResolver - ControllerAdvice beans: 2 @ExceptionHandler, 1 ResponseBodyAdvice
2026-06-07 12:21:58.788 [main] INFO  [] o.s.b.a.h.H2ConsoleAutoConfiguration - H2 console available at '/h2-console'. Database available at 'jdbc:h2:mem:deliverydb'
2026-06-07 12:21:58.802 [main] DEBUG [] o.s.w.f.ServerHttpObservationFilter - Filter 'webMvcObservationFilter' configured for use
2026-06-07 12:21:58.802 [main] INFO  [] o.s.b.t.m.w.SpringBootMockServletContext - Initializing Spring TestDispatcherServlet ''
2026-06-07 12:21:58.802 [main] INFO  [] o.s.t.w.s.TestDispatcherServlet - Initializing Servlet ''
2026-06-07 12:21:58.802 [main] INFO  [] o.s.t.w.s.TestDispatcherServlet - Completed initialization in 0 ms
2026-06-07 12:21:58.814 [main] INFO  [] c.d.d.c.PedidoControllerTest - Started PedidoControllerTest in 0.697 seconds (process running for 15.852)
2026-06-07 12:21:58.846 [main] DEBUG [] o.s.security.web.FilterChainProxy - Securing POST /api/pedidos
2026-06-07 12:21:58.847 [main] WARN  [] c.d.d.s.JwtAuthenticationFilter - JWT Token não começa com Bearer String
2026-06-07 12:21:58.848 [main] DEBUG [] o.s.security.web.FilterChainProxy - Secured POST /api/pedidos
2026-06-07 12:21:58.848 [main] DEBUG [24370a9205c4491e] o.s.w.s.m.m.a.RequestMappingHandlerMapping - Mapped to com.deliverytech.delivery_api.controller.PedidoController#criarPedido(PedidoReqDTO)
2026-06-07 12:21:58.851 [main] DEBUG [24370a9205c4491e] o.s.w.s.m.m.a.RequestResponseBodyMethodProcessor - Read "application/json;charset=UTF-8" to [com.deliverytech.delivery_api.dto.req.PedidoReqDTO@74d18f15]
2026-06-07 12:21:58.862 [main] DEBUG [24370a9205c4491e] o.s.w.s.m.m.a.ExceptionHandlerExceptionResolver - Using @ExceptionHandler com.deliverytech.delivery_api.exception.GlobalExceptionHandler#handleBusinessException(BusinessException, HttpServletRequest)
2026-06-07 12:21:58.867 [main] DEBUG [24370a9205c4491e] o.s.w.s.m.m.a.HttpEntityMethodProcessor - Using 'application/json', given [*/*] and supported [application/json, application/*+json, application/yaml]
2026-06-07 12:21:58.867 [main] DEBUG [24370a9205c4491e] o.s.w.s.m.m.a.HttpEntityMethodProcessor - Writing [com.deliverytech.delivery_api.dto.ErrorResponse@6f584f53]
2026-06-07 12:21:58.867 [main] DEBUG [24370a9205c4491e] o.s.w.s.m.m.a.ExceptionHandlerExceptionResolver - Resolved [com.deliverytech.delivery_api.exception.BusinessException: Cliente inativo não pode fazer pedidos]
2026-06-07 12:21:58.873 [main] DEBUG [] o.s.w.c.s.GenericWebApplicationContext - Closing org.springframework.web.context.support.GenericWebApplicationContext@7f0eec97, started on Sun Jun 07 12:21:58 BRT 2026
2026-06-07 12:21:58.877 [main] INFO  [] o.s.o.j.LocalContainerEntityManagerFactoryBean - Closing JPA EntityManagerFactory for persistence unit 'default'
2026-06-07 12:21:58.878 [main] INFO  [] com.zaxxer.hikari.HikariDataSource - HikariPool-4 - Shutdown initiated...
2026-06-07 12:21:58.879 [main] INFO  [] com.zaxxer.hikari.HikariDataSource - HikariPool-4 - Shutdown completed.
2026-06-07 12:21:58.881 [main] INFO  [] o.s.b.d.r.RestartApplicationListener - Restart disabled due to context in which it is running
2026-06-07 12:21:58.904 [main] INFO  [] c.d.d.c.PedidoControllerTest - Starting PedidoControllerTest using Java 21.0.11 with PID 24140 (started by Santana in C:\Pasta Códiguinhos\arquitetura de sistemas fat\delivery-api\delivery-api)
2026-06-07 12:21:58.904 [main] INFO  [] c.d.d.c.PedidoControllerTest - The following 1 profile is active: "test"
2026-06-07 12:21:58.905 [main] DEBUG [] o.s.w.c.s.GenericWebApplicationContext - Refreshing org.springframework.web.context.support.GenericWebApplicationContext@2643b502
2026-06-07 12:21:59.104 [main] INFO  [] o.s.d.r.c.RepositoryConfigurationDelegate - Bootstrapping Spring Data JPA repositories in DEFAULT mode.
2026-06-07 12:21:59.122 [main] INFO  [] o.s.d.r.c.RepositoryConfigurationDelegate - Finished Spring Data repository scanning in 17 ms. Found 5 JPA repository interfaces.
2026-06-07 12:21:59.171 [main] INFO  [] o.s.o.j.p.SpringPersistenceUnitInfo - No LoadTimeWeaver setup: ignoring JPA class transformer
2026-06-07 12:21:59.172 [main] INFO  [] com.zaxxer.hikari.HikariDataSource - HikariPool-5 - Starting...
2026-06-07 12:21:59.173 [main] INFO  [] com.zaxxer.hikari.pool.HikariPool - HikariPool-5 - Added connection conn40: url=jdbc:h2:mem:deliverydb user=SA
2026-06-07 12:21:59.175 [main] INFO  [] com.zaxxer.hikari.HikariDataSource - HikariPool-5 - Start completed.
2026-06-07 12:21:59.175 [main] WARN  [] org.hibernate.orm.deprecation - HHH90000025: H2Dialect does not need to be specified explicitly using 'hibernate.dialect' (remove the property setting and it will be selected by default)
2026-06-07 12:21:59.222 [main] INFO  [] o.s.o.j.LocalContainerEntityManagerFactoryBean - Initialized JPA EntityManagerFactory for persistence unit 'default'
2026-06-07 12:21:59.248 [main] INFO  [] o.s.s.c.a.a.c.InitializeAuthenticationProviderBeanManagerConfigurer$InitializeAuthenticationProviderManagerConfigurer - Global AuthenticationManager configured with AuthenticationProvider bean with name authenticationProvider
2026-06-07 12:21:59.249 [main] WARN  [] o.s.s.c.a.a.c.InitializeUserDetailsBeanManagerConfigurer$InitializeUserDetailsManagerConfigurer - Global AuthenticationManager configured with an AuthenticationProvider bean. UserDetailsService beans will not be used by Spring Security for automatically configuring username/password login. Consider removing the AuthenticationProvider bean. Alternatively, consider using the UserDetailsService in a manually instantiated DaoAuthenticationProvider. If the current configuration is intentional, to turn off this warning, increase the logging level of 'org.springframework.security.config.annotation.authentication.configuration.InitializeUserDetailsBeanManagerConfigurer' to ERROR
2026-06-07 12:21:59.351 [main] DEBUG [] o.s.w.s.m.m.a.RequestMappingHandlerMapping - 41 mappings in 'requestMappingHandlerMapping'
2026-06-07 12:21:59.372 [main] DEBUG [] o.s.w.s.h.SimpleUrlHandlerMapping - Patterns [/webjars/**, /**, /swagger-ui*/*swagger-initializer.js, /swagger-ui*/**] in 'resourceHandlerMapping'
2026-06-07 12:21:59.413 [main] INFO  [] o.s.b.a.e.web.EndpointLinksResolver - Exposing 13 endpoints beneath base path '/actuator'
2026-06-07 12:21:59.442 [main] DEBUG [] o.s.s.web.DefaultSecurityFilterChain - Will secure any request with filters: DisableEncodeUrlFilter, WebAsyncManagerIntegrationFilter, SecurityContextHolderFilter, HeaderWriterFilter, CorsFilter, LogoutFilter, JwtAuthenticationFilter, RequestCacheAwareFilter, SecurityContextHolderAwareRequestFilter, AnonymousAuthenticationFilter, SessionManagementFilter, ExceptionTranslationFilter, AuthorizationFilter
2026-06-07 12:21:59.464 [main] DEBUG [] o.s.w.s.m.m.a.RequestMappingHandlerAdapter - ControllerAdvice beans: 0 @ModelAttribute, 0 @InitBinder, 1 RequestBodyAdvice, 1 ResponseBodyAdvice
2026-06-07 12:21:59.468 [main] DEBUG [] o.s.w.s.m.m.a.ExceptionHandlerExceptionResolver - ControllerAdvice beans: 2 @ExceptionHandler, 1 ResponseBodyAdvice
2026-06-07 12:21:59.500 [main] INFO  [] o.s.b.a.h.H2ConsoleAutoConfiguration - H2 console available at '/h2-console'. Database available at 'jdbc:h2:mem:deliverydb'
2026-06-07 12:21:59.514 [main] DEBUG [] o.s.w.f.ServerHttpObservationFilter - Filter 'webMvcObservationFilter' configured for use
2026-06-07 12:21:59.514 [main] INFO  [] o.s.b.t.m.w.SpringBootMockServletContext - Initializing Spring TestDispatcherServlet ''
2026-06-07 12:21:59.514 [main] INFO  [] o.s.t.w.s.TestDispatcherServlet - Initializing Servlet ''
2026-06-07 12:21:59.515 [main] INFO  [] o.s.t.w.s.TestDispatcherServlet - Completed initialization in 1 ms
2026-06-07 12:21:59.529 [main] INFO  [] c.d.d.c.PedidoControllerTest - Started PedidoControllerTest in 0.648 seconds (process running for 16.568)
2026-06-07 12:21:59.582 [main] DEBUG [] o.s.security.web.FilterChainProxy - Securing POST /api/pedidos
2026-06-07 12:21:59.582 [main] WARN  [] c.d.d.s.JwtAuthenticationFilter - JWT Token não começa com Bearer String
2026-06-07 12:21:59.584 [main] DEBUG [] o.s.security.web.FilterChainProxy - Secured POST /api/pedidos
2026-06-07 12:21:59.584 [main] DEBUG [7b47a1dd357e4b17] o.s.w.s.m.m.a.RequestMappingHandlerMapping - Mapped to com.deliverytech.delivery_api.controller.PedidoController#criarPedido(PedidoReqDTO)
2026-06-07 12:21:59.586 [main] DEBUG [7b47a1dd357e4b17] o.s.w.s.m.m.a.RequestResponseBodyMethodProcessor - Read "application/json;charset=UTF-8" to [com.deliverytech.delivery_api.dto.req.PedidoReqDTO@3a8377c3]
2026-06-07 12:21:59.605 [main] DEBUG [7b47a1dd357e4b17] o.s.w.s.m.m.a.HttpEntityMethodProcessor - Using 'application/json', given [*/*] and supported [application/json, application/*+json, application/yaml]
2026-06-07 12:21:59.605 [main] DEBUG [7b47a1dd357e4b17] o.s.w.s.m.m.a.HttpEntityMethodProcessor - Writing [com.deliverytech.delivery_api.dto.res.PedidoResDTO@6bedb3d9]
2026-06-07 12:21:59.610 [main] DEBUG [] o.s.security.web.FilterChainProxy - Securing DELETE /api/pedidos/4
2026-06-07 12:21:59.610 [main] WARN  [] c.d.d.s.JwtAuthenticationFilter - JWT Token não começa com Bearer String
2026-06-07 12:21:59.611 [main] DEBUG [] o.s.security.web.FilterChainProxy - Secured DELETE /api/pedidos/4
2026-06-07 12:21:59.611 [main] DEBUG [ccac47356afb4ebd] o.s.w.s.m.m.a.RequestMappingHandlerMapping - Mapped to com.deliverytech.delivery_api.controller.PedidoController#cancelarPedido(Long)
2026-06-07 12:21:59.617 [main] DEBUG [ccac47356afb4ebd] o.s.w.s.m.m.a.HttpEntityMethodProcessor - Using 'application/json', given [*/*] and supported [application/json, application/*+json, application/yaml]
2026-06-07 12:21:59.617 [main] DEBUG [ccac47356afb4ebd] o.s.w.s.m.m.a.HttpEntityMethodProcessor - Nothing to write: null body
2026-06-07 12:21:59.619 [main] DEBUG [] o.s.security.web.FilterChainProxy - Securing GET /api/pedidos/4
2026-06-07 12:21:59.620 [main] WARN  [] c.d.d.s.JwtAuthenticationFilter - JWT Token não começa com Bearer String
2026-06-07 12:21:59.620 [main] DEBUG [] o.s.security.web.FilterChainProxy - Secured GET /api/pedidos/4
2026-06-07 12:21:59.621 [main] DEBUG [e192fb421c29444f] o.s.w.s.m.m.a.RequestMappingHandlerMapping - Mapped to com.deliverytech.delivery_api.controller.PedidoController#buscarPorId(Long)
2026-06-07 12:21:59.622 [main] DEBUG [e192fb421c29444f] o.s.w.s.m.m.a.HttpEntityMethodProcessor - Using 'application/json', given [*/*] and supported [application/json, application/*+json, application/yaml]
2026-06-07 12:21:59.622 [main] DEBUG [e192fb421c29444f] o.s.w.s.m.m.a.HttpEntityMethodProcessor - Writing [com.deliverytech.delivery_api.dto.res.PedidoResDTO@65254dde]
2026-06-07 12:21:59.628 [main] DEBUG [] o.s.w.c.s.GenericWebApplicationContext - Closing org.springframework.web.context.support.GenericWebApplicationContext@2643b502, started on Sun Jun 07 12:21:58 BRT 2026
2026-06-07 12:21:59.630 [main] INFO  [] o.s.o.j.LocalContainerEntityManagerFactoryBean - Closing JPA EntityManagerFactory for persistence unit 'default'
2026-06-07 12:21:59.631 [main] INFO  [] com.zaxxer.hikari.HikariDataSource - HikariPool-5 - Shutdown initiated...
2026-06-07 12:21:59.632 [main] INFO  [] com.zaxxer.hikari.HikariDataSource - HikariPool-5 - Shutdown completed.
2026-06-07 12:21:59.635 [main] INFO  [] o.s.b.d.r.RestartApplicationListener - Restart disabled due to context in which it is running
2026-06-07 12:21:59.660 [main] INFO  [] c.d.d.c.PedidoControllerTest - Starting PedidoControllerTest using Java 21.0.11 with PID 24140 (started by Santana in C:\Pasta Códiguinhos\arquitetura de sistemas fat\delivery-api\delivery-api)
2026-06-07 12:21:59.660 [main] INFO  [] c.d.d.c.PedidoControllerTest - The following 1 profile is active: "test"
2026-06-07 12:21:59.661 [main] DEBUG [] o.s.w.c.s.GenericWebApplicationContext - Refreshing org.springframework.web.context.support.GenericWebApplicationContext@1eb4191a
2026-06-07 12:21:59.839 [main] INFO  [] o.s.d.r.c.RepositoryConfigurationDelegate - Bootstrapping Spring Data JPA repositories in DEFAULT mode.
2026-06-07 12:21:59.856 [main] INFO  [] o.s.d.r.c.RepositoryConfigurationDelegate - Finished Spring Data repository scanning in 15 ms. Found 5 JPA repository interfaces.
2026-06-07 12:21:59.907 [main] INFO  [] o.s.o.j.p.SpringPersistenceUnitInfo - No LoadTimeWeaver setup: ignoring JPA class transformer
2026-06-07 12:21:59.907 [main] INFO  [] com.zaxxer.hikari.HikariDataSource - HikariPool-6 - Starting...
2026-06-07 12:21:59.908 [main] INFO  [] com.zaxxer.hikari.pool.HikariPool - HikariPool-6 - Added connection conn50: url=jdbc:h2:mem:deliverydb user=SA
2026-06-07 12:21:59.909 [main] INFO  [] com.zaxxer.hikari.HikariDataSource - HikariPool-6 - Start completed.
2026-06-07 12:21:59.909 [main] WARN  [] org.hibernate.orm.deprecation - HHH90000025: H2Dialect does not need to be specified explicitly using 'hibernate.dialect' (remove the property setting and it will be selected by default)
2026-06-07 12:21:59.956 [main] INFO  [] o.s.o.j.LocalContainerEntityManagerFactoryBean - Initialized JPA EntityManagerFactory for persistence unit 'default'
2026-06-07 12:21:59.977 [main] INFO  [] o.s.s.c.a.a.c.InitializeAuthenticationProviderBeanManagerConfigurer$InitializeAuthenticationProviderManagerConfigurer - Global AuthenticationManager configured with AuthenticationProvider bean with name authenticationProvider
2026-06-07 12:21:59.977 [main] WARN  [] o.s.s.c.a.a.c.InitializeUserDetailsBeanManagerConfigurer$InitializeUserDetailsManagerConfigurer - Global AuthenticationManager configured with an AuthenticationProvider bean. UserDetailsService beans will not be used by Spring Security for automatically configuring username/password login. Consider removing the AuthenticationProvider bean. Alternatively, consider using the UserDetailsService in a manually instantiated DaoAuthenticationProvider. If the current configuration is intentional, to turn off this warning, increase the logging level of 'org.springframework.security.config.annotation.authentication.configuration.InitializeUserDetailsBeanManagerConfigurer' to ERROR
2026-06-07 12:22:00.077 [main] DEBUG [] o.s.w.s.m.m.a.RequestMappingHandlerMapping - 41 mappings in 'requestMappingHandlerMapping'
2026-06-07 12:22:00.099 [main] DEBUG [] o.s.w.s.h.SimpleUrlHandlerMapping - Patterns [/webjars/**, /**, /swagger-ui*/*swagger-initializer.js, /swagger-ui*/**] in 'resourceHandlerMapping'
2026-06-07 12:22:00.135 [main] INFO  [] o.s.b.a.e.web.EndpointLinksResolver - Exposing 13 endpoints beneath base path '/actuator'
2026-06-07 12:22:00.162 [main] DEBUG [] o.s.s.web.DefaultSecurityFilterChain - Will secure any request with filters: DisableEncodeUrlFilter, WebAsyncManagerIntegrationFilter, SecurityContextHolderFilter, HeaderWriterFilter, CorsFilter, LogoutFilter, JwtAuthenticationFilter, RequestCacheAwareFilter, SecurityContextHolderAwareRequestFilter, AnonymousAuthenticationFilter, SessionManagementFilter, ExceptionTranslationFilter, AuthorizationFilter
2026-06-07 12:22:00.184 [main] DEBUG [] o.s.w.s.m.m.a.RequestMappingHandlerAdapter - ControllerAdvice beans: 0 @ModelAttribute, 0 @InitBinder, 1 RequestBodyAdvice, 1 ResponseBodyAdvice
2026-06-07 12:22:00.188 [main] DEBUG [] o.s.w.s.m.m.a.ExceptionHandlerExceptionResolver - ControllerAdvice beans: 2 @ExceptionHandler, 1 ResponseBodyAdvice
2026-06-07 12:22:00.226 [main] INFO  [] o.s.b.a.h.H2ConsoleAutoConfiguration - H2 console available at '/h2-console'. Database available at 'jdbc:h2:mem:deliverydb'
2026-06-07 12:22:00.245 [main] DEBUG [] o.s.w.f.ServerHttpObservationFilter - Filter 'webMvcObservationFilter' configured for use
2026-06-07 12:22:00.245 [main] INFO  [] o.s.b.t.m.w.SpringBootMockServletContext - Initializing Spring TestDispatcherServlet ''
2026-06-07 12:22:00.245 [main] INFO  [] o.s.t.w.s.TestDispatcherServlet - Initializing Servlet ''
2026-06-07 12:22:00.246 [main] INFO  [] o.s.t.w.s.TestDispatcherServlet - Completed initialization in 1 ms
2026-06-07 12:22:00.257 [main] INFO  [] c.d.d.c.PedidoControllerTest - Started PedidoControllerTest in 0.622 seconds (process running for 17.297)
2026-06-07 12:22:00.287 [main] DEBUG [] o.s.security.web.FilterChainProxy - Securing POST /api/pedidos
2026-06-07 12:22:00.288 [main] WARN  [] c.d.d.s.JwtAuthenticationFilter - JWT Token não começa com Bearer String
2026-06-07 12:22:00.289 [main] DEBUG [] o.s.security.web.FilterChainProxy - Secured POST /api/pedidos
2026-06-07 12:22:00.289 [main] DEBUG [ae21be6134184162] o.s.w.s.m.m.a.RequestMappingHandlerMapping - Mapped to com.deliverytech.delivery_api.controller.PedidoController#criarPedido(PedidoReqDTO)
2026-06-07 12:22:00.291 [main] DEBUG [ae21be6134184162] o.s.w.s.m.m.a.RequestResponseBodyMethodProcessor - Read "application/json;charset=UTF-8" to [com.deliverytech.delivery_api.dto.req.PedidoReqDTO@43fb8c76]
2026-06-07 12:22:00.304 [main] DEBUG [ae21be6134184162] o.s.w.s.m.m.a.ExceptionHandlerExceptionResolver - Using @ExceptionHandler com.deliverytech.delivery_api.exception.GlobalExceptionHandler#handleValidationException(MethodArgumentNotValidException, HttpServletRequest)
2026-06-07 12:22:00.307 [main] DEBUG [ae21be6134184162] o.s.w.s.m.m.a.HttpEntityMethodProcessor - Using 'application/json', given [*/*] and supported [application/json, application/*+json, application/yaml]
2026-06-07 12:22:00.307 [main] DEBUG [ae21be6134184162] o.s.w.s.m.m.a.HttpEntityMethodProcessor - Writing [com.deliverytech.delivery_api.dto.ErrorResponse@298e5af0]
2026-06-07 12:22:00.312 [main] DEBUG [ae21be6134184162] o.s.w.s.m.m.a.ExceptionHandlerExceptionResolver - Resolved [org.springframework.web.bind.MethodArgumentNotValidException: Validation failed for argument [0] in public org.springframework.http.ResponseEntity<com.deliverytech.delivery_api.dto.res.PedidoResDTO> com.deliverytech.delivery_api.controller.PedidoController.criarPedido(com.deliverytech.delivery_api.dto.req.PedidoReqDTO): [Field error in object 'pedidoReqDTO' on field 'itens': rejected value [[]]; codes [NotEmpty.pedidoReqDTO.itens,NotEmpty.itens,NotEmpty.java.util.List,NotEmpty]; arguments [org.springframework.context.support.DefaultMessageSourceResolvable: codes [pedidoReqDTO.itens,itens]; arguments []; default message [itens]]; default message [Pedido deve ter pelo menos um item]] ]
2026-06-07 12:22:00.318 [main] DEBUG [] o.s.w.c.s.GenericWebApplicationContext - Closing org.springframework.web.context.support.GenericWebApplicationContext@1eb4191a, started on Sun Jun 07 12:21:59 BRT 2026
2026-06-07 12:22:00.320 [main] INFO  [] o.s.o.j.LocalContainerEntityManagerFactoryBean - Closing JPA EntityManagerFactory for persistence unit 'default'
2026-06-07 12:22:00.321 [main] INFO  [] com.zaxxer.hikari.HikariDataSource - HikariPool-6 - Shutdown initiated...
2026-06-07 12:22:00.322 [main] INFO  [] com.zaxxer.hikari.HikariDataSource - HikariPool-6 - Shutdown completed.
2026-06-07 12:22:00.324 [main] INFO  [] o.s.b.d.r.RestartApplicationListener - Restart disabled due to context in which it is running
2026-06-07 12:22:00.346 [main] INFO  [] c.d.d.c.PedidoControllerTest - Starting PedidoControllerTest using Java 21.0.11 with PID 24140 (started by Santana in C:\Pasta Códiguinhos\arquitetura de sistemas fat\delivery-api\delivery-api)
2026-06-07 12:22:00.346 [main] INFO  [] c.d.d.c.PedidoControllerTest - The following 1 profile is active: "test"
2026-06-07 12:22:00.347 [main] DEBUG [] o.s.w.c.s.GenericWebApplicationContext - Refreshing org.springframework.web.context.support.GenericWebApplicationContext@65f233ae
2026-06-07 12:22:00.543 [main] INFO  [] o.s.d.r.c.RepositoryConfigurationDelegate - Bootstrapping Spring Data JPA repositories in DEFAULT mode.
2026-06-07 12:22:00.559 [main] INFO  [] o.s.d.r.c.RepositoryConfigurationDelegate - Finished Spring Data repository scanning in 15 ms. Found 5 JPA repository interfaces.
2026-06-07 12:22:00.617 [main] INFO  [] o.s.o.j.p.SpringPersistenceUnitInfo - No LoadTimeWeaver setup: ignoring JPA class transformer
2026-06-07 12:22:00.618 [main] INFO  [] com.zaxxer.hikari.HikariDataSource - HikariPool-7 - Starting...
2026-06-07 12:22:00.619 [main] INFO  [] com.zaxxer.hikari.pool.HikariPool - HikariPool-7 - Added connection conn60: url=jdbc:h2:mem:deliverydb user=SA
2026-06-07 12:22:00.619 [main] INFO  [] com.zaxxer.hikari.HikariDataSource - HikariPool-7 - Start completed.
2026-06-07 12:22:00.619 [main] WARN  [] org.hibernate.orm.deprecation - HHH90000025: H2Dialect does not need to be specified explicitly using 'hibernate.dialect' (remove the property setting and it will be selected by default)
2026-06-07 12:22:00.676 [main] INFO  [] o.s.o.j.LocalContainerEntityManagerFactoryBean - Initialized JPA EntityManagerFactory for persistence unit 'default'
2026-06-07 12:22:00.701 [main] INFO  [] o.s.s.c.a.a.c.InitializeAuthenticationProviderBeanManagerConfigurer$InitializeAuthenticationProviderManagerConfigurer - Global AuthenticationManager configured with AuthenticationProvider bean with name authenticationProvider
2026-06-07 12:22:00.701 [main] WARN  [] o.s.s.c.a.a.c.InitializeUserDetailsBeanManagerConfigurer$InitializeUserDetailsManagerConfigurer - Global AuthenticationManager configured with an AuthenticationProvider bean. UserDetailsService beans will not be used by Spring Security for automatically configuring username/password login. Consider removing the AuthenticationProvider bean. Alternatively, consider using the UserDetailsService in a manually instantiated DaoAuthenticationProvider. If the current configuration is intentional, to turn off this warning, increase the logging level of 'org.springframework.security.config.annotation.authentication.configuration.InitializeUserDetailsBeanManagerConfigurer' to ERROR
2026-06-07 12:22:00.810 [main] DEBUG [] o.s.w.s.m.m.a.RequestMappingHandlerMapping - 41 mappings in 'requestMappingHandlerMapping'
2026-06-07 12:22:00.834 [main] DEBUG [] o.s.w.s.h.SimpleUrlHandlerMapping - Patterns [/webjars/**, /**, /swagger-ui*/*swagger-initializer.js, /swagger-ui*/**] in 'resourceHandlerMapping'
2026-06-07 12:22:00.882 [main] INFO  [] o.s.b.a.e.web.EndpointLinksResolver - Exposing 13 endpoints beneath base path '/actuator'
2026-06-07 12:22:00.912 [main] DEBUG [] o.s.s.web.DefaultSecurityFilterChain - Will secure any request with filters: DisableEncodeUrlFilter, WebAsyncManagerIntegrationFilter, SecurityContextHolderFilter, HeaderWriterFilter, CorsFilter, LogoutFilter, JwtAuthenticationFilter, RequestCacheAwareFilter, SecurityContextHolderAwareRequestFilter, AnonymousAuthenticationFilter, SessionManagementFilter, ExceptionTranslationFilter, AuthorizationFilter
2026-06-07 12:22:00.935 [main] DEBUG [] o.s.w.s.m.m.a.RequestMappingHandlerAdapter - ControllerAdvice beans: 0 @ModelAttribute, 0 @InitBinder, 1 RequestBodyAdvice, 1 ResponseBodyAdvice
2026-06-07 12:22:00.941 [main] DEBUG [] o.s.w.s.m.m.a.ExceptionHandlerExceptionResolver - ControllerAdvice beans: 2 @ExceptionHandler, 1 ResponseBodyAdvice
2026-06-07 12:22:00.977 [main] INFO  [] o.s.b.a.h.H2ConsoleAutoConfiguration - H2 console available at '/h2-console'. Database available at 'jdbc:h2:mem:deliverydb'
2026-06-07 12:22:00.991 [main] DEBUG [] o.s.w.f.ServerHttpObservationFilter - Filter 'webMvcObservationFilter' configured for use
2026-06-07 12:22:00.991 [main] INFO  [] o.s.b.t.m.w.SpringBootMockServletContext - Initializing Spring TestDispatcherServlet ''
2026-06-07 12:22:00.991 [main] INFO  [] o.s.t.w.s.TestDispatcherServlet - Initializing Servlet ''
2026-06-07 12:22:00.992 [main] INFO  [] o.s.t.w.s.TestDispatcherServlet - Completed initialization in 1 ms
2026-06-07 12:22:01.001 [main] INFO  [] c.d.d.c.PedidoControllerTest - Started PedidoControllerTest in 0.677 seconds (process running for 18.04)
2026-06-07 12:22:01.025 [main] DEBUG [] o.s.security.web.FilterChainProxy - Securing POST /api/pedidos
2026-06-07 12:22:01.025 [main] WARN  [] c.d.d.s.JwtAuthenticationFilter - JWT Token não começa com Bearer String
2026-06-07 12:22:01.026 [main] DEBUG [] o.s.security.web.FilterChainProxy - Secured POST /api/pedidos
2026-06-07 12:22:01.027 [main] DEBUG [90bd9ff73a1248aa] o.s.w.s.m.m.a.RequestMappingHandlerMapping - Mapped to com.deliverytech.delivery_api.controller.PedidoController#criarPedido(PedidoReqDTO)
2026-06-07 12:22:01.028 [main] DEBUG [90bd9ff73a1248aa] o.s.w.s.m.m.a.RequestResponseBodyMethodProcessor - Read "application/json;charset=UTF-8" to [com.deliverytech.delivery_api.dto.req.PedidoReqDTO@1510799b]
2026-06-07 12:22:01.039 [main] DEBUG [90bd9ff73a1248aa] o.s.w.s.m.m.a.ExceptionHandlerExceptionResolver - Using @ExceptionHandler com.deliverytech.delivery_api.exception.GlobalExceptionHandler#handleEntityNotFound(EntityNotFoundException, HttpServletRequest)
2026-06-07 12:22:01.042 [main] DEBUG [90bd9ff73a1248aa] o.s.w.s.m.m.a.HttpEntityMethodProcessor - Using 'application/json', given [*/*] and supported [application/json, application/*+json, application/yaml]
2026-06-07 12:22:01.043 [main] DEBUG [90bd9ff73a1248aa] o.s.w.s.m.m.a.HttpEntityMethodProcessor - Writing [com.deliverytech.delivery_api.dto.ErrorResponse@1628224c]
2026-06-07 12:22:01.043 [main] DEBUG [90bd9ff73a1248aa] o.s.w.s.m.m.a.ExceptionHandlerExceptionResolver - Resolved [com.deliverytech.delivery_api.exception.EntityNotFoundException: Produto não encontrado: 999999]
2026-06-07 12:22:01.054 [main] DEBUG [] o.s.w.c.s.GenericWebApplicationContext - Closing org.springframework.web.context.support.GenericWebApplicationContext@65f233ae, started on Sun Jun 07 12:22:00 BRT 2026
2026-06-07 12:22:01.056 [main] INFO  [] o.s.o.j.LocalContainerEntityManagerFactoryBean - Closing JPA EntityManagerFactory for persistence unit 'default'
2026-06-07 12:22:01.058 [main] INFO  [] com.zaxxer.hikari.HikariDataSource - HikariPool-7 - Shutdown initiated...
2026-06-07 12:22:01.059 [main] INFO  [] com.zaxxer.hikari.HikariDataSource - HikariPool-7 - Shutdown completed.
2026-06-07 12:22:01.061 [main] INFO  [] o.s.b.d.r.RestartApplicationListener - Restart disabled due to context in which it is running
2026-06-07 12:22:01.087 [main] INFO  [] c.d.d.c.PedidoControllerTest - Starting PedidoControllerTest using Java 21.0.11 with PID 24140 (started by Santana in C:\Pasta Códiguinhos\arquitetura de sistemas fat\delivery-api\delivery-api)
2026-06-07 12:22:01.087 [main] INFO  [] c.d.d.c.PedidoControllerTest - The following 1 profile is active: "test"
2026-06-07 12:22:01.088 [main] DEBUG [] o.s.w.c.s.GenericWebApplicationContext - Refreshing org.springframework.web.context.support.GenericWebApplicationContext@5d1c5d5a
2026-06-07 12:22:01.263 [main] INFO  [] o.s.d.r.c.RepositoryConfigurationDelegate - Bootstrapping Spring Data JPA repositories in DEFAULT mode.
2026-06-07 12:22:01.279 [main] INFO  [] o.s.d.r.c.RepositoryConfigurationDelegate - Finished Spring Data repository scanning in 15 ms. Found 5 JPA repository interfaces.
2026-06-07 12:22:01.334 [main] INFO  [] o.s.o.j.p.SpringPersistenceUnitInfo - No LoadTimeWeaver setup: ignoring JPA class transformer
2026-06-07 12:22:01.334 [main] INFO  [] com.zaxxer.hikari.HikariDataSource - HikariPool-8 - Starting...
2026-06-07 12:22:01.335 [main] INFO  [] com.zaxxer.hikari.pool.HikariPool - HikariPool-8 - Added connection conn70: url=jdbc:h2:mem:deliverydb user=SA
2026-06-07 12:22:01.335 [main] INFO  [] com.zaxxer.hikari.HikariDataSource - HikariPool-8 - Start completed.
2026-06-07 12:22:01.336 [main] WARN  [] org.hibernate.orm.deprecation - HHH90000025: H2Dialect does not need to be specified explicitly using 'hibernate.dialect' (remove the property setting and it will be selected by default)
2026-06-07 12:22:01.379 [main] INFO  [] o.s.o.j.LocalContainerEntityManagerFactoryBean - Initialized JPA EntityManagerFactory for persistence unit 'default'
2026-06-07 12:22:01.400 [main] INFO  [] o.s.s.c.a.a.c.InitializeAuthenticationProviderBeanManagerConfigurer$InitializeAuthenticationProviderManagerConfigurer - Global AuthenticationManager configured with AuthenticationProvider bean with name authenticationProvider
2026-06-07 12:22:01.400 [main] WARN  [] o.s.s.c.a.a.c.InitializeUserDetailsBeanManagerConfigurer$InitializeUserDetailsManagerConfigurer - Global AuthenticationManager configured with an AuthenticationProvider bean. UserDetailsService beans will not be used by Spring Security for automatically configuring username/password login. Consider removing the AuthenticationProvider bean. Alternatively, consider using the UserDetailsService in a manually instantiated DaoAuthenticationProvider. If the current configuration is intentional, to turn off this warning, increase the logging level of 'org.springframework.security.config.annotation.authentication.configuration.InitializeUserDetailsBeanManagerConfigurer' to ERROR
2026-06-07 12:22:01.486 [main] DEBUG [] o.s.w.s.m.m.a.RequestMappingHandlerMapping - 41 mappings in 'requestMappingHandlerMapping'
2026-06-07 12:22:01.506 [main] DEBUG [] o.s.w.s.h.SimpleUrlHandlerMapping - Patterns [/webjars/**, /**, /swagger-ui*/*swagger-initializer.js, /swagger-ui*/**] in 'resourceHandlerMapping'
2026-06-07 12:22:01.541 [main] INFO  [] o.s.b.a.e.web.EndpointLinksResolver - Exposing 13 endpoints beneath base path '/actuator'
2026-06-07 12:22:01.568 [main] DEBUG [] o.s.s.web.DefaultSecurityFilterChain - Will secure any request with filters: DisableEncodeUrlFilter, WebAsyncManagerIntegrationFilter, SecurityContextHolderFilter, HeaderWriterFilter, CorsFilter, LogoutFilter, JwtAuthenticationFilter, RequestCacheAwareFilter, SecurityContextHolderAwareRequestFilter, AnonymousAuthenticationFilter, SessionManagementFilter, ExceptionTranslationFilter, AuthorizationFilter
2026-06-07 12:22:01.596 [main] DEBUG [] o.s.w.s.m.m.a.RequestMappingHandlerAdapter - ControllerAdvice beans: 0 @ModelAttribute, 0 @InitBinder, 1 RequestBodyAdvice, 1 ResponseBodyAdvice
2026-06-07 12:22:01.600 [main] DEBUG [] o.s.w.s.m.m.a.ExceptionHandlerExceptionResolver - ControllerAdvice beans: 2 @ExceptionHandler, 1 ResponseBodyAdvice
2026-06-07 12:22:01.627 [main] INFO  [] o.s.b.a.h.H2ConsoleAutoConfiguration - H2 console available at '/h2-console'. Database available at 'jdbc:h2:mem:deliverydb'
2026-06-07 12:22:01.638 [main] DEBUG [] o.s.w.f.ServerHttpObservationFilter - Filter 'webMvcObservationFilter' configured for use
2026-06-07 12:22:01.638 [main] INFO  [] o.s.b.t.m.w.SpringBootMockServletContext - Initializing Spring TestDispatcherServlet ''
2026-06-07 12:22:01.639 [main] INFO  [] o.s.t.w.s.TestDispatcherServlet - Initializing Servlet ''
2026-06-07 12:22:01.639 [main] INFO  [] o.s.t.w.s.TestDispatcherServlet - Completed initialization in 0 ms
2026-06-07 12:22:01.647 [main] INFO  [] c.d.d.c.PedidoControllerTest - Started PedidoControllerTest in 0.586 seconds (process running for 18.686)
2026-06-07 12:22:01.668 [main] DEBUG [] o.s.security.web.FilterChainProxy - Securing DELETE /api/pedidos/999999
2026-06-07 12:22:01.668 [main] WARN  [] c.d.d.s.JwtAuthenticationFilter - JWT Token não começa com Bearer String
2026-06-07 12:22:01.669 [main] DEBUG [] o.s.security.web.FilterChainProxy - Secured DELETE /api/pedidos/999999
2026-06-07 12:22:01.669 [main] DEBUG [18adb2b78579490a] o.s.w.s.m.m.a.RequestMappingHandlerMapping - Mapped to com.deliverytech.delivery_api.controller.PedidoController#cancelarPedido(Long)
2026-06-07 12:22:01.671 [main] DEBUG [18adb2b78579490a] o.s.w.s.m.m.a.ExceptionHandlerExceptionResolver - Using @ExceptionHandler com.deliverytech.delivery_api.exception.GlobalExceptionHandler#handleEntityNotFound(EntityNotFoundException, HttpServletRequest)
2026-06-07 12:22:01.675 [main] DEBUG [18adb2b78579490a] o.s.w.s.m.m.a.HttpEntityMethodProcessor - Using 'application/json', given [*/*] and supported [application/json, application/*+json, application/yaml]
2026-06-07 12:22:01.675 [main] DEBUG [18adb2b78579490a] o.s.w.s.m.m.a.HttpEntityMethodProcessor - Writing [com.deliverytech.delivery_api.dto.ErrorResponse@d578eb2]
2026-06-07 12:22:01.676 [main] DEBUG [18adb2b78579490a] o.s.w.s.m.m.a.ExceptionHandlerExceptionResolver - Resolved [com.deliverytech.delivery_api.exception.EntityNotFoundException: Pedido não encontrado]
2026-06-07 12:22:01.680 [main] DEBUG [] o.s.w.c.s.GenericWebApplicationContext - Closing org.springframework.web.context.support.GenericWebApplicationContext@5d1c5d5a, started on Sun Jun 07 12:22:01 BRT 2026
2026-06-07 12:22:01.681 [main] INFO  [] o.s.o.j.LocalContainerEntityManagerFactoryBean - Closing JPA EntityManagerFactory for persistence unit 'default'
2026-06-07 12:22:01.682 [main] INFO  [] com.zaxxer.hikari.HikariDataSource - HikariPool-8 - Shutdown initiated...
2026-06-07 12:22:01.685 [main] INFO  [] com.zaxxer.hikari.HikariDataSource - HikariPool-8 - Shutdown completed.
2026-06-07 12:22:01.686 [main] INFO  [] o.s.b.d.r.RestartApplicationListener - Restart disabled due to context in which it is running
2026-06-07 12:22:01.705 [main] INFO  [] c.d.d.c.PedidoControllerTest - Starting PedidoControllerTest using Java 21.0.11 with PID 24140 (started by Santana in C:\Pasta Códiguinhos\arquitetura de sistemas fat\delivery-api\delivery-api)
2026-06-07 12:22:01.705 [main] INFO  [] c.d.d.c.PedidoControllerTest - The following 1 profile is active: "test"
2026-06-07 12:22:01.707 [main] DEBUG [] o.s.w.c.s.GenericWebApplicationContext - Refreshing org.springframework.web.context.support.GenericWebApplicationContext@3e7306cb
2026-06-07 12:22:01.868 [main] INFO  [] o.s.d.r.c.RepositoryConfigurationDelegate - Bootstrapping Spring Data JPA repositories in DEFAULT mode.
2026-06-07 12:22:01.883 [main] INFO  [] o.s.d.r.c.RepositoryConfigurationDelegate - Finished Spring Data repository scanning in 14 ms. Found 5 JPA repository interfaces.
2026-06-07 12:22:01.931 [main] INFO  [] o.s.o.j.p.SpringPersistenceUnitInfo - No LoadTimeWeaver setup: ignoring JPA class transformer
2026-06-07 12:22:01.931 [main] INFO  [] com.zaxxer.hikari.HikariDataSource - HikariPool-9 - Starting...
2026-06-07 12:22:01.932 [main] INFO  [] com.zaxxer.hikari.pool.HikariPool - HikariPool-9 - Added connection conn78: url=jdbc:h2:mem:deliverydb user=SA
2026-06-07 12:22:01.932 [main] INFO  [] com.zaxxer.hikari.HikariDataSource - HikariPool-9 - Start completed.
2026-06-07 12:22:01.932 [main] WARN  [] org.hibernate.orm.deprecation - HHH90000025: H2Dialect does not need to be specified explicitly using 'hibernate.dialect' (remove the property setting and it will be selected by default)
2026-06-07 12:22:01.973 [main] INFO  [] o.s.o.j.LocalContainerEntityManagerFactoryBean - Initialized JPA EntityManagerFactory for persistence unit 'default'
2026-06-07 12:22:01.994 [main] INFO  [] o.s.s.c.a.a.c.InitializeAuthenticationProviderBeanManagerConfigurer$InitializeAuthenticationProviderManagerConfigurer - Global AuthenticationManager configured with AuthenticationProvider bean with name authenticationProvider
2026-06-07 12:22:01.994 [main] WARN  [] o.s.s.c.a.a.c.InitializeUserDetailsBeanManagerConfigurer$InitializeUserDetailsManagerConfigurer - Global AuthenticationManager configured with an AuthenticationProvider bean. UserDetailsService beans will not be used by Spring Security for automatically configuring username/password login. Consider removing the AuthenticationProvider bean. Alternatively, consider using the UserDetailsService in a manually instantiated DaoAuthenticationProvider. If the current configuration is intentional, to turn off this warning, increase the logging level of 'org.springframework.security.config.annotation.authentication.configuration.InitializeUserDetailsBeanManagerConfigurer' to ERROR
2026-06-07 12:22:02.087 [main] DEBUG [] o.s.w.s.m.m.a.RequestMappingHandlerMapping - 41 mappings in 'requestMappingHandlerMapping'
2026-06-07 12:22:02.106 [main] DEBUG [] o.s.w.s.h.SimpleUrlHandlerMapping - Patterns [/webjars/**, /**, /swagger-ui*/*swagger-initializer.js, /swagger-ui*/**] in 'resourceHandlerMapping'
2026-06-07 12:22:02.142 [main] INFO  [] o.s.b.a.e.web.EndpointLinksResolver - Exposing 13 endpoints beneath base path '/actuator'
2026-06-07 12:22:02.169 [main] DEBUG [] o.s.s.web.DefaultSecurityFilterChain - Will secure any request with filters: DisableEncodeUrlFilter, WebAsyncManagerIntegrationFilter, SecurityContextHolderFilter, HeaderWriterFilter, CorsFilter, LogoutFilter, JwtAuthenticationFilter, RequestCacheAwareFilter, SecurityContextHolderAwareRequestFilter, AnonymousAuthenticationFilter, SessionManagementFilter, ExceptionTranslationFilter, AuthorizationFilter
2026-06-07 12:22:02.192 [main] DEBUG [] o.s.w.s.m.m.a.RequestMappingHandlerAdapter - ControllerAdvice beans: 0 @ModelAttribute, 0 @InitBinder, 1 RequestBodyAdvice, 1 ResponseBodyAdvice
2026-06-07 12:22:02.197 [main] DEBUG [] o.s.w.s.m.m.a.ExceptionHandlerExceptionResolver - ControllerAdvice beans: 2 @ExceptionHandler, 1 ResponseBodyAdvice
2026-06-07 12:22:02.228 [main] INFO  [] o.s.b.a.h.H2ConsoleAutoConfiguration - H2 console available at '/h2-console'. Database available at 'jdbc:h2:mem:deliverydb'
2026-06-07 12:22:02.239 [main] DEBUG [] o.s.w.f.ServerHttpObservationFilter - Filter 'webMvcObservationFilter' configured for use
2026-06-07 12:22:02.239 [main] INFO  [] o.s.b.t.m.w.SpringBootMockServletContext - Initializing Spring TestDispatcherServlet ''
2026-06-07 12:22:02.239 [main] INFO  [] o.s.t.w.s.TestDispatcherServlet - Initializing Servlet ''
2026-06-07 12:22:02.240 [main] INFO  [] o.s.t.w.s.TestDispatcherServlet - Completed initialization in 1 ms
2026-06-07 12:22:02.249 [main] INFO  [] c.d.d.c.PedidoControllerTest - Started PedidoControllerTest in 0.563 seconds (process running for 19.288)
2026-06-07 12:22:02.271 [main] DEBUG [] o.s.security.web.FilterChainProxy - Securing POST /api/pedidos
2026-06-07 12:22:02.272 [main] WARN  [] c.d.d.s.JwtAuthenticationFilter - JWT Token não começa com Bearer String
2026-06-07 12:22:02.272 [main] DEBUG [] o.s.security.web.FilterChainProxy - Secured POST /api/pedidos
2026-06-07 12:22:02.273 [main] DEBUG [9b9201ac67954bed] o.s.w.s.m.m.a.RequestMappingHandlerMapping - Mapped to com.deliverytech.delivery_api.controller.PedidoController#criarPedido(PedidoReqDTO)
2026-06-07 12:22:02.275 [main] DEBUG [9b9201ac67954bed] o.s.w.s.m.m.a.RequestResponseBodyMethodProcessor - Read "application/json;charset=UTF-8" to [com.deliverytech.delivery_api.dto.req.PedidoReqDTO@2adff003]
2026-06-07 12:22:02.287 [main] DEBUG [9b9201ac67954bed] o.s.w.s.m.m.a.HttpEntityMethodProcessor - Using 'application/json', given [*/*] and supported [application/json, application/*+json, application/yaml]
2026-06-07 12:22:02.288 [main] DEBUG [9b9201ac67954bed] o.s.w.s.m.m.a.HttpEntityMethodProcessor - Writing [com.deliverytech.delivery_api.dto.res.PedidoResDTO@74d85bb6]
2026-06-07 12:22:02.291 [main] DEBUG [] o.s.security.web.FilterChainProxy - Securing GET /api/pedidos/4
2026-06-07 12:22:02.291 [main] WARN  [] c.d.d.s.JwtAuthenticationFilter - JWT Token não começa com Bearer String
2026-06-07 12:22:02.292 [main] DEBUG [] o.s.security.web.FilterChainProxy - Secured GET /api/pedidos/4
2026-06-07 12:22:02.292 [main] DEBUG [ff46ba09a8134ba0] o.s.w.s.m.m.a.RequestMappingHandlerMapping - Mapped to com.deliverytech.delivery_api.controller.PedidoController#buscarPorId(Long)
2026-06-07 12:22:02.293 [main] DEBUG [ff46ba09a8134ba0] o.s.w.s.m.m.a.HttpEntityMethodProcessor - Using 'application/json', given [*/*] and supported [application/json, application/*+json, application/yaml]
2026-06-07 12:22:02.294 [main] DEBUG [ff46ba09a8134ba0] o.s.w.s.m.m.a.HttpEntityMethodProcessor - Writing [com.deliverytech.delivery_api.dto.res.PedidoResDTO@5174bd8b]
2026-06-07 12:22:02.298 [main] DEBUG [] o.s.w.c.s.GenericWebApplicationContext - Closing org.springframework.web.context.support.GenericWebApplicationContext@3e7306cb, started on Sun Jun 07 12:22:01 BRT 2026
2026-06-07 12:22:02.299 [main] INFO  [] o.s.o.j.LocalContainerEntityManagerFactoryBean - Closing JPA EntityManagerFactory for persistence unit 'default'
2026-06-07 12:22:02.300 [main] INFO  [] com.zaxxer.hikari.HikariDataSource - HikariPool-9 - Shutdown initiated...
2026-06-07 12:22:02.341 [main] INFO  [] com.zaxxer.hikari.HikariDataSource - HikariPool-9 - Shutdown completed.
2026-06-07 12:22:02.342 [main] INFO  [] o.s.b.d.r.RestartApplicationListener - Restart disabled due to context in which it is running
2026-06-07 12:22:02.360 [main] INFO  [] c.d.d.c.PedidoControllerTest - Starting PedidoControllerTest using Java 21.0.11 with PID 24140 (started by Santana in C:\Pasta Códiguinhos\arquitetura de sistemas fat\delivery-api\delivery-api)
2026-06-07 12:22:02.360 [main] INFO  [] c.d.d.c.PedidoControllerTest - The following 1 profile is active: "test"
2026-06-07 12:22:02.360 [main] DEBUG [] o.s.w.c.s.GenericWebApplicationContext - Refreshing org.springframework.web.context.support.GenericWebApplicationContext@1b224a10
2026-06-07 12:22:02.517 [main] INFO  [] o.s.d.r.c.RepositoryConfigurationDelegate - Bootstrapping Spring Data JPA repositories in DEFAULT mode.
2026-06-07 12:22:02.531 [main] INFO  [] o.s.d.r.c.RepositoryConfigurationDelegate - Finished Spring Data repository scanning in 13 ms. Found 5 JPA repository interfaces.
2026-06-07 12:22:02.600 [main] INFO  [] o.s.o.j.p.SpringPersistenceUnitInfo - No LoadTimeWeaver setup: ignoring JPA class transformer
2026-06-07 12:22:02.600 [main] INFO  [] com.zaxxer.hikari.HikariDataSource - HikariPool-10 - Starting...
2026-06-07 12:22:02.602 [main] INFO  [] com.zaxxer.hikari.pool.HikariPool - HikariPool-10 - Added connection conn88: url=jdbc:h2:mem:deliverydb user=SA
2026-06-07 12:22:02.602 [main] INFO  [] com.zaxxer.hikari.HikariDataSource - HikariPool-10 - Start completed.
2026-06-07 12:22:02.603 [main] WARN  [] org.hibernate.orm.deprecation - HHH90000025: H2Dialect does not need to be specified explicitly using 'hibernate.dialect' (remove the property setting and it will be selected by default)
2026-06-07 12:22:02.646 [main] INFO  [] o.s.o.j.LocalContainerEntityManagerFactoryBean - Initialized JPA EntityManagerFactory for persistence unit 'default'
2026-06-07 12:22:02.669 [main] INFO  [] o.s.s.c.a.a.c.InitializeAuthenticationProviderBeanManagerConfigurer$InitializeAuthenticationProviderManagerConfigurer - Global AuthenticationManager configured with AuthenticationProvider bean with name authenticationProvider
2026-06-07 12:22:02.669 [main] WARN  [] o.s.s.c.a.a.c.InitializeUserDetailsBeanManagerConfigurer$InitializeUserDetailsManagerConfigurer - Global AuthenticationManager configured with an AuthenticationProvider bean. UserDetailsService beans will not be used by Spring Security for automatically configuring username/password login. Consider removing the AuthenticationProvider bean. Alternatively, consider using the UserDetailsService in a manually instantiated DaoAuthenticationProvider. If the current configuration is intentional, to turn off this warning, increase the logging level of 'org.springframework.security.config.annotation.authentication.configuration.InitializeUserDetailsBeanManagerConfigurer' to ERROR
2026-06-07 12:22:02.755 [main] DEBUG [] o.s.w.s.m.m.a.RequestMappingHandlerMapping - 41 mappings in 'requestMappingHandlerMapping'
2026-06-07 12:22:02.775 [main] DEBUG [] o.s.w.s.h.SimpleUrlHandlerMapping - Patterns [/webjars/**, /**, /swagger-ui*/*swagger-initializer.js, /swagger-ui*/**] in 'resourceHandlerMapping'
2026-06-07 12:22:02.805 [main] INFO  [] o.s.b.a.e.web.EndpointLinksResolver - Exposing 13 endpoints beneath base path '/actuator'
2026-06-07 12:22:02.832 [main] DEBUG [] o.s.s.web.DefaultSecurityFilterChain - Will secure any request with filters: DisableEncodeUrlFilter, WebAsyncManagerIntegrationFilter, SecurityContextHolderFilter, HeaderWriterFilter, CorsFilter, LogoutFilter, JwtAuthenticationFilter, RequestCacheAwareFilter, SecurityContextHolderAwareRequestFilter, AnonymousAuthenticationFilter, SessionManagementFilter, ExceptionTranslationFilter, AuthorizationFilter
2026-06-07 12:22:02.854 [main] DEBUG [] o.s.w.s.m.m.a.RequestMappingHandlerAdapter - ControllerAdvice beans: 0 @ModelAttribute, 0 @InitBinder, 1 RequestBodyAdvice, 1 ResponseBodyAdvice
2026-06-07 12:22:02.858 [main] DEBUG [] o.s.w.s.m.m.a.ExceptionHandlerExceptionResolver - ControllerAdvice beans: 2 @ExceptionHandler, 1 ResponseBodyAdvice
2026-06-07 12:22:02.884 [main] INFO  [] o.s.b.a.h.H2ConsoleAutoConfiguration - H2 console available at '/h2-console'. Database available at 'jdbc:h2:mem:deliverydb'
2026-06-07 12:22:02.895 [main] DEBUG [] o.s.w.f.ServerHttpObservationFilter - Filter 'webMvcObservationFilter' configured for use
2026-06-07 12:22:02.895 [main] INFO  [] o.s.b.t.m.w.SpringBootMockServletContext - Initializing Spring TestDispatcherServlet ''
2026-06-07 12:22:02.895 [main] INFO  [] o.s.t.w.s.TestDispatcherServlet - Initializing Servlet ''
2026-06-07 12:22:02.896 [main] INFO  [] o.s.t.w.s.TestDispatcherServlet - Completed initialization in 1 ms
2026-06-07 12:22:02.903 [main] INFO  [] c.d.d.c.PedidoControllerTest - Started PedidoControllerTest in 0.561 seconds (process running for 19.942)
2026-06-07 12:22:02.922 [main] DEBUG [] o.s.security.web.FilterChainProxy - Securing GET /api/pedidos/cliente/4
2026-06-07 12:22:02.922 [main] WARN  [] c.d.d.s.JwtAuthenticationFilter - JWT Token não começa com Bearer String
2026-06-07 12:22:02.923 [main] DEBUG [] o.s.security.web.FilterChainProxy - Secured GET /api/pedidos/cliente/4
2026-06-07 12:22:02.924 [main] DEBUG [e65d6b049ef34e25] o.s.w.s.m.m.a.RequestMappingHandlerMapping - Mapped to com.deliverytech.delivery_api.controller.PedidoController#buscarPorCliente(Long)
2026-06-07 12:22:02.931 [main] DEBUG [e65d6b049ef34e25] o.s.w.s.m.m.a.HttpEntityMethodProcessor - Using 'application/json', given [*/*] and supported [application/json, application/*+json, application/yaml]
2026-06-07 12:22:02.931 [main] DEBUG [e65d6b049ef34e25] o.s.w.s.m.m.a.HttpEntityMethodProcessor - Writing [[]]
2026-06-07 12:22:02.936 [main] DEBUG [] o.s.w.c.s.GenericWebApplicationContext - Closing org.springframework.web.context.support.GenericWebApplicationContext@1b224a10, started on Sun Jun 07 12:22:02 BRT 2026
2026-06-07 12:22:02.937 [main] INFO  [] o.s.o.j.LocalContainerEntityManagerFactoryBean - Closing JPA EntityManagerFactory for persistence unit 'default'
2026-06-07 12:22:02.939 [main] INFO  [] com.zaxxer.hikari.HikariDataSource - HikariPool-10 - Shutdown initiated...
2026-06-07 12:22:02.951 [main] INFO  [] com.zaxxer.hikari.HikariDataSource - HikariPool-10 - Shutdown completed.
2026-06-07 12:22:02.952 [main] INFO  [] o.s.b.d.r.RestartApplicationListener - Restart disabled due to context in which it is running
2026-06-07 12:22:02.971 [main] INFO  [] c.d.d.c.PedidoControllerTest - Starting PedidoControllerTest using Java 21.0.11 with PID 24140 (started by Santana in C:\Pasta Códiguinhos\arquitetura de sistemas fat\delivery-api\delivery-api)
2026-06-07 12:22:02.971 [main] INFO  [] c.d.d.c.PedidoControllerTest - The following 1 profile is active: "test"
2026-06-07 12:22:02.972 [main] DEBUG [] o.s.w.c.s.GenericWebApplicationContext - Refreshing org.springframework.web.context.support.GenericWebApplicationContext@4d59c1e4
2026-06-07 12:22:03.135 [main] INFO  [] o.s.d.r.c.RepositoryConfigurationDelegate - Bootstrapping Spring Data JPA repositories in DEFAULT mode.
2026-06-07 12:22:03.149 [main] INFO  [] o.s.d.r.c.RepositoryConfigurationDelegate - Finished Spring Data repository scanning in 13 ms. Found 5 JPA repository interfaces.
2026-06-07 12:22:03.207 [main] INFO  [] o.s.o.j.p.SpringPersistenceUnitInfo - No LoadTimeWeaver setup: ignoring JPA class transformer
2026-06-07 12:22:03.208 [main] INFO  [] com.zaxxer.hikari.HikariDataSource - HikariPool-11 - Starting...
2026-06-07 12:22:03.209 [main] INFO  [] com.zaxxer.hikari.pool.HikariPool - HikariPool-11 - Added connection conn97: url=jdbc:h2:mem:deliverydb user=SA
2026-06-07 12:22:03.209 [main] INFO  [] com.zaxxer.hikari.HikariDataSource - HikariPool-11 - Start completed.
2026-06-07 12:22:03.209 [main] WARN  [] org.hibernate.orm.deprecation - HHH90000025: H2Dialect does not need to be specified explicitly using 'hibernate.dialect' (remove the property setting and it will be selected by default)
2026-06-07 12:22:03.244 [main] INFO  [] o.s.o.j.LocalContainerEntityManagerFactoryBean - Initialized JPA EntityManagerFactory for persistence unit 'default'
2026-06-07 12:22:03.262 [main] INFO  [] o.s.s.c.a.a.c.InitializeAuthenticationProviderBeanManagerConfigurer$InitializeAuthenticationProviderManagerConfigurer - Global AuthenticationManager configured with AuthenticationProvider bean with name authenticationProvider
2026-06-07 12:22:03.262 [main] WARN  [] o.s.s.c.a.a.c.InitializeUserDetailsBeanManagerConfigurer$InitializeUserDetailsManagerConfigurer - Global AuthenticationManager configured with an AuthenticationProvider bean. UserDetailsService beans will not be used by Spring Security for automatically configuring username/password login. Consider removing the AuthenticationProvider bean. Alternatively, consider using the UserDetailsService in a manually instantiated DaoAuthenticationProvider. If the current configuration is intentional, to turn off this warning, increase the logging level of 'org.springframework.security.config.annotation.authentication.configuration.InitializeUserDetailsBeanManagerConfigurer' to ERROR
2026-06-07 12:22:03.337 [main] DEBUG [] o.s.w.s.m.m.a.RequestMappingHandlerMapping - 41 mappings in 'requestMappingHandlerMapping'
2026-06-07 12:22:03.359 [main] DEBUG [] o.s.w.s.h.SimpleUrlHandlerMapping - Patterns [/webjars/**, /**, /swagger-ui*/*swagger-initializer.js, /swagger-ui*/**] in 'resourceHandlerMapping'
2026-06-07 12:22:03.403 [main] INFO  [] o.s.b.a.e.web.EndpointLinksResolver - Exposing 13 endpoints beneath base path '/actuator'
2026-06-07 12:22:03.429 [main] DEBUG [] o.s.s.web.DefaultSecurityFilterChain - Will secure any request with filters: DisableEncodeUrlFilter, WebAsyncManagerIntegrationFilter, SecurityContextHolderFilter, HeaderWriterFilter, CorsFilter, LogoutFilter, JwtAuthenticationFilter, RequestCacheAwareFilter, SecurityContextHolderAwareRequestFilter, AnonymousAuthenticationFilter, SessionManagementFilter, ExceptionTranslationFilter, AuthorizationFilter
2026-06-07 12:22:03.457 [main] DEBUG [] o.s.w.s.m.m.a.RequestMappingHandlerAdapter - ControllerAdvice beans: 0 @ModelAttribute, 0 @InitBinder, 1 RequestBodyAdvice, 1 ResponseBodyAdvice
2026-06-07 12:22:03.461 [main] DEBUG [] o.s.w.s.m.m.a.ExceptionHandlerExceptionResolver - ControllerAdvice beans: 2 @ExceptionHandler, 1 ResponseBodyAdvice
2026-06-07 12:22:03.488 [main] INFO  [] o.s.b.a.h.H2ConsoleAutoConfiguration - H2 console available at '/h2-console'. Database available at 'jdbc:h2:mem:deliverydb'
2026-06-07 12:22:03.500 [main] DEBUG [] o.s.w.f.ServerHttpObservationFilter - Filter 'webMvcObservationFilter' configured for use
2026-06-07 12:22:03.500 [main] INFO  [] o.s.b.t.m.w.SpringBootMockServletContext - Initializing Spring TestDispatcherServlet ''
2026-06-07 12:22:03.500 [main] INFO  [] o.s.t.w.s.TestDispatcherServlet - Initializing Servlet ''
2026-06-07 12:22:03.500 [main] INFO  [] o.s.t.w.s.TestDispatcherServlet - Completed initialization in 0 ms
2026-06-07 12:22:03.509 [main] INFO  [] c.d.d.c.PedidoControllerTest - Started PedidoControllerTest in 0.557 seconds (process running for 20.548)
2026-06-07 12:22:03.530 [main] DEBUG [] o.s.security.web.FilterChainProxy - Securing POST /api/pedidos
2026-06-07 12:22:03.530 [main] WARN  [] c.d.d.s.JwtAuthenticationFilter - JWT Token não começa com Bearer String
2026-06-07 12:22:03.531 [main] DEBUG [] o.s.security.web.FilterChainProxy - Secured POST /api/pedidos
2026-06-07 12:22:03.531 [main] DEBUG [3406b481da404f4d] o.s.w.s.m.m.a.RequestMappingHandlerMapping - Mapped to com.deliverytech.delivery_api.controller.PedidoController#criarPedido(PedidoReqDTO)
2026-06-07 12:22:03.533 [main] DEBUG [3406b481da404f4d] o.s.w.s.m.m.a.RequestResponseBodyMethodProcessor - Read "application/json;charset=UTF-8" to [com.deliverytech.delivery_api.dto.req.PedidoReqDTO@58d7862f]
2026-06-07 12:22:03.540 [main] DEBUG [3406b481da404f4d] o.s.w.s.m.m.a.ExceptionHandlerExceptionResolver - Using @ExceptionHandler com.deliverytech.delivery_api.exception.GlobalExceptionHandler#handleBusinessException(BusinessException, HttpServletRequest)
2026-06-07 12:22:03.542 [main] DEBUG [3406b481da404f4d] o.s.w.s.m.m.a.HttpEntityMethodProcessor - Using 'application/json', given [*/*] and supported [application/json, application/*+json, application/yaml]
2026-06-07 12:22:03.542 [main] DEBUG [3406b481da404f4d] o.s.w.s.m.m.a.HttpEntityMethodProcessor - Writing [com.deliverytech.delivery_api.dto.ErrorResponse@686de0a1]
2026-06-07 12:22:03.542 [main] DEBUG [3406b481da404f4d] o.s.w.s.m.m.a.ExceptionHandlerExceptionResolver - Resolved [com.deliverytech.delivery_api.exception.BusinessException: Produto não pertence ao restaurante selecionado]
2026-06-07 12:22:03.546 [main] DEBUG [] o.s.w.c.s.GenericWebApplicationContext - Closing org.springframework.web.context.support.GenericWebApplicationContext@4d59c1e4, started on Sun Jun 07 12:22:02 BRT 2026
2026-06-07 12:22:03.547 [main] INFO  [] o.s.o.j.LocalContainerEntityManagerFactoryBean - Closing JPA EntityManagerFactory for persistence unit 'default'
2026-06-07 12:22:03.548 [main] INFO  [] com.zaxxer.hikari.HikariDataSource - HikariPool-11 - Shutdown initiated...
2026-06-07 12:22:03.575 [main] INFO  [] com.zaxxer.hikari.HikariDataSource - HikariPool-11 - Shutdown completed.
2026-06-07 12:22:03.577 [main] INFO  [] o.s.b.d.r.RestartApplicationListener - Restart disabled due to context in which it is running
2026-06-07 12:22:03.598 [main] INFO  [] c.d.d.c.PedidoControllerTest - Starting PedidoControllerTest using Java 21.0.11 with PID 24140 (started by Santana in C:\Pasta Códiguinhos\arquitetura de sistemas fat\delivery-api\delivery-api)
2026-06-07 12:22:03.598 [main] INFO  [] c.d.d.c.PedidoControllerTest - The following 1 profile is active: "test"
2026-06-07 12:22:03.599 [main] DEBUG [] o.s.w.c.s.GenericWebApplicationContext - Refreshing org.springframework.web.context.support.GenericWebApplicationContext@2489d1ce
2026-06-07 12:22:03.770 [main] INFO  [] o.s.d.r.c.RepositoryConfigurationDelegate - Bootstrapping Spring Data JPA repositories in DEFAULT mode.
2026-06-07 12:22:03.784 [main] INFO  [] o.s.d.r.c.RepositoryConfigurationDelegate - Finished Spring Data repository scanning in 13 ms. Found 5 JPA repository interfaces.
2026-06-07 12:22:03.831 [main] INFO  [] o.s.o.j.p.SpringPersistenceUnitInfo - No LoadTimeWeaver setup: ignoring JPA class transformer
2026-06-07 12:22:03.831 [main] INFO  [] com.zaxxer.hikari.HikariDataSource - HikariPool-12 - Starting...
2026-06-07 12:22:03.832 [main] INFO  [] com.zaxxer.hikari.pool.HikariPool - HikariPool-12 - Added connection conn106: url=jdbc:h2:mem:deliverydb user=SA
2026-06-07 12:22:03.832 [main] INFO  [] com.zaxxer.hikari.HikariDataSource - HikariPool-12 - Start completed.
2026-06-07 12:22:03.832 [main] WARN  [] org.hibernate.orm.deprecation - HHH90000025: H2Dialect does not need to be specified explicitly using 'hibernate.dialect' (remove the property setting and it will be selected by default)
2026-06-07 12:22:03.869 [main] INFO  [] o.s.o.j.LocalContainerEntityManagerFactoryBean - Initialized JPA EntityManagerFactory for persistence unit 'default'
2026-06-07 12:22:03.886 [main] INFO  [] o.s.s.c.a.a.c.InitializeAuthenticationProviderBeanManagerConfigurer$InitializeAuthenticationProviderManagerConfigurer - Global AuthenticationManager configured with AuthenticationProvider bean with name authenticationProvider
2026-06-07 12:22:03.886 [main] WARN  [] o.s.s.c.a.a.c.InitializeUserDetailsBeanManagerConfigurer$InitializeUserDetailsManagerConfigurer - Global AuthenticationManager configured with an AuthenticationProvider bean. UserDetailsService beans will not be used by Spring Security for automatically configuring username/password login. Consider removing the AuthenticationProvider bean. Alternatively, consider using the UserDetailsService in a manually instantiated DaoAuthenticationProvider. If the current configuration is intentional, to turn off this warning, increase the logging level of 'org.springframework.security.config.annotation.authentication.configuration.InitializeUserDetailsBeanManagerConfigurer' to ERROR
2026-06-07 12:22:03.959 [main] DEBUG [] o.s.w.s.m.m.a.RequestMappingHandlerMapping - 41 mappings in 'requestMappingHandlerMapping'
2026-06-07 12:22:03.977 [main] DEBUG [] o.s.w.s.h.SimpleUrlHandlerMapping - Patterns [/webjars/**, /**, /swagger-ui*/*swagger-initializer.js, /swagger-ui*/**] in 'resourceHandlerMapping'
2026-06-07 12:22:04.008 [main] INFO  [] o.s.b.a.e.web.EndpointLinksResolver - Exposing 13 endpoints beneath base path '/actuator'
2026-06-07 12:22:04.040 [main] DEBUG [] o.s.s.web.DefaultSecurityFilterChain - Will secure any request with filters: DisableEncodeUrlFilter, WebAsyncManagerIntegrationFilter, SecurityContextHolderFilter, HeaderWriterFilter, CorsFilter, LogoutFilter, JwtAuthenticationFilter, RequestCacheAwareFilter, SecurityContextHolderAwareRequestFilter, AnonymousAuthenticationFilter, SessionManagementFilter, ExceptionTranslationFilter, AuthorizationFilter
2026-06-07 12:22:04.059 [main] DEBUG [] o.s.w.s.m.m.a.RequestMappingHandlerAdapter - ControllerAdvice beans: 0 @ModelAttribute, 0 @InitBinder, 1 RequestBodyAdvice, 1 ResponseBodyAdvice
2026-06-07 12:22:04.064 [main] DEBUG [] o.s.w.s.m.m.a.ExceptionHandlerExceptionResolver - ControllerAdvice beans: 2 @ExceptionHandler, 1 ResponseBodyAdvice
2026-06-07 12:22:04.088 [main] INFO  [] o.s.b.a.h.H2ConsoleAutoConfiguration - H2 console available at '/h2-console'. Database available at 'jdbc:h2:mem:deliverydb'
2026-06-07 12:22:04.098 [main] DEBUG [] o.s.w.f.ServerHttpObservationFilter - Filter 'webMvcObservationFilter' configured for use
2026-06-07 12:22:04.098 [main] INFO  [] o.s.b.t.m.w.SpringBootMockServletContext - Initializing Spring TestDispatcherServlet ''
2026-06-07 12:22:04.098 [main] INFO  [] o.s.t.w.s.TestDispatcherServlet - Initializing Servlet ''
2026-06-07 12:22:04.099 [main] INFO  [] o.s.t.w.s.TestDispatcherServlet - Completed initialization in 1 ms
2026-06-07 12:22:04.105 [main] INFO  [] c.d.d.c.PedidoControllerTest - Started PedidoControllerTest in 0.529 seconds (process running for 21.145)
2026-06-07 12:22:04.124 [main] DEBUG [] o.s.security.web.FilterChainProxy - Securing POST /api/pedidos
2026-06-07 12:22:04.124 [main] WARN  [] c.d.d.s.JwtAuthenticationFilter - JWT Token não começa com Bearer String
2026-06-07 12:22:04.125 [main] DEBUG [] o.s.security.web.FilterChainProxy - Secured POST /api/pedidos
2026-06-07 12:22:04.125 [main] DEBUG [f1ca72f6f1b64db8] o.s.w.s.m.m.a.RequestMappingHandlerMapping - Mapped to com.deliverytech.delivery_api.controller.PedidoController#criarPedido(PedidoReqDTO)
2026-06-07 12:22:04.127 [main] DEBUG [f1ca72f6f1b64db8] o.s.w.s.m.m.a.RequestResponseBodyMethodProcessor - Read "application/json;charset=UTF-8" to [com.deliverytech.delivery_api.dto.req.PedidoReqDTO@22527982]
2026-06-07 12:22:04.137 [main] DEBUG [f1ca72f6f1b64db8] o.s.w.s.m.m.a.HttpEntityMethodProcessor - Using 'application/json', given [*/*] and supported [application/json, application/*+json, application/yaml]
2026-06-07 12:22:04.137 [main] DEBUG [f1ca72f6f1b64db8] o.s.w.s.m.m.a.HttpEntityMethodProcessor - Writing [com.deliverytech.delivery_api.dto.res.PedidoResDTO@5e6edfa1]
2026-06-07 12:22:04.143 [main] DEBUG [] o.s.security.web.FilterChainProxy - Securing PATCH /api/pedidos/4/status
2026-06-07 12:22:04.144 [main] WARN  [] c.d.d.s.JwtAuthenticationFilter - JWT Token não começa com Bearer String
2026-06-07 12:22:04.144 [main] DEBUG [] o.s.security.web.FilterChainProxy - Secured PATCH /api/pedidos/4/status
2026-06-07 12:22:04.144 [main] DEBUG [c35017b0683b4802] o.s.w.s.m.m.a.RequestMappingHandlerMapping - Mapped to com.deliverytech.delivery_api.controller.PedidoController#atualizarStatus(Long, StatusPedidoDTO)
2026-06-07 12:22:04.148 [main] DEBUG [c35017b0683b4802] o.s.w.s.m.m.a.RequestResponseBodyMethodProcessor - Read "application/json;charset=UTF-8" to [com.deliverytech.delivery_api.dto.StatusPedidoDTO@682b273a]
2026-06-07 12:22:04.151 [main] DEBUG [c35017b0683b4802] o.s.w.s.m.m.a.HttpEntityMethodProcessor - Using 'application/json', given [*/*] and supported [application/json, application/*+json, application/yaml]
2026-06-07 12:22:04.151 [main] DEBUG [c35017b0683b4802] o.s.w.s.m.m.a.HttpEntityMethodProcessor - Writing [com.deliverytech.delivery_api.dto.res.PedidoResDTO@14f32b0b]
2026-06-07 12:22:04.157 [main] DEBUG [] o.s.w.c.s.GenericWebApplicationContext - Closing org.springframework.web.context.support.GenericWebApplicationContext@2489d1ce, started on Sun Jun 07 12:22:03 BRT 2026
2026-06-07 12:22:04.158 [main] INFO  [] o.s.o.j.LocalContainerEntityManagerFactoryBean - Closing JPA EntityManagerFactory for persistence unit 'default'
2026-06-07 12:22:04.159 [main] INFO  [] com.zaxxer.hikari.HikariDataSource - HikariPool-12 - Shutdown initiated...
2026-06-07 12:22:04.185 [main] INFO  [] com.zaxxer.hikari.HikariDataSource - HikariPool-12 - Shutdown completed.
2026-06-07 12:22:04.186 [main] INFO  [] o.s.b.d.r.RestartApplicationListener - Restart disabled due to context in which it is running
2026-06-07 12:22:04.203 [main] INFO  [] c.d.d.c.PedidoControllerTest - Starting PedidoControllerTest using Java 21.0.11 with PID 24140 (started by Santana in C:\Pasta Códiguinhos\arquitetura de sistemas fat\delivery-api\delivery-api)
2026-06-07 12:22:04.203 [main] INFO  [] c.d.d.c.PedidoControllerTest - The following 1 profile is active: "test"
2026-06-07 12:22:04.203 [main] DEBUG [] o.s.w.c.s.GenericWebApplicationContext - Refreshing org.springframework.web.context.support.GenericWebApplicationContext@4ce9aa76
2026-06-07 12:22:04.355 [main] INFO  [] o.s.d.r.c.RepositoryConfigurationDelegate - Bootstrapping Spring Data JPA repositories in DEFAULT mode.
2026-06-07 12:22:04.370 [main] INFO  [] o.s.d.r.c.RepositoryConfigurationDelegate - Finished Spring Data repository scanning in 14 ms. Found 5 JPA repository interfaces.
2026-06-07 12:22:04.416 [main] INFO  [] o.s.o.j.p.SpringPersistenceUnitInfo - No LoadTimeWeaver setup: ignoring JPA class transformer
2026-06-07 12:22:04.417 [main] INFO  [] com.zaxxer.hikari.HikariDataSource - HikariPool-13 - Starting...
2026-06-07 12:22:04.418 [main] INFO  [] com.zaxxer.hikari.pool.HikariPool - HikariPool-13 - Added connection conn115: url=jdbc:h2:mem:deliverydb user=SA
2026-06-07 12:22:04.418 [main] INFO  [] com.zaxxer.hikari.HikariDataSource - HikariPool-13 - Start completed.
2026-06-07 12:22:04.418 [main] WARN  [] org.hibernate.orm.deprecation - HHH90000025: H2Dialect does not need to be specified explicitly using 'hibernate.dialect' (remove the property setting and it will be selected by default)
2026-06-07 12:22:04.452 [main] INFO  [] o.s.o.j.LocalContainerEntityManagerFactoryBean - Initialized JPA EntityManagerFactory for persistence unit 'default'
2026-06-07 12:22:04.470 [main] INFO  [] o.s.s.c.a.a.c.InitializeAuthenticationProviderBeanManagerConfigurer$InitializeAuthenticationProviderManagerConfigurer - Global AuthenticationManager configured with AuthenticationProvider bean with name authenticationProvider
2026-06-07 12:22:04.470 [main] WARN  [] o.s.s.c.a.a.c.InitializeUserDetailsBeanManagerConfigurer$InitializeUserDetailsManagerConfigurer - Global AuthenticationManager configured with an AuthenticationProvider bean. UserDetailsService beans will not be used by Spring Security for automatically configuring username/password login. Consider removing the AuthenticationProvider bean. Alternatively, consider using the UserDetailsService in a manually instantiated DaoAuthenticationProvider. If the current configuration is intentional, to turn off this warning, increase the logging level of 'org.springframework.security.config.annotation.authentication.configuration.InitializeUserDetailsBeanManagerConfigurer' to ERROR
2026-06-07 12:22:04.550 [main] DEBUG [] o.s.w.s.m.m.a.RequestMappingHandlerMapping - 41 mappings in 'requestMappingHandlerMapping'
2026-06-07 12:22:04.568 [main] DEBUG [] o.s.w.s.h.SimpleUrlHandlerMapping - Patterns [/webjars/**, /**, /swagger-ui*/*swagger-initializer.js, /swagger-ui*/**] in 'resourceHandlerMapping'
2026-06-07 12:22:04.604 [main] INFO  [] o.s.b.a.e.web.EndpointLinksResolver - Exposing 13 endpoints beneath base path '/actuator'
2026-06-07 12:22:04.628 [main] DEBUG [] o.s.s.web.DefaultSecurityFilterChain - Will secure any request with filters: DisableEncodeUrlFilter, WebAsyncManagerIntegrationFilter, SecurityContextHolderFilter, HeaderWriterFilter, CorsFilter, LogoutFilter, JwtAuthenticationFilter, RequestCacheAwareFilter, SecurityContextHolderAwareRequestFilter, AnonymousAuthenticationFilter, SessionManagementFilter, ExceptionTranslationFilter, AuthorizationFilter
2026-06-07 12:22:04.650 [main] DEBUG [] o.s.w.s.m.m.a.RequestMappingHandlerAdapter - ControllerAdvice beans: 0 @ModelAttribute, 0 @InitBinder, 1 RequestBodyAdvice, 1 ResponseBodyAdvice
2026-06-07 12:22:04.653 [main] DEBUG [] o.s.w.s.m.m.a.ExceptionHandlerExceptionResolver - ControllerAdvice beans: 2 @ExceptionHandler, 1 ResponseBodyAdvice
2026-06-07 12:22:04.680 [main] INFO  [] o.s.b.a.h.H2ConsoleAutoConfiguration - H2 console available at '/h2-console'. Database available at 'jdbc:h2:mem:deliverydb'
2026-06-07 12:22:04.691 [main] DEBUG [] o.s.w.f.ServerHttpObservationFilter - Filter 'webMvcObservationFilter' configured for use
2026-06-07 12:22:04.691 [main] INFO  [] o.s.b.t.m.w.SpringBootMockServletContext - Initializing Spring TestDispatcherServlet ''
2026-06-07 12:22:04.691 [main] INFO  [] o.s.t.w.s.TestDispatcherServlet - Initializing Servlet ''
2026-06-07 12:22:04.692 [main] INFO  [] o.s.t.w.s.TestDispatcherServlet - Completed initialization in 1 ms
2026-06-07 12:22:04.700 [main] INFO  [] c.d.d.c.PedidoControllerTest - Started PedidoControllerTest in 0.514 seconds (process running for 21.739)
2026-06-07 12:22:04.721 [main] DEBUG [] o.s.security.web.FilterChainProxy - Securing POST /api/pedidos
2026-06-07 12:22:04.721 [main] WARN  [] c.d.d.s.JwtAuthenticationFilter - JWT Token não começa com Bearer String
2026-06-07 12:22:04.722 [main] DEBUG [] o.s.security.web.FilterChainProxy - Secured POST /api/pedidos
2026-06-07 12:22:04.722 [main] DEBUG [0197df28e5be493b] o.s.w.s.m.m.a.RequestMappingHandlerMapping - Mapped to com.deliverytech.delivery_api.controller.PedidoController#criarPedido(PedidoReqDTO)
2026-06-07 12:22:04.724 [main] DEBUG [0197df28e5be493b] o.s.w.s.m.m.a.RequestResponseBodyMethodProcessor - Read "application/json;charset=UTF-8" to [com.deliverytech.delivery_api.dto.req.PedidoReqDTO@760d2138]
2026-06-07 12:22:04.735 [main] DEBUG [0197df28e5be493b] o.s.w.s.m.m.a.HttpEntityMethodProcessor - Using 'application/json', given [*/*] and supported [application/json, application/*+json, application/yaml]
2026-06-07 12:22:04.735 [main] DEBUG [0197df28e5be493b] o.s.w.s.m.m.a.HttpEntityMethodProcessor - Writing [com.deliverytech.delivery_api.dto.res.PedidoResDTO@6665ae16]
2026-06-07 12:22:04.738 [main] DEBUG [] o.s.security.web.FilterChainProxy - Securing PATCH /api/pedidos/4/status
2026-06-07 12:22:04.738 [main] WARN  [] c.d.d.s.JwtAuthenticationFilter - JWT Token não começa com Bearer String
2026-06-07 12:22:04.739 [main] DEBUG [] o.s.security.web.FilterChainProxy - Secured PATCH /api/pedidos/4/status
2026-06-07 12:22:04.739 [main] DEBUG [ea0230aaece3405c] o.s.w.s.m.m.a.RequestMappingHandlerMapping - Mapped to com.deliverytech.delivery_api.controller.PedidoController#atualizarStatus(Long, StatusPedidoDTO)
2026-06-07 12:22:04.740 [main] DEBUG [ea0230aaece3405c] o.s.w.s.m.m.a.RequestResponseBodyMethodProcessor - Read "application/json;charset=UTF-8" to [com.deliverytech.delivery_api.dto.StatusPedidoDTO@5ae0d1a3]
2026-06-07 12:22:04.742 [main] DEBUG [ea0230aaece3405c] o.s.w.s.m.m.a.ExceptionHandlerExceptionResolver - Using @ExceptionHandler com.deliverytech.delivery_api.exception.GlobalExceptionHandler#handleBusinessException(BusinessException, HttpServletRequest)
2026-06-07 12:22:04.744 [main] DEBUG [ea0230aaece3405c] o.s.w.s.m.m.a.HttpEntityMethodProcessor - Using 'application/json', given [*/*] and supported [application/json, application/*+json, application/yaml]
2026-06-07 12:22:04.744 [main] DEBUG [ea0230aaece3405c] o.s.w.s.m.m.a.HttpEntityMethodProcessor - Writing [com.deliverytech.delivery_api.dto.ErrorResponse@5ced9418]
2026-06-07 12:22:04.746 [main] DEBUG [ea0230aaece3405c] o.s.w.s.m.m.a.ExceptionHandlerExceptionResolver - Resolved [com.deliverytech.delivery_api.exception.BusinessException: Transição de status inválida: PENDENTE -> ENTREGUE]
2026-06-07 12:22:04.750 [main] DEBUG [] o.s.w.c.s.GenericWebApplicationContext - Closing org.springframework.web.context.support.GenericWebApplicationContext@4ce9aa76, started on Sun Jun 07 12:22:04 BRT 2026
2026-06-07 12:22:04.751 [main] INFO  [] o.s.o.j.LocalContainerEntityManagerFactoryBean - Closing JPA EntityManagerFactory for persistence unit 'default'
2026-06-07 12:22:04.752 [main] INFO  [] com.zaxxer.hikari.HikariDataSource - HikariPool-13 - Shutdown initiated...
2026-06-07 12:22:04.778 [main] INFO  [] com.zaxxer.hikari.HikariDataSource - HikariPool-13 - Shutdown completed.
2026-06-07 12:22:04.780 [main] INFO  [] o.s.b.d.r.RestartApplicationListener - Restart disabled due to context in which it is running
2026-06-07 12:22:04.797 [main] INFO  [] c.d.d.c.PedidoControllerTest - Starting PedidoControllerTest using Java 21.0.11 with PID 24140 (started by Santana in C:\Pasta Códiguinhos\arquitetura de sistemas fat\delivery-api\delivery-api)
2026-06-07 12:22:04.797 [main] INFO  [] c.d.d.c.PedidoControllerTest - The following 1 profile is active: "test"
2026-06-07 12:22:04.798 [main] DEBUG [] o.s.w.c.s.GenericWebApplicationContext - Refreshing org.springframework.web.context.support.GenericWebApplicationContext@69c81ac5
2026-06-07 12:22:04.954 [main] INFO  [] o.s.d.r.c.RepositoryConfigurationDelegate - Bootstrapping Spring Data JPA repositories in DEFAULT mode.
2026-06-07 12:22:04.967 [main] INFO  [] o.s.d.r.c.RepositoryConfigurationDelegate - Finished Spring Data repository scanning in 13 ms. Found 5 JPA repository interfaces.
2026-06-07 12:22:05.012 [main] INFO  [] o.s.o.j.p.SpringPersistenceUnitInfo - No LoadTimeWeaver setup: ignoring JPA class transformer
2026-06-07 12:22:05.012 [main] INFO  [] com.zaxxer.hikari.HikariDataSource - HikariPool-14 - Starting...
2026-06-07 12:22:05.014 [main] INFO  [] com.zaxxer.hikari.pool.HikariPool - HikariPool-14 - Added connection conn123: url=jdbc:h2:mem:deliverydb user=SA
2026-06-07 12:22:05.014 [main] INFO  [] com.zaxxer.hikari.HikariDataSource - HikariPool-14 - Start completed.
2026-06-07 12:22:05.014 [main] WARN  [] org.hibernate.orm.deprecation - HHH90000025: H2Dialect does not need to be specified explicitly using 'hibernate.dialect' (remove the property setting and it will be selected by default)
2026-06-07 12:22:05.046 [main] INFO  [] o.s.o.j.LocalContainerEntityManagerFactoryBean - Initialized JPA EntityManagerFactory for persistence unit 'default'
2026-06-07 12:22:05.066 [main] INFO  [] o.s.s.c.a.a.c.InitializeAuthenticationProviderBeanManagerConfigurer$InitializeAuthenticationProviderManagerConfigurer - Global AuthenticationManager configured with AuthenticationProvider bean with name authenticationProvider
2026-06-07 12:22:05.066 [main] WARN  [] o.s.s.c.a.a.c.InitializeUserDetailsBeanManagerConfigurer$InitializeUserDetailsManagerConfigurer - Global AuthenticationManager configured with an AuthenticationProvider bean. UserDetailsService beans will not be used by Spring Security for automatically configuring username/password login. Consider removing the AuthenticationProvider bean. Alternatively, consider using the UserDetailsService in a manually instantiated DaoAuthenticationProvider. If the current configuration is intentional, to turn off this warning, increase the logging level of 'org.springframework.security.config.annotation.authentication.configuration.InitializeUserDetailsBeanManagerConfigurer' to ERROR
2026-06-07 12:22:05.145 [main] DEBUG [] o.s.w.s.m.m.a.RequestMappingHandlerMapping - 41 mappings in 'requestMappingHandlerMapping'
2026-06-07 12:22:05.164 [main] DEBUG [] o.s.w.s.h.SimpleUrlHandlerMapping - Patterns [/webjars/**, /**, /swagger-ui*/*swagger-initializer.js, /swagger-ui*/**] in 'resourceHandlerMapping'
2026-06-07 12:22:05.193 [main] INFO  [] o.s.b.a.e.web.EndpointLinksResolver - Exposing 13 endpoints beneath base path '/actuator'
2026-06-07 12:22:05.218 [main] DEBUG [] o.s.s.web.DefaultSecurityFilterChain - Will secure any request with filters: DisableEncodeUrlFilter, WebAsyncManagerIntegrationFilter, SecurityContextHolderFilter, HeaderWriterFilter, CorsFilter, LogoutFilter, JwtAuthenticationFilter, RequestCacheAwareFilter, SecurityContextHolderAwareRequestFilter, AnonymousAuthenticationFilter, SessionManagementFilter, ExceptionTranslationFilter, AuthorizationFilter
2026-06-07 12:22:05.238 [main] DEBUG [] o.s.w.s.m.m.a.RequestMappingHandlerAdapter - ControllerAdvice beans: 0 @ModelAttribute, 0 @InitBinder, 1 RequestBodyAdvice, 1 ResponseBodyAdvice
2026-06-07 12:22:05.242 [main] DEBUG [] o.s.w.s.m.m.a.ExceptionHandlerExceptionResolver - ControllerAdvice beans: 2 @ExceptionHandler, 1 ResponseBodyAdvice
2026-06-07 12:22:05.267 [main] INFO  [] o.s.b.a.h.H2ConsoleAutoConfiguration - H2 console available at '/h2-console'. Database available at 'jdbc:h2:mem:deliverydb'
2026-06-07 12:22:05.277 [main] DEBUG [] o.s.w.f.ServerHttpObservationFilter - Filter 'webMvcObservationFilter' configured for use
2026-06-07 12:22:05.277 [main] INFO  [] o.s.b.t.m.w.SpringBootMockServletContext - Initializing Spring TestDispatcherServlet ''
2026-06-07 12:22:05.277 [main] INFO  [] o.s.t.w.s.TestDispatcherServlet - Initializing Servlet ''
2026-06-07 12:22:05.278 [main] INFO  [] o.s.t.w.s.TestDispatcherServlet - Completed initialization in 1 ms
2026-06-07 12:22:05.285 [main] INFO  [] c.d.d.c.PedidoControllerTest - Started PedidoControllerTest in 0.506 seconds (process running for 22.324)
2026-06-07 12:22:05.304 [main] DEBUG [] o.s.security.web.FilterChainProxy - Securing POST /api/pedidos/calcular
2026-06-07 12:22:05.304 [main] WARN  [] c.d.d.s.JwtAuthenticationFilter - JWT Token não começa com Bearer String
2026-06-07 12:22:05.305 [main] DEBUG [] o.s.security.web.FilterChainProxy - Secured POST /api/pedidos/calcular
2026-06-07 12:22:05.305 [main] DEBUG [5f23c410315149ee] o.s.w.s.m.m.a.RequestMappingHandlerMapping - Mapped to com.deliverytech.delivery_api.controller.PedidoController#calcularTotal(List)
2026-06-07 12:22:05.307 [main] DEBUG [5f23c410315149ee] o.s.w.s.m.m.a.RequestResponseBodyMethodProcessor - Read "application/json;charset=UTF-8" to [[com.deliverytech.delivery_api.dto.ItemPedidoDTO@3d6f1090]]
2026-06-07 12:22:05.318 [main] DEBUG [5f23c410315149ee] o.s.w.s.m.m.a.HttpEntityMethodProcessor - Using 'application/json', given [*/*] and supported [application/json, application/*+json, application/yaml]
2026-06-07 12:22:05.319 [main] DEBUG [5f23c410315149ee] o.s.w.s.m.m.a.HttpEntityMethodProcessor - Writing [89.7]
2026-06-07 12:22:05.324 [main] DEBUG [] o.s.w.c.s.GenericWebApplicationContext - Closing org.springframework.web.context.support.GenericWebApplicationContext@69c81ac5, started on Sun Jun 07 12:22:04 BRT 2026
2026-06-07 12:22:05.325 [main] INFO  [] o.s.o.j.LocalContainerEntityManagerFactoryBean - Closing JPA EntityManagerFactory for persistence unit 'default'
2026-06-07 12:22:05.326 [main] INFO  [] com.zaxxer.hikari.HikariDataSource - HikariPool-14 - Shutdown initiated...
2026-06-07 12:22:05.354 [main] INFO  [] com.zaxxer.hikari.HikariDataSource - HikariPool-14 - Shutdown completed.
2026-06-07 12:22:05.355 [main] INFO  [] o.s.b.d.r.RestartApplicationListener - Restart disabled due to context in which it is running
2026-06-07 12:22:05.371 [main] INFO  [] c.d.d.c.PedidoControllerTest - Starting PedidoControllerTest using Java 21.0.11 with PID 24140 (started by Santana in C:\Pasta Códiguinhos\arquitetura de sistemas fat\delivery-api\delivery-api)
2026-06-07 12:22:05.371 [main] INFO  [] c.d.d.c.PedidoControllerTest - The following 1 profile is active: "test"
2026-06-07 12:22:05.372 [main] DEBUG [] o.s.w.c.s.GenericWebApplicationContext - Refreshing org.springframework.web.context.support.GenericWebApplicationContext@581a0743
2026-06-07 12:22:05.527 [main] INFO  [] o.s.d.r.c.RepositoryConfigurationDelegate - Bootstrapping Spring Data JPA repositories in DEFAULT mode.
2026-06-07 12:22:05.541 [main] INFO  [] o.s.d.r.c.RepositoryConfigurationDelegate - Finished Spring Data repository scanning in 13 ms. Found 5 JPA repository interfaces.
2026-06-07 12:22:05.588 [main] INFO  [] o.s.o.j.p.SpringPersistenceUnitInfo - No LoadTimeWeaver setup: ignoring JPA class transformer
2026-06-07 12:22:05.588 [main] INFO  [] com.zaxxer.hikari.HikariDataSource - HikariPool-15 - Starting...
2026-06-07 12:22:05.589 [main] INFO  [] com.zaxxer.hikari.pool.HikariPool - HikariPool-15 - Added connection conn131: url=jdbc:h2:mem:deliverydb user=SA
2026-06-07 12:22:05.590 [main] INFO  [] com.zaxxer.hikari.HikariDataSource - HikariPool-15 - Start completed.
2026-06-07 12:22:05.590 [main] WARN  [] org.hibernate.orm.deprecation - HHH90000025: H2Dialect does not need to be specified explicitly using 'hibernate.dialect' (remove the property setting and it will be selected by default)
2026-06-07 12:22:05.622 [main] INFO  [] o.s.o.j.LocalContainerEntityManagerFactoryBean - Initialized JPA EntityManagerFactory for persistence unit 'default'
2026-06-07 12:22:05.645 [main] INFO  [] o.s.s.c.a.a.c.InitializeAuthenticationProviderBeanManagerConfigurer$InitializeAuthenticationProviderManagerConfigurer - Global AuthenticationManager configured with AuthenticationProvider bean with name authenticationProvider
2026-06-07 12:22:05.645 [main] WARN  [] o.s.s.c.a.a.c.InitializeUserDetailsBeanManagerConfigurer$InitializeUserDetailsManagerConfigurer - Global AuthenticationManager configured with an AuthenticationProvider bean. UserDetailsService beans will not be used by Spring Security for automatically configuring username/password login. Consider removing the AuthenticationProvider bean. Alternatively, consider using the UserDetailsService in a manually instantiated DaoAuthenticationProvider. If the current configuration is intentional, to turn off this warning, increase the logging level of 'org.springframework.security.config.annotation.authentication.configuration.InitializeUserDetailsBeanManagerConfigurer' to ERROR
2026-06-07 12:22:05.717 [main] DEBUG [] o.s.w.s.m.m.a.RequestMappingHandlerMapping - 41 mappings in 'requestMappingHandlerMapping'
2026-06-07 12:22:05.734 [main] DEBUG [] o.s.w.s.h.SimpleUrlHandlerMapping - Patterns [/webjars/**, /**, /swagger-ui*/*swagger-initializer.js, /swagger-ui*/**] in 'resourceHandlerMapping'
2026-06-07 12:22:05.762 [main] INFO  [] o.s.b.a.e.web.EndpointLinksResolver - Exposing 13 endpoints beneath base path '/actuator'
2026-06-07 12:22:05.787 [main] DEBUG [] o.s.s.web.DefaultSecurityFilterChain - Will secure any request with filters: DisableEncodeUrlFilter, WebAsyncManagerIntegrationFilter, SecurityContextHolderFilter, HeaderWriterFilter, CorsFilter, LogoutFilter, JwtAuthenticationFilter, RequestCacheAwareFilter, SecurityContextHolderAwareRequestFilter, AnonymousAuthenticationFilter, SessionManagementFilter, ExceptionTranslationFilter, AuthorizationFilter
2026-06-07 12:22:05.807 [main] DEBUG [] o.s.w.s.m.m.a.RequestMappingHandlerAdapter - ControllerAdvice beans: 0 @ModelAttribute, 0 @InitBinder, 1 RequestBodyAdvice, 1 ResponseBodyAdvice
2026-06-07 12:22:05.811 [main] DEBUG [] o.s.w.s.m.m.a.ExceptionHandlerExceptionResolver - ControllerAdvice beans: 2 @ExceptionHandler, 1 ResponseBodyAdvice
2026-06-07 12:22:05.836 [main] INFO  [] o.s.b.a.h.H2ConsoleAutoConfiguration - H2 console available at '/h2-console'. Database available at 'jdbc:h2:mem:deliverydb'
2026-06-07 12:22:05.846 [main] DEBUG [] o.s.w.f.ServerHttpObservationFilter - Filter 'webMvcObservationFilter' configured for use
2026-06-07 12:22:05.846 [main] INFO  [] o.s.b.t.m.w.SpringBootMockServletContext - Initializing Spring TestDispatcherServlet ''
2026-06-07 12:22:05.846 [main] INFO  [] o.s.t.w.s.TestDispatcherServlet - Initializing Servlet ''
2026-06-07 12:22:05.846 [main] INFO  [] o.s.t.w.s.TestDispatcherServlet - Completed initialization in 0 ms
2026-06-07 12:22:05.854 [main] INFO  [] c.d.d.c.PedidoControllerTest - Started PedidoControllerTest in 0.499 seconds (process running for 22.893)
2026-06-07 12:22:05.872 [main] DEBUG [] o.s.security.web.FilterChainProxy - Securing GET /api/pedidos/999999
2026-06-07 12:22:05.873 [main] WARN  [] c.d.d.s.JwtAuthenticationFilter - JWT Token não começa com Bearer String
2026-06-07 12:22:05.875 [main] DEBUG [] o.s.security.web.FilterChainProxy - Secured GET /api/pedidos/999999
2026-06-07 12:22:05.875 [main] DEBUG [73276e6695124564] o.s.w.s.m.m.a.RequestMappingHandlerMapping - Mapped to com.deliverytech.delivery_api.controller.PedidoController#buscarPorId(Long)
2026-06-07 12:22:05.877 [main] DEBUG [73276e6695124564] o.s.w.s.m.m.a.ExceptionHandlerExceptionResolver - Using @ExceptionHandler com.deliverytech.delivery_api.exception.GlobalExceptionHandler#handleEntityNotFound(EntityNotFoundException, HttpServletRequest)
2026-06-07 12:22:05.879 [main] DEBUG [73276e6695124564] o.s.w.s.m.m.a.HttpEntityMethodProcessor - Using 'application/json', given [*/*] and supported [application/json, application/*+json, application/yaml]
2026-06-07 12:22:05.880 [main] DEBUG [73276e6695124564] o.s.w.s.m.m.a.HttpEntityMethodProcessor - Writing [com.deliverytech.delivery_api.dto.ErrorResponse@70796af]
2026-06-07 12:22:05.880 [main] DEBUG [73276e6695124564] o.s.w.s.m.m.a.ExceptionHandlerExceptionResolver - Resolved [com.deliverytech.delivery_api.exception.EntityNotFoundException: Pedido não encontrado com ID: 999999]
2026-06-07 12:22:05.885 [main] INFO  [] o.s.t.c.s.AnnotationConfigContextLoaderUtils - Could not detect default configuration classes for test class [com.deliverytech.delivery_api.DeliveryApiApplicationTests]: DeliveryApiApplicationTests does not declare any static, non-private, non-final, nested classes annotated with @Configuration.
2026-06-07 12:22:05.891 [main] INFO  [] o.s.b.t.c.SpringBootTestContextBootstrapper - Found @SpringBootConfiguration com.deliverytech.delivery_api.DeliveryApiApplication for test class com.deliverytech.delivery_api.DeliveryApiApplicationTests
2026-06-07 12:22:05.894 [main] INFO  [] o.s.b.d.r.RestartApplicationListener - Restart disabled due to context in which it is running
2026-06-07 12:22:05.902 [main] INFO  [] c.d.d.DeliveryApiApplicationTests - Starting DeliveryApiApplicationTests using Java 21.0.11 with PID 24140 (started by Santana in C:\Pasta Códiguinhos\arquitetura de sistemas fat\delivery-api\delivery-api)
2026-06-07 12:22:05.902 [main] INFO  [] c.d.d.DeliveryApiApplicationTests - No active profile set, falling back to 1 default profile: "default"
2026-06-07 12:22:05.904 [main] DEBUG [] o.s.w.c.s.GenericWebApplicationContext - Refreshing org.springframework.web.context.support.GenericWebApplicationContext@60b62aca
2026-06-07 12:22:06.049 [main] INFO  [] o.s.d.r.c.RepositoryConfigurationDelegate - Bootstrapping Spring Data JPA repositories in DEFAULT mode.
2026-06-07 12:22:06.062 [main] INFO  [] o.s.d.r.c.RepositoryConfigurationDelegate - Finished Spring Data repository scanning in 13 ms. Found 5 JPA repository interfaces.
2026-06-07 12:22:06.111 [main] INFO  [] o.s.o.j.p.SpringPersistenceUnitInfo - No LoadTimeWeaver setup: ignoring JPA class transformer
2026-06-07 12:22:06.112 [main] INFO  [] com.zaxxer.hikari.HikariDataSource - HikariPool-16 - Starting...
2026-06-07 12:22:06.112 [main] INFO  [] com.zaxxer.hikari.pool.HikariPool - HikariPool-16 - Added connection conn141: url=jdbc:h2:mem:deliverydb user=SA
2026-06-07 12:22:06.113 [main] INFO  [] com.zaxxer.hikari.HikariDataSource - HikariPool-16 - Start completed.
2026-06-07 12:22:06.113 [main] WARN  [] org.hibernate.orm.deprecation - HHH90000025: H2Dialect does not need to be specified explicitly using 'hibernate.dialect' (remove the property setting and it will be selected by default)
2026-06-07 12:22:06.146 [main] INFO  [] o.s.o.j.LocalContainerEntityManagerFactoryBean - Initialized JPA EntityManagerFactory for persistence unit 'default'
2026-06-07 12:22:06.166 [main] INFO  [] o.s.s.c.a.a.c.InitializeAuthenticationProviderBeanManagerConfigurer$InitializeAuthenticationProviderManagerConfigurer - Global AuthenticationManager configured with AuthenticationProvider bean with name authenticationProvider
2026-06-07 12:22:06.166 [main] WARN  [] o.s.s.c.a.a.c.InitializeUserDetailsBeanManagerConfigurer$InitializeUserDetailsManagerConfigurer - Global AuthenticationManager configured with an AuthenticationProvider bean. UserDetailsService beans will not be used by Spring Security for automatically configuring username/password login. Consider removing the AuthenticationProvider bean. Alternatively, consider using the UserDetailsService in a manually instantiated DaoAuthenticationProvider. If the current configuration is intentional, to turn off this warning, increase the logging level of 'org.springframework.security.config.annotation.authentication.configuration.InitializeUserDetailsBeanManagerConfigurer' to ERROR
2026-06-07 12:22:06.234 [main] DEBUG [] o.s.w.s.m.m.a.RequestMappingHandlerMapping - 41 mappings in 'requestMappingHandlerMapping'
2026-06-07 12:22:06.252 [main] DEBUG [] o.s.w.s.h.SimpleUrlHandlerMapping - Patterns [/webjars/**, /**, /swagger-ui*/*swagger-initializer.js, /swagger-ui*/**] in 'resourceHandlerMapping'
2026-06-07 12:22:06.280 [main] INFO  [] o.s.b.a.e.web.EndpointLinksResolver - Exposing 13 endpoints beneath base path '/actuator'
2026-06-07 12:22:06.306 [main] DEBUG [] o.s.s.web.DefaultSecurityFilterChain - Will secure any request with filters: DisableEncodeUrlFilter, WebAsyncManagerIntegrationFilter, SecurityContextHolderFilter, HeaderWriterFilter, CorsFilter, LogoutFilter, JwtAuthenticationFilter, RequestCacheAwareFilter, SecurityContextHolderAwareRequestFilter, AnonymousAuthenticationFilter, SessionManagementFilter, ExceptionTranslationFilter, AuthorizationFilter
2026-06-07 12:22:06.326 [main] DEBUG [] o.s.w.s.m.m.a.RequestMappingHandlerAdapter - ControllerAdvice beans: 0 @ModelAttribute, 0 @InitBinder, 1 RequestBodyAdvice, 1 ResponseBodyAdvice
2026-06-07 12:22:06.331 [main] DEBUG [] o.s.w.s.m.m.a.ExceptionHandlerExceptionResolver - ControllerAdvice beans: 2 @ExceptionHandler, 1 ResponseBodyAdvice
2026-06-07 12:22:06.356 [main] INFO  [] o.s.b.a.h.H2ConsoleAutoConfiguration - H2 console available at '/h2-console'. Database available at 'jdbc:h2:mem:deliverydb'
2026-06-07 12:22:06.371 [main] INFO  [] c.d.d.DeliveryApiApplicationTests - Started DeliveryApiApplicationTests in 0.478 seconds (process running for 23.41)
2026-06-07 12:22:06.392 [SpringApplicationShutdownHook] DEBUG [] o.s.w.c.s.GenericWebApplicationContext - Closing org.springframework.web.context.support.GenericWebApplicationContext@581a0743, started on Sun Jun 07 12:22:05 BRT 2026
2026-06-07 12:22:06.393 [SpringApplicationShutdownHook] INFO  [] o.s.o.j.LocalContainerEntityManagerFactoryBean - Closing JPA EntityManagerFactory for persistence unit 'default'
2026-06-07 12:22:06.394 [SpringApplicationShutdownHook] INFO  [] com.zaxxer.hikari.HikariDataSource - HikariPool-15 - Shutdown initiated...
2026-06-07 12:22:06.394 [SpringApplicationShutdownHook] INFO  [] com.zaxxer.hikari.HikariDataSource - HikariPool-15 - Shutdown completed.
2026-06-07 12:22:06.396 [SpringApplicationShutdownHook] DEBUG [] o.s.w.c.s.GenericWebApplicationContext - Closing org.springframework.web.context.support.GenericWebApplicationContext@60b62aca, started on Sun Jun 07 12:22:05 BRT 2026
2026-06-07 12:22:06.397 [SpringApplicationShutdownHook] INFO  [] o.s.o.j.LocalContainerEntityManagerFactoryBean - Closing JPA EntityManagerFactory for persistence unit 'default'
2026-06-07 12:22:06.398 [SpringApplicationShutdownHook] INFO  [] com.zaxxer.hikari.HikariDataSource - HikariPool-16 - Shutdown initiated...
2026-06-07 12:22:06.406 [SpringApplicationShutdownHook] INFO  [] com.zaxxer.hikari.HikariDataSource - HikariPool-16 - Shutdown completed.
2026-06-07 13:17:14.514 [main] INFO  [] c.d.d.c.ClienteControllerTest - Starting ClienteControllerTest using Java 21.0.11 with PID 10668 (started by Santana in C:\Pasta Códiguinhos\arquitetura de sistemas fat\delivery-api\delivery-api)
2026-06-07 13:17:14.516 [main] INFO  [] c.d.d.c.ClienteControllerTest - The following 1 profile is active: "test"
2026-06-07 13:17:14.539 [main] DEBUG [] o.s.w.c.s.GenericWebApplicationContext - Refreshing org.springframework.web.context.support.GenericWebApplicationContext@7510824
2026-06-07 13:17:15.909 [main] INFO  [] o.s.d.r.c.RepositoryConfigurationDelegate - Bootstrapping Spring Data JPA repositories in DEFAULT mode.
2026-06-07 13:17:16.001 [main] INFO  [] o.s.d.r.c.RepositoryConfigurationDelegate - Finished Spring Data repository scanning in 74 ms. Found 5 JPA repository interfaces.
2026-06-07 13:17:16.854 [main] INFO  [] o.s.o.j.p.SpringPersistenceUnitInfo - No LoadTimeWeaver setup: ignoring JPA class transformer
2026-06-07 13:17:16.887 [main] INFO  [] com.zaxxer.hikari.HikariDataSource - HikariPool-1 - Starting...
2026-06-07 13:17:17.161 [main] INFO  [] com.zaxxer.hikari.pool.HikariPool - HikariPool-1 - Added connection conn0: url=jdbc:h2:mem:deliverydb user=SA
2026-06-07 13:17:17.162 [main] INFO  [] com.zaxxer.hikari.HikariDataSource - HikariPool-1 - Start completed.
2026-06-07 13:17:17.191 [main] WARN  [] org.hibernate.orm.deprecation - HHH90000025: H2Dialect does not need to be specified explicitly using 'hibernate.dialect' (remove the property setting and it will be selected by default)
2026-06-07 13:17:18.351 [main] INFO  [] o.s.o.j.LocalContainerEntityManagerFactoryBean - Initialized JPA EntityManagerFactory for persistence unit 'default'
2026-06-07 13:17:18.719 [main] INFO  [] o.s.s.c.a.a.c.InitializeAuthenticationProviderBeanManagerConfigurer$InitializeAuthenticationProviderManagerConfigurer - Global AuthenticationManager configured with AuthenticationProvider bean with name authenticationProvider
2026-06-07 13:17:18.720 [main] WARN  [] o.s.s.c.a.a.c.InitializeUserDetailsBeanManagerConfigurer$InitializeUserDetailsManagerConfigurer - Global AuthenticationManager configured with an AuthenticationProvider bean. UserDetailsService beans will not be used by Spring Security for automatically configuring username/password login. Consider removing the AuthenticationProvider bean. Alternatively, consider using the UserDetailsService in a manually instantiated DaoAuthenticationProvider. If the current configuration is intentional, to turn off this warning, increase the logging level of 'org.springframework.security.config.annotation.authentication.configuration.InitializeUserDetailsBeanManagerConfigurer' to ERROR
2026-06-07 13:17:18.765 [main] INFO  [] o.s.d.j.r.query.QueryEnhancerFactory - Hibernate is in classpath; If applicable, HQL parser will be used.
2026-06-07 13:17:19.948 [main] DEBUG [] o.s.w.s.m.m.a.RequestMappingHandlerMapping - 41 mappings in 'requestMappingHandlerMapping'
2026-06-07 13:17:20.057 [main] DEBUG [] o.s.w.s.h.SimpleUrlHandlerMapping - Patterns [/webjars/**, /**, /swagger-ui*/*swagger-initializer.js, /swagger-ui*/**] in 'resourceHandlerMapping'
2026-06-07 13:17:20.217 [main] INFO  [] o.s.b.a.e.web.EndpointLinksResolver - Exposing 13 endpoints beneath base path '/actuator'
2026-06-07 13:17:20.352 [main] DEBUG [] o.s.s.web.DefaultSecurityFilterChain - Will secure any request with filters: DisableEncodeUrlFilter, WebAsyncManagerIntegrationFilter, SecurityContextHolderFilter, HeaderWriterFilter, CorsFilter, LogoutFilter, JwtAuthenticationFilter, RequestCacheAwareFilter, SecurityContextHolderAwareRequestFilter, AnonymousAuthenticationFilter, SessionManagementFilter, ExceptionTranslationFilter, AuthorizationFilter
2026-06-07 13:17:20.511 [main] DEBUG [] o.s.w.s.m.m.a.RequestMappingHandlerAdapter - ControllerAdvice beans: 0 @ModelAttribute, 0 @InitBinder, 1 RequestBodyAdvice, 1 ResponseBodyAdvice
2026-06-07 13:17:20.577 [main] DEBUG [] o.s.w.s.m.m.a.ExceptionHandlerExceptionResolver - ControllerAdvice beans: 2 @ExceptionHandler, 1 ResponseBodyAdvice
2026-06-07 13:17:20.731 [main] INFO  [] o.s.b.a.h.H2ConsoleAutoConfiguration - H2 console available at '/h2-console'. Database available at 'jdbc:h2:mem:deliverydb'
2026-06-07 13:17:20.804 [main] DEBUG [] o.s.w.f.ServerHttpObservationFilter - Filter 'webMvcObservationFilter' configured for use
2026-06-07 13:17:20.805 [main] INFO  [] o.s.b.t.m.w.SpringBootMockServletContext - Initializing Spring TestDispatcherServlet ''
2026-06-07 13:17:20.805 [main] INFO  [] o.s.t.w.s.TestDispatcherServlet - Initializing Servlet ''
2026-06-07 13:17:20.808 [main] INFO  [] o.s.t.w.s.TestDispatcherServlet - Completed initialization in 2 ms
2026-06-07 13:17:20.859 [main] INFO  [] c.d.d.c.ClienteControllerTest - Started ClienteControllerTest in 7.091 seconds (process running for 10.793)
2026-06-07 13:17:21.169 [main] DEBUG [] o.s.security.web.FilterChainProxy - Securing POST /api/clientes
2026-06-07 13:17:21.180 [main] WARN  [] c.d.d.s.JwtAuthenticationFilter - JWT Token não começa com Bearer String
2026-06-07 13:17:21.183 [main] DEBUG [] o.s.s.w.a.AnonymousAuthenticationFilter - Set SecurityContextHolder to anonymous SecurityContext
2026-06-07 13:17:21.190 [main] DEBUG [] o.s.security.web.FilterChainProxy - Secured POST /api/clientes
2026-06-07 13:17:21.195 [main] DEBUG [cba59e54cf9f4745] o.s.w.s.h.SimpleUrlHandlerMapping - Mapped to ResourceHttpRequestHandler [classpath [META-INF/resources/], classpath [resources/], classpath [static/], classpath [public/], ServletContext [/]]
2026-06-07 13:17:21.197 [main] DEBUG [cba59e54cf9f4745] o.s.w.s.r.ResourceHttpRequestHandler - Resource not found for path [api/clientes]
2026-06-07 13:17:21.201 [main] DEBUG [cba59e54cf9f4745] o.s.w.s.m.m.a.ExceptionHandlerExceptionResolver - Using @ExceptionHandler com.deliverytech.delivery_api.exception.GlobalExceptionHandler#handleGenericException(Exception, HttpServletRequest)
2026-06-07 13:17:21.220 [main] DEBUG [cba59e54cf9f4745] o.s.w.s.m.m.a.HttpEntityMethodProcessor - Using 'application/json', given [*/*] and supported [application/json, application/*+json, application/yaml]
2026-06-07 13:17:21.221 [main] DEBUG [cba59e54cf9f4745] o.s.w.s.m.m.a.HttpEntityMethodProcessor - Writing [com.deliverytech.delivery_api.dto.ErrorResponse@2d1f57be]
2026-06-07 13:17:21.228 [main] DEBUG [cba59e54cf9f4745] o.s.w.s.m.m.a.ExceptionHandlerExceptionResolver - Resolved [org.springframework.web.servlet.resource.NoResourceFoundException: No static resource api/clientes.]
2026-06-07 13:17:21.256 [main] DEBUG [] o.s.security.web.FilterChainProxy - Securing PATCH /api/clientes/5/status
2026-06-07 13:17:21.257 [main] WARN  [] c.d.d.s.JwtAuthenticationFilter - JWT Token não começa com Bearer String
2026-06-07 13:17:21.257 [main] DEBUG [] o.s.s.w.a.AnonymousAuthenticationFilter - Set SecurityContextHolder to anonymous SecurityContext
2026-06-07 13:17:21.258 [main] DEBUG [] o.s.security.web.FilterChainProxy - Secured PATCH /api/clientes/5/status
2026-06-07 13:17:21.258 [main] DEBUG [24b885a5db4c4d92] o.s.w.s.h.SimpleUrlHandlerMapping - Mapped to ResourceHttpRequestHandler [classpath [META-INF/resources/], classpath [resources/], classpath [static/], classpath [public/], ServletContext [/]]
2026-06-07 13:17:21.259 [main] DEBUG [24b885a5db4c4d92] o.s.w.s.r.ResourceHttpRequestHandler - Resource not found for path [api/clientes/5/status]
2026-06-07 13:17:21.260 [main] DEBUG [24b885a5db4c4d92] o.s.w.s.m.m.a.ExceptionHandlerExceptionResolver - Using @ExceptionHandler com.deliverytech.delivery_api.exception.GlobalExceptionHandler#handleGenericException(Exception, HttpServletRequest)
2026-06-07 13:17:21.260 [main] DEBUG [24b885a5db4c4d92] o.s.w.s.m.m.a.HttpEntityMethodProcessor - Using 'application/json', given [*/*] and supported [application/json, application/*+json, application/yaml]
2026-06-07 13:17:21.261 [main] DEBUG [24b885a5db4c4d92] o.s.w.s.m.m.a.HttpEntityMethodProcessor - Writing [com.deliverytech.delivery_api.dto.ErrorResponse@399e4401]
2026-06-07 13:17:21.261 [main] DEBUG [24b885a5db4c4d92] o.s.w.s.m.m.a.ExceptionHandlerExceptionResolver - Resolved [org.springframework.web.servlet.resource.NoResourceFoundException: No static resource api/clientes/5/status.]
2026-06-07 13:17:21.277 [main] DEBUG [] o.s.security.web.FilterChainProxy - Securing GET /api/clientes/email/naoexiste@email.com
2026-06-07 13:17:21.278 [main] WARN  [] c.d.d.s.JwtAuthenticationFilter - JWT Token não começa com Bearer String
2026-06-07 13:17:21.278 [main] DEBUG [] o.s.s.w.a.AnonymousAuthenticationFilter - Set SecurityContextHolder to anonymous SecurityContext
2026-06-07 13:17:21.279 [main] DEBUG [] o.s.security.web.FilterChainProxy - Secured GET /api/clientes/email/naoexiste@email.com
2026-06-07 13:17:21.280 [main] DEBUG [e60596e297754a88] o.s.w.s.h.SimpleUrlHandlerMapping - Mapped to ResourceHttpRequestHandler [classpath [META-INF/resources/], classpath [resources/], classpath [static/], classpath [public/], ServletContext [/]]
2026-06-07 13:17:21.281 [main] DEBUG [e60596e297754a88] o.s.w.s.r.ResourceHttpRequestHandler - Resource not found for path [api/clientes/email/naoexiste@email.com]
2026-06-07 13:17:21.282 [main] DEBUG [e60596e297754a88] o.s.w.s.m.m.a.ExceptionHandlerExceptionResolver - Using @ExceptionHandler com.deliverytech.delivery_api.exception.GlobalExceptionHandler#handleGenericException(Exception, HttpServletRequest)
2026-06-07 13:17:21.282 [main] DEBUG [e60596e297754a88] o.s.w.s.m.m.a.HttpEntityMethodProcessor - Using 'application/json', given [*/*] and supported [application/json, application/*+json, application/yaml]
2026-06-07 13:17:21.282 [main] DEBUG [e60596e297754a88] o.s.w.s.m.m.a.HttpEntityMethodProcessor - Writing [com.deliverytech.delivery_api.dto.ErrorResponse@76d9f5bf]
2026-06-07 13:17:21.289 [main] DEBUG [e60596e297754a88] o.s.w.s.m.m.a.ExceptionHandlerExceptionResolver - Resolved [org.springframework.web.servlet.resource.NoResourceFoundException: No static resource api/clientes/email/naoexiste@email.com.]
2026-06-07 13:17:21.302 [main] DEBUG [] o.s.security.web.FilterChainProxy - Securing GET /api/clientes/7
2026-06-07 13:17:21.302 [main] WARN  [] c.d.d.s.JwtAuthenticationFilter - JWT Token não começa com Bearer String
2026-06-07 13:17:21.302 [main] DEBUG [] o.s.s.w.a.AnonymousAuthenticationFilter - Set SecurityContextHolder to anonymous SecurityContext
2026-06-07 13:17:21.303 [main] DEBUG [] o.s.security.web.FilterChainProxy - Secured GET /api/clientes/7
2026-06-07 13:17:21.304 [main] DEBUG [453a930d01024eef] o.s.w.s.h.SimpleUrlHandlerMapping - Mapped to ResourceHttpRequestHandler [classpath [META-INF/resources/], classpath [resources/], classpath [static/], classpath [public/], ServletContext [/]]
2026-06-07 13:17:21.305 [main] DEBUG [453a930d01024eef] o.s.w.s.r.ResourceHttpRequestHandler - Resource not found for path [api/clientes/7]
2026-06-07 13:17:21.306 [main] DEBUG [453a930d01024eef] o.s.w.s.m.m.a.ExceptionHandlerExceptionResolver - Using @ExceptionHandler com.deliverytech.delivery_api.exception.GlobalExceptionHandler#handleGenericException(Exception, HttpServletRequest)
2026-06-07 13:17:21.307 [main] DEBUG [453a930d01024eef] o.s.w.s.m.m.a.HttpEntityMethodProcessor - Using 'application/json', given [*/*] and supported [application/json, application/*+json, application/yaml]
2026-06-07 13:17:21.308 [main] DEBUG [453a930d01024eef] o.s.w.s.m.m.a.HttpEntityMethodProcessor - Writing [com.deliverytech.delivery_api.dto.ErrorResponse@3dc8697a]
2026-06-07 13:17:21.308 [main] DEBUG [453a930d01024eef] o.s.w.s.m.m.a.ExceptionHandlerExceptionResolver - Resolved [org.springframework.web.servlet.resource.NoResourceFoundException: No static resource api/clientes/7.]
2026-06-07 13:17:21.322 [main] DEBUG [] o.s.security.web.FilterChainProxy - Securing PUT /api/clientes/8
2026-06-07 13:17:21.322 [main] WARN  [] c.d.d.s.JwtAuthenticationFilter - JWT Token não começa com Bearer String
2026-06-07 13:17:21.322 [main] DEBUG [] o.s.s.w.a.AnonymousAuthenticationFilter - Set SecurityContextHolder to anonymous SecurityContext
2026-06-07 13:17:21.324 [main] DEBUG [] o.s.security.web.FilterChainProxy - Secured PUT /api/clientes/8
2026-06-07 13:17:21.324 [main] DEBUG [556372028a2d448f] o.s.w.s.h.SimpleUrlHandlerMapping - Mapped to ResourceHttpRequestHandler [classpath [META-INF/resources/], classpath [resources/], classpath [static/], classpath [public/], ServletContext [/]]
2026-06-07 13:17:21.325 [main] DEBUG [556372028a2d448f] o.s.w.s.r.ResourceHttpRequestHandler - Resource not found for path [api/clientes/8]
2026-06-07 13:17:21.326 [main] DEBUG [556372028a2d448f] o.s.w.s.m.m.a.ExceptionHandlerExceptionResolver - Using @ExceptionHandler com.deliverytech.delivery_api.exception.GlobalExceptionHandler#handleGenericException(Exception, HttpServletRequest)
2026-06-07 13:17:21.326 [main] DEBUG [556372028a2d448f] o.s.w.s.m.m.a.HttpEntityMethodProcessor - Using 'application/json', given [*/*] and supported [application/json, application/*+json, application/yaml]
2026-06-07 13:17:21.326 [main] DEBUG [556372028a2d448f] o.s.w.s.m.m.a.HttpEntityMethodProcessor - Writing [com.deliverytech.delivery_api.dto.ErrorResponse@421036e7]
2026-06-07 13:17:21.326 [main] DEBUG [556372028a2d448f] o.s.w.s.m.m.a.ExceptionHandlerExceptionResolver - Resolved [org.springframework.web.servlet.resource.NoResourceFoundException: No static resource api/clientes/8.]
2026-06-07 13:17:21.341 [main] DEBUG [] o.s.security.web.FilterChainProxy - Securing PUT /api/clientes/999999
2026-06-07 13:17:21.342 [main] WARN  [] c.d.d.s.JwtAuthenticationFilter - JWT Token não começa com Bearer String
2026-06-07 13:17:21.342 [main] DEBUG [] o.s.s.w.a.AnonymousAuthenticationFilter - Set SecurityContextHolder to anonymous SecurityContext
2026-06-07 13:17:21.343 [main] DEBUG [] o.s.security.web.FilterChainProxy - Secured PUT /api/clientes/999999
2026-06-07 13:17:21.343 [main] DEBUG [3bd4c0920fc0474c] o.s.w.s.h.SimpleUrlHandlerMapping - Mapped to ResourceHttpRequestHandler [classpath [META-INF/resources/], classpath [resources/], classpath [static/], classpath [public/], ServletContext [/]]
2026-06-07 13:17:21.344 [main] DEBUG [3bd4c0920fc0474c] o.s.w.s.r.ResourceHttpRequestHandler - Resource not found for path [api/clientes/999999]
2026-06-07 13:17:21.345 [main] DEBUG [3bd4c0920fc0474c] o.s.w.s.m.m.a.ExceptionHandlerExceptionResolver - Using @ExceptionHandler com.deliverytech.delivery_api.exception.GlobalExceptionHandler#handleGenericException(Exception, HttpServletRequest)
2026-06-07 13:17:21.345 [main] DEBUG [3bd4c0920fc0474c] o.s.w.s.m.m.a.HttpEntityMethodProcessor - Using 'application/json', given [*/*] and supported [application/json, application/*+json, application/yaml]
2026-06-07 13:17:21.345 [main] DEBUG [3bd4c0920fc0474c] o.s.w.s.m.m.a.HttpEntityMethodProcessor - Writing [com.deliverytech.delivery_api.dto.ErrorResponse@4232df23]
2026-06-07 13:17:21.346 [main] DEBUG [3bd4c0920fc0474c] o.s.w.s.m.m.a.ExceptionHandlerExceptionResolver - Resolved [org.springframework.web.servlet.resource.NoResourceFoundException: No static resource api/clientes/999999.]
2026-06-07 13:17:21.359 [main] DEBUG [] o.s.security.web.FilterChainProxy - Securing GET /api/clientes/email/joao.teste@email.com
2026-06-07 13:17:21.360 [main] WARN  [] c.d.d.s.JwtAuthenticationFilter - JWT Token não começa com Bearer String
2026-06-07 13:17:21.360 [main] DEBUG [] o.s.s.w.a.AnonymousAuthenticationFilter - Set SecurityContextHolder to anonymous SecurityContext
2026-06-07 13:17:21.361 [main] DEBUG [] o.s.security.web.FilterChainProxy - Secured GET /api/clientes/email/joao.teste@email.com
2026-06-07 13:17:21.362 [main] DEBUG [e411bd5d0dc94675] o.s.w.s.h.SimpleUrlHandlerMapping - Mapped to ResourceHttpRequestHandler [classpath [META-INF/resources/], classpath [resources/], classpath [static/], classpath [public/], ServletContext [/]]
2026-06-07 13:17:21.363 [main] DEBUG [e411bd5d0dc94675] o.s.w.s.r.ResourceHttpRequestHandler - Resource not found for path [api/clientes/email/joao.teste@email.com]
2026-06-07 13:17:21.363 [main] DEBUG [e411bd5d0dc94675] o.s.w.s.m.m.a.ExceptionHandlerExceptionResolver - Using @ExceptionHandler com.deliverytech.delivery_api.exception.GlobalExceptionHandler#handleGenericException(Exception, HttpServletRequest)
2026-06-07 13:17:21.363 [main] DEBUG [e411bd5d0dc94675] o.s.w.s.m.m.a.HttpEntityMethodProcessor - Using 'application/json', given [*/*] and supported [application/json, application/*+json, application/yaml]
2026-06-07 13:17:21.363 [main] DEBUG [e411bd5d0dc94675] o.s.w.s.m.m.a.HttpEntityMethodProcessor - Writing [com.deliverytech.delivery_api.dto.ErrorResponse@225ca8e8]
2026-06-07 13:17:21.364 [main] DEBUG [e411bd5d0dc94675] o.s.w.s.m.m.a.ExceptionHandlerExceptionResolver - Resolved [org.springframework.web.servlet.resource.NoResourceFoundException: No static resource api/clientes/email/joao.teste@email.com.]
2026-06-07 13:17:21.382 [main] DEBUG [] o.s.security.web.FilterChainProxy - Securing GET /api/clientes
2026-06-07 13:17:21.382 [main] WARN  [] c.d.d.s.JwtAuthenticationFilter - JWT Token não começa com Bearer String
2026-06-07 13:17:21.382 [main] DEBUG [] o.s.s.w.a.AnonymousAuthenticationFilter - Set SecurityContextHolder to anonymous SecurityContext
2026-06-07 13:17:21.384 [main] DEBUG [] o.s.security.web.FilterChainProxy - Secured GET /api/clientes
2026-06-07 13:17:21.384 [main] DEBUG [72462a7b82d648cb] o.s.w.s.h.SimpleUrlHandlerMapping - Mapped to ResourceHttpRequestHandler [classpath [META-INF/resources/], classpath [resources/], classpath [static/], classpath [public/], ServletContext [/]]
2026-06-07 13:17:21.385 [main] DEBUG [72462a7b82d648cb] o.s.w.s.r.ResourceHttpRequestHandler - Resource not found for path [api/clientes]
2026-06-07 13:17:21.385 [main] DEBUG [72462a7b82d648cb] o.s.w.s.m.m.a.ExceptionHandlerExceptionResolver - Using @ExceptionHandler com.deliverytech.delivery_api.exception.GlobalExceptionHandler#handleGenericException(Exception, HttpServletRequest)
2026-06-07 13:17:21.386 [main] DEBUG [72462a7b82d648cb] o.s.w.s.m.m.a.HttpEntityMethodProcessor - Using 'application/json', given [*/*] and supported [application/json, application/*+json, application/yaml]
2026-06-07 13:17:21.386 [main] DEBUG [72462a7b82d648cb] o.s.w.s.m.m.a.HttpEntityMethodProcessor - Writing [com.deliverytech.delivery_api.dto.ErrorResponse@144b2681]
2026-06-07 13:17:21.386 [main] DEBUG [72462a7b82d648cb] o.s.w.s.m.m.a.ExceptionHandlerExceptionResolver - Resolved [org.springframework.web.servlet.resource.NoResourceFoundException: No static resource api/clientes.]
2026-06-07 13:17:21.397 [main] DEBUG [] o.s.security.web.FilterChainProxy - Securing GET /api/clientes/999999
2026-06-07 13:17:21.398 [main] WARN  [] c.d.d.s.JwtAuthenticationFilter - JWT Token não começa com Bearer String
2026-06-07 13:17:21.398 [main] DEBUG [] o.s.s.w.a.AnonymousAuthenticationFilter - Set SecurityContextHolder to anonymous SecurityContext
2026-06-07 13:17:21.398 [main] DEBUG [] o.s.security.web.FilterChainProxy - Secured GET /api/clientes/999999
2026-06-07 13:17:21.399 [main] DEBUG [9c0365d360224d9b] o.s.w.s.h.SimpleUrlHandlerMapping - Mapped to ResourceHttpRequestHandler [classpath [META-INF/resources/], classpath [resources/], classpath [static/], classpath [public/], ServletContext [/]]
2026-06-07 13:17:21.400 [main] DEBUG [9c0365d360224d9b] o.s.w.s.r.ResourceHttpRequestHandler - Resource not found for path [api/clientes/999999]
2026-06-07 13:17:21.400 [main] DEBUG [9c0365d360224d9b] o.s.w.s.m.m.a.ExceptionHandlerExceptionResolver - Using @ExceptionHandler com.deliverytech.delivery_api.exception.GlobalExceptionHandler#handleGenericException(Exception, HttpServletRequest)
2026-06-07 13:17:21.400 [main] DEBUG [9c0365d360224d9b] o.s.w.s.m.m.a.HttpEntityMethodProcessor - Using 'application/json', given [*/*] and supported [application/json, application/*+json, application/yaml]
2026-06-07 13:17:21.400 [main] DEBUG [9c0365d360224d9b] o.s.w.s.m.m.a.HttpEntityMethodProcessor - Writing [com.deliverytech.delivery_api.dto.ErrorResponse@1ee0c12f]
2026-06-07 13:17:21.401 [main] DEBUG [9c0365d360224d9b] o.s.w.s.m.m.a.ExceptionHandlerExceptionResolver - Resolved [org.springframework.web.servlet.resource.NoResourceFoundException: No static resource api/clientes/999999.]
2026-06-07 13:17:21.413 [main] DEBUG [] o.s.security.web.FilterChainProxy - Securing POST /api/clientes
2026-06-07 13:17:21.414 [main] WARN  [] c.d.d.s.JwtAuthenticationFilter - JWT Token não começa com Bearer String
2026-06-07 13:17:21.414 [main] DEBUG [] o.s.s.w.a.AnonymousAuthenticationFilter - Set SecurityContextHolder to anonymous SecurityContext
2026-06-07 13:17:21.415 [main] DEBUG [] o.s.security.web.FilterChainProxy - Secured POST /api/clientes
2026-06-07 13:17:21.415 [main] DEBUG [b70e9e89c29242fb] o.s.w.s.h.SimpleUrlHandlerMapping - Mapped to ResourceHttpRequestHandler [classpath [META-INF/resources/], classpath [resources/], classpath [static/], classpath [public/], ServletContext [/]]
2026-06-07 13:17:21.416 [main] DEBUG [b70e9e89c29242fb] o.s.w.s.r.ResourceHttpRequestHandler - Resource not found for path [api/clientes]
2026-06-07 13:17:21.417 [main] DEBUG [b70e9e89c29242fb] o.s.w.s.m.m.a.ExceptionHandlerExceptionResolver - Using @ExceptionHandler com.deliverytech.delivery_api.exception.GlobalExceptionHandler#handleGenericException(Exception, HttpServletRequest)
2026-06-07 13:17:21.417 [main] DEBUG [b70e9e89c29242fb] o.s.w.s.m.m.a.HttpEntityMethodProcessor - Using 'application/json', given [*/*] and supported [application/json, application/*+json, application/yaml]
2026-06-07 13:17:21.417 [main] DEBUG [b70e9e89c29242fb] o.s.w.s.m.m.a.HttpEntityMethodProcessor - Writing [com.deliverytech.delivery_api.dto.ErrorResponse@d413ff3]
2026-06-07 13:17:21.418 [main] DEBUG [b70e9e89c29242fb] o.s.w.s.m.m.a.ExceptionHandlerExceptionResolver - Resolved [org.springframework.web.servlet.resource.NoResourceFoundException: No static resource api/clientes.]
2026-06-07 13:17:21.429 [main] DEBUG [] o.s.security.web.FilterChainProxy - Securing POST /api/clientes
2026-06-07 13:17:21.430 [main] WARN  [] c.d.d.s.JwtAuthenticationFilter - JWT Token não começa com Bearer String
2026-06-07 13:17:21.430 [main] DEBUG [] o.s.s.w.a.AnonymousAuthenticationFilter - Set SecurityContextHolder to anonymous SecurityContext
2026-06-07 13:17:21.431 [main] DEBUG [] o.s.security.web.FilterChainProxy - Secured POST /api/clientes
2026-06-07 13:17:21.432 [main] DEBUG [307b2ecd88b6423f] o.s.w.s.h.SimpleUrlHandlerMapping - Mapped to ResourceHttpRequestHandler [classpath [META-INF/resources/], classpath [resources/], classpath [static/], classpath [public/], ServletContext [/]]
2026-06-07 13:17:21.432 [main] DEBUG [307b2ecd88b6423f] o.s.w.s.r.ResourceHttpRequestHandler - Resource not found for path [api/clientes]
2026-06-07 13:17:21.432 [main] DEBUG [307b2ecd88b6423f] o.s.w.s.m.m.a.ExceptionHandlerExceptionResolver - Using @ExceptionHandler com.deliverytech.delivery_api.exception.GlobalExceptionHandler#handleGenericException(Exception, HttpServletRequest)
2026-06-07 13:17:21.432 [main] DEBUG [307b2ecd88b6423f] o.s.w.s.m.m.a.HttpEntityMethodProcessor - Using 'application/json', given [*/*] and supported [application/json, application/*+json, application/yaml]
2026-06-07 13:17:21.432 [main] DEBUG [307b2ecd88b6423f] o.s.w.s.m.m.a.HttpEntityMethodProcessor - Writing [com.deliverytech.delivery_api.dto.ErrorResponse@396a9ab0]
2026-06-07 13:17:21.434 [main] DEBUG [307b2ecd88b6423f] o.s.w.s.m.m.a.ExceptionHandlerExceptionResolver - Resolved [org.springframework.web.servlet.resource.NoResourceFoundException: No static resource api/clientes.]
2026-06-07 13:17:21.442 [main] INFO  [] o.s.t.c.s.AnnotationConfigContextLoaderUtils - Could not detect default configuration classes for test class [com.deliverytech.delivery_api.controller.PedidoControllerTest]: PedidoControllerTest does not declare any static, non-private, non-final, nested classes annotated with @Configuration.
2026-06-07 13:17:21.445 [main] INFO  [] o.s.b.t.c.SpringBootTestContextBootstrapper - Found @SpringBootConfiguration com.deliverytech.delivery_api.DeliveryApiApplication for test class com.deliverytech.delivery_api.controller.PedidoControllerTest
2026-06-07 13:17:21.450 [main] DEBUG [] o.s.w.c.s.GenericWebApplicationContext - Closing org.springframework.web.context.support.GenericWebApplicationContext@7510824, started on Sun Jun 07 13:17:14 BRT 2026
2026-06-07 13:17:21.456 [main] INFO  [] o.s.o.j.LocalContainerEntityManagerFactoryBean - Closing JPA EntityManagerFactory for persistence unit 'default'
2026-06-07 13:17:21.464 [main] INFO  [] com.zaxxer.hikari.HikariDataSource - HikariPool-1 - Shutdown initiated...
2026-06-07 13:17:21.466 [main] INFO  [] com.zaxxer.hikari.HikariDataSource - HikariPool-1 - Shutdown completed.
2026-06-07 13:17:21.469 [main] INFO  [] o.s.b.d.r.RestartApplicationListener - Restart disabled due to context in which it is running
2026-06-07 13:17:21.505 [main] INFO  [] c.d.d.c.PedidoControllerTest - Starting PedidoControllerTest using Java 21.0.11 with PID 10668 (started by Santana in C:\Pasta Códiguinhos\arquitetura de sistemas fat\delivery-api\delivery-api)
2026-06-07 13:17:21.505 [main] INFO  [] c.d.d.c.PedidoControllerTest - The following 1 profile is active: "test"
2026-06-07 13:17:21.507 [main] DEBUG [] o.s.w.c.s.GenericWebApplicationContext - Refreshing org.springframework.web.context.support.GenericWebApplicationContext@438ff53a
2026-06-07 13:17:21.798 [main] INFO  [] o.s.d.r.c.RepositoryConfigurationDelegate - Bootstrapping Spring Data JPA repositories in DEFAULT mode.
2026-06-07 13:17:21.822 [main] INFO  [] o.s.d.r.c.RepositoryConfigurationDelegate - Finished Spring Data repository scanning in 22 ms. Found 5 JPA repository interfaces.
2026-06-07 13:17:21.907 [main] INFO  [] o.s.o.j.p.SpringPersistenceUnitInfo - No LoadTimeWeaver setup: ignoring JPA class transformer
2026-06-07 13:17:21.908 [main] INFO  [] com.zaxxer.hikari.HikariDataSource - HikariPool-2 - Starting...
2026-06-07 13:17:21.910 [main] INFO  [] com.zaxxer.hikari.pool.HikariPool - HikariPool-2 - Added connection conn10: url=jdbc:h2:mem:deliverydb user=SA
2026-06-07 13:17:21.910 [main] INFO  [] com.zaxxer.hikari.HikariDataSource - HikariPool-2 - Start completed.
2026-06-07 13:17:21.911 [main] WARN  [] org.hibernate.orm.deprecation - HHH90000025: H2Dialect does not need to be specified explicitly using 'hibernate.dialect' (remove the property setting and it will be selected by default)
2026-06-07 13:17:21.981 [main] INFO  [] o.s.o.j.LocalContainerEntityManagerFactoryBean - Initialized JPA EntityManagerFactory for persistence unit 'default'
2026-06-07 13:17:22.010 [main] INFO  [] o.s.s.c.a.a.c.InitializeAuthenticationProviderBeanManagerConfigurer$InitializeAuthenticationProviderManagerConfigurer - Global AuthenticationManager configured with AuthenticationProvider bean with name authenticationProvider
2026-06-07 13:17:22.010 [main] WARN  [] o.s.s.c.a.a.c.InitializeUserDetailsBeanManagerConfigurer$InitializeUserDetailsManagerConfigurer - Global AuthenticationManager configured with an AuthenticationProvider bean. UserDetailsService beans will not be used by Spring Security for automatically configuring username/password login. Consider removing the AuthenticationProvider bean. Alternatively, consider using the UserDetailsService in a manually instantiated DaoAuthenticationProvider. If the current configuration is intentional, to turn off this warning, increase the logging level of 'org.springframework.security.config.annotation.authentication.configuration.InitializeUserDetailsBeanManagerConfigurer' to ERROR
2026-06-07 13:17:22.141 [main] DEBUG [] o.s.w.s.m.m.a.RequestMappingHandlerMapping - 41 mappings in 'requestMappingHandlerMapping'
2026-06-07 13:17:22.179 [main] DEBUG [] o.s.w.s.h.SimpleUrlHandlerMapping - Patterns [/webjars/**, /**, /swagger-ui*/*swagger-initializer.js, /swagger-ui*/**] in 'resourceHandlerMapping'
2026-06-07 13:17:22.233 [main] INFO  [] o.s.b.a.e.web.EndpointLinksResolver - Exposing 13 endpoints beneath base path '/actuator'
2026-06-07 13:17:22.267 [main] DEBUG [] o.s.s.web.DefaultSecurityFilterChain - Will secure any request with filters: DisableEncodeUrlFilter, WebAsyncManagerIntegrationFilter, SecurityContextHolderFilter, HeaderWriterFilter, CorsFilter, LogoutFilter, JwtAuthenticationFilter, RequestCacheAwareFilter, SecurityContextHolderAwareRequestFilter, AnonymousAuthenticationFilter, SessionManagementFilter, ExceptionTranslationFilter, AuthorizationFilter
2026-06-07 13:17:22.297 [main] DEBUG [] o.s.w.s.m.m.a.RequestMappingHandlerAdapter - ControllerAdvice beans: 0 @ModelAttribute, 0 @InitBinder, 1 RequestBodyAdvice, 1 ResponseBodyAdvice
2026-06-07 13:17:22.302 [main] DEBUG [] o.s.w.s.m.m.a.ExceptionHandlerExceptionResolver - ControllerAdvice beans: 2 @ExceptionHandler, 1 ResponseBodyAdvice
2026-06-07 13:17:22.348 [main] INFO  [] o.s.b.a.h.H2ConsoleAutoConfiguration - H2 console available at '/h2-console'. Database available at 'jdbc:h2:mem:deliverydb'
2026-06-07 13:17:22.367 [main] DEBUG [] o.s.w.f.ServerHttpObservationFilter - Filter 'webMvcObservationFilter' configured for use
2026-06-07 13:17:22.367 [main] INFO  [] o.s.b.t.m.w.SpringBootMockServletContext - Initializing Spring TestDispatcherServlet ''
2026-06-07 13:17:22.367 [main] INFO  [] o.s.t.w.s.TestDispatcherServlet - Initializing Servlet ''
2026-06-07 13:17:22.368 [main] INFO  [] o.s.t.w.s.TestDispatcherServlet - Completed initialization in 1 ms
2026-06-07 13:17:22.381 [main] INFO  [] c.d.d.c.PedidoControllerTest - Started PedidoControllerTest in 0.911 seconds (process running for 12.315)
2026-06-07 13:17:22.461 [main] DEBUG [] o.s.security.web.FilterChainProxy - Securing POST /api/pedidos
2026-06-07 13:17:22.462 [main] WARN  [] c.d.d.s.JwtAuthenticationFilter - JWT Token não começa com Bearer String
2026-06-07 13:17:22.464 [main] DEBUG [] o.s.security.web.FilterChainProxy - Secured POST /api/pedidos
2026-06-07 13:17:22.465 [main] DEBUG [b372bb8e82c64a3b] o.s.w.s.m.m.a.RequestMappingHandlerMapping - Mapped to com.deliverytech.delivery_api.controller.PedidoController#criarPedido(PedidoReqDTO)
2026-06-07 13:17:22.505 [main] DEBUG [b372bb8e82c64a3b] o.s.w.s.m.m.a.RequestResponseBodyMethodProcessor - Read "application/json;charset=UTF-8" to [com.deliverytech.delivery_api.dto.req.PedidoReqDTO@1aaac5cc]
2026-06-07 13:17:22.611 [main] DEBUG [b372bb8e82c64a3b] o.s.w.s.m.m.a.HttpEntityMethodProcessor - Using 'application/json', given [*/*] and supported [application/json, application/*+json, application/yaml]
2026-06-07 13:17:22.611 [main] DEBUG [b372bb8e82c64a3b] o.s.w.s.m.m.a.HttpEntityMethodProcessor - Writing [com.deliverytech.delivery_api.dto.res.PedidoResDTO@6b4e383c]
2026-06-07 13:17:22.657 [main] DEBUG [] o.s.w.c.s.GenericWebApplicationContext - Closing org.springframework.web.context.support.GenericWebApplicationContext@438ff53a, started on Sun Jun 07 13:17:21 BRT 2026
2026-06-07 13:17:22.658 [main] INFO  [] o.s.o.j.LocalContainerEntityManagerFactoryBean - Closing JPA EntityManagerFactory for persistence unit 'default'
2026-06-07 13:17:22.661 [main] INFO  [] com.zaxxer.hikari.HikariDataSource - HikariPool-2 - Shutdown initiated...
2026-06-07 13:17:22.662 [main] INFO  [] com.zaxxer.hikari.HikariDataSource - HikariPool-2 - Shutdown completed.
2026-06-07 13:17:22.663 [main] INFO  [] o.s.b.d.r.RestartApplicationListener - Restart disabled due to context in which it is running
2026-06-07 13:17:22.692 [main] INFO  [] c.d.d.c.PedidoControllerTest - Starting PedidoControllerTest using Java 21.0.11 with PID 10668 (started by Santana in C:\Pasta Códiguinhos\arquitetura de sistemas fat\delivery-api\delivery-api)
2026-06-07 13:17:22.692 [main] INFO  [] c.d.d.c.PedidoControllerTest - The following 1 profile is active: "test"
2026-06-07 13:17:22.693 [main] DEBUG [] o.s.w.c.s.GenericWebApplicationContext - Refreshing org.springframework.web.context.support.GenericWebApplicationContext@1d6e4f08
2026-06-07 13:17:22.904 [main] INFO  [] o.s.d.r.c.RepositoryConfigurationDelegate - Bootstrapping Spring Data JPA repositories in DEFAULT mode.
2026-06-07 13:17:22.921 [main] INFO  [] o.s.d.r.c.RepositoryConfigurationDelegate - Finished Spring Data repository scanning in 17 ms. Found 5 JPA repository interfaces.
2026-06-07 13:17:22.980 [main] INFO  [] o.s.o.j.p.SpringPersistenceUnitInfo - No LoadTimeWeaver setup: ignoring JPA class transformer
2026-06-07 13:17:22.981 [main] INFO  [] com.zaxxer.hikari.HikariDataSource - HikariPool-3 - Starting...
2026-06-07 13:17:22.982 [main] INFO  [] com.zaxxer.hikari.pool.HikariPool - HikariPool-3 - Added connection conn20: url=jdbc:h2:mem:deliverydb user=SA
2026-06-07 13:17:22.982 [main] INFO  [] com.zaxxer.hikari.HikariDataSource - HikariPool-3 - Start completed.
2026-06-07 13:17:22.982 [main] WARN  [] org.hibernate.orm.deprecation - HHH90000025: H2Dialect does not need to be specified explicitly using 'hibernate.dialect' (remove the property setting and it will be selected by default)
2026-06-07 13:17:23.039 [main] INFO  [] o.s.o.j.LocalContainerEntityManagerFactoryBean - Initialized JPA EntityManagerFactory for persistence unit 'default'
2026-06-07 13:17:23.066 [main] INFO  [] o.s.s.c.a.a.c.InitializeAuthenticationProviderBeanManagerConfigurer$InitializeAuthenticationProviderManagerConfigurer - Global AuthenticationManager configured with AuthenticationProvider bean with name authenticationProvider
2026-06-07 13:17:23.067 [main] WARN  [] o.s.s.c.a.a.c.InitializeUserDetailsBeanManagerConfigurer$InitializeUserDetailsManagerConfigurer - Global AuthenticationManager configured with an AuthenticationProvider bean. UserDetailsService beans will not be used by Spring Security for automatically configuring username/password login. Consider removing the AuthenticationProvider bean. Alternatively, consider using the UserDetailsService in a manually instantiated DaoAuthenticationProvider. If the current configuration is intentional, to turn off this warning, increase the logging level of 'org.springframework.security.config.annotation.authentication.configuration.InitializeUserDetailsBeanManagerConfigurer' to ERROR
2026-06-07 13:17:23.177 [main] DEBUG [] o.s.w.s.m.m.a.RequestMappingHandlerMapping - 41 mappings in 'requestMappingHandlerMapping'
2026-06-07 13:17:23.198 [main] DEBUG [] o.s.w.s.h.SimpleUrlHandlerMapping - Patterns [/webjars/**, /**, /swagger-ui*/*swagger-initializer.js, /swagger-ui*/**] in 'resourceHandlerMapping'
2026-06-07 13:17:23.235 [main] INFO  [] o.s.b.a.e.web.EndpointLinksResolver - Exposing 13 endpoints beneath base path '/actuator'
2026-06-07 13:17:23.268 [main] DEBUG [] o.s.s.web.DefaultSecurityFilterChain - Will secure any request with filters: DisableEncodeUrlFilter, WebAsyncManagerIntegrationFilter, SecurityContextHolderFilter, HeaderWriterFilter, CorsFilter, LogoutFilter, JwtAuthenticationFilter, RequestCacheAwareFilter, SecurityContextHolderAwareRequestFilter, AnonymousAuthenticationFilter, SessionManagementFilter, ExceptionTranslationFilter, AuthorizationFilter
2026-06-07 13:17:23.294 [main] DEBUG [] o.s.w.s.m.m.a.RequestMappingHandlerAdapter - ControllerAdvice beans: 0 @ModelAttribute, 0 @InitBinder, 1 RequestBodyAdvice, 1 ResponseBodyAdvice
2026-06-07 13:17:23.297 [main] DEBUG [] o.s.w.s.m.m.a.ExceptionHandlerExceptionResolver - ControllerAdvice beans: 2 @ExceptionHandler, 1 ResponseBodyAdvice
2026-06-07 13:17:23.328 [main] INFO  [] o.s.b.a.h.H2ConsoleAutoConfiguration - H2 console available at '/h2-console'. Database available at 'jdbc:h2:mem:deliverydb'
2026-06-07 13:17:23.342 [main] DEBUG [] o.s.w.f.ServerHttpObservationFilter - Filter 'webMvcObservationFilter' configured for use
2026-06-07 13:17:23.342 [main] INFO  [] o.s.b.t.m.w.SpringBootMockServletContext - Initializing Spring TestDispatcherServlet ''
2026-06-07 13:17:23.342 [main] INFO  [] o.s.t.w.s.TestDispatcherServlet - Initializing Servlet ''
2026-06-07 13:17:23.343 [main] INFO  [] o.s.t.w.s.TestDispatcherServlet - Completed initialization in 1 ms
2026-06-07 13:17:23.357 [main] INFO  [] c.d.d.c.PedidoControllerTest - Started PedidoControllerTest in 0.694 seconds (process running for 13.292)
2026-06-07 13:17:23.384 [main] DEBUG [] o.s.security.web.FilterChainProxy - Securing POST /api/pedidos
2026-06-07 13:17:23.385 [main] WARN  [] c.d.d.s.JwtAuthenticationFilter - JWT Token não começa com Bearer String
2026-06-07 13:17:23.386 [main] DEBUG [] o.s.security.web.FilterChainProxy - Secured POST /api/pedidos
2026-06-07 13:17:23.387 [main] DEBUG [de8ab4c8a2bb472c] o.s.w.s.m.m.a.RequestMappingHandlerMapping - Mapped to com.deliverytech.delivery_api.controller.PedidoController#criarPedido(PedidoReqDTO)
2026-06-07 13:17:23.389 [main] DEBUG [de8ab4c8a2bb472c] o.s.w.s.m.m.a.RequestResponseBodyMethodProcessor - Read "application/json;charset=UTF-8" to [com.deliverytech.delivery_api.dto.req.PedidoReqDTO@6a0bd048]
2026-06-07 13:17:23.412 [main] DEBUG [de8ab4c8a2bb472c] o.s.w.s.m.m.a.HttpEntityMethodProcessor - Using 'application/json', given [*/*] and supported [application/json, application/*+json, application/yaml]
2026-06-07 13:17:23.412 [main] DEBUG [de8ab4c8a2bb472c] o.s.w.s.m.m.a.HttpEntityMethodProcessor - Writing [com.deliverytech.delivery_api.dto.res.PedidoResDTO@932d952]
2026-06-07 13:17:23.422 [main] DEBUG [] o.s.security.web.FilterChainProxy - Securing GET /api/pedidos/cliente/4
2026-06-07 13:17:23.422 [main] WARN  [] c.d.d.s.JwtAuthenticationFilter - JWT Token não começa com Bearer String
2026-06-07 13:17:23.424 [main] DEBUG [] o.s.security.web.FilterChainProxy - Secured GET /api/pedidos/cliente/4
2026-06-07 13:17:23.424 [main] DEBUG [1a921498f7d44f29] o.s.w.s.m.m.a.RequestMappingHandlerMapping - Mapped to com.deliverytech.delivery_api.controller.PedidoController#buscarPorCliente(Long)
2026-06-07 13:17:23.462 [main] DEBUG [1a921498f7d44f29] o.s.w.s.m.m.a.HttpEntityMethodProcessor - Using 'application/json', given [*/*] and supported [application/json, application/*+json, application/yaml]
2026-06-07 13:17:23.464 [main] DEBUG [1a921498f7d44f29] o.s.w.s.m.m.a.HttpEntityMethodProcessor - Writing [[com.deliverytech.delivery_api.dto.res.PedidoResDTO@4a13e4b4]]
2026-06-07 13:17:23.476 [main] DEBUG [] o.s.w.c.s.GenericWebApplicationContext - Closing org.springframework.web.context.support.GenericWebApplicationContext@1d6e4f08, started on Sun Jun 07 13:17:22 BRT 2026
2026-06-07 13:17:23.478 [main] INFO  [] o.s.o.j.LocalContainerEntityManagerFactoryBean - Closing JPA EntityManagerFactory for persistence unit 'default'
2026-06-07 13:17:23.481 [main] INFO  [] com.zaxxer.hikari.HikariDataSource - HikariPool-3 - Shutdown initiated...
2026-06-07 13:17:23.482 [main] INFO  [] com.zaxxer.hikari.HikariDataSource - HikariPool-3 - Shutdown completed.
2026-06-07 13:17:23.484 [main] INFO  [] o.s.b.d.r.RestartApplicationListener - Restart disabled due to context in which it is running
2026-06-07 13:17:23.510 [main] INFO  [] c.d.d.c.PedidoControllerTest - Starting PedidoControllerTest using Java 21.0.11 with PID 10668 (started by Santana in C:\Pasta Códiguinhos\arquitetura de sistemas fat\delivery-api\delivery-api)
2026-06-07 13:17:23.510 [main] INFO  [] c.d.d.c.PedidoControllerTest - The following 1 profile is active: "test"
2026-06-07 13:17:23.511 [main] DEBUG [] o.s.w.c.s.GenericWebApplicationContext - Refreshing org.springframework.web.context.support.GenericWebApplicationContext@21803349
2026-06-07 13:17:23.722 [main] INFO  [] o.s.d.r.c.RepositoryConfigurationDelegate - Bootstrapping Spring Data JPA repositories in DEFAULT mode.
2026-06-07 13:17:23.743 [main] INFO  [] o.s.d.r.c.RepositoryConfigurationDelegate - Finished Spring Data repository scanning in 19 ms. Found 5 JPA repository interfaces.
2026-06-07 13:17:23.825 [main] INFO  [] o.s.o.j.p.SpringPersistenceUnitInfo - No LoadTimeWeaver setup: ignoring JPA class transformer
2026-06-07 13:17:23.826 [main] INFO  [] com.zaxxer.hikari.HikariDataSource - HikariPool-4 - Starting...
2026-06-07 13:17:23.829 [main] INFO  [] com.zaxxer.hikari.pool.HikariPool - HikariPool-4 - Added connection conn30: url=jdbc:h2:mem:deliverydb user=SA
2026-06-07 13:17:23.829 [main] INFO  [] com.zaxxer.hikari.HikariDataSource - HikariPool-4 - Start completed.
2026-06-07 13:17:23.830 [main] WARN  [] org.hibernate.orm.deprecation - HHH90000025: H2Dialect does not need to be specified explicitly using 'hibernate.dialect' (remove the property setting and it will be selected by default)
2026-06-07 13:17:23.882 [main] INFO  [] o.s.o.j.LocalContainerEntityManagerFactoryBean - Initialized JPA EntityManagerFactory for persistence unit 'default'
2026-06-07 13:17:23.905 [main] INFO  [] o.s.s.c.a.a.c.InitializeAuthenticationProviderBeanManagerConfigurer$InitializeAuthenticationProviderManagerConfigurer - Global AuthenticationManager configured with AuthenticationProvider bean with name authenticationProvider
2026-06-07 13:17:23.905 [main] WARN  [] o.s.s.c.a.a.c.InitializeUserDetailsBeanManagerConfigurer$InitializeUserDetailsManagerConfigurer - Global AuthenticationManager configured with an AuthenticationProvider bean. UserDetailsService beans will not be used by Spring Security for automatically configuring username/password login. Consider removing the AuthenticationProvider bean. Alternatively, consider using the UserDetailsService in a manually instantiated DaoAuthenticationProvider. If the current configuration is intentional, to turn off this warning, increase the logging level of 'org.springframework.security.config.annotation.authentication.configuration.InitializeUserDetailsBeanManagerConfigurer' to ERROR
2026-06-07 13:17:24.002 [main] DEBUG [] o.s.w.s.m.m.a.RequestMappingHandlerMapping - 41 mappings in 'requestMappingHandlerMapping'
2026-06-07 13:17:24.024 [main] DEBUG [] o.s.w.s.h.SimpleUrlHandlerMapping - Patterns [/webjars/**, /**, /swagger-ui*/*swagger-initializer.js, /swagger-ui*/**] in 'resourceHandlerMapping'
2026-06-07 13:17:24.060 [main] INFO  [] o.s.b.a.e.web.EndpointLinksResolver - Exposing 13 endpoints beneath base path '/actuator'
2026-06-07 13:17:24.089 [main] DEBUG [] o.s.s.web.DefaultSecurityFilterChain - Will secure any request with filters: DisableEncodeUrlFilter, WebAsyncManagerIntegrationFilter, SecurityContextHolderFilter, HeaderWriterFilter, CorsFilter, LogoutFilter, JwtAuthenticationFilter, RequestCacheAwareFilter, SecurityContextHolderAwareRequestFilter, AnonymousAuthenticationFilter, SessionManagementFilter, ExceptionTranslationFilter, AuthorizationFilter
2026-06-07 13:17:24.115 [main] DEBUG [] o.s.w.s.m.m.a.RequestMappingHandlerAdapter - ControllerAdvice beans: 0 @ModelAttribute, 0 @InitBinder, 1 RequestBodyAdvice, 1 ResponseBodyAdvice
2026-06-07 13:17:24.118 [main] DEBUG [] o.s.w.s.m.m.a.ExceptionHandlerExceptionResolver - ControllerAdvice beans: 2 @ExceptionHandler, 1 ResponseBodyAdvice
2026-06-07 13:17:24.150 [main] INFO  [] o.s.b.a.h.H2ConsoleAutoConfiguration - H2 console available at '/h2-console'. Database available at 'jdbc:h2:mem:deliverydb'
2026-06-07 13:17:24.165 [main] DEBUG [] o.s.w.f.ServerHttpObservationFilter - Filter 'webMvcObservationFilter' configured for use
2026-06-07 13:17:24.165 [main] INFO  [] o.s.b.t.m.w.SpringBootMockServletContext - Initializing Spring TestDispatcherServlet ''
2026-06-07 13:17:24.165 [main] INFO  [] o.s.t.w.s.TestDispatcherServlet - Initializing Servlet ''
2026-06-07 13:17:24.166 [main] INFO  [] o.s.t.w.s.TestDispatcherServlet - Completed initialization in 1 ms
2026-06-07 13:17:24.175 [main] INFO  [] c.d.d.c.PedidoControllerTest - Started PedidoControllerTest in 0.692 seconds (process running for 14.109)
2026-06-07 13:17:24.200 [main] DEBUG [] o.s.security.web.FilterChainProxy - Securing POST /api/pedidos
2026-06-07 13:17:24.200 [main] WARN  [] c.d.d.s.JwtAuthenticationFilter - JWT Token não começa com Bearer String
2026-06-07 13:17:24.201 [main] DEBUG [] o.s.security.web.FilterChainProxy - Secured POST /api/pedidos
2026-06-07 13:17:24.202 [main] DEBUG [441e6f056bf04c84] o.s.w.s.m.m.a.RequestMappingHandlerMapping - Mapped to com.deliverytech.delivery_api.controller.PedidoController#criarPedido(PedidoReqDTO)
2026-06-07 13:17:24.204 [main] DEBUG [441e6f056bf04c84] o.s.w.s.m.m.a.RequestResponseBodyMethodProcessor - Read "application/json;charset=UTF-8" to [com.deliverytech.delivery_api.dto.req.PedidoReqDTO@3639f734]
2026-06-07 13:17:24.215 [main] DEBUG [441e6f056bf04c84] o.s.w.s.m.m.a.ExceptionHandlerExceptionResolver - Using @ExceptionHandler com.deliverytech.delivery_api.exception.GlobalExceptionHandler#handleBusinessException(BusinessException, HttpServletRequest)
2026-06-07 13:17:24.218 [main] DEBUG [441e6f056bf04c84] o.s.w.s.m.m.a.HttpEntityMethodProcessor - Using 'application/json', given [*/*] and supported [application/json, application/*+json, application/yaml]
2026-06-07 13:17:24.219 [main] DEBUG [441e6f056bf04c84] o.s.w.s.m.m.a.HttpEntityMethodProcessor - Writing [com.deliverytech.delivery_api.dto.ErrorResponse@53d83dce]
2026-06-07 13:17:24.219 [main] DEBUG [441e6f056bf04c84] o.s.w.s.m.m.a.ExceptionHandlerExceptionResolver - Resolved [com.deliverytech.delivery_api.exception.BusinessException: Cliente inativo não pode fazer pedidos]
2026-06-07 13:17:24.225 [main] DEBUG [] o.s.w.c.s.GenericWebApplicationContext - Closing org.springframework.web.context.support.GenericWebApplicationContext@21803349, started on Sun Jun 07 13:17:23 BRT 2026
2026-06-07 13:17:24.227 [main] INFO  [] o.s.o.j.LocalContainerEntityManagerFactoryBean - Closing JPA EntityManagerFactory for persistence unit 'default'
2026-06-07 13:17:24.229 [main] INFO  [] com.zaxxer.hikari.HikariDataSource - HikariPool-4 - Shutdown initiated...
2026-06-07 13:17:24.236 [main] INFO  [] com.zaxxer.hikari.HikariDataSource - HikariPool-4 - Shutdown completed.
2026-06-07 13:17:24.238 [main] INFO  [] o.s.b.d.r.RestartApplicationListener - Restart disabled due to context in which it is running
2026-06-07 13:17:24.263 [main] INFO  [] c.d.d.c.PedidoControllerTest - Starting PedidoControllerTest using Java 21.0.11 with PID 10668 (started by Santana in C:\Pasta Códiguinhos\arquitetura de sistemas fat\delivery-api\delivery-api)
2026-06-07 13:17:24.263 [main] INFO  [] c.d.d.c.PedidoControllerTest - The following 1 profile is active: "test"
2026-06-07 13:17:24.264 [main] DEBUG [] o.s.w.c.s.GenericWebApplicationContext - Refreshing org.springframework.web.context.support.GenericWebApplicationContext@7f2ca669
2026-06-07 13:17:24.446 [main] INFO  [] o.s.d.r.c.RepositoryConfigurationDelegate - Bootstrapping Spring Data JPA repositories in DEFAULT mode.
2026-06-07 13:17:24.465 [main] INFO  [] o.s.d.r.c.RepositoryConfigurationDelegate - Finished Spring Data repository scanning in 17 ms. Found 5 JPA repository interfaces.
2026-06-07 13:17:24.519 [main] INFO  [] o.s.o.j.p.SpringPersistenceUnitInfo - No LoadTimeWeaver setup: ignoring JPA class transformer
2026-06-07 13:17:24.520 [main] INFO  [] com.zaxxer.hikari.HikariDataSource - HikariPool-5 - Starting...
2026-06-07 13:17:24.521 [main] INFO  [] com.zaxxer.hikari.pool.HikariPool - HikariPool-5 - Added connection conn40: url=jdbc:h2:mem:deliverydb user=SA
2026-06-07 13:17:24.521 [main] INFO  [] com.zaxxer.hikari.HikariDataSource - HikariPool-5 - Start completed.
2026-06-07 13:17:24.522 [main] WARN  [] org.hibernate.orm.deprecation - HHH90000025: H2Dialect does not need to be specified explicitly using 'hibernate.dialect' (remove the property setting and it will be selected by default)
2026-06-07 13:17:24.572 [main] INFO  [] o.s.o.j.LocalContainerEntityManagerFactoryBean - Initialized JPA EntityManagerFactory for persistence unit 'default'
2026-06-07 13:17:24.600 [main] INFO  [] o.s.s.c.a.a.c.InitializeAuthenticationProviderBeanManagerConfigurer$InitializeAuthenticationProviderManagerConfigurer - Global AuthenticationManager configured with AuthenticationProvider bean with name authenticationProvider
2026-06-07 13:17:24.600 [main] WARN  [] o.s.s.c.a.a.c.InitializeUserDetailsBeanManagerConfigurer$InitializeUserDetailsManagerConfigurer - Global AuthenticationManager configured with an AuthenticationProvider bean. UserDetailsService beans will not be used by Spring Security for automatically configuring username/password login. Consider removing the AuthenticationProvider bean. Alternatively, consider using the UserDetailsService in a manually instantiated DaoAuthenticationProvider. If the current configuration is intentional, to turn off this warning, increase the logging level of 'org.springframework.security.config.annotation.authentication.configuration.InitializeUserDetailsBeanManagerConfigurer' to ERROR
2026-06-07 13:17:24.709 [main] DEBUG [] o.s.w.s.m.m.a.RequestMappingHandlerMapping - 41 mappings in 'requestMappingHandlerMapping'
2026-06-07 13:17:24.741 [main] DEBUG [] o.s.w.s.h.SimpleUrlHandlerMapping - Patterns [/webjars/**, /**, /swagger-ui*/*swagger-initializer.js, /swagger-ui*/**] in 'resourceHandlerMapping'
2026-06-07 13:17:24.778 [main] INFO  [] o.s.b.a.e.web.EndpointLinksResolver - Exposing 13 endpoints beneath base path '/actuator'
2026-06-07 13:17:24.805 [main] DEBUG [] o.s.s.web.DefaultSecurityFilterChain - Will secure any request with filters: DisableEncodeUrlFilter, WebAsyncManagerIntegrationFilter, SecurityContextHolderFilter, HeaderWriterFilter, CorsFilter, LogoutFilter, JwtAuthenticationFilter, RequestCacheAwareFilter, SecurityContextHolderAwareRequestFilter, AnonymousAuthenticationFilter, SessionManagementFilter, ExceptionTranslationFilter, AuthorizationFilter
2026-06-07 13:17:24.831 [main] DEBUG [] o.s.w.s.m.m.a.RequestMappingHandlerAdapter - ControllerAdvice beans: 0 @ModelAttribute, 0 @InitBinder, 1 RequestBodyAdvice, 1 ResponseBodyAdvice
2026-06-07 13:17:24.836 [main] DEBUG [] o.s.w.s.m.m.a.ExceptionHandlerExceptionResolver - ControllerAdvice beans: 2 @ExceptionHandler, 1 ResponseBodyAdvice
2026-06-07 13:17:24.865 [main] INFO  [] o.s.b.a.h.H2ConsoleAutoConfiguration - H2 console available at '/h2-console'. Database available at 'jdbc:h2:mem:deliverydb'
2026-06-07 13:17:24.879 [main] DEBUG [] o.s.w.f.ServerHttpObservationFilter - Filter 'webMvcObservationFilter' configured for use
2026-06-07 13:17:24.879 [main] INFO  [] o.s.b.t.m.w.SpringBootMockServletContext - Initializing Spring TestDispatcherServlet ''
2026-06-07 13:17:24.879 [main] INFO  [] o.s.t.w.s.TestDispatcherServlet - Initializing Servlet ''
2026-06-07 13:17:24.880 [main] INFO  [] o.s.t.w.s.TestDispatcherServlet - Completed initialization in 1 ms
2026-06-07 13:17:24.888 [main] INFO  [] c.d.d.c.PedidoControllerTest - Started PedidoControllerTest in 0.651 seconds (process running for 14.822)
2026-06-07 13:17:24.913 [main] DEBUG [] o.s.security.web.FilterChainProxy - Securing POST /api/pedidos
2026-06-07 13:17:24.913 [main] WARN  [] c.d.d.s.JwtAuthenticationFilter - JWT Token não começa com Bearer String
2026-06-07 13:17:24.914 [main] DEBUG [] o.s.security.web.FilterChainProxy - Secured POST /api/pedidos
2026-06-07 13:17:24.914 [main] DEBUG [2201c1b74c2c47ff] o.s.w.s.m.m.a.RequestMappingHandlerMapping - Mapped to com.deliverytech.delivery_api.controller.PedidoController#criarPedido(PedidoReqDTO)
2026-06-07 13:17:24.916 [main] DEBUG [2201c1b74c2c47ff] o.s.w.s.m.m.a.RequestResponseBodyMethodProcessor - Read "application/json;charset=UTF-8" to [com.deliverytech.delivery_api.dto.req.PedidoReqDTO@1b28d839]
2026-06-07 13:17:24.931 [main] DEBUG [2201c1b74c2c47ff] o.s.w.s.m.m.a.HttpEntityMethodProcessor - Using 'application/json', given [*/*] and supported [application/json, application/*+json, application/yaml]
2026-06-07 13:17:24.931 [main] DEBUG [2201c1b74c2c47ff] o.s.w.s.m.m.a.HttpEntityMethodProcessor - Writing [com.deliverytech.delivery_api.dto.res.PedidoResDTO@65254dde]
2026-06-07 13:17:24.934 [main] DEBUG [] o.s.security.web.FilterChainProxy - Securing DELETE /api/pedidos/4
2026-06-07 13:17:24.935 [main] WARN  [] c.d.d.s.JwtAuthenticationFilter - JWT Token não começa com Bearer String
2026-06-07 13:17:24.935 [main] DEBUG [] o.s.security.web.FilterChainProxy - Secured DELETE /api/pedidos/4
2026-06-07 13:17:24.936 [main] DEBUG [ae47ecefc46b4e20] o.s.w.s.m.m.a.RequestMappingHandlerMapping - Mapped to com.deliverytech.delivery_api.controller.PedidoController#cancelarPedido(Long)
2026-06-07 13:17:24.942 [main] DEBUG [ae47ecefc46b4e20] o.s.w.s.m.m.a.HttpEntityMethodProcessor - Using 'application/json', given [*/*] and supported [application/json, application/*+json, application/yaml]
2026-06-07 13:17:24.942 [main] DEBUG [ae47ecefc46b4e20] o.s.w.s.m.m.a.HttpEntityMethodProcessor - Nothing to write: null body
2026-06-07 13:17:24.944 [main] DEBUG [] o.s.security.web.FilterChainProxy - Securing GET /api/pedidos/4
2026-06-07 13:17:24.944 [main] WARN  [] c.d.d.s.JwtAuthenticationFilter - JWT Token não começa com Bearer String
2026-06-07 13:17:24.945 [main] DEBUG [] o.s.security.web.FilterChainProxy - Secured GET /api/pedidos/4
2026-06-07 13:17:24.945 [main] DEBUG [1dc841fdca454f55] o.s.w.s.m.m.a.RequestMappingHandlerMapping - Mapped to com.deliverytech.delivery_api.controller.PedidoController#buscarPorId(Long)
2026-06-07 13:17:24.947 [main] DEBUG [1dc841fdca454f55] o.s.w.s.m.m.a.HttpEntityMethodProcessor - Using 'application/json', given [*/*] and supported [application/json, application/*+json, application/yaml]
2026-06-07 13:17:24.947 [main] DEBUG [1dc841fdca454f55] o.s.w.s.m.m.a.HttpEntityMethodProcessor - Writing [com.deliverytech.delivery_api.dto.res.PedidoResDTO@2f7db7a2]
2026-06-07 13:17:24.952 [main] DEBUG [] o.s.w.c.s.GenericWebApplicationContext - Closing org.springframework.web.context.support.GenericWebApplicationContext@7f2ca669, started on Sun Jun 07 13:17:24 BRT 2026
2026-06-07 13:17:24.954 [main] INFO  [] o.s.o.j.LocalContainerEntityManagerFactoryBean - Closing JPA EntityManagerFactory for persistence unit 'default'
2026-06-07 13:17:24.956 [main] INFO  [] com.zaxxer.hikari.HikariDataSource - HikariPool-5 - Shutdown initiated...
2026-06-07 13:17:24.956 [main] INFO  [] com.zaxxer.hikari.HikariDataSource - HikariPool-5 - Shutdown completed.
2026-06-07 13:17:24.958 [main] INFO  [] o.s.b.d.r.RestartApplicationListener - Restart disabled due to context in which it is running
2026-06-07 13:17:24.980 [main] INFO  [] c.d.d.c.PedidoControllerTest - Starting PedidoControllerTest using Java 21.0.11 with PID 10668 (started by Santana in C:\Pasta Códiguinhos\arquitetura de sistemas fat\delivery-api\delivery-api)
2026-06-07 13:17:24.980 [main] INFO  [] c.d.d.c.PedidoControllerTest - The following 1 profile is active: "test"
2026-06-07 13:17:24.981 [main] DEBUG [] o.s.w.c.s.GenericWebApplicationContext - Refreshing org.springframework.web.context.support.GenericWebApplicationContext@138fc75f
2026-06-07 13:17:25.164 [main] INFO  [] o.s.d.r.c.RepositoryConfigurationDelegate - Bootstrapping Spring Data JPA repositories in DEFAULT mode.
2026-06-07 13:17:25.197 [main] INFO  [] o.s.d.r.c.RepositoryConfigurationDelegate - Finished Spring Data repository scanning in 32 ms. Found 5 JPA repository interfaces.
2026-06-07 13:17:25.247 [main] INFO  [] o.s.o.j.p.SpringPersistenceUnitInfo - No LoadTimeWeaver setup: ignoring JPA class transformer
2026-06-07 13:17:25.248 [main] INFO  [] com.zaxxer.hikari.HikariDataSource - HikariPool-6 - Starting...
2026-06-07 13:17:25.250 [main] INFO  [] com.zaxxer.hikari.pool.HikariPool - HikariPool-6 - Added connection conn50: url=jdbc:h2:mem:deliverydb user=SA
2026-06-07 13:17:25.250 [main] INFO  [] com.zaxxer.hikari.HikariDataSource - HikariPool-6 - Start completed.
2026-06-07 13:17:25.250 [main] WARN  [] org.hibernate.orm.deprecation - HHH90000025: H2Dialect does not need to be specified explicitly using 'hibernate.dialect' (remove the property setting and it will be selected by default)
2026-06-07 13:17:25.298 [main] INFO  [] o.s.o.j.LocalContainerEntityManagerFactoryBean - Initialized JPA EntityManagerFactory for persistence unit 'default'
2026-06-07 13:17:25.320 [main] INFO  [] o.s.s.c.a.a.c.InitializeAuthenticationProviderBeanManagerConfigurer$InitializeAuthenticationProviderManagerConfigurer - Global AuthenticationManager configured with AuthenticationProvider bean with name authenticationProvider
2026-06-07 13:17:25.320 [main] WARN  [] o.s.s.c.a.a.c.InitializeUserDetailsBeanManagerConfigurer$InitializeUserDetailsManagerConfigurer - Global AuthenticationManager configured with an AuthenticationProvider bean. UserDetailsService beans will not be used by Spring Security for automatically configuring username/password login. Consider removing the AuthenticationProvider bean. Alternatively, consider using the UserDetailsService in a manually instantiated DaoAuthenticationProvider. If the current configuration is intentional, to turn off this warning, increase the logging level of 'org.springframework.security.config.annotation.authentication.configuration.InitializeUserDetailsBeanManagerConfigurer' to ERROR
2026-06-07 13:17:25.419 [main] DEBUG [] o.s.w.s.m.m.a.RequestMappingHandlerMapping - 41 mappings in 'requestMappingHandlerMapping'
2026-06-07 13:17:25.439 [main] DEBUG [] o.s.w.s.h.SimpleUrlHandlerMapping - Patterns [/webjars/**, /**, /swagger-ui*/*swagger-initializer.js, /swagger-ui*/**] in 'resourceHandlerMapping'
2026-06-07 13:17:25.475 [main] INFO  [] o.s.b.a.e.web.EndpointLinksResolver - Exposing 13 endpoints beneath base path '/actuator'
2026-06-07 13:17:25.502 [main] DEBUG [] o.s.s.web.DefaultSecurityFilterChain - Will secure any request with filters: DisableEncodeUrlFilter, WebAsyncManagerIntegrationFilter, SecurityContextHolderFilter, HeaderWriterFilter, CorsFilter, LogoutFilter, JwtAuthenticationFilter, RequestCacheAwareFilter, SecurityContextHolderAwareRequestFilter, AnonymousAuthenticationFilter, SessionManagementFilter, ExceptionTranslationFilter, AuthorizationFilter
2026-06-07 13:17:25.525 [main] DEBUG [] o.s.w.s.m.m.a.RequestMappingHandlerAdapter - ControllerAdvice beans: 0 @ModelAttribute, 0 @InitBinder, 1 RequestBodyAdvice, 1 ResponseBodyAdvice
2026-06-07 13:17:25.529 [main] DEBUG [] o.s.w.s.m.m.a.ExceptionHandlerExceptionResolver - ControllerAdvice beans: 2 @ExceptionHandler, 1 ResponseBodyAdvice
2026-06-07 13:17:25.566 [main] INFO  [] o.s.b.a.h.H2ConsoleAutoConfiguration - H2 console available at '/h2-console'. Database available at 'jdbc:h2:mem:deliverydb'
2026-06-07 13:17:25.580 [main] DEBUG [] o.s.w.f.ServerHttpObservationFilter - Filter 'webMvcObservationFilter' configured for use
2026-06-07 13:17:25.580 [main] INFO  [] o.s.b.t.m.w.SpringBootMockServletContext - Initializing Spring TestDispatcherServlet ''
2026-06-07 13:17:25.580 [main] INFO  [] o.s.t.w.s.TestDispatcherServlet - Initializing Servlet ''
2026-06-07 13:17:25.581 [main] INFO  [] o.s.t.w.s.TestDispatcherServlet - Completed initialization in 0 ms
2026-06-07 13:17:25.590 [main] INFO  [] c.d.d.c.PedidoControllerTest - Started PedidoControllerTest in 0.632 seconds (process running for 15.524)
2026-06-07 13:17:25.613 [main] DEBUG [] o.s.security.web.FilterChainProxy - Securing POST /api/pedidos
2026-06-07 13:17:25.614 [main] WARN  [] c.d.d.s.JwtAuthenticationFilter - JWT Token não começa com Bearer String
2026-06-07 13:17:25.615 [main] DEBUG [] o.s.security.web.FilterChainProxy - Secured POST /api/pedidos
2026-06-07 13:17:25.615 [main] DEBUG [7193f8c2a25e41f5] o.s.w.s.m.m.a.RequestMappingHandlerMapping - Mapped to com.deliverytech.delivery_api.controller.PedidoController#criarPedido(PedidoReqDTO)
2026-06-07 13:17:25.617 [main] DEBUG [7193f8c2a25e41f5] o.s.w.s.m.m.a.RequestResponseBodyMethodProcessor - Read "application/json;charset=UTF-8" to [com.deliverytech.delivery_api.dto.req.PedidoReqDTO@215b14b5]
2026-06-07 13:17:25.629 [main] DEBUG [7193f8c2a25e41f5] o.s.w.s.m.m.a.ExceptionHandlerExceptionResolver - Using @ExceptionHandler com.deliverytech.delivery_api.exception.GlobalExceptionHandler#handleValidationException(MethodArgumentNotValidException, HttpServletRequest)
2026-06-07 13:17:25.632 [main] DEBUG [7193f8c2a25e41f5] o.s.w.s.m.m.a.HttpEntityMethodProcessor - Using 'application/json', given [*/*] and supported [application/json, application/*+json, application/yaml]
2026-06-07 13:17:25.632 [main] DEBUG [7193f8c2a25e41f5] o.s.w.s.m.m.a.HttpEntityMethodProcessor - Writing [com.deliverytech.delivery_api.dto.ErrorResponse@2053af3d]
2026-06-07 13:17:25.636 [main] DEBUG [7193f8c2a25e41f5] o.s.w.s.m.m.a.ExceptionHandlerExceptionResolver - Resolved [org.springframework.web.bind.MethodArgumentNotValidException: Validation failed for argument [0] in public org.springframework.http.ResponseEntity<com.deliverytech.delivery_api.dto.res.PedidoResDTO> com.deliverytech.delivery_api.controller.PedidoController.criarPedido(com.deliverytech.delivery_api.dto.req.PedidoReqDTO): [Field error in object 'pedidoReqDTO' on field 'itens': rejected value [[]]; codes [NotEmpty.pedidoReqDTO.itens,NotEmpty.itens,NotEmpty.java.util.List,NotEmpty]; arguments [org.springframework.context.support.DefaultMessageSourceResolvable: codes [pedidoReqDTO.itens,itens]; arguments []; default message [itens]]; default message [Pedido deve ter pelo menos um item]] ]
2026-06-07 13:17:25.641 [main] DEBUG [] o.s.w.c.s.GenericWebApplicationContext - Closing org.springframework.web.context.support.GenericWebApplicationContext@138fc75f, started on Sun Jun 07 13:17:24 BRT 2026
2026-06-07 13:17:25.642 [main] INFO  [] o.s.o.j.LocalContainerEntityManagerFactoryBean - Closing JPA EntityManagerFactory for persistence unit 'default'
2026-06-07 13:17:25.645 [main] INFO  [] com.zaxxer.hikari.HikariDataSource - HikariPool-6 - Shutdown initiated...
2026-06-07 13:17:25.645 [main] INFO  [] com.zaxxer.hikari.HikariDataSource - HikariPool-6 - Shutdown completed.
2026-06-07 13:17:25.647 [main] INFO  [] o.s.b.d.r.RestartApplicationListener - Restart disabled due to context in which it is running
2026-06-07 13:17:25.669 [main] INFO  [] c.d.d.c.PedidoControllerTest - Starting PedidoControllerTest using Java 21.0.11 with PID 10668 (started by Santana in C:\Pasta Códiguinhos\arquitetura de sistemas fat\delivery-api\delivery-api)
2026-06-07 13:17:25.670 [main] INFO  [] c.d.d.c.PedidoControllerTest - The following 1 profile is active: "test"
2026-06-07 13:17:25.670 [main] DEBUG [] o.s.w.c.s.GenericWebApplicationContext - Refreshing org.springframework.web.context.support.GenericWebApplicationContext@36da1c5
2026-06-07 13:17:25.861 [main] INFO  [] o.s.d.r.c.RepositoryConfigurationDelegate - Bootstrapping Spring Data JPA repositories in DEFAULT mode.
2026-06-07 13:17:25.878 [main] INFO  [] o.s.d.r.c.RepositoryConfigurationDelegate - Finished Spring Data repository scanning in 16 ms. Found 5 JPA repository interfaces.
2026-06-07 13:17:25.928 [main] INFO  [] o.s.o.j.p.SpringPersistenceUnitInfo - No LoadTimeWeaver setup: ignoring JPA class transformer
2026-06-07 13:17:25.929 [main] INFO  [] com.zaxxer.hikari.HikariDataSource - HikariPool-7 - Starting...
2026-06-07 13:17:25.930 [main] INFO  [] com.zaxxer.hikari.pool.HikariPool - HikariPool-7 - Added connection conn60: url=jdbc:h2:mem:deliverydb user=SA
2026-06-07 13:17:25.930 [main] INFO  [] com.zaxxer.hikari.HikariDataSource - HikariPool-7 - Start completed.
2026-06-07 13:17:25.930 [main] WARN  [] org.hibernate.orm.deprecation - HHH90000025: H2Dialect does not need to be specified explicitly using 'hibernate.dialect' (remove the property setting and it will be selected by default)
2026-06-07 13:17:25.972 [main] INFO  [] o.s.o.j.LocalContainerEntityManagerFactoryBean - Initialized JPA EntityManagerFactory for persistence unit 'default'
2026-06-07 13:17:26.001 [main] INFO  [] o.s.s.c.a.a.c.InitializeAuthenticationProviderBeanManagerConfigurer$InitializeAuthenticationProviderManagerConfigurer - Global AuthenticationManager configured with AuthenticationProvider bean with name authenticationProvider
2026-06-07 13:17:26.001 [main] WARN  [] o.s.s.c.a.a.c.InitializeUserDetailsBeanManagerConfigurer$InitializeUserDetailsManagerConfigurer - Global AuthenticationManager configured with an AuthenticationProvider bean. UserDetailsService beans will not be used by Spring Security for automatically configuring username/password login. Consider removing the AuthenticationProvider bean. Alternatively, consider using the UserDetailsService in a manually instantiated DaoAuthenticationProvider. If the current configuration is intentional, to turn off this warning, increase the logging level of 'org.springframework.security.config.annotation.authentication.configuration.InitializeUserDetailsBeanManagerConfigurer' to ERROR
2026-06-07 13:17:26.100 [main] DEBUG [] o.s.w.s.m.m.a.RequestMappingHandlerMapping - 41 mappings in 'requestMappingHandlerMapping'
2026-06-07 13:17:26.123 [main] DEBUG [] o.s.w.s.h.SimpleUrlHandlerMapping - Patterns [/webjars/**, /**, /swagger-ui*/*swagger-initializer.js, /swagger-ui*/**] in 'resourceHandlerMapping'
2026-06-07 13:17:26.159 [main] INFO  [] o.s.b.a.e.web.EndpointLinksResolver - Exposing 13 endpoints beneath base path '/actuator'
2026-06-07 13:17:26.186 [main] DEBUG [] o.s.s.web.DefaultSecurityFilterChain - Will secure any request with filters: DisableEncodeUrlFilter, WebAsyncManagerIntegrationFilter, SecurityContextHolderFilter, HeaderWriterFilter, CorsFilter, LogoutFilter, JwtAuthenticationFilter, RequestCacheAwareFilter, SecurityContextHolderAwareRequestFilter, AnonymousAuthenticationFilter, SessionManagementFilter, ExceptionTranslationFilter, AuthorizationFilter
2026-06-07 13:17:26.211 [main] DEBUG [] o.s.w.s.m.m.a.RequestMappingHandlerAdapter - ControllerAdvice beans: 0 @ModelAttribute, 0 @InitBinder, 1 RequestBodyAdvice, 1 ResponseBodyAdvice
2026-06-07 13:17:26.215 [main] DEBUG [] o.s.w.s.m.m.a.ExceptionHandlerExceptionResolver - ControllerAdvice beans: 2 @ExceptionHandler, 1 ResponseBodyAdvice
2026-06-07 13:17:26.248 [main] INFO  [] o.s.b.a.h.H2ConsoleAutoConfiguration - H2 console available at '/h2-console'. Database available at 'jdbc:h2:mem:deliverydb'
2026-06-07 13:17:26.263 [main] DEBUG [] o.s.w.f.ServerHttpObservationFilter - Filter 'webMvcObservationFilter' configured for use
2026-06-07 13:17:26.264 [main] INFO  [] o.s.b.t.m.w.SpringBootMockServletContext - Initializing Spring TestDispatcherServlet ''
2026-06-07 13:17:26.264 [main] INFO  [] o.s.t.w.s.TestDispatcherServlet - Initializing Servlet ''
2026-06-07 13:17:26.264 [main] INFO  [] o.s.t.w.s.TestDispatcherServlet - Completed initialization in 0 ms
2026-06-07 13:17:26.275 [main] INFO  [] c.d.d.c.PedidoControllerTest - Started PedidoControllerTest in 0.628 seconds (process running for 16.209)
2026-06-07 13:17:26.299 [main] DEBUG [] o.s.security.web.FilterChainProxy - Securing POST /api/pedidos
2026-06-07 13:17:26.300 [main] WARN  [] c.d.d.s.JwtAuthenticationFilter - JWT Token não começa com Bearer String
2026-06-07 13:17:26.301 [main] DEBUG [] o.s.security.web.FilterChainProxy - Secured POST /api/pedidos
2026-06-07 13:17:26.301 [main] DEBUG [d9cf07fc39c2420e] o.s.w.s.m.m.a.RequestMappingHandlerMapping - Mapped to com.deliverytech.delivery_api.controller.PedidoController#criarPedido(PedidoReqDTO)
2026-06-07 13:17:26.303 [main] DEBUG [d9cf07fc39c2420e] o.s.w.s.m.m.a.RequestResponseBodyMethodProcessor - Read "application/json;charset=UTF-8" to [com.deliverytech.delivery_api.dto.req.PedidoReqDTO@764bff92]
2026-06-07 13:17:26.313 [main] DEBUG [d9cf07fc39c2420e] o.s.w.s.m.m.a.ExceptionHandlerExceptionResolver - Using @ExceptionHandler com.deliverytech.delivery_api.exception.GlobalExceptionHandler#handleEntityNotFound(EntityNotFoundException, HttpServletRequest)
2026-06-07 13:17:26.317 [main] DEBUG [d9cf07fc39c2420e] o.s.w.s.m.m.a.HttpEntityMethodProcessor - Using 'application/json', given [*/*] and supported [application/json, application/*+json, application/yaml]
2026-06-07 13:17:26.317 [main] DEBUG [d9cf07fc39c2420e] o.s.w.s.m.m.a.HttpEntityMethodProcessor - Writing [com.deliverytech.delivery_api.dto.ErrorResponse@60f84358]
2026-06-07 13:17:26.318 [main] DEBUG [d9cf07fc39c2420e] o.s.w.s.m.m.a.ExceptionHandlerExceptionResolver - Resolved [com.deliverytech.delivery_api.exception.EntityNotFoundException: Produto não encontrado: 999999]
2026-06-07 13:17:26.324 [main] DEBUG [] o.s.w.c.s.GenericWebApplicationContext - Closing org.springframework.web.context.support.GenericWebApplicationContext@36da1c5, started on Sun Jun 07 13:17:25 BRT 2026
2026-06-07 13:17:26.325 [main] INFO  [] o.s.o.j.LocalContainerEntityManagerFactoryBean - Closing JPA EntityManagerFactory for persistence unit 'default'
2026-06-07 13:17:26.327 [main] INFO  [] com.zaxxer.hikari.HikariDataSource - HikariPool-7 - Shutdown initiated...
2026-06-07 13:17:26.328 [main] INFO  [] com.zaxxer.hikari.HikariDataSource - HikariPool-7 - Shutdown completed.
2026-06-07 13:17:26.330 [main] INFO  [] o.s.b.d.r.RestartApplicationListener - Restart disabled due to context in which it is running
2026-06-07 13:17:26.354 [main] INFO  [] c.d.d.c.PedidoControllerTest - Starting PedidoControllerTest using Java 21.0.11 with PID 10668 (started by Santana in C:\Pasta Códiguinhos\arquitetura de sistemas fat\delivery-api\delivery-api)
2026-06-07 13:17:26.354 [main] INFO  [] c.d.d.c.PedidoControllerTest - The following 1 profile is active: "test"
2026-06-07 13:17:26.354 [main] DEBUG [] o.s.w.c.s.GenericWebApplicationContext - Refreshing org.springframework.web.context.support.GenericWebApplicationContext@1ef4e47f
2026-06-07 13:17:26.529 [main] INFO  [] o.s.d.r.c.RepositoryConfigurationDelegate - Bootstrapping Spring Data JPA repositories in DEFAULT mode.
2026-06-07 13:17:26.545 [main] INFO  [] o.s.d.r.c.RepositoryConfigurationDelegate - Finished Spring Data repository scanning in 15 ms. Found 5 JPA repository interfaces.
2026-06-07 13:17:26.592 [main] INFO  [] o.s.o.j.p.SpringPersistenceUnitInfo - No LoadTimeWeaver setup: ignoring JPA class transformer
2026-06-07 13:17:26.594 [main] INFO  [] com.zaxxer.hikari.HikariDataSource - HikariPool-8 - Starting...
2026-06-07 13:17:26.594 [main] INFO  [] com.zaxxer.hikari.pool.HikariPool - HikariPool-8 - Added connection conn70: url=jdbc:h2:mem:deliverydb user=SA
2026-06-07 13:17:26.594 [main] INFO  [] com.zaxxer.hikari.HikariDataSource - HikariPool-8 - Start completed.
2026-06-07 13:17:26.595 [main] WARN  [] org.hibernate.orm.deprecation - HHH90000025: H2Dialect does not need to be specified explicitly using 'hibernate.dialect' (remove the property setting and it will be selected by default)
2026-06-07 13:17:26.636 [main] INFO  [] o.s.o.j.LocalContainerEntityManagerFactoryBean - Initialized JPA EntityManagerFactory for persistence unit 'default'
2026-06-07 13:17:26.657 [main] INFO  [] o.s.s.c.a.a.c.InitializeAuthenticationProviderBeanManagerConfigurer$InitializeAuthenticationProviderManagerConfigurer - Global AuthenticationManager configured with AuthenticationProvider bean with name authenticationProvider
2026-06-07 13:17:26.657 [main] WARN  [] o.s.s.c.a.a.c.InitializeUserDetailsBeanManagerConfigurer$InitializeUserDetailsManagerConfigurer - Global AuthenticationManager configured with an AuthenticationProvider bean. UserDetailsService beans will not be used by Spring Security for automatically configuring username/password login. Consider removing the AuthenticationProvider bean. Alternatively, consider using the UserDetailsService in a manually instantiated DaoAuthenticationProvider. If the current configuration is intentional, to turn off this warning, increase the logging level of 'org.springframework.security.config.annotation.authentication.configuration.InitializeUserDetailsBeanManagerConfigurer' to ERROR
2026-06-07 13:17:26.742 [main] DEBUG [] o.s.w.s.m.m.a.RequestMappingHandlerMapping - 41 mappings in 'requestMappingHandlerMapping'
2026-06-07 13:17:26.761 [main] DEBUG [] o.s.w.s.h.SimpleUrlHandlerMapping - Patterns [/webjars/**, /**, /swagger-ui*/*swagger-initializer.js, /swagger-ui*/**] in 'resourceHandlerMapping'
2026-06-07 13:17:26.795 [main] INFO  [] o.s.b.a.e.web.EndpointLinksResolver - Exposing 13 endpoints beneath base path '/actuator'
2026-06-07 13:17:26.822 [main] DEBUG [] o.s.s.web.DefaultSecurityFilterChain - Will secure any request with filters: DisableEncodeUrlFilter, WebAsyncManagerIntegrationFilter, SecurityContextHolderFilter, HeaderWriterFilter, CorsFilter, LogoutFilter, JwtAuthenticationFilter, RequestCacheAwareFilter, SecurityContextHolderAwareRequestFilter, AnonymousAuthenticationFilter, SessionManagementFilter, ExceptionTranslationFilter, AuthorizationFilter
2026-06-07 13:17:26.843 [main] DEBUG [] o.s.w.s.m.m.a.RequestMappingHandlerAdapter - ControllerAdvice beans: 0 @ModelAttribute, 0 @InitBinder, 1 RequestBodyAdvice, 1 ResponseBodyAdvice
2026-06-07 13:17:26.846 [main] DEBUG [] o.s.w.s.m.m.a.ExceptionHandlerExceptionResolver - ControllerAdvice beans: 2 @ExceptionHandler, 1 ResponseBodyAdvice
2026-06-07 13:17:26.874 [main] INFO  [] o.s.b.a.h.H2ConsoleAutoConfiguration - H2 console available at '/h2-console'. Database available at 'jdbc:h2:mem:deliverydb'
2026-06-07 13:17:26.887 [main] DEBUG [] o.s.w.f.ServerHttpObservationFilter - Filter 'webMvcObservationFilter' configured for use
2026-06-07 13:17:26.887 [main] INFO  [] o.s.b.t.m.w.SpringBootMockServletContext - Initializing Spring TestDispatcherServlet ''
2026-06-07 13:17:26.887 [main] INFO  [] o.s.t.w.s.TestDispatcherServlet - Initializing Servlet ''
2026-06-07 13:17:26.887 [main] INFO  [] o.s.t.w.s.TestDispatcherServlet - Completed initialization in 0 ms
2026-06-07 13:17:26.896 [main] INFO  [] c.d.d.c.PedidoControllerTest - Started PedidoControllerTest in 0.566 seconds (process running for 16.83)
2026-06-07 13:17:26.916 [main] DEBUG [] o.s.security.web.FilterChainProxy - Securing DELETE /api/pedidos/999999
2026-06-07 13:17:26.917 [main] WARN  [] c.d.d.s.JwtAuthenticationFilter - JWT Token não começa com Bearer String
2026-06-07 13:17:26.918 [main] DEBUG [] o.s.security.web.FilterChainProxy - Secured DELETE /api/pedidos/999999
2026-06-07 13:17:26.918 [main] DEBUG [c785ae1e95994095] o.s.w.s.m.m.a.RequestMappingHandlerMapping - Mapped to com.deliverytech.delivery_api.controller.PedidoController#cancelarPedido(Long)
2026-06-07 13:17:26.920 [main] DEBUG [c785ae1e95994095] o.s.w.s.m.m.a.ExceptionHandlerExceptionResolver - Using @ExceptionHandler com.deliverytech.delivery_api.exception.GlobalExceptionHandler#handleEntityNotFound(EntityNotFoundException, HttpServletRequest)
2026-06-07 13:17:26.924 [main] DEBUG [c785ae1e95994095] o.s.w.s.m.m.a.HttpEntityMethodProcessor - Using 'application/json', given [*/*] and supported [application/json, application/*+json, application/yaml]
2026-06-07 13:17:26.924 [main] DEBUG [c785ae1e95994095] o.s.w.s.m.m.a.HttpEntityMethodProcessor - Writing [com.deliverytech.delivery_api.dto.ErrorResponse@282da359]
2026-06-07 13:17:26.924 [main] DEBUG [c785ae1e95994095] o.s.w.s.m.m.a.ExceptionHandlerExceptionResolver - Resolved [com.deliverytech.delivery_api.exception.EntityNotFoundException: Pedido não encontrado]
2026-06-07 13:17:26.929 [main] DEBUG [] o.s.w.c.s.GenericWebApplicationContext - Closing org.springframework.web.context.support.GenericWebApplicationContext@1ef4e47f, started on Sun Jun 07 13:17:26 BRT 2026
2026-06-07 13:17:26.930 [main] INFO  [] o.s.o.j.LocalContainerEntityManagerFactoryBean - Closing JPA EntityManagerFactory for persistence unit 'default'
2026-06-07 13:17:26.932 [main] INFO  [] com.zaxxer.hikari.HikariDataSource - HikariPool-8 - Shutdown initiated...
2026-06-07 13:17:26.956 [main] INFO  [] com.zaxxer.hikari.HikariDataSource - HikariPool-8 - Shutdown completed.
2026-06-07 13:17:26.957 [main] INFO  [] o.s.b.d.r.RestartApplicationListener - Restart disabled due to context in which it is running
2026-06-07 13:17:26.975 [main] INFO  [] c.d.d.c.PedidoControllerTest - Starting PedidoControllerTest using Java 21.0.11 with PID 10668 (started by Santana in C:\Pasta Códiguinhos\arquitetura de sistemas fat\delivery-api\delivery-api)
2026-06-07 13:17:26.975 [main] INFO  [] c.d.d.c.PedidoControllerTest - The following 1 profile is active: "test"
2026-06-07 13:17:26.976 [main] DEBUG [] o.s.w.c.s.GenericWebApplicationContext - Refreshing org.springframework.web.context.support.GenericWebApplicationContext@58c61cc9
2026-06-07 13:17:27.139 [main] INFO  [] o.s.d.r.c.RepositoryConfigurationDelegate - Bootstrapping Spring Data JPA repositories in DEFAULT mode.
2026-06-07 13:17:27.154 [main] INFO  [] o.s.d.r.c.RepositoryConfigurationDelegate - Finished Spring Data repository scanning in 13 ms. Found 5 JPA repository interfaces.
2026-06-07 13:17:27.201 [main] INFO  [] o.s.o.j.p.SpringPersistenceUnitInfo - No LoadTimeWeaver setup: ignoring JPA class transformer
2026-06-07 13:17:27.202 [main] INFO  [] com.zaxxer.hikari.HikariDataSource - HikariPool-9 - Starting...
2026-06-07 13:17:27.203 [main] INFO  [] com.zaxxer.hikari.pool.HikariPool - HikariPool-9 - Added connection conn79: url=jdbc:h2:mem:deliverydb user=SA
2026-06-07 13:17:27.203 [main] INFO  [] com.zaxxer.hikari.HikariDataSource - HikariPool-9 - Start completed.
2026-06-07 13:17:27.203 [main] WARN  [] org.hibernate.orm.deprecation - HHH90000025: H2Dialect does not need to be specified explicitly using 'hibernate.dialect' (remove the property setting and it will be selected by default)
2026-06-07 13:17:27.245 [main] INFO  [] o.s.o.j.LocalContainerEntityManagerFactoryBean - Initialized JPA EntityManagerFactory for persistence unit 'default'
2026-06-07 13:17:27.264 [main] INFO  [] o.s.s.c.a.a.c.InitializeAuthenticationProviderBeanManagerConfigurer$InitializeAuthenticationProviderManagerConfigurer - Global AuthenticationManager configured with AuthenticationProvider bean with name authenticationProvider
2026-06-07 13:17:27.264 [main] WARN  [] o.s.s.c.a.a.c.InitializeUserDetailsBeanManagerConfigurer$InitializeUserDetailsManagerConfigurer - Global AuthenticationManager configured with an AuthenticationProvider bean. UserDetailsService beans will not be used by Spring Security for automatically configuring username/password login. Consider removing the AuthenticationProvider bean. Alternatively, consider using the UserDetailsService in a manually instantiated DaoAuthenticationProvider. If the current configuration is intentional, to turn off this warning, increase the logging level of 'org.springframework.security.config.annotation.authentication.configuration.InitializeUserDetailsBeanManagerConfigurer' to ERROR
2026-06-07 13:17:27.350 [main] DEBUG [] o.s.w.s.m.m.a.RequestMappingHandlerMapping - 41 mappings in 'requestMappingHandlerMapping'
2026-06-07 13:17:27.370 [main] DEBUG [] o.s.w.s.h.SimpleUrlHandlerMapping - Patterns [/webjars/**, /**, /swagger-ui*/*swagger-initializer.js, /swagger-ui*/**] in 'resourceHandlerMapping'
2026-06-07 13:17:27.407 [main] INFO  [] o.s.b.a.e.web.EndpointLinksResolver - Exposing 13 endpoints beneath base path '/actuator'
2026-06-07 13:17:27.437 [main] DEBUG [] o.s.s.web.DefaultSecurityFilterChain - Will secure any request with filters: DisableEncodeUrlFilter, WebAsyncManagerIntegrationFilter, SecurityContextHolderFilter, HeaderWriterFilter, CorsFilter, LogoutFilter, JwtAuthenticationFilter, RequestCacheAwareFilter, SecurityContextHolderAwareRequestFilter, AnonymousAuthenticationFilter, SessionManagementFilter, ExceptionTranslationFilter, AuthorizationFilter
2026-06-07 13:17:27.464 [main] DEBUG [] o.s.w.s.m.m.a.RequestMappingHandlerAdapter - ControllerAdvice beans: 0 @ModelAttribute, 0 @InitBinder, 1 RequestBodyAdvice, 1 ResponseBodyAdvice
2026-06-07 13:17:27.475 [main] DEBUG [] o.s.w.s.m.m.a.ExceptionHandlerExceptionResolver - ControllerAdvice beans: 2 @ExceptionHandler, 1 ResponseBodyAdvice
2026-06-07 13:17:27.526 [main] INFO  [] o.s.b.a.h.H2ConsoleAutoConfiguration - H2 console available at '/h2-console'. Database available at 'jdbc:h2:mem:deliverydb'
2026-06-07 13:17:27.539 [main] DEBUG [] o.s.w.f.ServerHttpObservationFilter - Filter 'webMvcObservationFilter' configured for use
2026-06-07 13:17:27.539 [main] INFO  [] o.s.b.t.m.w.SpringBootMockServletContext - Initializing Spring TestDispatcherServlet ''
2026-06-07 13:17:27.539 [main] INFO  [] o.s.t.w.s.TestDispatcherServlet - Initializing Servlet ''
2026-06-07 13:17:27.540 [main] INFO  [] o.s.t.w.s.TestDispatcherServlet - Completed initialization in 1 ms
2026-06-07 13:17:27.549 [main] INFO  [] c.d.d.c.PedidoControllerTest - Started PedidoControllerTest in 0.592 seconds (process running for 17.484)
2026-06-07 13:17:27.574 [main] DEBUG [] o.s.security.web.FilterChainProxy - Securing POST /api/pedidos
2026-06-07 13:17:27.574 [main] WARN  [] c.d.d.s.JwtAuthenticationFilter - JWT Token não começa com Bearer String
2026-06-07 13:17:27.575 [main] DEBUG [] o.s.security.web.FilterChainProxy - Secured POST /api/pedidos
2026-06-07 13:17:27.575 [main] DEBUG [188cf33df7d34cc0] o.s.w.s.m.m.a.RequestMappingHandlerMapping - Mapped to com.deliverytech.delivery_api.controller.PedidoController#criarPedido(PedidoReqDTO)
2026-06-07 13:17:27.577 [main] DEBUG [188cf33df7d34cc0] o.s.w.s.m.m.a.RequestResponseBodyMethodProcessor - Read "application/json;charset=UTF-8" to [com.deliverytech.delivery_api.dto.req.PedidoReqDTO@2987263]
2026-06-07 13:17:27.590 [main] DEBUG [188cf33df7d34cc0] o.s.w.s.m.m.a.HttpEntityMethodProcessor - Using 'application/json', given [*/*] and supported [application/json, application/*+json, application/yaml]
2026-06-07 13:17:27.590 [main] DEBUG [188cf33df7d34cc0] o.s.w.s.m.m.a.HttpEntityMethodProcessor - Writing [com.deliverytech.delivery_api.dto.res.PedidoResDTO@5666ed15]
2026-06-07 13:17:27.592 [main] DEBUG [] o.s.security.web.FilterChainProxy - Securing GET /api/pedidos/4
2026-06-07 13:17:27.592 [main] WARN  [] c.d.d.s.JwtAuthenticationFilter - JWT Token não começa com Bearer String
2026-06-07 13:17:27.594 [main] DEBUG [] o.s.security.web.FilterChainProxy - Secured GET /api/pedidos/4
2026-06-07 13:17:27.594 [main] DEBUG [16db87acc2204178] o.s.w.s.m.m.a.RequestMappingHandlerMapping - Mapped to com.deliverytech.delivery_api.controller.PedidoController#buscarPorId(Long)
2026-06-07 13:17:27.595 [main] DEBUG [16db87acc2204178] o.s.w.s.m.m.a.HttpEntityMethodProcessor - Using 'application/json', given [*/*] and supported [application/json, application/*+json, application/yaml]
2026-06-07 13:17:27.595 [main] DEBUG [16db87acc2204178] o.s.w.s.m.m.a.HttpEntityMethodProcessor - Writing [com.deliverytech.delivery_api.dto.res.PedidoResDTO@1eb01211]
2026-06-07 13:17:27.599 [main] DEBUG [] o.s.w.c.s.GenericWebApplicationContext - Closing org.springframework.web.context.support.GenericWebApplicationContext@58c61cc9, started on Sun Jun 07 13:17:26 BRT 2026
2026-06-07 13:17:27.601 [main] INFO  [] o.s.o.j.LocalContainerEntityManagerFactoryBean - Closing JPA EntityManagerFactory for persistence unit 'default'
2026-06-07 13:17:27.602 [main] INFO  [] com.zaxxer.hikari.HikariDataSource - HikariPool-9 - Shutdown initiated...
2026-06-07 13:17:27.611 [main] INFO  [] com.zaxxer.hikari.HikariDataSource - HikariPool-9 - Shutdown completed.
2026-06-07 13:17:27.613 [main] INFO  [] o.s.b.d.r.RestartApplicationListener - Restart disabled due to context in which it is running
2026-06-07 13:17:27.632 [main] INFO  [] c.d.d.c.PedidoControllerTest - Starting PedidoControllerTest using Java 21.0.11 with PID 10668 (started by Santana in C:\Pasta Códiguinhos\arquitetura de sistemas fat\delivery-api\delivery-api)
2026-06-07 13:17:27.632 [main] INFO  [] c.d.d.c.PedidoControllerTest - The following 1 profile is active: "test"
2026-06-07 13:17:27.633 [main] DEBUG [] o.s.w.c.s.GenericWebApplicationContext - Refreshing org.springframework.web.context.support.GenericWebApplicationContext@73af7f46
2026-06-07 13:17:27.792 [main] INFO  [] o.s.d.r.c.RepositoryConfigurationDelegate - Bootstrapping Spring Data JPA repositories in DEFAULT mode.
2026-06-07 13:17:27.806 [main] INFO  [] o.s.d.r.c.RepositoryConfigurationDelegate - Finished Spring Data repository scanning in 13 ms. Found 5 JPA repository interfaces.
2026-06-07 13:17:27.854 [main] INFO  [] o.s.o.j.p.SpringPersistenceUnitInfo - No LoadTimeWeaver setup: ignoring JPA class transformer
2026-06-07 13:17:27.855 [main] INFO  [] com.zaxxer.hikari.HikariDataSource - HikariPool-10 - Starting...
2026-06-07 13:17:27.855 [main] INFO  [] com.zaxxer.hikari.pool.HikariPool - HikariPool-10 - Added connection conn89: url=jdbc:h2:mem:deliverydb user=SA
2026-06-07 13:17:27.855 [main] INFO  [] com.zaxxer.hikari.HikariDataSource - HikariPool-10 - Start completed.
2026-06-07 13:17:27.856 [main] WARN  [] org.hibernate.orm.deprecation - HHH90000025: H2Dialect does not need to be specified explicitly using 'hibernate.dialect' (remove the property setting and it will be selected by default)
2026-06-07 13:17:27.897 [main] INFO  [] o.s.o.j.LocalContainerEntityManagerFactoryBean - Initialized JPA EntityManagerFactory for persistence unit 'default'
2026-06-07 13:17:27.918 [main] INFO  [] o.s.s.c.a.a.c.InitializeAuthenticationProviderBeanManagerConfigurer$InitializeAuthenticationProviderManagerConfigurer - Global AuthenticationManager configured with AuthenticationProvider bean with name authenticationProvider
2026-06-07 13:17:27.919 [main] WARN  [] o.s.s.c.a.a.c.InitializeUserDetailsBeanManagerConfigurer$InitializeUserDetailsManagerConfigurer - Global AuthenticationManager configured with an AuthenticationProvider bean. UserDetailsService beans will not be used by Spring Security for automatically configuring username/password login. Consider removing the AuthenticationProvider bean. Alternatively, consider using the UserDetailsService in a manually instantiated DaoAuthenticationProvider. If the current configuration is intentional, to turn off this warning, increase the logging level of 'org.springframework.security.config.annotation.authentication.configuration.InitializeUserDetailsBeanManagerConfigurer' to ERROR
2026-06-07 13:17:28.010 [main] DEBUG [] o.s.w.s.m.m.a.RequestMappingHandlerMapping - 41 mappings in 'requestMappingHandlerMapping'
2026-06-07 13:17:28.029 [main] DEBUG [] o.s.w.s.h.SimpleUrlHandlerMapping - Patterns [/webjars/**, /**, /swagger-ui*/*swagger-initializer.js, /swagger-ui*/**] in 'resourceHandlerMapping'
2026-06-07 13:17:28.059 [main] INFO  [] o.s.b.a.e.web.EndpointLinksResolver - Exposing 13 endpoints beneath base path '/actuator'
2026-06-07 13:17:28.085 [main] DEBUG [] o.s.s.web.DefaultSecurityFilterChain - Will secure any request with filters: DisableEncodeUrlFilter, WebAsyncManagerIntegrationFilter, SecurityContextHolderFilter, HeaderWriterFilter, CorsFilter, LogoutFilter, JwtAuthenticationFilter, RequestCacheAwareFilter, SecurityContextHolderAwareRequestFilter, AnonymousAuthenticationFilter, SessionManagementFilter, ExceptionTranslationFilter, AuthorizationFilter
2026-06-07 13:17:28.105 [main] DEBUG [] o.s.w.s.m.m.a.RequestMappingHandlerAdapter - ControllerAdvice beans: 0 @ModelAttribute, 0 @InitBinder, 1 RequestBodyAdvice, 1 ResponseBodyAdvice
2026-06-07 13:17:28.110 [main] DEBUG [] o.s.w.s.m.m.a.ExceptionHandlerExceptionResolver - ControllerAdvice beans: 2 @ExceptionHandler, 1 ResponseBodyAdvice
2026-06-07 13:17:28.135 [main] INFO  [] o.s.b.a.h.H2ConsoleAutoConfiguration - H2 console available at '/h2-console'. Database available at 'jdbc:h2:mem:deliverydb'
2026-06-07 13:17:28.145 [main] DEBUG [] o.s.w.f.ServerHttpObservationFilter - Filter 'webMvcObservationFilter' configured for use
2026-06-07 13:17:28.145 [main] INFO  [] o.s.b.t.m.w.SpringBootMockServletContext - Initializing Spring TestDispatcherServlet ''
2026-06-07 13:17:28.145 [main] INFO  [] o.s.t.w.s.TestDispatcherServlet - Initializing Servlet ''
2026-06-07 13:17:28.146 [main] INFO  [] o.s.t.w.s.TestDispatcherServlet - Completed initialization in 1 ms
2026-06-07 13:17:28.154 [main] INFO  [] c.d.d.c.PedidoControllerTest - Started PedidoControllerTest in 0.542 seconds (process running for 18.088)
2026-06-07 13:17:28.172 [main] DEBUG [] o.s.security.web.FilterChainProxy - Securing GET /api/pedidos/cliente/4
2026-06-07 13:17:28.172 [main] WARN  [] c.d.d.s.JwtAuthenticationFilter - JWT Token não começa com Bearer String
2026-06-07 13:17:28.173 [main] DEBUG [] o.s.security.web.FilterChainProxy - Secured GET /api/pedidos/cliente/4
2026-06-07 13:17:28.174 [main] DEBUG [ee2fbc5c410e4cd6] o.s.w.s.m.m.a.RequestMappingHandlerMapping - Mapped to com.deliverytech.delivery_api.controller.PedidoController#buscarPorCliente(Long)
2026-06-07 13:17:28.181 [main] DEBUG [ee2fbc5c410e4cd6] o.s.w.s.m.m.a.HttpEntityMethodProcessor - Using 'application/json', given [*/*] and supported [application/json, application/*+json, application/yaml]
2026-06-07 13:17:28.181 [main] DEBUG [ee2fbc5c410e4cd6] o.s.w.s.m.m.a.HttpEntityMethodProcessor - Writing [[]]
2026-06-07 13:17:28.186 [main] DEBUG [] o.s.w.c.s.GenericWebApplicationContext - Closing org.springframework.web.context.support.GenericWebApplicationContext@73af7f46, started on Sun Jun 07 13:17:27 BRT 2026
2026-06-07 13:17:28.188 [main] INFO  [] o.s.o.j.LocalContainerEntityManagerFactoryBean - Closing JPA EntityManagerFactory for persistence unit 'default'
2026-06-07 13:17:28.189 [main] INFO  [] com.zaxxer.hikari.HikariDataSource - HikariPool-10 - Shutdown initiated...
2026-06-07 13:17:28.206 [main] INFO  [] com.zaxxer.hikari.HikariDataSource - HikariPool-10 - Shutdown completed.
2026-06-07 13:17:28.208 [main] INFO  [] o.s.b.d.r.RestartApplicationListener - Restart disabled due to context in which it is running
2026-06-07 13:17:28.226 [main] INFO  [] c.d.d.c.PedidoControllerTest - Starting PedidoControllerTest using Java 21.0.11 with PID 10668 (started by Santana in C:\Pasta Códiguinhos\arquitetura de sistemas fat\delivery-api\delivery-api)
2026-06-07 13:17:28.226 [main] INFO  [] c.d.d.c.PedidoControllerTest - The following 1 profile is active: "test"
2026-06-07 13:17:28.227 [main] DEBUG [] o.s.w.c.s.GenericWebApplicationContext - Refreshing org.springframework.web.context.support.GenericWebApplicationContext@1949ca2a
2026-06-07 13:17:28.387 [main] INFO  [] o.s.d.r.c.RepositoryConfigurationDelegate - Bootstrapping Spring Data JPA repositories in DEFAULT mode.
2026-06-07 13:17:28.402 [main] INFO  [] o.s.d.r.c.RepositoryConfigurationDelegate - Finished Spring Data repository scanning in 14 ms. Found 5 JPA repository interfaces.
2026-06-07 13:17:28.448 [main] INFO  [] o.s.o.j.p.SpringPersistenceUnitInfo - No LoadTimeWeaver setup: ignoring JPA class transformer
2026-06-07 13:17:28.449 [main] INFO  [] com.zaxxer.hikari.HikariDataSource - HikariPool-11 - Starting...
2026-06-07 13:17:28.450 [main] INFO  [] com.zaxxer.hikari.pool.HikariPool - HikariPool-11 - Added connection conn97: url=jdbc:h2:mem:deliverydb user=SA
2026-06-07 13:17:28.450 [main] INFO  [] com.zaxxer.hikari.HikariDataSource - HikariPool-11 - Start completed.
2026-06-07 13:17:28.451 [main] WARN  [] org.hibernate.orm.deprecation - HHH90000025: H2Dialect does not need to be specified explicitly using 'hibernate.dialect' (remove the property setting and it will be selected by default)
2026-06-07 13:17:28.486 [main] INFO  [] o.s.o.j.LocalContainerEntityManagerFactoryBean - Initialized JPA EntityManagerFactory for persistence unit 'default'
2026-06-07 13:17:28.504 [main] INFO  [] o.s.s.c.a.a.c.InitializeAuthenticationProviderBeanManagerConfigurer$InitializeAuthenticationProviderManagerConfigurer - Global AuthenticationManager configured with AuthenticationProvider bean with name authenticationProvider
2026-06-07 13:17:28.505 [main] WARN  [] o.s.s.c.a.a.c.InitializeUserDetailsBeanManagerConfigurer$InitializeUserDetailsManagerConfigurer - Global AuthenticationManager configured with an AuthenticationProvider bean. UserDetailsService beans will not be used by Spring Security for automatically configuring username/password login. Consider removing the AuthenticationProvider bean. Alternatively, consider using the UserDetailsService in a manually instantiated DaoAuthenticationProvider. If the current configuration is intentional, to turn off this warning, increase the logging level of 'org.springframework.security.config.annotation.authentication.configuration.InitializeUserDetailsBeanManagerConfigurer' to ERROR
2026-06-07 13:17:28.579 [main] DEBUG [] o.s.w.s.m.m.a.RequestMappingHandlerMapping - 41 mappings in 'requestMappingHandlerMapping'
2026-06-07 13:17:28.599 [main] DEBUG [] o.s.w.s.h.SimpleUrlHandlerMapping - Patterns [/webjars/**, /**, /swagger-ui*/*swagger-initializer.js, /swagger-ui*/**] in 'resourceHandlerMapping'
2026-06-07 13:17:28.649 [main] INFO  [] o.s.b.a.e.web.EndpointLinksResolver - Exposing 13 endpoints beneath base path '/actuator'
2026-06-07 13:17:28.677 [main] DEBUG [] o.s.s.web.DefaultSecurityFilterChain - Will secure any request with filters: DisableEncodeUrlFilter, WebAsyncManagerIntegrationFilter, SecurityContextHolderFilter, HeaderWriterFilter, CorsFilter, LogoutFilter, JwtAuthenticationFilter, RequestCacheAwareFilter, SecurityContextHolderAwareRequestFilter, AnonymousAuthenticationFilter, SessionManagementFilter, ExceptionTranslationFilter, AuthorizationFilter
2026-06-07 13:17:28.699 [main] DEBUG [] o.s.w.s.m.m.a.RequestMappingHandlerAdapter - ControllerAdvice beans: 0 @ModelAttribute, 0 @InitBinder, 1 RequestBodyAdvice, 1 ResponseBodyAdvice
2026-06-07 13:17:28.703 [main] DEBUG [] o.s.w.s.m.m.a.ExceptionHandlerExceptionResolver - ControllerAdvice beans: 2 @ExceptionHandler, 1 ResponseBodyAdvice
2026-06-07 13:17:28.732 [main] INFO  [] o.s.b.a.h.H2ConsoleAutoConfiguration - H2 console available at '/h2-console'. Database available at 'jdbc:h2:mem:deliverydb'
2026-06-07 13:17:28.746 [main] DEBUG [] o.s.w.f.ServerHttpObservationFilter - Filter 'webMvcObservationFilter' configured for use
2026-06-07 13:17:28.746 [main] INFO  [] o.s.b.t.m.w.SpringBootMockServletContext - Initializing Spring TestDispatcherServlet ''
2026-06-07 13:17:28.746 [main] INFO  [] o.s.t.w.s.TestDispatcherServlet - Initializing Servlet ''
2026-06-07 13:17:28.747 [main] INFO  [] o.s.t.w.s.TestDispatcherServlet - Completed initialization in 0 ms
2026-06-07 13:17:28.758 [main] INFO  [] c.d.d.c.PedidoControllerTest - Started PedidoControllerTest in 0.55 seconds (process running for 18.692)
2026-06-07 13:17:28.780 [main] DEBUG [] o.s.security.web.FilterChainProxy - Securing POST /api/pedidos
2026-06-07 13:17:28.781 [main] WARN  [] c.d.d.s.JwtAuthenticationFilter - JWT Token não começa com Bearer String
2026-06-07 13:17:28.782 [main] DEBUG [] o.s.security.web.FilterChainProxy - Secured POST /api/pedidos
2026-06-07 13:17:28.782 [main] DEBUG [0508afbc52e7492d] o.s.w.s.m.m.a.RequestMappingHandlerMapping - Mapped to com.deliverytech.delivery_api.controller.PedidoController#criarPedido(PedidoReqDTO)
2026-06-07 13:17:28.784 [main] DEBUG [0508afbc52e7492d] o.s.w.s.m.m.a.RequestResponseBodyMethodProcessor - Read "application/json;charset=UTF-8" to [com.deliverytech.delivery_api.dto.req.PedidoReqDTO@1cb47bd6]
2026-06-07 13:17:28.790 [main] DEBUG [0508afbc52e7492d] o.s.w.s.m.m.a.ExceptionHandlerExceptionResolver - Using @ExceptionHandler com.deliverytech.delivery_api.exception.GlobalExceptionHandler#handleBusinessException(BusinessException, HttpServletRequest)
2026-06-07 13:17:28.792 [main] DEBUG [0508afbc52e7492d] o.s.w.s.m.m.a.HttpEntityMethodProcessor - Using 'application/json', given [*/*] and supported [application/json, application/*+json, application/yaml]
2026-06-07 13:17:28.792 [main] DEBUG [0508afbc52e7492d] o.s.w.s.m.m.a.HttpEntityMethodProcessor - Writing [com.deliverytech.delivery_api.dto.ErrorResponse@556ea796]
2026-06-07 13:17:28.792 [main] DEBUG [0508afbc52e7492d] o.s.w.s.m.m.a.ExceptionHandlerExceptionResolver - Resolved [com.deliverytech.delivery_api.exception.BusinessException: Produto não pertence ao restaurante selecionado]
2026-06-07 13:17:28.797 [main] DEBUG [] o.s.w.c.s.GenericWebApplicationContext - Closing org.springframework.web.context.support.GenericWebApplicationContext@1949ca2a, started on Sun Jun 07 13:17:28 BRT 2026
2026-06-07 13:17:28.798 [main] INFO  [] o.s.o.j.LocalContainerEntityManagerFactoryBean - Closing JPA EntityManagerFactory for persistence unit 'default'
2026-06-07 13:17:28.799 [main] INFO  [] com.zaxxer.hikari.HikariDataSource - HikariPool-11 - Shutdown initiated...
2026-06-07 13:17:28.811 [main] INFO  [] com.zaxxer.hikari.HikariDataSource - HikariPool-11 - Shutdown completed.
2026-06-07 13:17:28.812 [main] INFO  [] o.s.b.d.r.RestartApplicationListener - Restart disabled due to context in which it is running
2026-06-07 13:17:28.838 [main] INFO  [] c.d.d.c.PedidoControllerTest - Starting PedidoControllerTest using Java 21.0.11 with PID 10668 (started by Santana in C:\Pasta Códiguinhos\arquitetura de sistemas fat\delivery-api\delivery-api)
2026-06-07 13:17:28.838 [main] INFO  [] c.d.d.c.PedidoControllerTest - The following 1 profile is active: "test"
2026-06-07 13:17:28.839 [main] DEBUG [] o.s.w.c.s.GenericWebApplicationContext - Refreshing org.springframework.web.context.support.GenericWebApplicationContext@3560f6d9
2026-06-07 13:17:29.015 [main] INFO  [] o.s.d.r.c.RepositoryConfigurationDelegate - Bootstrapping Spring Data JPA repositories in DEFAULT mode.
2026-06-07 13:17:29.030 [main] INFO  [] o.s.d.r.c.RepositoryConfigurationDelegate - Finished Spring Data repository scanning in 14 ms. Found 5 JPA repository interfaces.
2026-06-07 13:17:29.078 [main] INFO  [] o.s.o.j.p.SpringPersistenceUnitInfo - No LoadTimeWeaver setup: ignoring JPA class transformer
2026-06-07 13:17:29.078 [main] INFO  [] com.zaxxer.hikari.HikariDataSource - HikariPool-12 - Starting...
2026-06-07 13:17:29.080 [main] INFO  [] com.zaxxer.hikari.pool.HikariPool - HikariPool-12 - Added connection conn106: url=jdbc:h2:mem:deliverydb user=SA
2026-06-07 13:17:29.080 [main] INFO  [] com.zaxxer.hikari.HikariDataSource - HikariPool-12 - Start completed.
2026-06-07 13:17:29.080 [main] WARN  [] org.hibernate.orm.deprecation - HHH90000025: H2Dialect does not need to be specified explicitly using 'hibernate.dialect' (remove the property setting and it will be selected by default)
2026-06-07 13:17:29.120 [main] INFO  [] o.s.o.j.LocalContainerEntityManagerFactoryBean - Initialized JPA EntityManagerFactory for persistence unit 'default'
2026-06-07 13:17:29.138 [main] INFO  [] o.s.s.c.a.a.c.InitializeAuthenticationProviderBeanManagerConfigurer$InitializeAuthenticationProviderManagerConfigurer - Global AuthenticationManager configured with AuthenticationProvider bean with name authenticationProvider
2026-06-07 13:17:29.138 [main] WARN  [] o.s.s.c.a.a.c.InitializeUserDetailsBeanManagerConfigurer$InitializeUserDetailsManagerConfigurer - Global AuthenticationManager configured with an AuthenticationProvider bean. UserDetailsService beans will not be used by Spring Security for automatically configuring username/password login. Consider removing the AuthenticationProvider bean. Alternatively, consider using the UserDetailsService in a manually instantiated DaoAuthenticationProvider. If the current configuration is intentional, to turn off this warning, increase the logging level of 'org.springframework.security.config.annotation.authentication.configuration.InitializeUserDetailsBeanManagerConfigurer' to ERROR
2026-06-07 13:17:29.214 [main] DEBUG [] o.s.w.s.m.m.a.RequestMappingHandlerMapping - 41 mappings in 'requestMappingHandlerMapping'
2026-06-07 13:17:29.232 [main] DEBUG [] o.s.w.s.h.SimpleUrlHandlerMapping - Patterns [/webjars/**, /**, /swagger-ui*/*swagger-initializer.js, /swagger-ui*/**] in 'resourceHandlerMapping'
2026-06-07 13:17:29.265 [main] INFO  [] o.s.b.a.e.web.EndpointLinksResolver - Exposing 13 endpoints beneath base path '/actuator'
2026-06-07 13:17:29.290 [main] DEBUG [] o.s.s.web.DefaultSecurityFilterChain - Will secure any request with filters: DisableEncodeUrlFilter, WebAsyncManagerIntegrationFilter, SecurityContextHolderFilter, HeaderWriterFilter, CorsFilter, LogoutFilter, JwtAuthenticationFilter, RequestCacheAwareFilter, SecurityContextHolderAwareRequestFilter, AnonymousAuthenticationFilter, SessionManagementFilter, ExceptionTranslationFilter, AuthorizationFilter
2026-06-07 13:17:29.312 [main] DEBUG [] o.s.w.s.m.m.a.RequestMappingHandlerAdapter - ControllerAdvice beans: 0 @ModelAttribute, 0 @InitBinder, 1 RequestBodyAdvice, 1 ResponseBodyAdvice
2026-06-07 13:17:29.315 [main] DEBUG [] o.s.w.s.m.m.a.ExceptionHandlerExceptionResolver - ControllerAdvice beans: 2 @ExceptionHandler, 1 ResponseBodyAdvice
2026-06-07 13:17:29.343 [main] INFO  [] o.s.b.a.h.H2ConsoleAutoConfiguration - H2 console available at '/h2-console'. Database available at 'jdbc:h2:mem:deliverydb'
2026-06-07 13:17:29.352 [main] DEBUG [] o.s.w.f.ServerHttpObservationFilter - Filter 'webMvcObservationFilter' configured for use
2026-06-07 13:17:29.354 [main] INFO  [] o.s.b.t.m.w.SpringBootMockServletContext - Initializing Spring TestDispatcherServlet ''
2026-06-07 13:17:29.354 [main] INFO  [] o.s.t.w.s.TestDispatcherServlet - Initializing Servlet ''
2026-06-07 13:17:29.354 [main] INFO  [] o.s.t.w.s.TestDispatcherServlet - Completed initialization in 0 ms
2026-06-07 13:17:29.362 [main] INFO  [] c.d.d.c.PedidoControllerTest - Started PedidoControllerTest in 0.55 seconds (process running for 19.296)
2026-06-07 13:17:29.383 [main] DEBUG [] o.s.security.web.FilterChainProxy - Securing POST /api/pedidos
2026-06-07 13:17:29.383 [main] WARN  [] c.d.d.s.JwtAuthenticationFilter - JWT Token não começa com Bearer String
2026-06-07 13:17:29.384 [main] DEBUG [] o.s.security.web.FilterChainProxy - Secured POST /api/pedidos
2026-06-07 13:17:29.385 [main] DEBUG [587aa82c6fdf4c9e] o.s.w.s.m.m.a.RequestMappingHandlerMapping - Mapped to com.deliverytech.delivery_api.controller.PedidoController#criarPedido(PedidoReqDTO)
2026-06-07 13:17:29.386 [main] DEBUG [587aa82c6fdf4c9e] o.s.w.s.m.m.a.RequestResponseBodyMethodProcessor - Read "application/json;charset=UTF-8" to [com.deliverytech.delivery_api.dto.req.PedidoReqDTO@6976d1b4]
2026-06-07 13:17:29.398 [main] DEBUG [587aa82c6fdf4c9e] o.s.w.s.m.m.a.HttpEntityMethodProcessor - Using 'application/json', given [*/*] and supported [application/json, application/*+json, application/yaml]
2026-06-07 13:17:29.398 [main] DEBUG [587aa82c6fdf4c9e] o.s.w.s.m.m.a.HttpEntityMethodProcessor - Writing [com.deliverytech.delivery_api.dto.res.PedidoResDTO@1ca2b3f]
2026-06-07 13:17:29.404 [main] DEBUG [] o.s.security.web.FilterChainProxy - Securing PATCH /api/pedidos/4/status
2026-06-07 13:17:29.406 [main] WARN  [] c.d.d.s.JwtAuthenticationFilter - JWT Token não começa com Bearer String
2026-06-07 13:17:29.406 [main] DEBUG [] o.s.security.web.FilterChainProxy - Secured PATCH /api/pedidos/4/status
2026-06-07 13:17:29.406 [main] DEBUG [ded00bd449834de5] o.s.w.s.m.m.a.RequestMappingHandlerMapping - Mapped to com.deliverytech.delivery_api.controller.PedidoController#atualizarStatus(Long, StatusPedidoDTO)
2026-06-07 13:17:29.410 [main] DEBUG [ded00bd449834de5] o.s.w.s.m.m.a.RequestResponseBodyMethodProcessor - Read "application/json;charset=UTF-8" to [com.deliverytech.delivery_api.dto.StatusPedidoDTO@75fc13b5]
2026-06-07 13:17:29.412 [main] DEBUG [ded00bd449834de5] o.s.w.s.m.m.a.HttpEntityMethodProcessor - Using 'application/json', given [*/*] and supported [application/json, application/*+json, application/yaml]
2026-06-07 13:17:29.414 [main] DEBUG [ded00bd449834de5] o.s.w.s.m.m.a.HttpEntityMethodProcessor - Writing [com.deliverytech.delivery_api.dto.res.PedidoResDTO@90b644a]
2026-06-07 13:17:29.418 [main] DEBUG [] o.s.w.c.s.GenericWebApplicationContext - Closing org.springframework.web.context.support.GenericWebApplicationContext@3560f6d9, started on Sun Jun 07 13:17:28 BRT 2026
2026-06-07 13:17:29.419 [main] INFO  [] o.s.o.j.LocalContainerEntityManagerFactoryBean - Closing JPA EntityManagerFactory for persistence unit 'default'
2026-06-07 13:17:29.420 [main] INFO  [] com.zaxxer.hikari.HikariDataSource - HikariPool-12 - Shutdown initiated...
2026-06-07 13:17:29.424 [main] INFO  [] com.zaxxer.hikari.HikariDataSource - HikariPool-12 - Shutdown completed.
2026-06-07 13:17:29.425 [main] INFO  [] o.s.b.d.r.RestartApplicationListener - Restart disabled due to context in which it is running
2026-06-07 13:17:29.442 [main] INFO  [] c.d.d.c.PedidoControllerTest - Starting PedidoControllerTest using Java 21.0.11 with PID 10668 (started by Santana in C:\Pasta Códiguinhos\arquitetura de sistemas fat\delivery-api\delivery-api)
2026-06-07 13:17:29.442 [main] INFO  [] c.d.d.c.PedidoControllerTest - The following 1 profile is active: "test"
2026-06-07 13:17:29.448 [main] DEBUG [] o.s.w.c.s.GenericWebApplicationContext - Refreshing org.springframework.web.context.support.GenericWebApplicationContext@5ac0135f
2026-06-07 13:17:29.598 [main] INFO  [] o.s.d.r.c.RepositoryConfigurationDelegate - Bootstrapping Spring Data JPA repositories in DEFAULT mode.
2026-06-07 13:17:29.613 [main] INFO  [] o.s.d.r.c.RepositoryConfigurationDelegate - Finished Spring Data repository scanning in 13 ms. Found 5 JPA repository interfaces.
2026-06-07 13:17:29.658 [main] INFO  [] o.s.o.j.p.SpringPersistenceUnitInfo - No LoadTimeWeaver setup: ignoring JPA class transformer
2026-06-07 13:17:29.659 [main] INFO  [] com.zaxxer.hikari.HikariDataSource - HikariPool-13 - Starting...
2026-06-07 13:17:29.660 [main] INFO  [] com.zaxxer.hikari.pool.HikariPool - HikariPool-13 - Added connection conn114: url=jdbc:h2:mem:deliverydb user=SA
2026-06-07 13:17:29.661 [main] INFO  [] com.zaxxer.hikari.HikariDataSource - HikariPool-13 - Start completed.
2026-06-07 13:17:29.661 [main] WARN  [] org.hibernate.orm.deprecation - HHH90000025: H2Dialect does not need to be specified explicitly using 'hibernate.dialect' (remove the property setting and it will be selected by default)
2026-06-07 13:17:29.694 [main] INFO  [] o.s.o.j.LocalContainerEntityManagerFactoryBean - Initialized JPA EntityManagerFactory for persistence unit 'default'
2026-06-07 13:17:29.712 [main] INFO  [] o.s.s.c.a.a.c.InitializeAuthenticationProviderBeanManagerConfigurer$InitializeAuthenticationProviderManagerConfigurer - Global AuthenticationManager configured with AuthenticationProvider bean with name authenticationProvider
2026-06-07 13:17:29.712 [main] WARN  [] o.s.s.c.a.a.c.InitializeUserDetailsBeanManagerConfigurer$InitializeUserDetailsManagerConfigurer - Global AuthenticationManager configured with an AuthenticationProvider bean. UserDetailsService beans will not be used by Spring Security for automatically configuring username/password login. Consider removing the AuthenticationProvider bean. Alternatively, consider using the UserDetailsService in a manually instantiated DaoAuthenticationProvider. If the current configuration is intentional, to turn off this warning, increase the logging level of 'org.springframework.security.config.annotation.authentication.configuration.InitializeUserDetailsBeanManagerConfigurer' to ERROR
2026-06-07 13:17:29.789 [main] DEBUG [] o.s.w.s.m.m.a.RequestMappingHandlerMapping - 41 mappings in 'requestMappingHandlerMapping'
2026-06-07 13:17:29.809 [main] DEBUG [] o.s.w.s.h.SimpleUrlHandlerMapping - Patterns [/webjars/**, /**, /swagger-ui*/*swagger-initializer.js, /swagger-ui*/**] in 'resourceHandlerMapping'
2026-06-07 13:17:29.839 [main] INFO  [] o.s.b.a.e.web.EndpointLinksResolver - Exposing 13 endpoints beneath base path '/actuator'
2026-06-07 13:17:29.865 [main] DEBUG [] o.s.s.web.DefaultSecurityFilterChain - Will secure any request with filters: DisableEncodeUrlFilter, WebAsyncManagerIntegrationFilter, SecurityContextHolderFilter, HeaderWriterFilter, CorsFilter, LogoutFilter, JwtAuthenticationFilter, RequestCacheAwareFilter, SecurityContextHolderAwareRequestFilter, AnonymousAuthenticationFilter, SessionManagementFilter, ExceptionTranslationFilter, AuthorizationFilter
2026-06-07 13:17:29.887 [main] DEBUG [] o.s.w.s.m.m.a.RequestMappingHandlerAdapter - ControllerAdvice beans: 0 @ModelAttribute, 0 @InitBinder, 1 RequestBodyAdvice, 1 ResponseBodyAdvice
2026-06-07 13:17:29.891 [main] DEBUG [] o.s.w.s.m.m.a.ExceptionHandlerExceptionResolver - ControllerAdvice beans: 2 @ExceptionHandler, 1 ResponseBodyAdvice
2026-06-07 13:17:29.919 [main] INFO  [] o.s.b.a.h.H2ConsoleAutoConfiguration - H2 console available at '/h2-console'. Database available at 'jdbc:h2:mem:deliverydb'
2026-06-07 13:17:29.931 [main] DEBUG [] o.s.w.f.ServerHttpObservationFilter - Filter 'webMvcObservationFilter' configured for use
2026-06-07 13:17:29.931 [main] INFO  [] o.s.b.t.m.w.SpringBootMockServletContext - Initializing Spring TestDispatcherServlet ''
2026-06-07 13:17:29.931 [main] INFO  [] o.s.t.w.s.TestDispatcherServlet - Initializing Servlet ''
2026-06-07 13:17:29.932 [main] INFO  [] o.s.t.w.s.TestDispatcherServlet - Completed initialization in 1 ms
2026-06-07 13:17:29.940 [main] INFO  [] c.d.d.c.PedidoControllerTest - Started PedidoControllerTest in 0.515 seconds (process running for 19.874)
2026-06-07 13:17:29.965 [main] DEBUG [] o.s.security.web.FilterChainProxy - Securing POST /api/pedidos
2026-06-07 13:17:29.965 [main] WARN  [] c.d.d.s.JwtAuthenticationFilter - JWT Token não começa com Bearer String
2026-06-07 13:17:29.965 [main] DEBUG [] o.s.security.web.FilterChainProxy - Secured POST /api/pedidos
2026-06-07 13:17:29.966 [main] DEBUG [27cd4f49e8b842af] o.s.w.s.m.m.a.RequestMappingHandlerMapping - Mapped to com.deliverytech.delivery_api.controller.PedidoController#criarPedido(PedidoReqDTO)
2026-06-07 13:17:29.967 [main] DEBUG [27cd4f49e8b842af] o.s.w.s.m.m.a.RequestResponseBodyMethodProcessor - Read "application/json;charset=UTF-8" to [com.deliverytech.delivery_api.dto.req.PedidoReqDTO@1b991f4b]
2026-06-07 13:17:29.988 [main] DEBUG [27cd4f49e8b842af] o.s.w.s.m.m.a.HttpEntityMethodProcessor - Using 'application/json', given [*/*] and supported [application/json, application/*+json, application/yaml]
2026-06-07 13:17:29.988 [main] DEBUG [27cd4f49e8b842af] o.s.w.s.m.m.a.HttpEntityMethodProcessor - Writing [com.deliverytech.delivery_api.dto.res.PedidoResDTO@7fdaf567]
2026-06-07 13:17:29.991 [main] DEBUG [] o.s.security.web.FilterChainProxy - Securing PATCH /api/pedidos/4/status
2026-06-07 13:17:29.991 [main] WARN  [] c.d.d.s.JwtAuthenticationFilter - JWT Token não começa com Bearer String
2026-06-07 13:17:29.992 [main] DEBUG [] o.s.security.web.FilterChainProxy - Secured PATCH /api/pedidos/4/status
2026-06-07 13:17:29.992 [main] DEBUG [16023061311c40dc] o.s.w.s.m.m.a.RequestMappingHandlerMapping - Mapped to com.deliverytech.delivery_api.controller.PedidoController#atualizarStatus(Long, StatusPedidoDTO)
2026-06-07 13:17:29.993 [main] DEBUG [16023061311c40dc] o.s.w.s.m.m.a.RequestResponseBodyMethodProcessor - Read "application/json;charset=UTF-8" to [com.deliverytech.delivery_api.dto.StatusPedidoDTO@4e4bf3d9]
2026-06-07 13:17:29.995 [main] DEBUG [16023061311c40dc] o.s.w.s.m.m.a.ExceptionHandlerExceptionResolver - Using @ExceptionHandler com.deliverytech.delivery_api.exception.GlobalExceptionHandler#handleBusinessException(BusinessException, HttpServletRequest)
2026-06-07 13:17:29.996 [main] DEBUG [16023061311c40dc] o.s.w.s.m.m.a.HttpEntityMethodProcessor - Using 'application/json', given [*/*] and supported [application/json, application/*+json, application/yaml]
2026-06-07 13:17:29.997 [main] DEBUG [16023061311c40dc] o.s.w.s.m.m.a.HttpEntityMethodProcessor - Writing [com.deliverytech.delivery_api.dto.ErrorResponse@2da37d9a]
2026-06-07 13:17:29.997 [main] DEBUG [16023061311c40dc] o.s.w.s.m.m.a.ExceptionHandlerExceptionResolver - Resolved [com.deliverytech.delivery_api.exception.BusinessException: Transição de status inválida: PENDENTE -> ENTREGUE]
2026-06-07 13:17:30.001 [main] DEBUG [] o.s.w.c.s.GenericWebApplicationContext - Closing org.springframework.web.context.support.GenericWebApplicationContext@5ac0135f, started on Sun Jun 07 13:17:29 BRT 2026
2026-06-07 13:17:30.002 [main] INFO  [] o.s.o.j.LocalContainerEntityManagerFactoryBean - Closing JPA EntityManagerFactory for persistence unit 'default'
2026-06-07 13:17:30.003 [main] INFO  [] com.zaxxer.hikari.HikariDataSource - HikariPool-13 - Shutdown initiated...
2026-06-07 13:17:30.020 [main] INFO  [] com.zaxxer.hikari.HikariDataSource - HikariPool-13 - Shutdown completed.
2026-06-07 13:17:30.022 [main] INFO  [] o.s.b.d.r.RestartApplicationListener - Restart disabled due to context in which it is running
2026-06-07 13:17:30.039 [main] INFO  [] c.d.d.c.PedidoControllerTest - Starting PedidoControllerTest using Java 21.0.11 with PID 10668 (started by Santana in C:\Pasta Códiguinhos\arquitetura de sistemas fat\delivery-api\delivery-api)
2026-06-07 13:17:30.039 [main] INFO  [] c.d.d.c.PedidoControllerTest - The following 1 profile is active: "test"
2026-06-07 13:17:30.040 [main] DEBUG [] o.s.w.c.s.GenericWebApplicationContext - Refreshing org.springframework.web.context.support.GenericWebApplicationContext@6d2d65a4
2026-06-07 13:17:30.197 [main] INFO  [] o.s.d.r.c.RepositoryConfigurationDelegate - Bootstrapping Spring Data JPA repositories in DEFAULT mode.
2026-06-07 13:17:30.211 [main] INFO  [] o.s.d.r.c.RepositoryConfigurationDelegate - Finished Spring Data repository scanning in 13 ms. Found 5 JPA repository interfaces.
2026-06-07 13:17:30.254 [main] INFO  [] o.s.o.j.p.SpringPersistenceUnitInfo - No LoadTimeWeaver setup: ignoring JPA class transformer
2026-06-07 13:17:30.254 [main] INFO  [] com.zaxxer.hikari.HikariDataSource - HikariPool-14 - Starting...
2026-06-07 13:17:30.256 [main] INFO  [] com.zaxxer.hikari.pool.HikariPool - HikariPool-14 - Added connection conn123: url=jdbc:h2:mem:deliverydb user=SA
2026-06-07 13:17:30.257 [main] INFO  [] com.zaxxer.hikari.HikariDataSource - HikariPool-14 - Start completed.
2026-06-07 13:17:30.257 [main] WARN  [] org.hibernate.orm.deprecation - HHH90000025: H2Dialect does not need to be specified explicitly using 'hibernate.dialect' (remove the property setting and it will be selected by default)
2026-06-07 13:17:30.290 [main] INFO  [] o.s.o.j.LocalContainerEntityManagerFactoryBean - Initialized JPA EntityManagerFactory for persistence unit 'default'
2026-06-07 13:17:30.310 [main] INFO  [] o.s.s.c.a.a.c.InitializeAuthenticationProviderBeanManagerConfigurer$InitializeAuthenticationProviderManagerConfigurer - Global AuthenticationManager configured with AuthenticationProvider bean with name authenticationProvider
2026-06-07 13:17:30.310 [main] WARN  [] o.s.s.c.a.a.c.InitializeUserDetailsBeanManagerConfigurer$InitializeUserDetailsManagerConfigurer - Global AuthenticationManager configured with an AuthenticationProvider bean. UserDetailsService beans will not be used by Spring Security for automatically configuring username/password login. Consider removing the AuthenticationProvider bean. Alternatively, consider using the UserDetailsService in a manually instantiated DaoAuthenticationProvider. If the current configuration is intentional, to turn off this warning, increase the logging level of 'org.springframework.security.config.annotation.authentication.configuration.InitializeUserDetailsBeanManagerConfigurer' to ERROR
2026-06-07 13:17:30.380 [main] DEBUG [] o.s.w.s.m.m.a.RequestMappingHandlerMapping - 41 mappings in 'requestMappingHandlerMapping'
2026-06-07 13:17:30.399 [main] DEBUG [] o.s.w.s.h.SimpleUrlHandlerMapping - Patterns [/webjars/**, /**, /swagger-ui*/*swagger-initializer.js, /swagger-ui*/**] in 'resourceHandlerMapping'
2026-06-07 13:17:30.428 [main] INFO  [] o.s.b.a.e.web.EndpointLinksResolver - Exposing 13 endpoints beneath base path '/actuator'
2026-06-07 13:17:30.455 [main] DEBUG [] o.s.s.web.DefaultSecurityFilterChain - Will secure any request with filters: DisableEncodeUrlFilter, WebAsyncManagerIntegrationFilter, SecurityContextHolderFilter, HeaderWriterFilter, CorsFilter, LogoutFilter, JwtAuthenticationFilter, RequestCacheAwareFilter, SecurityContextHolderAwareRequestFilter, AnonymousAuthenticationFilter, SessionManagementFilter, ExceptionTranslationFilter, AuthorizationFilter
2026-06-07 13:17:30.476 [main] DEBUG [] o.s.w.s.m.m.a.RequestMappingHandlerAdapter - ControllerAdvice beans: 0 @ModelAttribute, 0 @InitBinder, 1 RequestBodyAdvice, 1 ResponseBodyAdvice
2026-06-07 13:17:30.480 [main] DEBUG [] o.s.w.s.m.m.a.ExceptionHandlerExceptionResolver - ControllerAdvice beans: 2 @ExceptionHandler, 1 ResponseBodyAdvice
2026-06-07 13:17:30.514 [main] INFO  [] o.s.b.a.h.H2ConsoleAutoConfiguration - H2 console available at '/h2-console'. Database available at 'jdbc:h2:mem:deliverydb'
2026-06-07 13:17:30.524 [main] DEBUG [] o.s.w.f.ServerHttpObservationFilter - Filter 'webMvcObservationFilter' configured for use
2026-06-07 13:17:30.524 [main] INFO  [] o.s.b.t.m.w.SpringBootMockServletContext - Initializing Spring TestDispatcherServlet ''
2026-06-07 13:17:30.524 [main] INFO  [] o.s.t.w.s.TestDispatcherServlet - Initializing Servlet ''
2026-06-07 13:17:30.524 [main] INFO  [] o.s.t.w.s.TestDispatcherServlet - Completed initialization in 0 ms
2026-06-07 13:17:30.532 [main] INFO  [] c.d.d.c.PedidoControllerTest - Started PedidoControllerTest in 0.51 seconds (process running for 20.466)
2026-06-07 13:17:30.551 [main] DEBUG [] o.s.security.web.FilterChainProxy - Securing POST /api/pedidos/calcular
2026-06-07 13:17:30.551 [main] WARN  [] c.d.d.s.JwtAuthenticationFilter - JWT Token não começa com Bearer String
2026-06-07 13:17:30.552 [main] DEBUG [] o.s.security.web.FilterChainProxy - Secured POST /api/pedidos/calcular
2026-06-07 13:17:30.552 [main] DEBUG [0738c5f574104d33] o.s.w.s.m.m.a.RequestMappingHandlerMapping - Mapped to com.deliverytech.delivery_api.controller.PedidoController#calcularTotal(List)
2026-06-07 13:17:30.553 [main] DEBUG [0738c5f574104d33] o.s.w.s.m.m.a.RequestResponseBodyMethodProcessor - Read "application/json;charset=UTF-8" to [[com.deliverytech.delivery_api.dto.ItemPedidoDTO@20936f38]]
2026-06-07 13:17:30.564 [main] DEBUG [0738c5f574104d33] o.s.w.s.m.m.a.HttpEntityMethodProcessor - Using 'application/json', given [*/*] and supported [application/json, application/*+json, application/yaml]
2026-06-07 13:17:30.564 [main] DEBUG [0738c5f574104d33] o.s.w.s.m.m.a.HttpEntityMethodProcessor - Writing [89.7]
2026-06-07 13:17:30.569 [main] DEBUG [] o.s.w.c.s.GenericWebApplicationContext - Closing org.springframework.web.context.support.GenericWebApplicationContext@6d2d65a4, started on Sun Jun 07 13:17:30 BRT 2026
2026-06-07 13:17:30.570 [main] INFO  [] o.s.o.j.LocalContainerEntityManagerFactoryBean - Closing JPA EntityManagerFactory for persistence unit 'default'
2026-06-07 13:17:30.571 [main] INFO  [] com.zaxxer.hikari.HikariDataSource - HikariPool-14 - Shutdown initiated...
2026-06-07 13:17:30.598 [main] INFO  [] com.zaxxer.hikari.HikariDataSource - HikariPool-14 - Shutdown completed.
2026-06-07 13:17:30.599 [main] INFO  [] o.s.b.d.r.RestartApplicationListener - Restart disabled due to context in which it is running
2026-06-07 13:17:30.617 [main] INFO  [] c.d.d.c.PedidoControllerTest - Starting PedidoControllerTest using Java 21.0.11 with PID 10668 (started by Santana in C:\Pasta Códiguinhos\arquitetura de sistemas fat\delivery-api\delivery-api)
2026-06-07 13:17:30.617 [main] INFO  [] c.d.d.c.PedidoControllerTest - The following 1 profile is active: "test"
2026-06-07 13:17:30.618 [main] DEBUG [] o.s.w.c.s.GenericWebApplicationContext - Refreshing org.springframework.web.context.support.GenericWebApplicationContext@833a1f9
2026-06-07 13:17:30.772 [main] INFO  [] o.s.d.r.c.RepositoryConfigurationDelegate - Bootstrapping Spring Data JPA repositories in DEFAULT mode.
2026-06-07 13:17:30.787 [main] INFO  [] o.s.d.r.c.RepositoryConfigurationDelegate - Finished Spring Data repository scanning in 13 ms. Found 5 JPA repository interfaces.
2026-06-07 13:17:30.834 [main] INFO  [] o.s.o.j.p.SpringPersistenceUnitInfo - No LoadTimeWeaver setup: ignoring JPA class transformer
2026-06-07 13:17:30.834 [main] INFO  [] com.zaxxer.hikari.HikariDataSource - HikariPool-15 - Starting...
2026-06-07 13:17:30.835 [main] INFO  [] com.zaxxer.hikari.pool.HikariPool - HikariPool-15 - Added connection conn131: url=jdbc:h2:mem:deliverydb user=SA
2026-06-07 13:17:30.835 [main] INFO  [] com.zaxxer.hikari.HikariDataSource - HikariPool-15 - Start completed.
2026-06-07 13:17:30.835 [main] WARN  [] org.hibernate.orm.deprecation - HHH90000025: H2Dialect does not need to be specified explicitly using 'hibernate.dialect' (remove the property setting and it will be selected by default)
2026-06-07 13:17:30.867 [main] INFO  [] o.s.o.j.LocalContainerEntityManagerFactoryBean - Initialized JPA EntityManagerFactory for persistence unit 'default'
2026-06-07 13:17:30.885 [main] INFO  [] o.s.s.c.a.a.c.InitializeAuthenticationProviderBeanManagerConfigurer$InitializeAuthenticationProviderManagerConfigurer - Global AuthenticationManager configured with AuthenticationProvider bean with name authenticationProvider
2026-06-07 13:17:30.885 [main] WARN  [] o.s.s.c.a.a.c.InitializeUserDetailsBeanManagerConfigurer$InitializeUserDetailsManagerConfigurer - Global AuthenticationManager configured with an AuthenticationProvider bean. UserDetailsService beans will not be used by Spring Security for automatically configuring username/password login. Consider removing the AuthenticationProvider bean. Alternatively, consider using the UserDetailsService in a manually instantiated DaoAuthenticationProvider. If the current configuration is intentional, to turn off this warning, increase the logging level of 'org.springframework.security.config.annotation.authentication.configuration.InitializeUserDetailsBeanManagerConfigurer' to ERROR
2026-06-07 13:17:30.954 [main] DEBUG [] o.s.w.s.m.m.a.RequestMappingHandlerMapping - 41 mappings in 'requestMappingHandlerMapping'
2026-06-07 13:17:30.971 [main] DEBUG [] o.s.w.s.h.SimpleUrlHandlerMapping - Patterns [/webjars/**, /**, /swagger-ui*/*swagger-initializer.js, /swagger-ui*/**] in 'resourceHandlerMapping'
2026-06-07 13:17:31.010 [main] INFO  [] o.s.b.a.e.web.EndpointLinksResolver - Exposing 13 endpoints beneath base path '/actuator'
2026-06-07 13:17:31.050 [main] DEBUG [] o.s.s.web.DefaultSecurityFilterChain - Will secure any request with filters: DisableEncodeUrlFilter, WebAsyncManagerIntegrationFilter, SecurityContextHolderFilter, HeaderWriterFilter, CorsFilter, LogoutFilter, JwtAuthenticationFilter, RequestCacheAwareFilter, SecurityContextHolderAwareRequestFilter, AnonymousAuthenticationFilter, SessionManagementFilter, ExceptionTranslationFilter, AuthorizationFilter
2026-06-07 13:17:31.071 [main] DEBUG [] o.s.w.s.m.m.a.RequestMappingHandlerAdapter - ControllerAdvice beans: 0 @ModelAttribute, 0 @InitBinder, 1 RequestBodyAdvice, 1 ResponseBodyAdvice
2026-06-07 13:17:31.075 [main] DEBUG [] o.s.w.s.m.m.a.ExceptionHandlerExceptionResolver - ControllerAdvice beans: 2 @ExceptionHandler, 1 ResponseBodyAdvice
2026-06-07 13:17:31.100 [main] INFO  [] o.s.b.a.h.H2ConsoleAutoConfiguration - H2 console available at '/h2-console'. Database available at 'jdbc:h2:mem:deliverydb'
2026-06-07 13:17:31.110 [main] DEBUG [] o.s.w.f.ServerHttpObservationFilter - Filter 'webMvcObservationFilter' configured for use
2026-06-07 13:17:31.111 [main] INFO  [] o.s.b.t.m.w.SpringBootMockServletContext - Initializing Spring TestDispatcherServlet ''
2026-06-07 13:17:31.111 [main] INFO  [] o.s.t.w.s.TestDispatcherServlet - Initializing Servlet ''
2026-06-07 13:17:31.111 [main] INFO  [] o.s.t.w.s.TestDispatcherServlet - Completed initialization in 0 ms
2026-06-07 13:17:31.118 [main] INFO  [] c.d.d.c.PedidoControllerTest - Started PedidoControllerTest in 0.519 seconds (process running for 21.053)
2026-06-07 13:17:31.135 [main] DEBUG [] o.s.security.web.FilterChainProxy - Securing GET /api/pedidos/999999
2026-06-07 13:17:31.136 [main] WARN  [] c.d.d.s.JwtAuthenticationFilter - JWT Token não começa com Bearer String
2026-06-07 13:17:31.137 [main] DEBUG [] o.s.security.web.FilterChainProxy - Secured GET /api/pedidos/999999
2026-06-07 13:17:31.137 [main] DEBUG [3dd4fe6423b147a8] o.s.w.s.m.m.a.RequestMappingHandlerMapping - Mapped to com.deliverytech.delivery_api.controller.PedidoController#buscarPorId(Long)
2026-06-07 13:17:31.139 [main] DEBUG [3dd4fe6423b147a8] o.s.w.s.m.m.a.ExceptionHandlerExceptionResolver - Using @ExceptionHandler com.deliverytech.delivery_api.exception.GlobalExceptionHandler#handleEntityNotFound(EntityNotFoundException, HttpServletRequest)
2026-06-07 13:17:31.142 [main] DEBUG [3dd4fe6423b147a8] o.s.w.s.m.m.a.HttpEntityMethodProcessor - Using 'application/json', given [*/*] and supported [application/json, application/*+json, application/yaml]
2026-06-07 13:17:31.142 [main] DEBUG [3dd4fe6423b147a8] o.s.w.s.m.m.a.HttpEntityMethodProcessor - Writing [com.deliverytech.delivery_api.dto.ErrorResponse@7e3b9cbc]
2026-06-07 13:17:31.142 [main] DEBUG [3dd4fe6423b147a8] o.s.w.s.m.m.a.ExceptionHandlerExceptionResolver - Resolved [com.deliverytech.delivery_api.exception.EntityNotFoundException: Pedido não encontrado com ID: 999999]
2026-06-07 13:17:31.147 [main] INFO  [] o.s.t.c.s.AnnotationConfigContextLoaderUtils - Could not detect default configuration classes for test class [com.deliverytech.delivery_api.DeliveryApiApplicationTests]: DeliveryApiApplicationTests does not declare any static, non-private, non-final, nested classes annotated with @Configuration.
2026-06-07 13:17:31.153 [main] INFO  [] o.s.b.t.c.SpringBootTestContextBootstrapper - Found @SpringBootConfiguration com.deliverytech.delivery_api.DeliveryApiApplication for test class com.deliverytech.delivery_api.DeliveryApiApplicationTests
2026-06-07 13:17:31.155 [main] INFO  [] o.s.b.d.r.RestartApplicationListener - Restart disabled due to context in which it is running
2026-06-07 13:17:31.166 [main] INFO  [] c.d.d.DeliveryApiApplicationTests - Starting DeliveryApiApplicationTests using Java 21.0.11 with PID 10668 (started by Santana in C:\Pasta Códiguinhos\arquitetura de sistemas fat\delivery-api\delivery-api)
2026-06-07 13:17:31.166 [main] INFO  [] c.d.d.DeliveryApiApplicationTests - No active profile set, falling back to 1 default profile: "default"
2026-06-07 13:17:31.167 [main] DEBUG [] o.s.w.c.s.GenericWebApplicationContext - Refreshing org.springframework.web.context.support.GenericWebApplicationContext@19dcc486
2026-06-07 13:17:31.314 [main] INFO  [] o.s.d.r.c.RepositoryConfigurationDelegate - Bootstrapping Spring Data JPA repositories in DEFAULT mode.
2026-06-07 13:17:31.336 [main] INFO  [] o.s.d.r.c.RepositoryConfigurationDelegate - Finished Spring Data repository scanning in 20 ms. Found 5 JPA repository interfaces.
2026-06-07 13:17:31.386 [main] INFO  [] o.s.o.j.p.SpringPersistenceUnitInfo - No LoadTimeWeaver setup: ignoring JPA class transformer
2026-06-07 13:17:31.387 [main] INFO  [] com.zaxxer.hikari.HikariDataSource - HikariPool-16 - Starting...
2026-06-07 13:17:31.387 [main] INFO  [] com.zaxxer.hikari.pool.HikariPool - HikariPool-16 - Added connection conn141: url=jdbc:h2:mem:deliverydb user=SA
2026-06-07 13:17:31.387 [main] INFO  [] com.zaxxer.hikari.HikariDataSource - HikariPool-16 - Start completed.
2026-06-07 13:17:31.387 [main] WARN  [] org.hibernate.orm.deprecation - HHH90000025: H2Dialect does not need to be specified explicitly using 'hibernate.dialect' (remove the property setting and it will be selected by default)
2026-06-07 13:17:31.421 [main] INFO  [] o.s.o.j.LocalContainerEntityManagerFactoryBean - Initialized JPA EntityManagerFactory for persistence unit 'default'
2026-06-07 13:17:31.439 [main] INFO  [] o.s.s.c.a.a.c.InitializeAuthenticationProviderBeanManagerConfigurer$InitializeAuthenticationProviderManagerConfigurer - Global AuthenticationManager configured with AuthenticationProvider bean with name authenticationProvider
2026-06-07 13:17:31.439 [main] WARN  [] o.s.s.c.a.a.c.InitializeUserDetailsBeanManagerConfigurer$InitializeUserDetailsManagerConfigurer - Global AuthenticationManager configured with an AuthenticationProvider bean. UserDetailsService beans will not be used by Spring Security for automatically configuring username/password login. Consider removing the AuthenticationProvider bean. Alternatively, consider using the UserDetailsService in a manually instantiated DaoAuthenticationProvider. If the current configuration is intentional, to turn off this warning, increase the logging level of 'org.springframework.security.config.annotation.authentication.configuration.InitializeUserDetailsBeanManagerConfigurer' to ERROR
2026-06-07 13:17:31.520 [main] DEBUG [] o.s.w.s.m.m.a.RequestMappingHandlerMapping - 41 mappings in 'requestMappingHandlerMapping'
2026-06-07 13:17:31.537 [main] DEBUG [] o.s.w.s.h.SimpleUrlHandlerMapping - Patterns [/webjars/**, /**, /swagger-ui*/*swagger-initializer.js, /swagger-ui*/**] in 'resourceHandlerMapping'
2026-06-07 13:17:31.565 [main] INFO  [] o.s.b.a.e.web.EndpointLinksResolver - Exposing 13 endpoints beneath base path '/actuator'
2026-06-07 13:17:31.589 [main] DEBUG [] o.s.s.web.DefaultSecurityFilterChain - Will secure any request with filters: DisableEncodeUrlFilter, WebAsyncManagerIntegrationFilter, SecurityContextHolderFilter, HeaderWriterFilter, CorsFilter, LogoutFilter, JwtAuthenticationFilter, RequestCacheAwareFilter, SecurityContextHolderAwareRequestFilter, AnonymousAuthenticationFilter, SessionManagementFilter, ExceptionTranslationFilter, AuthorizationFilter
2026-06-07 13:17:31.608 [main] DEBUG [] o.s.w.s.m.m.a.RequestMappingHandlerAdapter - ControllerAdvice beans: 0 @ModelAttribute, 0 @InitBinder, 1 RequestBodyAdvice, 1 ResponseBodyAdvice
2026-06-07 13:17:31.612 [main] DEBUG [] o.s.w.s.m.m.a.ExceptionHandlerExceptionResolver - ControllerAdvice beans: 2 @ExceptionHandler, 1 ResponseBodyAdvice
2026-06-07 13:17:31.636 [main] INFO  [] o.s.b.a.h.H2ConsoleAutoConfiguration - H2 console available at '/h2-console'. Database available at 'jdbc:h2:mem:deliverydb'
2026-06-07 13:17:31.649 [main] INFO  [] c.d.d.DeliveryApiApplicationTests - Started DeliveryApiApplicationTests in 0.494 seconds (process running for 21.584)
2026-06-07 13:17:31.668 [SpringApplicationShutdownHook] DEBUG [] o.s.w.c.s.GenericWebApplicationContext - Closing org.springframework.web.context.support.GenericWebApplicationContext@833a1f9, started on Sun Jun 07 13:17:30 BRT 2026
2026-06-07 13:17:31.669 [SpringApplicationShutdownHook] INFO  [] o.s.o.j.LocalContainerEntityManagerFactoryBean - Closing JPA EntityManagerFactory for persistence unit 'default'
2026-06-07 13:17:31.671 [SpringApplicationShutdownHook] INFO  [] com.zaxxer.hikari.HikariDataSource - HikariPool-15 - Shutdown initiated...
2026-06-07 13:17:31.671 [SpringApplicationShutdownHook] INFO  [] com.zaxxer.hikari.HikariDataSource - HikariPool-15 - Shutdown completed.
2026-06-07 13:17:31.671 [SpringApplicationShutdownHook] DEBUG [] o.s.w.c.s.GenericWebApplicationContext - Closing org.springframework.web.context.support.GenericWebApplicationContext@19dcc486, started on Sun Jun 07 13:17:31 BRT 2026
2026-06-07 13:17:31.673 [SpringApplicationShutdownHook] INFO  [] o.s.o.j.LocalContainerEntityManagerFactoryBean - Closing JPA EntityManagerFactory for persistence unit 'default'
2026-06-07 13:17:31.674 [SpringApplicationShutdownHook] INFO  [] com.zaxxer.hikari.HikariDataSource - HikariPool-16 - Shutdown initiated...
2026-06-07 13:17:31.677 [SpringApplicationShutdownHook] INFO  [] com.zaxxer.hikari.HikariDataSource - HikariPool-16 - Shutdown completed.
